{"type": "FeatureCollection", "name": "extent-unosat", "crs": {"type": "name", "properties": {"name": "urn:ogc:def:crs:OGC:1.3:CRS84"}}, "xy_coordinate_resolution": 1e-06, "features": [{"type": "Feature", "properties": {"area_km2": 64.9, "EventCode": "FL20260826NPL", "source": "United Nations Satellite Centre (UNOSAT), FL20260826NPL", "source_url": "https://data.humdata.org/dataset/mudflow-rockflow-impact-assessment-in-rasuwa-nuwakot-districts-bagmati-province-nepal-as-o", "licence": "CC BY-SA (version not stated by the publisher)", "retrieved": "2026-09-08", "tier": "observed"}, "geometry": {"type": "MultiPolygon", "coordinates": [[[[85.089285, 27.85549], [85.089266, 27.855571], [85.089397, 27.855619], [85.089386, 27.855545], [85.089285, 27.85549]]], [[[85.083368, 27.858145], [85.083314, 27.858112], [85.083322, 27.858152], [85.083368, 27.858145]]], [[[85.144103, 27.869263], [85.144018, 27.869225], [85.144039, 27.869282], [85.144103, 27.869263]]], [[[85.186883, 27.881749], [85.186626, 27.881554], [85.186592, 27.881299], [85.187132, 27.88031], [85.187133, 27.880066], [85.186365, 27.880989], [85.18542, 27.880844], [85.185127, 27.880931], [85.185228, 27.881621], [85.185491, 27.881537], [85.185781, 27.881717], [85.1861, 27.881785], [85.185683, 27.882212], [85.185114, 27.882355], [85.185105, 27.882445], [85.18527, 27.882638], [85.186309, 27.882518], [85.186877, 27.882139], [85.186952, 27.881936], [85.186883, 27.881749]]], [[[85.232318, 27.891652], [85.232231, 27.89162], [85.232257, 27.891675], [85.232318, 27.891652]]], [[[85.232227, 27.891735], [85.232142, 27.891696], [85.232163, 27.891753], [85.232227, 27.891735]]], [[[85.176534, 27.893397], [85.176445, 27.893369], [85.176473, 27.893422], [85.176534, 27.893397]]], [[[85.177323, 27.893649], [85.177183, 27.893593], [85.177174, 27.893641], [85.177323, 27.893649]]], [[[85.177448, 27.893671], [85.177385, 27.893727], [85.177504, 27.893944], [85.177599, 27.893806], [85.177448, 27.893671]]], [[[85.177769, 27.893942], [85.177808, 27.894627], [85.178003, 27.895141], [85.17817, 27.895229], [85.178237, 27.895049], [85.178064, 27.894774], [85.178142, 27.894291], [85.177769, 27.893942]]], [[[85.178508, 27.895546], [85.178423, 27.895507], [85.178444, 27.895564], [85.178508, 27.895546]]], [[[85.178508, 27.896736], [85.178423, 27.896698], [85.178444, 27.896755], [85.178508, 27.896736]]], [[[85.166896, 27.95586], [85.166869, 27.955844], [85.166873, 27.955864], [85.166896, 27.95586]]], [[[85.186497, 27.970309], [85.186454, 27.970287], [85.186448, 27.970305], [85.186497, 27.970309]]], [[[85.231207, 28.087872], [85.231155, 28.087862], [85.2312, 28.087924], [85.231207, 28.087872]]], [[[85.265939, 28.100076], [85.265937, 28.100074], [85.265935, 28.100074], [85.265939, 28.100076]]], [[[85.31315, 28.142798], [85.313146, 28.142791], [85.313147, 28.14282], [85.31315, 28.142798]]], [[[85.313212, 28.143039], [85.313272, 28.143143], [85.313364, 28.143144], [85.313352, 28.143082], [85.313212, 28.143039]]], [[[85.313883, 28.143656], [85.31376, 28.14365], [85.313915, 28.143676], [85.313883, 28.143656]]], [[[85.314162, 28.143765], [85.314076, 28.143748], [85.314226, 28.143852], [85.314162, 28.143765]]], [[[85.3152, 28.144289], [85.315192, 28.144289], [85.315202, 28.14429], [85.3152, 28.144289]]], [[[85.318975, 28.149042], [85.318942, 28.149036], [85.318957, 28.149065], [85.318975, 28.149042]]], [[[85.318877, 28.149249], [85.31885, 28.149233], [85.318855, 28.149253], [85.318877, 28.149249]]], [[[85.334977, 28.178625], [85.334958, 28.178702], [85.335052, 28.178712], [85.335053, 28.178664], [85.334977, 28.178625]]], [[[85.485584, 28.340134], [85.487026, 28.339129], [85.488733, 28.339461], [85.48923, 28.33944], [85.489689, 28.339002], [85.490393, 28.338558], [85.490824, 28.338108], [85.490909, 28.337647], [85.490828, 28.337307], [85.490576, 28.33683], [85.490615, 28.336349], [85.491152, 28.335835], [85.491738, 28.335893], [85.49197, 28.335828], [85.492146, 28.335448], [85.492097, 28.335016], [85.491924, 28.334648], [85.491087, 28.333873], [85.491125, 28.333031], [85.491273, 28.332527], [85.492208, 28.332102], [85.493421, 28.331975], [85.494059, 28.331825], [85.494298, 28.331685], [85.494392, 28.331483], [85.494262, 28.331087], [85.493171, 28.330323], [85.49276, 28.330394], [85.492455, 28.330654], [85.491336, 28.330831], [85.490799, 28.330736], [85.490262, 28.330472], [85.490205, 28.330235], [85.490382, 28.329553], [85.490813, 28.32906], [85.491029, 28.328427], [85.491732, 28.327041], [85.491962, 28.326417], [85.493024, 28.325264], [85.493683, 28.323745], [85.494158, 28.32338], [85.49507, 28.323168], [85.495208, 28.322328], [85.496379, 28.321509], [85.496863, 28.321274], [85.497022, 28.321109], [85.497229, 28.320547], [85.497642, 28.320173], [85.498812, 28.319409], [85.499056, 28.319162], [85.499609, 28.317781], [85.500082, 28.317536], [85.500294, 28.317344], [85.500606, 28.316691], [85.502161, 28.315358], [85.502657, 28.3143], [85.503057, 28.314036], [85.503508, 28.313949], [85.503809, 28.313448], [85.503791, 28.313156], [85.504079, 28.311994], [85.505309, 28.310722], [85.506007, 28.31012], [85.506967, 28.308706], [85.507421, 28.308369], [85.507873, 28.30817], [85.508251, 28.307675], [85.508129, 28.306933], [85.508188, 28.30634], [85.508136, 28.305503], [85.508304, 28.304799], [85.508352, 28.304152], [85.508602, 28.303547], [85.508923, 28.303122], [85.509169, 28.302961], [85.509709, 28.302839], [85.509977, 28.302665], [85.509924, 28.302403], [85.509587, 28.302155], [85.509576, 28.301935], [85.50966, 28.301761], [85.510522, 28.301233], [85.511498, 28.300927], [85.511809, 28.300736], [85.51216, 28.300391], [85.512383, 28.299905], [85.512871, 28.299424], [85.513064, 28.298821], [85.513185, 28.298739], [85.513609, 28.29873], [85.513761, 28.298658], [85.513857, 28.298452], [85.513767, 28.298121], [85.514116, 28.29788], [85.514547, 28.297332], [85.515304, 28.296633], [85.516501, 28.296218], [85.517032, 28.295803], [85.519715, 28.295637], [85.520284, 28.295761], [85.523284, 28.295775], [85.524914, 28.295463], [85.526662, 28.294854], [85.52834, 28.294177], [85.529453, 28.293464], [85.529532, 28.293333], [85.52977, 28.291603], [85.529929, 28.289675], [85.529771, 28.286538], [85.529244, 28.286008], [85.528833, 28.285412], [85.527318, 28.28534], [85.525953, 28.2849], [85.524857, 28.284408], [85.524389, 28.28388], [85.523363, 28.283075], [85.52225, 28.282937], [85.521336, 28.282978], [85.520386, 28.282598], [85.518606, 28.282544], [85.517639, 28.282782], [85.516764, 28.283159], [85.515879, 28.283785], [85.515157, 28.28413], [85.512191, 28.285332], [85.510904, 28.2862], [85.51046, 28.286583], [85.510056, 28.286932], [85.50973, 28.287457], [85.509124, 28.28805], [85.506826, 28.289966], [85.50571, 28.29041], [85.504227, 28.290537], [85.502509, 28.290836], [85.501322, 28.291785], [85.499869, 28.294328], [85.499254, 28.295633], [85.498992, 28.296417], [85.498833, 28.297216], [85.498853, 28.298047], [85.498511, 28.29901], [85.498415, 28.300241], [85.49776, 28.301909], [85.498093, 28.30347], [85.498106, 28.304351], [85.497836, 28.305409], [85.497652, 28.305813], [85.496769, 28.306887], [85.496435, 28.307109], [85.495306, 28.307549], [85.493974, 28.307918], [85.493029, 28.308454], [85.492658, 28.308965], [85.492451, 28.309591], [85.492195, 28.309903], [85.491519, 28.31046], [85.491102, 28.311102], [85.490875, 28.311646], [85.490962, 28.312174], [85.490564, 28.312965], [85.490332, 28.31311], [85.48964, 28.313241], [85.488996, 28.313733], [85.488356, 28.313902], [85.487515, 28.314272], [85.48567, 28.315426], [85.485436, 28.315701], [85.485043, 28.316861], [85.484695, 28.317135], [85.483996, 28.31747], [85.483955, 28.317719], [85.483751, 28.318068], [85.483135, 28.318653], [85.482376, 28.319666], [85.48196, 28.319971], [85.48178, 28.320242], [85.481444, 28.321188], [85.481338, 28.322154], [85.481461, 28.322638], [85.481809, 28.323144], [85.481879, 28.323938], [85.482357, 28.325132], [85.482545, 28.325927], [85.482578, 28.326538], [85.4825, 28.32713], [85.482837, 28.328029], [85.482895, 28.329676], [85.48274, 28.330238], [85.482578, 28.330179], [85.482451, 28.329932], [85.482487, 28.329657], [85.48241, 28.329339], [85.482188, 28.328874], [85.481898, 28.328611], [85.481878, 28.327758], [85.481533, 28.326742], [85.481557, 28.326165], [85.481156, 28.32564], [85.480776, 28.324827], [85.480647, 28.324739], [85.480359, 28.324273], [85.4801, 28.324126], [85.479905, 28.324094], [85.479723, 28.324237], [85.479445, 28.324292], [85.479154, 28.324086], [85.478796, 28.323995], [85.478303, 28.324192], [85.477973, 28.324434], [85.477856, 28.324606], [85.478046, 28.325056], [85.478042, 28.325331], [85.477892, 28.325517], [85.477269, 28.325698], [85.47702, 28.325984], [85.476979, 28.326576], [85.476691, 28.327281], [85.475625, 28.328772], [85.475126, 28.329264], [85.474289, 28.329182], [85.473681, 28.329253], [85.472671, 28.329522], [85.472256, 28.329712], [85.471288, 28.3298], [85.470528, 28.330165], [85.469445, 28.330478], [85.469067, 28.330741], [85.468928, 28.331066], [85.468651, 28.331358], [85.468573, 28.331659], [85.468205, 28.332028], [85.468053, 28.332369], [85.467843, 28.332592], [85.4676, 28.332682], [85.4665, 28.332834], [85.465873, 28.333052], [85.465372, 28.333354], [85.464583, 28.334023], [85.463699, 28.334408], [85.46303, 28.334331], [85.462397, 28.334348], [85.462049, 28.333867], [85.461334, 28.333373], [85.46103, 28.333566], [85.460692, 28.334355], [85.460341, 28.33482], [85.458983, 28.334721], [85.457517, 28.335058], [85.45704, 28.334865], [85.456513, 28.334775], [85.455149, 28.334785], [85.454823, 28.334617], [85.453053, 28.334282], [85.45167, 28.333638], [85.450876, 28.333535], [85.450279, 28.333593], [85.44992, 28.333348], [85.449753, 28.333098], [85.449711, 28.332818], [85.44996, 28.332117], [85.450126, 28.331181], [85.450063, 28.331065], [85.448782, 28.33206], [85.448084, 28.332725], [85.44763, 28.332857], [85.44711, 28.333185], [85.446651, 28.333164], [85.446284, 28.333281], [85.445449, 28.333984], [85.444083, 28.334251], [85.442388, 28.334256], [85.441032, 28.333871], [85.440216, 28.333484], [85.439768, 28.333146], [85.439352, 28.333], [85.438279, 28.332826], [85.43761, 28.332887], [85.437279, 28.333028], [85.43633, 28.333027], [85.435754, 28.332877], [85.435404, 28.332344], [85.434666, 28.331596], [85.434451, 28.331152], [85.434279, 28.330241], [85.434067, 28.329723], [85.433656, 28.329084], [85.433273, 28.328843], [85.432973, 28.328807], [85.432174, 28.328881], [85.431344, 28.328703], [85.42906, 28.328526], [85.4283, 28.328356], [85.427545, 28.32801], [85.427205, 28.327926], [85.425618, 28.327949], [85.425238, 28.327854], [85.424424, 28.32738], [85.423844, 28.327234], [85.422467, 28.327208], [85.421882, 28.327278], [85.421489, 28.327451], [85.42051, 28.327067], [85.420239, 28.327052], [85.419913, 28.327158], [85.419616, 28.327134], [85.419453, 28.327072], [85.419275, 28.326705], [85.418794, 28.326285], [85.418143, 28.325874], [85.417767, 28.325748], [85.417305, 28.325378], [85.416578, 28.325171], [85.416137, 28.325154], [85.415698, 28.325237], [85.415492, 28.325146], [85.415213, 28.324686], [85.41514, 28.323863], [85.414633, 28.322535], [85.414304, 28.320417], [85.41436, 28.319911], [85.414655, 28.319186], [85.414849, 28.318045], [85.415121, 28.317196], [85.415252, 28.315933], [85.415468, 28.315487], [85.415442, 28.314388], [85.414422, 28.312186], [85.414398, 28.311652], [85.414291, 28.311326], [85.413807, 28.310488], [85.413445, 28.310111], [85.413079, 28.309409], [85.413135, 28.309247], [85.413357, 28.309069], [85.414059, 28.308922], [85.414497, 28.308687], [85.414899, 28.308314], [85.414943, 28.308128], [85.414053, 28.307954], [85.41358, 28.307946], [85.412881, 28.307421], [85.412269, 28.307428], [85.411992, 28.307314], [85.411686, 28.307033], [85.411107, 28.306224], [85.410968, 28.305664], [85.410831, 28.305465], [85.410656, 28.30537], [85.41019, 28.305322], [85.409657, 28.304916], [85.40908, 28.304745], [85.408729, 28.304547], [85.40803, 28.303872], [85.40755, 28.302927], [85.407231, 28.302757], [85.406724, 28.302654], [85.406455, 28.302489], [85.405902, 28.301969], [85.405487, 28.301316], [85.405169, 28.301024], [85.404593, 28.300646], [85.403852, 28.300521], [85.403122, 28.30009], [85.401808, 28.299792], [85.40146, 28.299479], [85.400869, 28.298678], [85.400443, 28.298285], [85.399894, 28.297959], [85.39913, 28.29771], [85.398712, 28.297429], [85.398564, 28.297056], [85.399052, 28.295942], [85.39914, 28.295534], [85.399096, 28.295375], [85.398848, 28.295131], [85.398774, 28.294807], [85.398731, 28.294302], [85.39884, 28.293821], [85.398781, 28.29353], [85.398131, 28.292605], [85.39709, 28.292302], [85.39682, 28.291786], [85.39651, 28.291398], [85.395452, 28.290714], [85.395139, 28.290422], [85.394573, 28.289431], [85.393952, 28.288841], [85.393308, 28.288484], [85.39329, 28.288229], [85.393424, 28.287947], [85.393995, 28.287408], [85.394408, 28.287126], [85.393057, 28.287517], [85.392635, 28.287548], [85.392276, 28.287484], [85.391861, 28.28726], [85.39139, 28.286868], [85.390974, 28.286274], [85.390587, 28.285871], [85.390446, 28.28547], [85.390219, 28.285135], [85.389457, 28.285198], [85.388929, 28.284929], [85.388208, 28.284701], [85.387184, 28.28459], [85.386825, 28.284474], [85.386609, 28.28428], [85.386357, 28.283847], [85.385469, 28.283236], [85.383971, 28.281484], [85.383175, 28.280724], [85.382607, 28.280325], [85.381878, 28.280008], [85.381476, 28.27971], [85.380808, 28.279494], [85.380278, 28.2792], [85.379826, 28.278873], [85.379437, 28.278455], [85.378975, 28.278202], [85.378595, 28.277813], [85.378691, 28.276664], [85.37851, 28.275937], [85.378844, 28.275236], [85.37891, 28.274474], [85.379028, 28.274084], [85.379027, 28.273481], [85.379409, 28.27284], [85.379474, 28.272175], [85.379667, 28.27186], [85.379612, 28.271442], [85.380024, 28.271177], [85.380119, 28.27098], [85.379802, 28.270627], [85.37965, 28.270294], [85.379398, 28.270205], [85.379161, 28.269825], [85.378217, 28.268907], [85.378095, 28.268093], [85.377866, 28.267781], [85.377346, 28.267454], [85.377078, 28.266434], [85.377372, 28.2659], [85.377906, 28.265719], [85.378466, 28.265376], [85.378788, 28.2653], [85.378872, 28.265199], [85.378846, 28.265052], [85.378378, 28.264756], [85.377014, 28.264407], [85.376729, 28.26422], [85.376326, 28.264147], [85.375809, 28.263907], [85.375282, 28.263868], [85.374929, 28.263752], [85.374815, 28.263517], [85.374406, 28.263135], [85.37416, 28.262739], [85.3738, 28.262366], [85.373333, 28.261351], [85.372831, 28.261128], [85.372538, 28.260784], [85.372448, 28.260325], [85.372331, 28.260176], [85.37165, 28.259868], [85.371188, 28.259493], [85.370763, 28.259259], [85.370546, 28.259024], [85.370134, 28.258866], [85.369884, 28.258667], [85.369715, 28.258646], [85.36942, 28.258741], [85.368709, 28.258235], [85.368269, 28.257821], [85.367595, 28.257428], [85.367281, 28.256836], [85.367167, 28.256026], [85.367347, 28.254662], [85.367112, 28.253609], [85.367133, 28.25167], [85.366955, 28.25097], [85.36701, 28.25074], [85.367281, 28.250455], [85.366781, 28.250266], [85.366854, 28.249874], [85.366536, 28.249515], [85.366292, 28.248804], [85.365513, 28.247767], [85.364794, 28.247293], [85.364129, 28.246072], [85.363818, 28.245678], [85.362845, 28.24488], [85.361943, 28.244832], [85.36153, 28.244409], [85.36033, 28.243643], [85.35998, 28.243153], [85.359687, 28.242886], [85.359482, 28.242313], [85.359386, 28.241618], [85.35953, 28.240882], [85.359375, 28.240278], [85.359663, 28.239834], [85.359721, 28.239556], [85.359508, 28.23919], [85.359492, 28.238796], [85.359799, 28.238061], [85.359966, 28.237204], [85.359996, 28.236743], [85.359901, 28.236373], [85.360567, 28.234878], [85.361076, 28.233437], [85.361191, 28.232907], [85.361222, 28.231874], [85.361048, 28.231028], [85.361274, 28.230241], [85.361429, 28.228213], [85.362019, 28.225665], [85.362111, 28.224643], [85.362086, 28.223887], [85.361866, 28.223515], [85.361579, 28.222549], [85.361201, 28.221958], [85.360923, 28.221722], [85.360144, 28.221278], [85.358817, 28.220234], [85.358258, 28.219697], [85.357652, 28.21888], [85.357333, 28.218293], [85.356516, 28.215736], [85.356303, 28.215415], [85.35594, 28.215109], [85.355475, 28.214363], [85.355366, 28.213912], [85.35535, 28.212986], [85.355514, 28.21209], [85.355487, 28.211542], [85.355578, 28.211017], [85.355518, 28.210911], [85.355092, 28.210679], [85.354898, 28.21015], [85.355199, 28.209322], [85.35514, 28.208515], [85.355225, 28.208124], [85.355453, 28.207763], [85.35557, 28.207313], [85.35574, 28.207037], [85.355783, 28.206788], [85.355715, 28.206591], [85.355896, 28.206389], [85.35583, 28.206208], [85.355949, 28.205888], [85.355785, 28.205428], [85.355819, 28.205167], [85.354378, 28.203413], [85.353986, 28.201988], [85.353617, 28.201461], [85.35356, 28.201185], [85.353819, 28.200759], [85.353908, 28.200718], [85.354287, 28.200792], [85.354374, 28.200609], [85.354194, 28.200424], [85.353719, 28.200192], [85.353563, 28.199931], [85.353545, 28.199326], [85.353015, 28.198676], [85.352955, 28.198122], [85.353087, 28.197933], [85.352852, 28.197886], [85.352695, 28.197594], [85.352446, 28.197489], [85.352343, 28.197271], [85.351882, 28.196864], [85.351863, 28.196773], [85.35201, 28.196716], [85.35201, 28.19664], [85.351557, 28.196532], [85.35109, 28.19589], [85.351069, 28.195172], [85.35096, 28.19488], [85.35116, 28.194632], [85.351165, 28.194495], [85.350927, 28.194057], [85.350732, 28.193889], [85.350567, 28.193326], [85.350256, 28.193019], [85.349763, 28.191988], [85.349432, 28.19166], [85.349308, 28.191241], [85.349436, 28.19106], [85.349849, 28.191], [85.34993, 28.190917], [85.349725, 28.190865], [85.349357, 28.190903], [85.34922, 28.190787], [85.349161, 28.190644], [85.349219, 28.190309], [85.348971, 28.190148], [85.348759, 28.189688], [85.348505, 28.189675], [85.348132, 28.18872], [85.347733, 28.188076], [85.347518, 28.187914], [85.34752, 28.187692], [85.347136, 28.187399], [85.346913, 28.186539], [85.34673, 28.186366], [85.346803, 28.186209], [85.346649, 28.185972], [85.346649, 28.185633], [85.346549, 28.185554], [85.346234, 28.185561], [85.345981, 28.185473], [85.345553, 28.184814], [85.345271, 28.183821], [85.345115, 28.183643], [85.345088, 28.183451], [85.344916, 28.183347], [85.344302, 28.181915], [85.344086, 28.181744], [85.343827, 28.181709], [85.343589, 28.181428], [85.343538, 28.181078], [85.343387, 28.180914], [85.34347, 28.180665], [85.343427, 28.180336], [85.343713, 28.180112], [85.343714, 28.17985], [85.343852, 28.179531], [85.343692, 28.178517], [85.343776, 28.178223], [85.343742, 28.177873], [85.343975, 28.177584], [85.34395, 28.177137], [85.343669, 28.176119], [85.343861, 28.17577], [85.34398, 28.175751], [85.344146, 28.175847], [85.34424, 28.1758], [85.344072, 28.175542], [85.343594, 28.175418], [85.343513, 28.175004], [85.343644, 28.174664], [85.343717, 28.173852], [85.343823, 28.173643], [85.343721, 28.173421], [85.343711, 28.172828], [85.3436, 28.172594], [85.343752, 28.172288], [85.343469, 28.17189], [85.343577, 28.171611], [85.343576, 28.170966], [85.343684, 28.170664], [85.343764, 28.169888], [85.343723, 28.169738], [85.343497, 28.169549], [85.343667, 28.169091], [85.343426, 28.168659], [85.343421, 28.168243], [85.343686, 28.167286], [85.344002, 28.166968], [85.344034, 28.166847], [85.343946, 28.166623], [85.343931, 28.166087], [85.343674, 28.165815], [85.343566, 28.16537], [85.343638, 28.164865], [85.343837, 28.164468], [85.344055, 28.164435], [85.344463, 28.164189], [85.344638, 28.16395], [85.344798, 28.163862], [85.344881, 28.163636], [85.345537, 28.163396], [85.345799, 28.163504], [85.34577, 28.16324], [85.346163, 28.163074], [85.346393, 28.162817], [85.346553, 28.162781], [85.346698, 28.162381], [85.347084, 28.161813], [85.347478, 28.161472], [85.347901, 28.161394], [85.348032, 28.161236], [85.348404, 28.161058], [85.34867, 28.15978], [85.349012, 28.159519], [85.349045, 28.159273], [85.349192, 28.159163], [85.349502, 28.15853], [85.349662, 28.158369], [85.35002, 28.158225], [85.350591, 28.158158], [85.350997, 28.157968], [85.351665, 28.156944], [85.352428, 28.156242], [85.352787, 28.155786], [85.353752, 28.155275], [85.354053, 28.154907], [85.354594, 28.154448], [85.355365, 28.154109], [85.355798, 28.153743], [85.356418, 28.153618], [85.356511, 28.153494], [85.355949, 28.153366], [85.355577, 28.153436], [85.355107, 28.153906], [85.353994, 28.154566], [85.353486, 28.15511], [85.352558, 28.155473], [85.351807, 28.155913], [85.35093, 28.156671], [85.35067, 28.156645], [85.350134, 28.156398], [85.349759, 28.156081], [85.349575, 28.15607], [85.349446, 28.156253], [85.349442, 28.156445], [85.350306, 28.157022], [85.350098, 28.157711], [85.34924, 28.15833], [85.349061, 28.158873], [85.348763, 28.159361], [85.348337, 28.159591], [85.348005, 28.159564], [85.34804, 28.159891], [85.34774, 28.160297], [85.347315, 28.160516], [85.346913, 28.160618], [85.346655, 28.160791], [85.345976, 28.16144], [85.345822, 28.161748], [85.345429, 28.16183], [85.345033, 28.162061], [85.344868, 28.162073], [85.344749, 28.162215], [85.344729, 28.162391], [85.344504, 28.162414], [85.344308, 28.162583], [85.344074, 28.162627], [85.34351, 28.16292], [85.342768, 28.162848], [85.34269, 28.162692], [85.34217, 28.162776], [85.341627, 28.162678], [85.341169, 28.162808], [85.340921, 28.163003], [85.34037, 28.16288], [85.339693, 28.162142], [85.339344, 28.162056], [85.339105, 28.161888], [85.338462, 28.161161], [85.338189, 28.160654], [85.338064, 28.160098], [85.337513, 28.159795], [85.337242, 28.159473], [85.336702, 28.159238], [85.336581, 28.158915], [85.337122, 28.158049], [85.337967, 28.157401], [85.338493, 28.157102], [85.339347, 28.15587], [85.339912, 28.155502], [85.340851, 28.155207], [85.341759, 28.154614], [85.341817, 28.154534], [85.341732, 28.154186], [85.340701, 28.154301], [85.340269, 28.154715], [85.339376, 28.155188], [85.338963, 28.155613], [85.33862, 28.156167], [85.338091, 28.156673], [85.337666, 28.156965], [85.337166, 28.157482], [85.336397, 28.15794], [85.335792, 28.158181], [85.335091, 28.157795], [85.334197, 28.15768], [85.333165, 28.156796], [85.332637, 28.156497], [85.332287, 28.15596], [85.331879, 28.155898], [85.331383, 28.155522], [85.331078, 28.155506], [85.33041, 28.155123], [85.329996, 28.154679], [85.329744, 28.154522], [85.329375, 28.153839], [85.328298, 28.152991], [85.328105, 28.152588], [85.327944, 28.152626], [85.327832, 28.152405], [85.327631, 28.152392], [85.327395, 28.152192], [85.327341, 28.152025], [85.327635, 28.151892], [85.327731, 28.151653], [85.327176, 28.15152], [85.326849, 28.151244], [85.326682, 28.151257], [85.326356, 28.151074], [85.326143, 28.150736], [85.325957, 28.150604], [85.32591, 28.150445], [85.325541, 28.150124], [85.324695, 28.149849], [85.324136, 28.149936], [85.323926, 28.149739], [85.322746, 28.14969], [85.32213, 28.149443], [85.321701, 28.148892], [85.321596, 28.148557], [85.321414, 28.148409], [85.321466, 28.148048], [85.320915, 28.147889], [85.320783, 28.147779], [85.320579, 28.147763], [85.320092, 28.147328], [85.319858, 28.147222], [85.31967, 28.14697], [85.319512, 28.146997], [85.318874, 28.146469], [85.318628, 28.146374], [85.318495, 28.146181], [85.31797, 28.146186], [85.317795, 28.145956], [85.317537, 28.145925], [85.31739, 28.145641], [85.317568, 28.145589], [85.316495, 28.144794], [85.315885, 28.144557], [85.315426, 28.144243], [85.315128, 28.144464], [85.314683, 28.144269], [85.314481, 28.144261], [85.31408, 28.143805], [85.31349, 28.143572], [85.313129, 28.143169], [85.313127, 28.14278], [85.313009, 28.142343], [85.312567, 28.141595], [85.312337, 28.14132], [85.311917, 28.141041], [85.311557, 28.140676], [85.310987, 28.140524], [85.310675, 28.140638], [85.309686, 28.140731], [85.309194, 28.140386], [85.309119, 28.139617], [85.308739, 28.139781], [85.308587, 28.139943], [85.308323, 28.139742], [85.307893, 28.139654], [85.307506, 28.139406], [85.307135, 28.139471], [85.30698, 28.139433], [85.306655, 28.138878], [85.306633, 28.138576], [85.306757, 28.138543], [85.30677, 28.138444], [85.306613, 28.137985], [85.306498, 28.137793], [85.306316, 28.137799], [85.306241, 28.137718], [85.306319, 28.13745], [85.306257, 28.137212], [85.306163, 28.137148], [85.30594, 28.13719], [85.305878, 28.136964], [85.305539, 28.136721], [85.305354, 28.135722], [85.30518, 28.135482], [85.305, 28.135398], [85.304704, 28.134907], [85.304086, 28.134267], [85.303956, 28.133286], [85.303514, 28.132835], [85.303173, 28.131912], [85.302961, 28.131727], [85.302389, 28.131543], [85.302156, 28.131381], [85.301933, 28.131089], [85.301323, 28.129802], [85.300542, 28.128998], [85.300222, 28.128447], [85.299816, 28.128005], [85.299382, 28.127353], [85.298161, 28.126273], [85.297696, 28.125325], [85.297199, 28.125117], [85.296588, 28.124721], [85.296277, 28.12462], [85.29519, 28.123854], [85.294707, 28.123655], [85.294587, 28.123516], [85.294533, 28.123187], [85.294066, 28.122984], [85.293725, 28.122675], [85.293278, 28.12255], [85.292677, 28.12204], [85.292361, 28.121587], [85.292028, 28.12127], [85.290596, 28.120397], [85.289962, 28.119696], [85.289523, 28.119443], [85.289192, 28.119413], [85.289116, 28.119239], [85.288915, 28.119117], [85.288851, 28.118916], [85.288901, 28.118715], [85.288432, 28.118063], [85.287662, 28.11791], [85.28747, 28.117691], [85.286939, 28.11752], [85.286238, 28.116994], [85.285981, 28.116935], [85.285197, 28.116449], [85.284965, 28.116142], [85.284746, 28.116037], [85.284551, 28.115822], [85.284438, 28.115315], [85.284165, 28.115115], [85.283757, 28.115047], [85.283655, 28.114668], [85.283335, 28.114449], [85.282902, 28.113547], [85.282168, 28.112907], [85.281788, 28.112361], [85.28144, 28.112085], [85.280958, 28.111846], [85.280768, 28.111827], [85.280641, 28.111566], [85.280361, 28.111514], [85.280075, 28.111287], [85.280127, 28.111076], [85.279632, 28.110712], [85.279666, 28.110565], [85.279469, 28.110455], [85.27928, 28.11019], [85.279107, 28.109751], [85.278682, 28.109624], [85.278489, 28.109376], [85.277905, 28.109025], [85.277697, 28.108578], [85.277356, 28.108177], [85.277033, 28.108098], [85.276765, 28.108165], [85.276459, 28.108056], [85.275386, 28.10736], [85.274562, 28.106581], [85.274031, 28.106531], [85.273226, 28.10611], [85.27278, 28.105683], [85.272723, 28.105201], [85.272597, 28.104998], [85.272402, 28.104818], [85.272111, 28.10469], [85.272004, 28.104501], [85.271817, 28.10437], [85.271766, 28.103836], [85.271539, 28.103673], [85.271494, 28.103472], [85.270732, 28.102894], [85.26992, 28.102433], [85.269299, 28.101726], [85.268865, 28.101389], [85.268681, 28.101333], [85.268009, 28.101332], [85.267538, 28.10148], [85.267213, 28.101405], [85.266983, 28.100926], [85.266303, 28.100254], [85.26591, 28.100068], [85.265266, 28.099671], [85.264589, 28.09901], [85.264904, 28.098336], [85.264815, 28.097573], [85.264619, 28.097166], [85.263692, 28.097054], [85.262832, 28.096721], [85.262428, 28.096402], [85.262023, 28.096213], [85.261565, 28.095668], [85.26119, 28.095396], [85.260479, 28.095194], [85.25884, 28.09446], [85.258022, 28.094302], [85.256758, 28.093857], [85.256067, 28.093729], [85.255713, 28.093478], [85.253286, 28.09268], [85.252871, 28.092446], [85.25241, 28.09236], [85.252095, 28.092036], [85.251681, 28.091806], [85.251242, 28.091725], [85.250891, 28.091771], [85.249996, 28.091682], [85.249259, 28.091426], [85.248896, 28.091372], [85.247838, 28.091506], [85.247076, 28.091471], [85.24621, 28.091557], [85.245039, 28.091418], [85.244298, 28.091652], [85.242977, 28.091637], [85.241659, 28.091313], [85.240838, 28.090885], [85.239429, 28.090768], [85.239103, 28.090587], [85.236749, 28.090361], [85.236335, 28.090219], [85.23602, 28.089974], [85.235689, 28.089844], [85.235167, 28.089941], [85.23468, 28.089804], [85.233813, 28.089764], [85.233023, 28.089544], [85.232767, 28.089319], [85.232268, 28.089093], [85.231501, 28.088446], [85.231248, 28.088145], [85.231103, 28.087793], [85.230896, 28.087728], [85.230713, 28.087485], [85.230348, 28.087212], [85.230255, 28.087035], [85.230233, 28.086713], [85.230343, 28.086463], [85.230125, 28.086177], [85.230093, 28.085978], [85.229448, 28.085572], [85.229242, 28.084813], [85.228582, 28.084235], [85.227615, 28.083503], [85.227445, 28.083475], [85.227151, 28.083562], [85.22699, 28.083516], [85.226871, 28.083013], [85.226191, 28.082693], [85.226156, 28.082415], [85.225979, 28.082303], [85.225325, 28.08219], [85.22516, 28.08222], [85.225028, 28.082437], [85.224955, 28.082373], [85.224562, 28.082334], [85.224257, 28.082394], [85.22403, 28.082315], [85.223867, 28.08211], [85.223267, 28.081863], [85.223163, 28.0817], [85.222803, 28.081752], [85.2222, 28.081556], [85.22186, 28.081075], [85.22216, 28.080715], [85.222188, 28.080576], [85.221814, 28.080661], [85.221697, 28.080506], [85.221576, 28.080479], [85.221272, 28.080673], [85.221152, 28.080434], [85.221004, 28.080679], [85.220687, 28.080758], [85.220391, 28.080633], [85.220065, 28.080366], [85.219291, 28.080033], [85.218861, 28.07968], [85.2187, 28.079059], [85.218487, 28.078737], [85.218218, 28.078662], [85.217967, 28.078277], [85.217473, 28.078009], [85.217356, 28.077712], [85.217083, 28.077464], [85.216917, 28.07714], [85.216934, 28.076792], [85.216729, 28.076763], [85.216457, 28.076876], [85.216361, 28.07683], [85.216376, 28.076731], [85.21662, 28.076717], [85.216806, 28.076554], [85.21683, 28.076375], [85.216225, 28.076519], [85.216076, 28.076625], [85.215684, 28.076263], [85.215675, 28.076168], [85.215857, 28.07613], [85.215666, 28.075908], [85.215536, 28.075868], [85.215456, 28.075947], [85.215206, 28.075957], [85.214882, 28.075491], [85.214592, 28.075158], [85.214407, 28.075073], [85.214261, 28.074838], [85.213885, 28.074788], [85.213759, 28.074577], [85.213531, 28.074494], [85.213241, 28.074195], [85.212778, 28.074024], [85.212218, 28.074058], [85.2119, 28.07381], [85.211538, 28.073773], [85.210924, 28.073397], [85.210535, 28.07305], [85.210047, 28.071961], [85.209512, 28.071538], [85.209204, 28.071158], [85.208836, 28.070983], [85.208665, 28.070519], [85.208495, 28.070326], [85.20833, 28.069928], [85.208111, 28.069712], [85.207839, 28.069169], [85.20746, 28.06894], [85.206926, 28.06892], [85.20623, 28.06842], [85.206051, 28.068097], [85.206097, 28.067663], [85.206225, 28.067388], [85.206645, 28.066875], [85.206856, 28.066395], [85.207191, 28.064401], [85.207584, 28.063201], [85.207751, 28.062395], [85.208001, 28.061944], [85.208061, 28.061508], [85.20854, 28.060588], [85.208724, 28.059953], [85.208788, 28.0594], [85.208704, 28.058256], [85.208986, 28.05699], [85.209087, 28.055818], [85.208832, 28.054685], [85.208412, 28.053968], [85.207657, 28.053133], [85.207295, 28.052396], [85.206792, 28.05189], [85.20643, 28.05138], [85.205903, 28.051005], [85.205735, 28.050801], [85.205566, 28.050298], [85.205068, 28.049598], [85.203881, 28.04868], [85.202989, 28.047141], [85.202276, 28.046609], [85.20189, 28.046039], [85.200641, 28.045112], [85.199644, 28.043985], [85.19818, 28.043095], [85.19715, 28.042289], [85.195818, 28.040982], [85.195313, 28.040231], [85.195175, 28.039931], [85.195044, 28.039031], [85.195035, 28.038142], [85.195388, 28.035702], [85.195392, 28.032979], [85.195326, 28.032645], [85.195034, 28.032073], [85.195113, 28.03054], [85.195014, 28.02948], [85.195142, 28.028865], [85.194704, 28.028107], [85.194156, 28.027393], [85.192908, 28.026145], [85.192578, 28.026038], [85.191946, 28.025986], [85.191556, 28.025654], [85.191057, 28.025501], [85.190794, 28.025339], [85.190498, 28.025292], [85.190205, 28.025091], [85.18862, 28.024834], [85.187811, 28.024599], [85.187159, 28.024217], [85.186889, 28.023641], [85.186886, 28.023016], [85.186756, 28.02226], [85.187281, 28.022006], [85.187753, 28.021669], [85.188039, 28.021129], [85.188426, 28.020785], [85.18856, 28.020519], [85.188508, 28.020029], [85.188617, 28.019838], [85.188639, 28.019535], [85.188443, 28.01877], [85.188771, 28.018299], [85.188741, 28.018138], [85.188578, 28.017961], [85.18867, 28.017693], [85.188533, 28.017415], [85.188672, 28.016694], [85.188593, 28.016475], [85.188313, 28.016327], [85.187927, 28.015911], [85.187203, 28.015517], [85.186647, 28.014628], [85.18556, 28.013724], [85.185391, 28.013096], [85.185394, 28.012443], [85.185212, 28.012029], [85.185217, 28.011508], [85.184985, 28.011015], [85.185172, 28.010654], [85.185125, 28.010383], [85.185253, 28.010131], [85.185139, 28.009623], [85.185529, 28.008599], [85.185534, 28.0077], [85.185663, 28.0073], [85.18606, 28.006919], [85.186289, 28.006535], [85.186203, 28.006087], [85.18567, 28.005441], [85.185942, 28.004807], [85.186113, 28.004739], [85.186389, 28.004788], [85.186467, 28.004729], [85.18632, 28.004474], [85.186065, 28.004268], [85.18603, 28.004093], [85.18629, 28.003645], [85.18625, 28.003012], [85.186384, 28.002826], [85.186672, 28.002648], [85.186778, 28.002434], [85.186851, 28.00126], [85.186971, 28.001046], [85.18702, 28.000649], [85.186994, 27.999889], [85.187233, 27.999176], [85.187043, 27.998434], [85.187025, 27.997754], [85.186876, 27.997358], [85.18689, 27.996597], [85.186749, 27.99597], [85.186573, 27.995758], [85.185653, 27.995212], [85.18557, 27.994971], [85.185903, 27.994797], [85.185928, 27.994684], [85.185065, 27.994449], [85.184564, 27.993576], [85.184552, 27.993346], [85.184698, 27.992957], [85.184734, 27.992173], [85.184474, 27.991751], [85.184435, 27.991131], [85.184047, 27.990667], [85.183903, 27.989994], [85.183901, 27.989433], [85.183403, 27.988645], [85.18306, 27.987797], [85.183101, 27.986881], [85.182874, 27.98638], [85.182822, 27.985321], [85.182948, 27.984579], [85.182925, 27.984286], [85.182786, 27.984075], [85.182457, 27.984046], [85.182349, 27.983965], [85.181675, 27.982684], [85.181601, 27.982148], [85.181689, 27.981757], [85.181882, 27.981387], [85.181957, 27.980769], [85.182137, 27.980448], [85.182405, 27.9802], [85.182636, 27.979613], [85.182573, 27.979235], [85.182772, 27.978652], [85.182928, 27.977648], [85.183773, 27.976008], [85.184144, 27.97548], [85.184144, 27.975056], [85.184226, 27.974891], [85.185071, 27.974998], [85.185551, 27.975216], [85.186466, 27.975416], [85.187858, 27.976396], [85.189134, 27.976883], [85.190124, 27.976928], [85.190491, 27.97686], [85.190813, 27.976669], [85.191173, 27.976296], [85.191822, 27.976005], [85.191966, 27.975844], [85.191968, 27.97571], [85.191802, 27.975576], [85.191386, 27.97559], [85.191133, 27.975467], [85.190544, 27.97471], [85.190341, 27.974236], [85.189494, 27.973751], [85.189241, 27.973405], [85.188695, 27.973427], [85.188068, 27.973092], [85.186984, 27.972897], [85.186614, 27.9727], [85.186176, 27.972087], [85.186226, 27.971718], [85.186512, 27.97129], [85.186593, 27.970805], [85.186849, 27.970502], [85.186799, 27.970326], [85.186343, 27.970388], [85.185796, 27.970045], [85.185279, 27.969888], [85.185161, 27.969726], [85.185063, 27.969343], [85.184693, 27.969044], [85.183662, 27.968782], [85.183401, 27.968629], [85.182682, 27.968535], [85.18222, 27.968359], [85.18151, 27.968382], [85.181188, 27.967987], [85.180379, 27.967503], [85.180041, 27.967113], [85.179507, 27.967057], [85.178799, 27.966588], [85.178308, 27.965797], [85.177398, 27.965207], [85.177296, 27.964794], [85.176632, 27.964273], [85.176117, 27.964181], [85.17579, 27.963984], [85.174398, 27.963689], [85.174036, 27.963277], [85.173638, 27.963161], [85.173295, 27.962788], [85.173237, 27.962624], [85.172653, 27.962215], [85.172477, 27.961954], [85.172267, 27.961802], [85.172126, 27.96156], [85.172168, 27.961379], [85.171725, 27.961022], [85.171751, 27.960841], [85.171531, 27.960716], [85.171368, 27.960469], [85.171111, 27.960331], [85.170933, 27.959884], [85.170657, 27.959615], [85.170482, 27.959312], [85.170408, 27.958834], [85.169531, 27.958713], [85.169294, 27.958558], [85.169239, 27.958366], [85.169371, 27.957864], [85.16929, 27.957652], [85.168993, 27.957403], [85.168504, 27.957289], [85.16831, 27.956795], [85.16743, 27.956458], [85.167087, 27.956078], [85.166786, 27.955974], [85.166838, 27.955819], [85.166679, 27.955775], [85.166644, 27.955581], [85.166518, 27.95559], [85.166402, 27.955472], [85.166344, 27.955671], [85.16605, 27.955836], [85.166038, 27.955459], [85.165671, 27.95536], [85.165493, 27.955156], [85.164999, 27.954189], [85.16458, 27.953795], [85.164408, 27.953721], [85.164303, 27.953283], [85.164014, 27.952679], [85.164084, 27.952083], [85.164028, 27.951365], [85.164138, 27.950483], [85.164335, 27.949915], [85.164535, 27.948807], [85.164528, 27.948395], [85.164131, 27.947773], [85.162981, 27.946793], [85.162853, 27.946328], [85.16234, 27.945284], [85.16177, 27.944348], [85.161359, 27.94326], [85.161064, 27.942131], [85.160823, 27.941584], [85.160892, 27.940862], [85.160721, 27.940259], [85.160224, 27.939611], [85.159835, 27.939238], [85.158935, 27.93878], [85.157826, 27.938065], [85.157535, 27.93739], [85.15731, 27.936612], [85.15723, 27.9359], [85.156807, 27.934684], [85.156637, 27.934493], [85.156351, 27.933828], [85.155926, 27.933282], [85.155585, 27.93217], [85.15531, 27.931712], [85.154531, 27.931416], [85.153102, 27.931262], [85.152711, 27.931383], [85.152354, 27.931634], [85.152067, 27.931973], [85.151806, 27.932053], [85.1514, 27.931644], [85.151368, 27.931001], [85.150847, 27.93032], [85.150674, 27.929729], [85.150869, 27.929194], [85.150934, 27.928419], [85.151294, 27.927688], [85.152143, 27.92648], [85.152264, 27.92586], [85.152054, 27.924598], [85.151834, 27.924003], [85.151862, 27.922871], [85.151619, 27.922174], [85.151127, 27.921731], [85.150068, 27.921317], [85.149385, 27.920767], [85.148685, 27.920328], [85.147653, 27.9201], [85.147548, 27.919686], [85.147232, 27.91916], [85.147005, 27.91911], [85.146565, 27.919147], [85.146175, 27.918992], [85.145427, 27.918894], [85.144609, 27.918169], [85.144153, 27.917969], [85.143415, 27.917782], [85.142752, 27.917246], [85.142314, 27.917065], [85.142025, 27.916764], [85.141294, 27.916549], [85.140857, 27.915954], [85.140617, 27.915746], [85.140009, 27.915621], [85.139252, 27.915338], [85.138311, 27.914826], [85.136834, 27.913625], [85.136911, 27.913093], [85.137762, 27.912195], [85.138003, 27.911632], [85.138759, 27.910734], [85.139352, 27.910218], [85.140055, 27.909236], [85.140229, 27.908741], [85.141461, 27.907513], [85.1417, 27.907041], [85.141795, 27.906544], [85.14177, 27.906208], [85.141525, 27.905717], [85.141439, 27.905228], [85.141748, 27.9035], [85.141692, 27.902892], [85.141499, 27.902614], [85.141188, 27.901865], [85.140481, 27.901085], [85.139873, 27.900858], [85.138992, 27.900135], [85.138769, 27.899626], [85.138589, 27.898571], [85.138163, 27.897825], [85.138247, 27.897585], [85.138144, 27.897273], [85.138613, 27.897247], [85.138699, 27.897179], [85.138158, 27.896942], [85.138011, 27.896714], [85.138467, 27.896245], [85.138668, 27.895364], [85.139208, 27.894871], [85.139438, 27.894005], [85.139561, 27.893077], [85.139473, 27.892845], [85.138796, 27.892486], [85.138467, 27.892188], [85.138346, 27.890359], [85.138474, 27.889398], [85.138337, 27.888891], [85.138008, 27.888613], [85.13741, 27.888559], [85.137106, 27.888431], [85.136647, 27.887884], [85.135476, 27.886818], [85.134562, 27.886146], [85.134088, 27.885959], [85.133788, 27.885746], [85.132466, 27.884195], [85.13127, 27.883055], [85.130831, 27.882765], [85.130125, 27.8817], [85.130135, 27.881543], [85.130425, 27.881328], [85.130489, 27.881142], [85.130155, 27.880566], [85.129895, 27.880478], [85.129414, 27.880637], [85.129131, 27.880647], [85.12886, 27.8809], [85.128605, 27.880784], [85.128642, 27.880409], [85.128525, 27.880132], [85.128095, 27.879562], [85.128014, 27.878863], [85.128286, 27.877965], [85.128263, 27.877878], [85.127956, 27.877366], [85.127973, 27.876956], [85.127869, 27.876694], [85.127871, 27.876376], [85.127943, 27.87618], [85.128285, 27.876173], [85.128085, 27.875867], [85.128454, 27.876035], [85.128508, 27.875991], [85.128149, 27.875262], [85.126987, 27.874409], [85.126257, 27.874142], [85.125797, 27.8737], [85.125533, 27.873656], [85.125029, 27.87374], [85.124131, 27.873583], [85.123211, 27.873193], [85.123174, 27.873102], [85.123438, 27.872709], [85.123378, 27.872515], [85.123227, 27.872549], [85.122905, 27.872867], [85.122733, 27.872895], [85.122038, 27.872539], [85.12181, 27.872142], [85.121536, 27.872114], [85.120964, 27.871815], [85.119973, 27.87149], [85.119646, 27.871167], [85.119277, 27.870543], [85.118711, 27.870111], [85.117938, 27.869831], [85.117734, 27.869686], [85.11724, 27.869551], [85.117008, 27.869192], [85.116323, 27.868782], [85.116082, 27.868496], [85.115907, 27.868434], [85.115641, 27.868466], [85.115229, 27.868285], [85.115127, 27.867443], [85.114945, 27.86697], [85.114586, 27.86656], [85.114513, 27.866289], [85.113996, 27.865693], [85.113979, 27.865435], [85.113784, 27.865104], [85.113552, 27.864934], [85.113585, 27.864477], [85.113148, 27.864119], [85.112989, 27.863854], [85.113111, 27.86388], [85.113381, 27.864136], [85.113479, 27.864132], [85.113483, 27.86406], [85.112643, 27.863299], [85.112764, 27.863152], [85.112874, 27.862351], [85.112285, 27.861685], [85.111892, 27.860658], [85.111591, 27.860384], [85.111561, 27.859934], [85.111073, 27.859442], [85.111007, 27.859276], [85.111156, 27.859153], [85.112001, 27.859087], [85.112315, 27.858981], [85.11326, 27.857979], [85.113377, 27.857683], [85.113741, 27.857504], [85.114095, 27.857496], [85.114677, 27.857635], [85.115786, 27.857551], [85.116784, 27.857817], [85.117695, 27.857803], [85.118181, 27.857677], [85.118786, 27.857646], [85.119667, 27.857433], [85.120164, 27.857158], [85.1208, 27.8575], [85.121243, 27.858188], [85.121544, 27.858515], [85.122096, 27.858807], [85.123095, 27.859141], [85.124058, 27.858994], [85.124378, 27.858789], [85.124579, 27.858356], [85.125104, 27.858289], [85.125461, 27.858432], [85.126413, 27.859305], [85.127939, 27.859914], [85.128233, 27.859917], [85.129782, 27.859581], [85.130908, 27.859432], [85.132288, 27.859417], [85.1334, 27.85959], [85.13471, 27.860173], [85.13495, 27.860425], [85.135048, 27.860975], [85.134979, 27.861601], [85.134601, 27.862297], [85.134635, 27.862792], [85.13492, 27.863473], [85.135248, 27.86372], [85.135987, 27.863689], [85.136379, 27.863783], [85.137238, 27.86419], [85.137817, 27.864566], [85.138137, 27.865109], [85.138758, 27.865595], [85.138852, 27.866268], [85.139179, 27.866648], [85.139138, 27.866975], [85.139223, 27.867118], [85.139392, 27.867101], [85.139541, 27.86679], [85.140074, 27.867015], [85.140557, 27.86704], [85.14173, 27.866692], [85.142083, 27.866651], [85.143396, 27.865967], [85.143748, 27.865991], [85.144005, 27.866145], [85.144044, 27.866397], [85.14381, 27.867513], [85.143408, 27.868276], [85.143002, 27.868724], [85.142998, 27.869252], [85.143651, 27.870157], [85.143811, 27.870709], [85.143171, 27.87247], [85.142939, 27.873692], [85.142948, 27.874087], [85.143234, 27.874915], [85.143439, 27.875145], [85.144136, 27.875518], [85.145746, 27.875892], [85.146912, 27.876022], [85.147722, 27.875949], [85.148047, 27.875869], [85.148606, 27.87555], [85.14915, 27.875353], [85.150312, 27.875599], [85.150782, 27.875826], [85.151061, 27.876106], [85.152316, 27.877614], [85.152587, 27.878504], [85.153376, 27.88024], [85.153482, 27.881144], [85.153486, 27.882912], [85.153236, 27.884348], [85.153055, 27.884951], [85.153084, 27.885348], [85.153256, 27.885624], [85.153745, 27.885965], [85.15549, 27.888181], [85.156645, 27.889958], [85.159336, 27.890992], [85.159824, 27.891074], [85.161352, 27.89108], [85.162231, 27.891183], [85.163844, 27.891768], [85.16527, 27.892143], [85.165418, 27.892246], [85.165515, 27.892441], [85.165369, 27.892825], [85.165483, 27.893075], [85.165842, 27.89335], [85.166498, 27.893541], [85.167383, 27.893522], [85.16843, 27.89312], [85.168878, 27.893078], [85.169677, 27.893166], [85.170484, 27.893436], [85.171604, 27.893679], [85.172308, 27.894417], [85.173068, 27.895945], [85.174013, 27.89671], [85.174259, 27.89708], [85.174338, 27.897098], [85.174444, 27.896979], [85.174973, 27.89741], [85.175094, 27.897818], [85.175886, 27.898139], [85.176535, 27.898776], [85.177377, 27.899162], [85.177571, 27.899378], [85.178497, 27.900038], [85.178828, 27.900379], [85.179297, 27.900666], [85.179816, 27.901284], [85.180337, 27.901651], [85.180985, 27.901979], [85.181579, 27.90192], [85.182161, 27.902002], [85.182522, 27.902378], [85.183438, 27.902395], [85.184299, 27.902021], [85.185125, 27.90184], [85.185895, 27.902362], [85.186399, 27.902538], [85.187074, 27.902634], [85.188152, 27.902536], [85.188914, 27.90225], [85.189385, 27.902223], [85.19023, 27.901977], [85.190766, 27.901702], [85.191509, 27.901522], [85.191865, 27.901521], [85.192015, 27.901589], [85.192297, 27.902265], [85.192262, 27.901751], [85.192478, 27.901598], [85.19308, 27.901679], [85.193466, 27.901624], [85.194211, 27.901898], [85.194279, 27.901689], [85.194396, 27.901619], [85.194627, 27.901714], [85.195058, 27.901597], [85.196378, 27.901757], [85.19756, 27.901748], [85.199041, 27.901241], [85.199025, 27.901156], [85.19879, 27.901095], [85.198796, 27.901018], [85.199121, 27.900844], [85.199184, 27.900609], [85.19949, 27.900541], [85.199739, 27.90039], [85.199682, 27.900125], [85.200142, 27.899888], [85.200147, 27.899696], [85.199912, 27.899349], [85.200383, 27.898594], [85.20126, 27.897983], [85.201749, 27.897871], [85.202695, 27.897951], [85.20341, 27.897867], [85.203634, 27.898059], [85.204013, 27.898036], [85.204749, 27.898256], [85.207309, 27.898526], [85.208142, 27.898939], [85.208513, 27.899284], [85.208993, 27.899136], [85.209501, 27.899264], [85.209735, 27.899641], [85.209825, 27.900227], [85.210001, 27.900439], [85.210217, 27.90038], [85.210267, 27.900261], [85.210232, 27.899997], [85.210008, 27.899549], [85.21007, 27.899375], [85.210464, 27.899405], [85.21055, 27.8995], [85.21055, 27.899657], [85.210633, 27.899688], [85.21087, 27.899465], [85.211471, 27.899447], [85.211821, 27.899312], [85.212291, 27.899285], [85.213116, 27.899066], [85.214756, 27.898977], [85.215148, 27.89882], [85.215935, 27.898895], [85.217334, 27.898646], [85.218481, 27.898357], [85.219085, 27.898289], [85.219372, 27.898401], [85.219889, 27.898348], [85.220987, 27.89902], [85.221269, 27.899339], [85.221677, 27.899625], [85.22188, 27.899987], [85.222366, 27.9014], [85.222579, 27.901758], [85.223276, 27.90246], [85.224085, 27.903], [85.225801, 27.903958], [85.226612, 27.904317], [85.227038, 27.904588], [85.227456, 27.904576], [85.227849, 27.904901], [85.228466, 27.905204], [85.229585, 27.905172], [85.230257, 27.905264], [85.231011, 27.905432], [85.231533, 27.905772], [85.231829, 27.905867], [85.232652, 27.905965], [85.234185, 27.905654], [85.235502, 27.906089], [85.235989, 27.90586], [85.236635, 27.905747], [85.237069, 27.905423], [85.237367, 27.905553], [85.23754, 27.905788], [85.238406, 27.905606], [85.24027, 27.90556], [85.240695, 27.905625], [85.241473, 27.906089], [85.242342, 27.907315], [85.242776, 27.907613], [85.244095, 27.907941], [85.244996, 27.907996], [85.245385, 27.908219], [85.245474, 27.908488], [85.245643, 27.908637], [85.246325, 27.908921], [85.247095, 27.909001], [85.247889, 27.909431], [85.248382, 27.909603], [85.248842, 27.909652], [85.249143, 27.909893], [85.249437, 27.909739], [85.250127, 27.909928], [85.250945, 27.909951], [85.251205, 27.910154], [85.251465, 27.910533], [85.252011, 27.910585], [85.252335, 27.910788], [85.252334, 27.910511], [85.253109, 27.910389], [85.254459, 27.909777], [85.254626, 27.909797], [85.254662, 27.909897], [85.254533, 27.910028], [85.254285, 27.910107], [85.254238, 27.910399], [85.254635, 27.910311], [85.25531, 27.909946], [85.255924, 27.909928], [85.25766, 27.909631], [85.258565, 27.909618], [85.258916, 27.909708], [85.258992, 27.909794], [85.259038, 27.9102], [85.259208, 27.909967], [85.259803, 27.909789], [85.260425, 27.909695], [85.261223, 27.909777], [85.261873, 27.910014], [85.262703, 27.910157], [85.263306, 27.910571], [85.264614, 27.911166], [85.266038, 27.912221], [85.26703, 27.912629], [85.268312, 27.9136], [85.268543, 27.913885], [85.269041, 27.914242], [85.269201, 27.914466], [85.26986, 27.914881], [85.270446, 27.915151], [85.270808, 27.915195], [85.271206, 27.915391], [85.271537, 27.915449], [85.271776, 27.915926], [85.271862, 27.915384], [85.272055, 27.915254], [85.272474, 27.915331], [85.273345, 27.915336], [85.27378, 27.915508], [85.274664, 27.915554], [85.275661, 27.915853], [85.276218, 27.915728], [85.276608, 27.915871], [85.277306, 27.915346], [85.277725, 27.915251], [85.278157, 27.915315], [85.278169, 27.915416], [85.27799, 27.915559], [85.277003, 27.91585], [85.27705, 27.916003], [85.277272, 27.916047], [85.278553, 27.915701], [85.278859, 27.915261], [85.279496, 27.91519], [85.27994, 27.915306], [85.281181, 27.916318], [85.281906, 27.917432], [85.283024, 27.91793], [85.283502, 27.917941], [85.285342, 27.917565], [85.28657, 27.917467], [85.287557, 27.917203], [85.287911, 27.916975], [85.288264, 27.916506], [85.289128, 27.915656], [85.289661, 27.915281], [85.29025, 27.915124], [85.291746, 27.914479], [85.292248, 27.914458], [85.292417, 27.914504], [85.292634, 27.914699], [85.293251, 27.915934], [85.293653, 27.916463], [85.294266, 27.917006], [85.294771, 27.917286], [85.295364, 27.917463], [85.29592, 27.91742], [85.296245, 27.917472], [85.29692, 27.917234], [85.297196, 27.917034], [85.297417, 27.91671], [85.29733, 27.916273], [85.297468, 27.916162], [85.297275, 27.915552], [85.297321, 27.915201], [85.29651, 27.91438], [85.296387, 27.914169], [85.296275, 27.913745], [85.296375, 27.913327], [85.296608, 27.913127], [85.297181, 27.913077], [85.298155, 27.913191], [85.298808, 27.91318], [85.299026, 27.913303], [85.299129, 27.913461], [85.299237, 27.913776], [85.299263, 27.914247], [85.299451, 27.914822], [85.299689, 27.915194], [85.299675, 27.915437], [85.299462, 27.915671], [85.299421, 27.915849], [85.299549, 27.91664], [85.299662, 27.91677], [85.299833, 27.916821], [85.300293, 27.916698], [85.300784, 27.917292], [85.301379, 27.917774], [85.301053, 27.918299], [85.300302, 27.918441], [85.300092, 27.918596], [85.299971, 27.918831], [85.29992, 27.919491], [85.300247, 27.918895], [85.300557, 27.91879], [85.300872, 27.918577], [85.301317, 27.918444], [85.301603, 27.918073], [85.302538, 27.918492], [85.303201, 27.918588], [85.304395, 27.918098], [85.304834, 27.917812], [85.305247, 27.917399], [85.305515, 27.916538], [85.305545, 27.91525], [85.306028, 27.915017], [85.306344, 27.915026], [85.307267, 27.915272], [85.307849, 27.915523], [85.308032, 27.915713], [85.308078, 27.916182], [85.308297, 27.916355], [85.308926, 27.916287], [85.309611, 27.916044], [85.309903, 27.916087], [85.310418, 27.916764], [85.310704, 27.917007], [85.310863, 27.917439], [85.311235, 27.91802], [85.311516, 27.918326], [85.312218, 27.918724], [85.312576, 27.918825], [85.31279, 27.918796], [85.312884, 27.918686], [85.312955, 27.918258], [85.313116, 27.918133], [85.313405, 27.918053], [85.314, 27.918481], [85.314199, 27.918546], [85.314247, 27.918003], [85.314182, 27.917893], [85.313929, 27.917811], [85.313458, 27.917801], [85.312905, 27.917907], [85.312437, 27.918278], [85.312121, 27.918324], [85.311686, 27.91794], [85.311524, 27.91759], [85.311136, 27.917131], [85.310781, 27.916427], [85.310786, 27.916223], [85.31069, 27.916071], [85.310322, 27.915826], [85.309725, 27.915712], [85.309152, 27.915509], [85.308856, 27.915542], [85.308695, 27.915464], [85.308477, 27.91562], [85.308419, 27.915481], [85.308126, 27.915282], [85.307203, 27.914226], [85.306372, 27.91402], [85.306138, 27.914082], [85.3061, 27.91417], [85.306898, 27.914238], [85.307031, 27.914398], [85.307019, 27.914531], [85.306889, 27.914581], [85.306552, 27.91443], [85.306318, 27.914532], [85.306001, 27.914534], [85.305892, 27.914242], [85.305571, 27.914414], [85.305061, 27.915423], [85.304658, 27.915934], [85.304616, 27.9163], [85.304318, 27.917147], [85.303631, 27.917919], [85.303302, 27.918095], [85.302897, 27.918138], [85.302222, 27.917832], [85.301561, 27.917413], [85.300553, 27.916067], [85.300257, 27.915775], [85.29997, 27.915247], [85.300051, 27.914767], [85.299855, 27.91389], [85.299657, 27.913365], [85.29938, 27.912963], [85.299087, 27.912721], [85.298007, 27.912338], [85.297748, 27.912553], [85.296665, 27.912504], [85.295664, 27.912948], [85.295669, 27.913851], [85.295993, 27.914445], [85.296131, 27.91499], [85.296513, 27.915588], [85.296635, 27.915931], [85.29653, 27.916789], [85.296242, 27.916978], [85.295884, 27.917077], [85.295611, 27.91706], [85.294293, 27.916232], [85.293539, 27.91556], [85.292935, 27.914319], [85.292666, 27.914096], [85.292318, 27.913939], [85.291824, 27.913863], [85.291449, 27.913937], [85.291146, 27.914263], [85.290761, 27.914437], [85.289651, 27.914545], [85.289391, 27.914646], [85.288511, 27.915296], [85.287951, 27.915974], [85.287156, 27.916582], [85.286179, 27.916865], [85.285924, 27.917035], [85.284674, 27.917253], [85.28408, 27.917463], [85.283158, 27.917465], [85.282705, 27.917264], [85.282266, 27.916881], [85.281605, 27.915835], [85.281184, 27.915461], [85.279907, 27.914734], [85.279419, 27.914557], [85.278771, 27.914467], [85.276982, 27.915002], [85.276429, 27.914961], [85.276246, 27.915078], [85.275919, 27.915139], [85.275775, 27.915077], [85.275553, 27.91472], [85.274883, 27.914603], [85.274557, 27.914473], [85.273607, 27.914523], [85.272964, 27.914162], [85.272391, 27.914133], [85.272042, 27.913999], [85.271661, 27.913971], [85.271182, 27.91383], [85.270239, 27.913744], [85.26928, 27.913802], [85.267368, 27.912132], [85.266763, 27.911424], [85.266417, 27.910887], [85.265365, 27.909974], [85.265015, 27.90984], [85.265195, 27.910193], [85.265052, 27.910227], [85.264001, 27.909794], [85.263903, 27.909671], [85.264072, 27.909572], [85.264053, 27.909489], [85.263319, 27.909449], [85.262722, 27.909276], [85.261011, 27.908646], [85.260386, 27.908208], [85.259933, 27.908216], [85.25931, 27.907819], [85.258971, 27.907854], [85.257899, 27.907513], [85.257549, 27.907573], [85.257953, 27.907648], [85.258078, 27.907746], [85.25809, 27.90805], [85.257915, 27.908174], [85.257376, 27.90788], [85.255683, 27.907701], [85.255708, 27.907524], [85.255648, 27.907495], [85.254781, 27.907779], [85.253168, 27.907961], [85.251785, 27.908287], [85.25065, 27.908733], [85.249881, 27.908704], [85.249336, 27.908782], [85.248974, 27.908738], [85.248149, 27.908554], [85.247019, 27.907926], [85.24574, 27.906822], [85.245549, 27.90647], [85.245678, 27.906229], [85.245624, 27.906129], [85.245126, 27.905911], [85.244778, 27.905869], [85.243955, 27.905599], [85.243739, 27.905461], [85.243524, 27.905456], [85.242498, 27.905031], [85.24193, 27.905069], [85.241719, 27.904986], [85.240929, 27.905093], [85.239834, 27.904787], [85.239447, 27.904855], [85.239071, 27.904778], [85.238269, 27.904768], [85.236558, 27.904394], [85.23626, 27.904435], [85.235793, 27.904352], [85.235392, 27.904154], [85.234303, 27.904052], [85.233929, 27.903912], [85.233257, 27.903821], [85.232753, 27.903876], [85.23209, 27.903506], [85.231497, 27.903484], [85.231247, 27.903549], [85.230833, 27.903813], [85.230873, 27.904202], [85.230398, 27.904065], [85.229792, 27.904143], [85.22917, 27.904049], [85.228879, 27.903778], [85.228564, 27.903668], [85.227883, 27.903819], [85.227518, 27.903804], [85.226861, 27.90355], [85.226419, 27.903179], [85.226182, 27.903079], [85.226169, 27.902845], [85.225978, 27.902736], [85.225895, 27.902486], [85.225289, 27.901933], [85.225295, 27.901823], [85.225525, 27.901715], [85.225548, 27.901333], [85.225341, 27.901325], [85.225251, 27.901482], [85.225259, 27.901666], [85.225166, 27.901703], [85.224953, 27.901238], [85.22497, 27.901044], [85.225123, 27.900845], [85.225017, 27.900523], [85.223724, 27.898734], [85.223155, 27.898233], [85.221861, 27.897478], [85.221633, 27.897183], [85.221805, 27.896953], [85.222209, 27.896703], [85.222548, 27.896604], [85.222967, 27.896597], [85.224255, 27.897068], [85.225252, 27.897077], [85.22605, 27.897233], [85.227269, 27.897194], [85.228374, 27.897542], [85.229006, 27.89763], [85.229655, 27.897615], [85.230001, 27.897459], [85.230501, 27.897083], [85.23166, 27.896727], [85.23241, 27.896009], [85.232827, 27.895932], [85.233973, 27.895334], [85.234814, 27.894412], [85.234991, 27.894093], [85.235148, 27.893513], [85.235671, 27.893052], [85.235959, 27.892948], [85.236919, 27.892933], [85.238438, 27.892397], [85.238656, 27.892414], [85.238986, 27.892623], [85.240101, 27.892633], [85.240489, 27.892775], [85.241244, 27.892883], [85.241364, 27.89298], [85.241451, 27.893275], [85.241667, 27.893417], [85.24209, 27.893417], [85.242662, 27.893264], [85.244097, 27.893572], [85.244468, 27.893525], [85.245165, 27.893659], [85.246367, 27.893428], [85.247236, 27.893411], [85.247485, 27.89328], [85.248067, 27.893166], [85.248819, 27.892804], [85.249696, 27.892607], [85.250436, 27.892328], [85.250897, 27.892281], [85.25133, 27.89203], [85.251914, 27.891317], [85.252671, 27.891007], [85.252738, 27.890519], [85.253182, 27.88976], [85.253455, 27.889617], [85.253833, 27.889168], [85.254007, 27.889155], [85.254196, 27.889318], [85.254325, 27.889101], [85.254611, 27.888855], [85.255213, 27.888779], [85.256216, 27.887911], [85.256822, 27.887555], [85.257222, 27.887441], [85.257371, 27.887196], [85.258037, 27.886716], [85.258101, 27.886482], [85.258202, 27.886462], [85.258402, 27.88657], [85.258658, 27.886426], [85.2588, 27.886022], [85.259108, 27.885897], [85.260269, 27.885045], [85.260945, 27.88474], [85.261895, 27.884088], [85.262661, 27.88386], [85.262897, 27.883629], [85.263394, 27.883617], [85.263478, 27.883421], [85.263268, 27.883445], [85.263262, 27.883357], [85.263943, 27.882741], [85.264083, 27.882467], [85.264344, 27.882228], [85.266083, 27.881236], [85.267016, 27.880515], [85.268188, 27.879906], [85.268535, 27.87962], [85.26861, 27.879429], [85.268811, 27.87946], [85.268874, 27.879063], [85.269099, 27.879007], [85.26914, 27.878786], [85.269613, 27.878377], [85.271105, 27.877682], [85.271695, 27.877154], [85.271903, 27.876802], [85.2721, 27.876276], [85.272405, 27.874977], [85.272683, 27.874323], [85.273417, 27.873651], [85.275388, 27.872882], [85.276388, 27.872677], [85.277205, 27.87213], [85.277684, 27.871632], [85.278269, 27.871389], [85.278399, 27.870993], [85.279243, 27.870348], [85.280879, 27.86979], [85.281623, 27.869693], [85.281658, 27.869731], [85.281366, 27.869882], [85.281219, 27.870125], [85.280987, 27.870014], [85.280651, 27.870022], [85.28031, 27.87024], [85.280465, 27.870431], [85.280758, 27.870518], [85.281047, 27.870454], [85.281298, 27.870287], [85.281515, 27.870363], [85.281868, 27.870139], [85.281993, 27.869679], [85.282193, 27.869606], [85.282755, 27.869582], [85.284813, 27.868875], [85.286075, 27.867781], [85.286326, 27.867648], [85.28765, 27.86723], [85.289328, 27.867134], [85.289934, 27.86697], [85.290353, 27.866552], [85.29089, 27.866227], [85.292281, 27.864916], [85.293324, 27.864306], [85.295101, 27.862904], [85.295453, 27.862785], [85.297245, 27.862765], [85.298496, 27.862376], [85.299092, 27.862378], [85.299663, 27.862484], [85.300194, 27.862949], [85.300735, 27.863754], [85.300839, 27.864061], [85.301721, 27.864855], [85.301863, 27.865641], [85.301972, 27.865819], [85.302026, 27.865721], [85.301937, 27.8654], [85.301973, 27.865205], [85.302583, 27.865221], [85.303506, 27.864875], [85.303734, 27.864957], [85.304031, 27.8653], [85.304209, 27.865367], [85.304012, 27.86507], [85.303948, 27.864628], [85.303561, 27.864743], [85.303089, 27.864769], [85.302429, 27.865054], [85.302165, 27.864982], [85.300733, 27.863565], [85.300376, 27.862879], [85.300045, 27.862486], [85.299452, 27.862233], [85.298456, 27.862143], [85.297678, 27.862398], [85.297318, 27.862589], [85.296928, 27.862669], [85.295613, 27.862574], [85.295094, 27.862627], [85.294698, 27.862777], [85.293684, 27.863751], [85.292282, 27.864599], [85.290909, 27.865887], [85.289501, 27.866717], [85.289121, 27.86682], [85.288025, 27.866823], [85.287317, 27.866909], [85.286717, 27.867081], [85.285915, 27.867504], [85.285649, 27.867566], [85.284997, 27.868337], [85.283954, 27.868855], [85.282258, 27.869274], [85.281443, 27.869286], [85.280799, 27.86938], [85.278814, 27.870101], [85.278181, 27.870413], [85.277736, 27.870794], [85.277033, 27.871711], [85.275551, 27.872338], [85.274509, 27.872986], [85.274132, 27.873043], [85.272937, 27.873597], [85.272595, 27.873916], [85.27206, 27.874791], [85.271822, 27.875593], [85.27141, 27.876298], [85.269757, 27.877761], [85.267751, 27.879217], [85.266974, 27.879986], [85.266216, 27.880569], [85.265959, 27.880679], [85.265427, 27.881092], [85.26492, 27.881089], [85.26453, 27.881489], [85.263665, 27.881603], [85.263438, 27.881692], [85.262103, 27.882735], [85.261784, 27.883214], [85.260947, 27.883711], [85.260546, 27.883697], [85.260214, 27.883861], [85.260022, 27.883868], [85.259768, 27.884255], [85.259182, 27.884404], [85.258971, 27.884656], [85.25865, 27.884624], [85.258318, 27.884833], [85.258064, 27.884824], [85.258005, 27.884667], [85.258087, 27.884503], [85.258327, 27.884396], [85.258615, 27.884419], [85.258736, 27.884236], [85.258624, 27.884058], [85.258112, 27.884103], [85.25777, 27.884343], [85.257571, 27.884584], [85.257507, 27.884796], [85.257777, 27.884838], [85.257354, 27.885313], [85.257094, 27.885444], [85.256491, 27.88544], [85.256418, 27.88553], [85.256473, 27.885783], [85.256391, 27.885927], [85.255853, 27.886389], [85.25537, 27.886553], [85.255322, 27.886371], [85.255567, 27.885669], [85.256687, 27.884877], [85.256882, 27.884868], [85.257071, 27.88503], [85.257322, 27.884737], [85.25686, 27.884683], [85.256764, 27.884613], [85.256949, 27.8838], [85.257361, 27.883161], [85.257827, 27.882899], [85.257899, 27.882773], [85.257752, 27.882746], [85.257216, 27.883061], [85.25694, 27.88333], [85.25633, 27.883113], [85.256166, 27.883134], [85.255683, 27.883935], [85.255909, 27.884209], [85.256178, 27.884392], [85.256253, 27.884646], [85.256033, 27.884959], [85.255431, 27.885303], [85.255136, 27.885824], [85.255093, 27.885991], [85.255181, 27.88618], [85.25509, 27.886357], [85.254917, 27.886489], [85.254599, 27.886561], [85.254127, 27.886957], [85.253708, 27.887026], [85.253157, 27.887346], [85.253005, 27.887512], [85.252872, 27.887967], [85.252148, 27.888372], [85.252337, 27.888508], [85.252254, 27.888712], [85.252045, 27.888875], [85.250883, 27.889387], [85.250479, 27.889637], [85.249966, 27.890107], [85.24958, 27.89099], [85.248901, 27.89144], [85.248312, 27.892273], [85.247708, 27.892611], [85.247176, 27.892552], [85.246477, 27.892748], [85.246236, 27.892638], [85.245965, 27.892627], [85.24547, 27.892785], [85.245181, 27.892646], [85.244847, 27.892602], [85.244577, 27.892417], [85.243869, 27.892368], [85.243164, 27.891998], [85.242944, 27.892115], [85.242975, 27.892194], [85.243176, 27.89224], [85.243158, 27.892343], [85.243054, 27.892367], [85.242833, 27.892267], [85.2425, 27.891931], [85.241665, 27.891687], [85.240927, 27.891583], [85.239983, 27.891218], [85.239567, 27.891182], [85.239098, 27.890984], [85.238779, 27.891112], [85.2385, 27.891109], [85.238089, 27.890848], [85.237848, 27.891012], [85.237354, 27.89119], [85.236851, 27.891118], [85.236402, 27.891156], [85.236034, 27.891543], [85.23587, 27.891877], [85.235509, 27.892085], [85.235335, 27.892435], [85.233932, 27.893384], [85.233801, 27.893728], [85.232796, 27.895018], [85.231886, 27.895394], [85.231531, 27.895369], [85.231162, 27.895464], [85.230889, 27.895419], [85.230395, 27.895619], [85.229973, 27.895624], [85.229, 27.89534], [85.227283, 27.895101], [85.226728, 27.895321], [85.22643, 27.895292], [85.226191, 27.895398], [85.225214, 27.895553], [85.224974, 27.895528], [85.224547, 27.895642], [85.223654, 27.895665], [85.222019, 27.896311], [85.221534, 27.896751], [85.221098, 27.896749], [85.22047, 27.896529], [85.220129, 27.896818], [85.219422, 27.896925], [85.219094, 27.897211], [85.218391, 27.897039], [85.218059, 27.897067], [85.217449, 27.89692], [85.216246, 27.896924], [85.215911, 27.897026], [85.215323, 27.897361], [85.214734, 27.897506], [85.214226, 27.897902], [85.21412, 27.898072], [85.213742, 27.898251], [85.213004, 27.898322], [85.212398, 27.898277], [85.210902, 27.898467], [85.210429, 27.898283], [85.209833, 27.898169], [85.209024, 27.897817], [85.208582, 27.897715], [85.208306, 27.897725], [85.207733, 27.897948], [85.206791, 27.897854], [85.205928, 27.897599], [85.204811, 27.89708], [85.204235, 27.89708], [85.203895, 27.897194], [85.203628, 27.897116], [85.203405, 27.897209], [85.202545, 27.897234], [85.202099, 27.897113], [85.201746, 27.897224], [85.201273, 27.897158], [85.200805, 27.897297], [85.200497, 27.897255], [85.20021, 27.897344], [85.198686, 27.898736], [85.198228, 27.89894], [85.197985, 27.899324], [85.197839, 27.89941], [85.197088, 27.89939], [85.196777, 27.899486], [85.196476, 27.89973], [85.196312, 27.899776], [85.195677, 27.899692], [85.194985, 27.899769], [85.194696, 27.899632], [85.194155, 27.899538], [85.192903, 27.8997], [85.192166, 27.900212], [85.191227, 27.900431], [85.190486, 27.900712], [85.189504, 27.900642], [85.187691, 27.899946], [85.18672, 27.899927], [85.18533, 27.899625], [85.184346, 27.899523], [85.183768, 27.89936], [85.183422, 27.899037], [85.183215, 27.899129], [85.182981, 27.899054], [85.182433, 27.898691], [85.181925, 27.898458], [85.181184, 27.897823], [85.180076, 27.897527], [85.179813, 27.897397], [85.179279, 27.89638], [85.178588, 27.895611], [85.17851, 27.895681], [85.178545, 27.89586], [85.179222, 27.896605], [85.178822, 27.897133], [85.178478, 27.896972], [85.178181, 27.896586], [85.177926, 27.896542], [85.177912, 27.89631], [85.177503, 27.896139], [85.177587, 27.895854], [85.1774, 27.895672], [85.177286, 27.895705], [85.177317, 27.895904], [85.177244, 27.896002], [85.176924, 27.895996], [85.17657, 27.896332], [85.176362, 27.896323], [85.176333, 27.896231], [85.17656, 27.896151], [85.176298, 27.896069], [85.17612, 27.896137], [85.176112, 27.895962], [85.175751, 27.895611], [85.175479, 27.895046], [85.17544, 27.894519], [85.175131, 27.893953], [85.175161, 27.893721], [85.175075, 27.893466], [85.174833, 27.893107], [85.174877, 27.893052], [85.175183, 27.893046], [85.1751, 27.892854], [85.174709, 27.892693], [85.173258, 27.892715], [85.172215, 27.892503], [85.171627, 27.892104], [85.171124, 27.891635], [85.1708, 27.890937], [85.170479, 27.889444], [85.170534, 27.88928], [85.170866, 27.888918], [85.17109, 27.888279], [85.171391, 27.88778], [85.171524, 27.887659], [85.172047, 27.887554], [85.173113, 27.88645], [85.174134, 27.886476], [85.174466, 27.886364], [85.174999, 27.885602], [85.175467, 27.885261], [85.175757, 27.885232], [85.176284, 27.885467], [85.177267, 27.885508], [85.178888, 27.885035], [85.179953, 27.884523], [85.181045, 27.884244], [85.181695, 27.884269], [85.182465, 27.883358], [85.182984, 27.883128], [85.183885, 27.883019], [85.184102, 27.883061], [85.185714, 27.884368], [85.186279, 27.884505], [85.187012, 27.884525], [85.187752, 27.88432], [85.18839, 27.88427], [85.189945, 27.883635], [85.190437, 27.883585], [85.191, 27.883822], [85.192508, 27.884899], [85.193907, 27.885113], [85.194318, 27.884998], [85.194967, 27.88445], [85.195708, 27.883309], [85.195915, 27.882847], [85.196056, 27.882749], [85.196308, 27.882752], [85.196843, 27.882919], [85.198061, 27.883503], [85.199206, 27.883675], [85.199703, 27.883627], [85.200158, 27.883445], [85.200661, 27.883041], [85.200974, 27.882526], [85.201224, 27.88147], [85.201653, 27.880715], [85.201912, 27.880429], [85.202915, 27.879862], [85.203217, 27.879476], [85.2032, 27.879245], [85.203083, 27.879267], [85.202403, 27.879836], [85.20176, 27.880255], [85.201244, 27.880865], [85.201023, 27.881286], [85.200458, 27.882858], [85.200017, 27.883224], [85.199786, 27.883317], [85.19912, 27.883371], [85.198456, 27.883305], [85.197659, 27.883084], [85.196525, 27.882583], [85.195929, 27.882526], [85.1955, 27.882945], [85.19515, 27.883712], [85.194578, 27.884455], [85.194254, 27.884707], [85.193655, 27.884841], [85.193205, 27.884835], [85.19278, 27.884714], [85.192233, 27.884397], [85.191307, 27.883644], [85.190293, 27.883237], [85.189659, 27.883359], [85.189127, 27.883662], [85.187764, 27.884121], [85.186916, 27.884157], [85.186167, 27.884099], [85.185211, 27.883479], [85.184642, 27.882876], [85.183663, 27.882292], [85.183221, 27.882092], [85.182692, 27.881996], [85.182015, 27.882032], [85.181542, 27.881772], [85.181502, 27.881996], [85.181835, 27.88231], [85.181877, 27.882475], [85.181678, 27.883089], [85.18148, 27.883347], [85.178764, 27.884198], [85.178192, 27.884667], [85.177294, 27.885023], [85.176918, 27.885027], [85.174654, 27.884197], [85.173694, 27.884286], [85.173011, 27.884128], [85.172688, 27.884241], [85.172417, 27.884542], [85.172347, 27.884793], [85.172418, 27.885218], [85.172774, 27.885693], [85.172742, 27.885955], [85.172602, 27.886061], [85.172088, 27.886188], [85.171585, 27.886789], [85.171372, 27.887181], [85.170926, 27.887523], [85.170457, 27.888221], [85.169345, 27.889344], [85.168992, 27.889367], [85.16777, 27.88912], [85.167338, 27.888949], [85.166736, 27.888921], [85.166222, 27.889121], [85.164943, 27.889234], [85.164238, 27.889484], [85.163895, 27.889738], [85.163254, 27.890023], [85.162246, 27.890236], [85.161806, 27.890229], [85.160618, 27.889643], [85.159023, 27.889144], [85.157553, 27.888016], [85.155592, 27.886931], [85.154737, 27.885876], [85.154689, 27.885387], [85.15428, 27.88517], [85.154035, 27.884911], [85.153876, 27.884552], [85.153854, 27.88429], [85.154394, 27.881846], [85.154297, 27.879273], [85.154119, 27.877981], [85.154139, 27.877347], [85.154038, 27.877157], [85.153746, 27.876933], [85.153584, 27.876461], [85.153042, 27.876283], [85.1525, 27.87569], [85.152238, 27.875082], [85.151767, 27.87459], [85.151296, 27.87438], [85.15102, 27.874438], [85.150662, 27.874645], [85.149865, 27.874426], [85.149398, 27.874515], [85.148933, 27.874753], [85.148456, 27.874573], [85.148408, 27.874931], [85.1483, 27.875072], [85.147687, 27.875391], [85.147172, 27.875451], [85.146284, 27.875387], [85.14528, 27.875114], [85.144254, 27.874624], [85.143768, 27.874168], [85.143681, 27.87365], [85.14387, 27.872425], [85.144174, 27.871432], [85.14467, 27.87046], [85.144569, 27.870255], [85.144142, 27.870024], [85.144074, 27.869677], [85.143737, 27.869093], [85.143688, 27.868664], [85.143815, 27.86838], [85.14448, 27.8677], [85.145166, 27.866827], [85.145177, 27.866421], [85.144812, 27.865901], [85.144174, 27.865508], [85.143762, 27.865435], [85.140755, 27.866169], [85.140271, 27.866171], [85.139831, 27.86604], [85.139327, 27.865555], [85.13903, 27.865086], [85.138896, 27.864713], [85.138625, 27.864458], [85.138128, 27.864148], [85.137245, 27.863781], [85.135759, 27.862942], [85.135275, 27.862575], [85.135171, 27.8624], [85.135175, 27.862198], [85.135535, 27.861715], [85.135464, 27.860709], [85.135189, 27.860072], [85.134756, 27.859505], [85.133875, 27.859003], [85.133057, 27.85882], [85.131678, 27.858922], [85.130243, 27.858877], [85.128641, 27.859304], [85.127734, 27.859345], [85.12736, 27.859184], [85.12704, 27.858902], [85.126524, 27.858183], [85.125783, 27.857779], [85.124756, 27.857792], [85.124259, 27.857999], [85.12362, 27.85815], [85.123035, 27.858436], [85.12285, 27.858447], [85.121899, 27.85793], [85.121287, 27.85715], [85.120967, 27.856914], [85.12038, 27.856686], [85.11993, 27.856618], [85.119466, 27.856687], [85.118937, 27.856905], [85.118114, 27.857047], [85.116212, 27.857155], [85.115464, 27.85701], [85.114985, 27.857194], [85.114682, 27.857205], [85.113777, 27.856959], [85.113312, 27.856954], [85.11301, 27.85706], [85.112714, 27.857331], [85.112624, 27.857472], [85.112655, 27.857626], [85.112345, 27.858018], [85.111878, 27.857978], [85.111129, 27.858081], [85.110618, 27.857847], [85.110416, 27.857824], [85.110036, 27.857937], [85.109711, 27.858131], [85.108598, 27.858418], [85.107716, 27.858125], [85.106605, 27.858088], [85.106116, 27.857957], [85.105812, 27.858061], [85.105337, 27.857937], [85.10446, 27.858044], [85.104041, 27.857859], [85.103968, 27.857692], [85.103611, 27.857821], [85.10339, 27.857651], [85.10274, 27.857542], [85.102303, 27.857339], [85.102233, 27.857583], [85.10207, 27.857722], [85.100905, 27.857925], [85.100447, 27.858181], [85.099872, 27.858236], [85.099292, 27.858534], [85.099088, 27.858528], [85.098622, 27.858334], [85.098515, 27.857984], [85.098206, 27.857955], [85.09761, 27.85814], [85.097425, 27.858463], [85.097304, 27.85854], [85.096592, 27.858634], [85.096254, 27.858811], [85.0959, 27.85882], [85.094945, 27.859133], [85.094803, 27.859108], [85.094674, 27.858918], [85.09454, 27.858916], [85.094273, 27.859032], [85.094052, 27.85935], [85.093554, 27.859348], [85.093257, 27.859258], [85.093046, 27.859475], [85.092888, 27.859507], [85.092709, 27.859429], [85.09261, 27.859229], [85.092252, 27.859111], [85.092218, 27.858903], [85.092131, 27.858826], [85.091919, 27.85883], [85.091667, 27.858996], [85.091227, 27.858838], [85.09116, 27.858692], [85.091256, 27.858082], [85.09111, 27.857269], [85.090264, 27.856927], [85.089512, 27.856098], [85.088878, 27.85595], [85.088523, 27.855783], [85.088473, 27.855642], [85.088537, 27.855251], [85.08843, 27.854932], [85.0882, 27.85475], [85.088021, 27.854473], [85.087647, 27.85422], [85.087039, 27.85402], [85.086415, 27.85395], [85.085924, 27.853998], [85.08513, 27.85421], [85.08443, 27.854645], [85.084017, 27.855475], [85.083492, 27.855581], [85.082758, 27.855581], [85.082495, 27.8557], [85.081907, 27.855538], [85.081711, 27.855406], [85.081417, 27.855477], [85.081329, 27.855415], [85.081472, 27.854995], [85.08163, 27.854812], [85.081595, 27.853853], [85.081784, 27.853423], [85.081704, 27.853288], [85.08159, 27.853263], [85.081481, 27.853333], [85.081117, 27.853955], [85.080601, 27.85448], [85.080048, 27.854638], [85.07911, 27.853925], [85.07888, 27.853577], [85.078208, 27.853083], [85.077712, 27.85255], [85.076725, 27.852035], [85.075856, 27.851855], [85.074902, 27.85194], [85.074462, 27.852137], [85.074106, 27.852191], [85.073896, 27.852384], [85.073663, 27.852477], [85.072352, 27.852674], [85.071384, 27.852982], [85.071155, 27.853172], [85.070812, 27.853292], [85.070613, 27.853489], [85.070305, 27.853409], [85.0695, 27.853439], [85.069039, 27.853511], [85.06857, 27.853696], [85.067921, 27.853601], [85.067291, 27.853789], [85.066925, 27.853576], [85.066789, 27.853572], [85.066473, 27.854037], [85.066115, 27.85422], [85.065745, 27.85429], [85.065399, 27.854776], [85.06497, 27.854793], [85.064499, 27.855018], [85.063946, 27.855118], [85.063728, 27.855354], [85.063287, 27.85556], [85.063016, 27.855779], [85.062606, 27.855865], [85.062477, 27.8561], [85.062224, 27.856229], [85.062012, 27.856564], [85.061642, 27.856693], [85.060989, 27.857065], [85.060646, 27.857163], [85.060514, 27.857353], [85.060216, 27.857466], [85.059998, 27.857744], [85.059874, 27.857795], [85.059532, 27.857599], [85.059313, 27.857296], [85.058544, 27.856647], [85.05756, 27.856117], [85.056999, 27.855285], [85.056289, 27.854559], [85.056138, 27.854031], [85.055932, 27.853847], [85.055227, 27.853612], [85.05473, 27.853543], [85.053838, 27.853143], [85.052827, 27.852844], [85.05231, 27.852553], [85.050774, 27.852439], [85.050092, 27.85223], [85.049728, 27.851915], [85.049364, 27.851792], [85.049086, 27.851798], [85.048802, 27.851937], [85.048507, 27.851653], [85.047555, 27.851241], [85.046239, 27.850908], [85.04519, 27.850811], [85.044846, 27.850487], [85.044349, 27.850335], [85.043984, 27.850319], [85.0438, 27.850426], [85.043763, 27.850752], [85.043456, 27.851062], [85.043177, 27.851716], [85.042908, 27.851987], [85.042869, 27.85237], [85.042609, 27.852524], [85.04277, 27.85278], [85.042759, 27.852932], [85.042609, 27.85294], [85.042272, 27.852731], [85.041987, 27.852992], [85.041921, 27.853315], [85.041669, 27.85379], [85.041926, 27.854124], [85.041834, 27.854332], [85.041873, 27.854458], [85.042003, 27.854541], [85.042261, 27.854551], [85.042347, 27.854631], [85.042317, 27.854857], [85.04213, 27.855047], [85.041514, 27.854174], [85.041379, 27.853427], [85.040923, 27.853123], [85.040651, 27.853097], [85.040412, 27.852844], [85.040081, 27.85287], [85.039296, 27.852695], [85.038438, 27.853138], [85.037824, 27.853267], [85.036218, 27.853221], [85.035378, 27.853389], [85.034602, 27.853313], [85.034101, 27.853115], [85.033072, 27.852969], [85.032848, 27.852739], [85.032728, 27.852405], [85.032859, 27.851507], [85.032821, 27.851129], [85.032641, 27.850851], [85.032364, 27.850682], [85.032196, 27.850374], [85.031877, 27.850035], [85.031596, 27.849047], [85.031287, 27.848949], [85.03092, 27.8486], [85.030127, 27.848469], [85.029561, 27.848183], [85.028094, 27.847736], [85.02787, 27.847561], [85.027304, 27.846848], [85.026495, 27.846496], [85.026245, 27.846181], [85.025387, 27.845752], [85.024693, 27.845555], [85.024447, 27.845384], [85.024071, 27.845274], [85.023616, 27.844899], [85.022454, 27.844302], [85.022152, 27.844002], [85.021522, 27.842808], [85.021458, 27.842342], [85.021922, 27.842083], [85.022146, 27.841597], [85.022374, 27.841491], [85.022759, 27.841499], [85.022982, 27.841403], [85.023447, 27.840379], [85.023733, 27.838841], [85.023639, 27.837848], [85.02391, 27.836994], [85.023858, 27.836244], [85.02406, 27.835674], [85.024009, 27.835493], [85.023687, 27.835192], [85.023652, 27.834745], [85.023852, 27.8345], [85.02387, 27.834329], [85.023711, 27.833981], [85.023723, 27.833655], [85.023562, 27.833262], [85.023368, 27.83296], [85.02306, 27.832679], [85.022889, 27.832085], [85.02245, 27.831244], [85.022384, 27.830709], [85.02203, 27.830038], [85.021875, 27.829324], [85.021512, 27.828749], [85.021254, 27.828025], [85.02067, 27.827366], [85.020329, 27.826732], [85.019916, 27.826237], [85.019435, 27.825291], [85.019266, 27.824461], [85.019283, 27.824211], [85.019451, 27.82404], [85.019472, 27.823906], [85.019235, 27.823868], [85.019086, 27.823729], [85.019012, 27.823147], [85.018692, 27.822455], [85.018701, 27.821583], [85.018475, 27.820872], [85.018004, 27.820149], [85.017678, 27.819136], [85.016769, 27.818503], [85.01601, 27.817845], [85.015733, 27.817039], [85.015784, 27.816681], [85.015569, 27.816463], [85.015443, 27.815939], [85.015102, 27.815538], [85.014676, 27.815207], [85.014334, 27.814361], [85.013717, 27.814016], [85.013506, 27.813603], [85.013561, 27.813104], [85.013451, 27.812446], [85.013074, 27.811496], [85.01315, 27.810433], [85.013561, 27.810186], [85.014319, 27.810159], [85.014899, 27.810249], [85.015843, 27.81025], [85.016065, 27.810199], [85.01616, 27.810059], [85.016129, 27.809831], [85.015882, 27.809714], [85.014745, 27.809855], [85.014871, 27.807484], [85.014461, 27.807303], [85.01396, 27.806809], [85.012595, 27.806201], [85.011337, 27.805752], [85.010663, 27.80534], [85.009673, 27.804895], [85.008011, 27.804422], [85.006557, 27.804258], [85.006237, 27.803998], [85.005818, 27.80384], [85.005433, 27.803466], [85.00484, 27.803241], [85.004418, 27.802715], [85.003695, 27.802056], [85.003135, 27.801686], [85.00234, 27.80153], [85.001828, 27.801016], [85.001252, 27.800746], [85.000978, 27.800471], [85.000717, 27.80049], [85.000342, 27.80069], [84.999362, 27.801617], [84.998908, 27.801922], [84.998324, 27.802213], [84.997614, 27.802352], [84.997202, 27.80257], [84.99682, 27.802676], [84.99517, 27.802697], [84.993316, 27.802874], [84.992977, 27.802776], [84.992454, 27.80233], [84.992211, 27.80221], [84.991699, 27.802155], [84.991169, 27.802243], [84.99086, 27.802397], [84.990443, 27.802772], [84.990165, 27.803529], [84.989358, 27.804234], [84.988444, 27.804712], [84.988069, 27.804756], [84.987421, 27.804964], [84.9872, 27.80492], [84.986525, 27.804487], [84.985606, 27.804296], [84.985248, 27.80413], [84.984811, 27.803837], [84.984188, 27.803235], [84.983036, 27.802473], [84.982187, 27.802162], [84.980991, 27.802107], [84.980224, 27.80179], [84.980016, 27.801578], [84.979929, 27.801277], [84.979755, 27.801174], [84.979115, 27.801184], [84.977429, 27.800943], [84.977089, 27.800813], [84.976845, 27.800532], [84.976717, 27.800481], [84.976314, 27.800492], [84.97611, 27.800613], [84.975769, 27.800572], [84.975375, 27.800657], [84.975079, 27.800905], [84.974709, 27.801041], [84.973427, 27.801114], [84.972892, 27.801236], [84.971885, 27.801818], [84.971454, 27.802414], [84.971279, 27.803145], [84.971578, 27.803513], [84.971681, 27.803939], [84.971612, 27.804446], [84.971456, 27.804811], [84.97045, 27.805345], [84.96903, 27.806631], [84.968921, 27.807], [84.96897, 27.80764], [84.968871, 27.808434], [84.968598, 27.809099], [84.968357, 27.809376], [84.967861, 27.810305], [84.967712, 27.81041], [84.967515, 27.810426], [84.96703, 27.810002], [84.96677, 27.809977], [84.966335, 27.810082], [84.965801, 27.809978], [84.965392, 27.810083], [84.964762, 27.810476], [84.964556, 27.810717], [84.964485, 27.810948], [84.964756, 27.811332], [84.964739, 27.811528], [84.963883, 27.81245], [84.963359, 27.81269], [84.962505, 27.812761], [84.962281, 27.812871], [84.962301, 27.813075], [84.962691, 27.813313], [84.962768, 27.813489], [84.962558, 27.813733], [84.962605, 27.814143], [84.962287, 27.814619], [84.961983, 27.815291], [84.961685, 27.815694], [84.961273, 27.816059], [84.960284, 27.816497], [84.959625, 27.816996], [84.95893, 27.817209], [84.95778, 27.817061], [84.956571, 27.816791], [84.956094, 27.816436], [84.955534, 27.81623], [84.955393, 27.816076], [84.955149, 27.815999], [84.954905, 27.815775], [84.954484, 27.81557], [84.954225, 27.815132], [84.953211, 27.81445], [84.953024, 27.814386], [84.952641, 27.814466], [84.952357, 27.814403], [84.952292, 27.81402], [84.951913, 27.813838], [84.951737, 27.813652], [84.951519, 27.813222], [84.951432, 27.812652], [84.951222, 27.812463], [84.951161, 27.812137], [84.950929, 27.811902], [84.95081, 27.811944], [84.950799, 27.812378], [84.950971, 27.813262], [84.950946, 27.813572], [84.950541, 27.813672], [84.949924, 27.813608], [84.94942, 27.813692], [84.949284, 27.813583], [84.949279, 27.812997], [84.949196, 27.812803], [84.948814, 27.812591], [84.948303, 27.812605], [84.948002, 27.812476], [84.947849, 27.812289], [84.947869, 27.811966], [84.947788, 27.811851], [84.947497, 27.811889], [84.947081, 27.812106], [84.946181, 27.811871], [84.945852, 27.811916], [84.945554, 27.81172], [84.945181, 27.811689], [84.944703, 27.811495], [84.944308, 27.811438], [84.943806, 27.810822], [84.943525, 27.809504], [84.943268, 27.80886], [84.942709, 27.808216], [84.942475, 27.807663], [84.941925, 27.807186], [84.941134, 27.80555], [84.9402, 27.804658], [84.939938, 27.804311], [84.939619, 27.804164], [84.939302, 27.804128], [84.937735, 27.804391], [84.936815, 27.804393], [84.934978, 27.8038], [84.934675, 27.803641], [84.933865, 27.802989], [84.932854, 27.801937], [84.93234, 27.801514], [84.931769, 27.801155], [84.93079, 27.800748], [84.930194, 27.800227], [84.92965, 27.799893], [84.929369, 27.799586], [84.928989, 27.798785], [84.928373, 27.798278], [84.927948, 27.798096], [84.926822, 27.797793], [84.925657, 27.797258], [84.923523, 27.797061], [84.92196, 27.797165], [84.920327, 27.797492], [84.920121, 27.797668], [84.919814, 27.798188], [84.919232, 27.798644], [84.918619, 27.79926], [84.917568, 27.799819], [84.916678, 27.800008], [84.915963, 27.800335], [84.914817, 27.80115], [84.914355, 27.80176], [84.91393, 27.802131], [84.91364, 27.802838], [84.913262, 27.803304], [84.9132, 27.803827], [84.912836, 27.804207], [84.912422, 27.804147], [84.911988, 27.804372], [84.911587, 27.8044], [84.911348, 27.804221], [84.909566, 27.803574], [84.908352, 27.803279], [84.907529, 27.803283], [84.906798, 27.803518], [84.906502, 27.803956], [84.906641, 27.804419], [84.906565, 27.804779], [84.906789, 27.805133], [84.906739, 27.805504], [84.906454, 27.805964], [84.906087, 27.806362], [84.905656, 27.806677], [84.905184, 27.806899], [84.904595, 27.807002], [84.904034, 27.806935], [84.902873, 27.80622], [84.902256, 27.806114], [84.902016, 27.805794], [84.901784, 27.805656], [84.901207, 27.805673], [84.900438, 27.805476], [84.899532, 27.805544], [84.89883, 27.805679], [84.897762, 27.806124], [84.896856, 27.806358], [84.896313, 27.806636], [84.895723, 27.806763], [84.894702, 27.807203], [84.893398, 27.807642], [84.892051, 27.807655], [84.89138, 27.807789], [84.890988, 27.807969], [84.889926, 27.808663], [84.889184, 27.808926], [84.888564, 27.809028], [84.887511, 27.808961], [84.886929, 27.808644], [84.886089, 27.808428], [84.885246, 27.807745], [84.884828, 27.807604], [84.883949, 27.807681], [84.882736, 27.808107], [84.882369, 27.80841], [84.882076, 27.80912], [84.881512, 27.809339], [84.88109, 27.809279], [84.880644, 27.809095], [84.879892, 27.808477], [84.879294, 27.808375], [84.878586, 27.807985], [84.877997, 27.80786], [84.877563, 27.807679], [84.876955, 27.807633], [84.875415, 27.80779], [84.874732, 27.80767], [84.873079, 27.806865], [84.872338, 27.806643], [84.87212, 27.806399], [84.872133, 27.806163], [84.872469, 27.80568], [84.872977, 27.805483], [84.873619, 27.805069], [84.873786, 27.804887], [84.87386, 27.804666], [84.873856, 27.804382], [84.873672, 27.804004], [84.873268, 27.80371], [84.872734, 27.803106], [84.872106, 27.802748], [84.871244, 27.802452], [84.870703, 27.801903], [84.870035, 27.801572], [84.868717, 27.801329], [84.867759, 27.801457], [84.867278, 27.801379], [84.866777, 27.801196], [84.865512, 27.80105], [84.864529, 27.801181], [84.863771, 27.801662], [84.86328, 27.802427], [84.86294, 27.803212], [84.862054, 27.804051], [84.861677, 27.804859], [84.861287, 27.805408], [84.860532, 27.806123], [84.859615, 27.80666], [84.858948, 27.806887], [84.857889, 27.807116], [84.855862, 27.807147], [84.855156, 27.80723], [84.853759, 27.807789], [84.852599, 27.808012], [84.852017, 27.80832], [84.849709, 27.808162], [84.849449, 27.807995], [84.849241, 27.807616], [84.849171, 27.807211], [84.849304, 27.806351], [84.849271, 27.805962], [84.849072, 27.805429], [84.84844, 27.804268], [84.848224, 27.804006], [84.847895, 27.803773], [84.846864, 27.803413], [84.846204, 27.802498], [84.845906, 27.802222], [84.845504, 27.801966], [84.844752, 27.801637], [84.843357, 27.801273], [84.84198, 27.801186], [84.840548, 27.80137], [84.840103, 27.801513], [84.8394, 27.801876], [84.838823, 27.802479], [84.838163, 27.803448], [84.837573, 27.804565], [84.837291, 27.805235], [84.836864, 27.80667], [84.836553, 27.80731], [84.835837, 27.808011], [84.835624, 27.808329], [84.835119, 27.808768], [84.834792, 27.809223], [84.8347, 27.80958], [84.834845, 27.810471], [84.834571, 27.811887], [84.833835, 27.813416], [84.833135, 27.814165], [84.832877, 27.814966], [84.832808, 27.815574], [84.832458, 27.815841], [84.831848, 27.816098], [84.83134, 27.816513], [84.830443, 27.817024], [84.829502, 27.817822], [84.829003, 27.818124], [84.82796, 27.818383], [84.826631, 27.818425], [84.826034, 27.818326], [84.825581, 27.818149], [84.824677, 27.817495], [84.823968, 27.816724], [84.823585, 27.816453], [84.823182, 27.815887], [84.822966, 27.814905], [84.822368, 27.813467], [84.822285, 27.812861], [84.822717, 27.811927], [84.823395, 27.809888], [84.823454, 27.809109], [84.823213, 27.808544], [84.82279, 27.808201], [84.821269, 27.807331], [84.820566, 27.807317], [84.819564, 27.807444], [84.818702, 27.807075], [84.81826, 27.807161], [84.817834, 27.807397], [84.81697, 27.808283], [84.816843, 27.809002], [84.816468, 27.809959], [84.816392, 27.810904], [84.816043, 27.812185], [84.815314, 27.813028], [84.814384, 27.813523], [84.812988, 27.813755], [84.811921, 27.814252], [84.810949, 27.814553], [84.810113, 27.815336], [84.809383, 27.816591], [84.808914, 27.816967], [84.808451, 27.817152], [84.807708, 27.817233], [84.807292, 27.817203], [84.806552, 27.816809], [84.8058, 27.816522], [84.805538, 27.816355], [84.805089, 27.81578], [84.804665, 27.815466], [84.804183, 27.814935], [84.803462, 27.814534], [84.80253, 27.814452], [84.802339, 27.814359], [84.801248, 27.81448], [84.799834, 27.81415], [84.798954, 27.814187], [84.798515, 27.814278], [84.797256, 27.813808], [84.796362, 27.813715], [84.79584, 27.813572], [84.79448, 27.812848], [84.793062, 27.812489], [84.791363, 27.812344], [84.790725, 27.812424], [84.790082, 27.812744], [84.789299, 27.813533], [84.78872, 27.813942], [84.788075, 27.814264], [84.787462, 27.814416], [84.786521, 27.814372], [84.785868, 27.813766], [84.784796, 27.813417], [84.784268, 27.813367], [84.783465, 27.813411], [84.782916, 27.813551], [84.781817, 27.813018], [84.780466, 27.812478], [84.779683, 27.811826], [84.779338, 27.811397], [84.778549, 27.810893], [84.777222, 27.809281], [84.77676, 27.808826], [84.776102, 27.808314], [84.775579, 27.808182], [84.775127, 27.808154], [84.773984, 27.808326], [84.773192, 27.808355], [84.772514, 27.808504], [84.770662, 27.809274], [84.769599, 27.809957], [84.769047, 27.810674], [84.768281, 27.811186], [84.76791, 27.811825], [84.76795, 27.812501], [84.768516, 27.813355], [84.768797, 27.814204], [84.768673, 27.814883], [84.768184, 27.815715], [84.767767, 27.816195], [84.765501, 27.817871], [84.764936, 27.818064], [84.763893, 27.81815], [84.763452, 27.818097], [84.762106, 27.817669], [84.761461, 27.816988], [84.760796, 27.816481], [84.759751, 27.815099], [84.759324, 27.814953], [84.758856, 27.815097], [84.758698, 27.815083], [84.758214, 27.814765], [84.757741, 27.814281], [84.757447, 27.813789], [84.757312, 27.813244], [84.757248, 27.812218], [84.757557, 27.811392], [84.757442, 27.811024], [84.757342, 27.810076], [84.757114, 27.809327], [84.756744, 27.808585], [84.756145, 27.807757], [84.755273, 27.806736], [84.754461, 27.805997], [84.753744, 27.80561], [84.752578, 27.804768], [84.750857, 27.803813], [84.750463, 27.803678], [84.750165, 27.803656], [84.749984, 27.803716], [84.749833, 27.803857], [84.749716, 27.804141], [84.749406, 27.804316], [84.748138, 27.804186], [84.74777, 27.804224], [84.747288, 27.804396], [84.746899, 27.804424], [84.7462, 27.804352], [84.745549, 27.804186], [84.744466, 27.803542], [84.744042, 27.803402], [84.740363, 27.803752], [84.73924, 27.803618], [84.738718, 27.803454], [84.738406, 27.803106], [84.738031, 27.801804], [84.737797, 27.801277], [84.737842, 27.8003], [84.737694, 27.79939], [84.737435, 27.798646], [84.737056, 27.798086], [84.736628, 27.797752], [84.736009, 27.797457], [84.735456, 27.797305], [84.734491, 27.797174], [84.734108, 27.796998], [84.733921, 27.796854], [84.733676, 27.796435], [84.733378, 27.796117], [84.732288, 27.795491], [84.731387, 27.795214], [84.7308, 27.795165], [84.729805, 27.795211], [84.729521, 27.795355], [84.728089, 27.796985], [84.727341, 27.798196], [84.726846, 27.799264], [84.726231, 27.799895], [84.725628, 27.800121], [84.724837, 27.800093], [84.724034, 27.80042], [84.722986, 27.800478], [84.722139, 27.800827], [84.721471, 27.800967], [84.721066, 27.801381], [84.720566, 27.801718], [84.720172, 27.80221], [84.719646, 27.80255], [84.719208, 27.802948], [84.718777, 27.80317], [84.718288, 27.803258], [84.717919, 27.803165], [84.717538, 27.802629], [84.717262, 27.802386], [84.716706, 27.802031], [84.715847, 27.801631], [84.715234, 27.801033], [84.714792, 27.800767], [84.714491, 27.800486], [84.714131, 27.80036], [84.713563, 27.800261], [84.712022, 27.800193], [84.711164, 27.800281], [84.710255, 27.800488], [84.709346, 27.800794], [84.708606, 27.801149], [84.708309, 27.801382], [84.708044, 27.801753], [84.707682, 27.802603], [84.707489, 27.803728], [84.707188, 27.804347], [84.70719, 27.804802], [84.707351, 27.805472], [84.707343, 27.805962], [84.707137, 27.806302], [84.70676, 27.806567], [84.706287, 27.806678], [84.705289, 27.806633], [84.70461, 27.806905], [84.703511, 27.807106], [84.700787, 27.807208], [84.700036, 27.807465], [84.697973, 27.807836], [84.697704, 27.807753], [84.69769, 27.807425], [84.697567, 27.807235], [84.697097, 27.806987], [84.695784, 27.806636], [84.695063, 27.80658], [84.69501, 27.806684], [84.695264, 27.806935], [84.695813, 27.807371], [84.696279, 27.807578], [84.696304, 27.807806], [84.694526, 27.80847], [84.693335, 27.809199], [84.693064, 27.809246], [84.69236, 27.809172], [84.691693, 27.809341], [84.690765, 27.809375], [84.688531, 27.810101], [84.687757, 27.810101], [84.686872, 27.809943], [84.685829, 27.809895], [84.684872, 27.809978], [84.683832, 27.810194], [84.682867, 27.810784], [84.682418, 27.811218], [84.681731, 27.811451], [84.681465, 27.811944], [84.680937, 27.812245], [84.680577, 27.812874], [84.67971, 27.813449], [84.678807, 27.81364], [84.678388, 27.813847], [84.6781, 27.814086], [84.677544, 27.814759], [84.677046, 27.815081], [84.676411, 27.81527], [84.674913, 27.816048], [84.673799, 27.816217], [84.673476, 27.815958], [84.673275, 27.81592], [84.672939, 27.816347], [84.672573, 27.816542], [84.672129, 27.816639], [84.67077, 27.816685], [84.670029, 27.81708], [84.669789, 27.817077], [84.669595, 27.816918], [84.669555, 27.816549], [84.669696, 27.816165], [84.669636, 27.815933], [84.669136, 27.815655], [84.668477, 27.814909], [84.668439, 27.814638], [84.668599, 27.814231], [84.668537, 27.81401], [84.668284, 27.813972], [84.668058, 27.814248], [84.667895, 27.814289], [84.667721, 27.814198], [84.667562, 27.813927], [84.667702, 27.813215], [84.667854, 27.813037], [84.668478, 27.813329], [84.66869, 27.813368], [84.668793, 27.813317], [84.668731, 27.812988], [84.668343, 27.812534], [84.668345, 27.812206], [84.668568, 27.812191], [84.668927, 27.812362], [84.669225, 27.8124], [84.669534, 27.812325], [84.669724, 27.812162], [84.669679, 27.811811], [84.669035, 27.811382], [84.66883, 27.811097], [84.668786, 27.810873], [84.668904, 27.810668], [84.669331, 27.810518], [84.669614, 27.810228], [84.669949, 27.809517], [84.669992, 27.808859], [84.669861, 27.808792], [84.669737, 27.808828], [84.669444, 27.809473], [84.668992, 27.809751], [84.668476, 27.809455], [84.668569, 27.809039], [84.66842, 27.808775], [84.667942, 27.808773], [84.666973, 27.809013], [84.666277, 27.808987], [84.665703, 27.808685], [84.665869, 27.808416], [84.665732, 27.808273], [84.665362, 27.808295], [84.665006, 27.80845], [84.663924, 27.808483], [84.663156, 27.808735], [84.662694, 27.809337], [84.662582, 27.809788], [84.662783, 27.810113], [84.663414, 27.810404], [84.663261, 27.811038], [84.663344, 27.811366], [84.663597, 27.811483], [84.663939, 27.811424], [84.664172, 27.811303], [84.664568, 27.810936], [84.664958, 27.810786], [84.666211, 27.810948], [84.666267, 27.81176], [84.666449, 27.812474], [84.666705, 27.81292], [84.667166, 27.813355], [84.66703, 27.814154], [84.66706, 27.814404], [84.667191, 27.81457], [84.668226, 27.815304], [84.668683, 27.815932], [84.668819, 27.816515], [84.6687, 27.81718], [84.668571, 27.817351], [84.668369, 27.817504], [84.667653, 27.81781], [84.667102, 27.818184], [84.666637, 27.818614], [84.666359, 27.819106], [84.666251, 27.819683], [84.666304, 27.820263], [84.666428, 27.820589], [84.66689, 27.821247], [84.66702, 27.821835], [84.666961, 27.822053], [84.666517, 27.822783], [84.666363, 27.823306], [84.666276, 27.824054], [84.665939, 27.824677], [84.665703, 27.824907], [84.665238, 27.824708], [84.664844, 27.824803], [84.664556, 27.825274], [84.664087, 27.825541], [84.663656, 27.826104], [84.662124, 27.827156], [84.660776, 27.828245], [84.660296, 27.828881], [84.660223, 27.829894], [84.660368, 27.830452], [84.660764, 27.830977], [84.661156, 27.832672], [84.661618, 27.833516], [84.662636, 27.83485], [84.662865, 27.835439], [84.662932, 27.836657], [84.663157, 27.837787], [84.663029, 27.839077], [84.663245, 27.839919], [84.663131, 27.840994], [84.662923, 27.841807], [84.662625, 27.842482], [84.662178, 27.843037], [84.66205, 27.843537], [84.661422, 27.844297], [84.66109, 27.844958], [84.66096, 27.845489], [84.660972, 27.846624], [84.660812, 27.847331], [84.660155, 27.848488], [84.660001, 27.849257], [84.659687, 27.849739], [84.658989, 27.850294], [84.658612, 27.850691], [84.658101, 27.850881], [84.6574, 27.851388], [84.656303, 27.851784], [84.655691, 27.85191], [84.654753, 27.851911], [84.653995, 27.852142], [84.653711, 27.852077], [84.653428, 27.851835], [84.653218, 27.851816], [84.652143, 27.852237], [84.651639, 27.852307], [84.65134, 27.852294], [84.650923, 27.852145], [84.650334, 27.852172], [84.649305, 27.852478], [84.648803, 27.852519], [84.648322, 27.852753], [84.647556, 27.852797], [84.647162, 27.853072], [84.646746, 27.853244], [84.646583, 27.853462], [84.646307, 27.854223], [84.646207, 27.854775], [84.646254, 27.855066], [84.646833, 27.855681], [84.647249, 27.856369], [84.647647, 27.856719], [84.647881, 27.85704], [84.64852, 27.857572], [84.648939, 27.858158], [84.649075, 27.858546], [84.64906, 27.858747], [84.648924, 27.858932], [84.64843, 27.859267], [84.648067, 27.859355], [84.647481, 27.859811], [84.646482, 27.860196], [84.645998, 27.86026], [84.645342, 27.860072], [84.64456, 27.859988], [84.64427, 27.859752], [84.643273, 27.859579], [84.642906, 27.859441], [84.641454, 27.859223], [84.640514, 27.85929], [84.639645, 27.859468], [84.638559, 27.859413], [84.637639, 27.859453], [84.636377, 27.85969], [84.635507, 27.859696], [84.635005, 27.859883], [84.634863, 27.860073], [84.634674, 27.860628], [84.63438, 27.860706], [84.633897, 27.861497], [84.633298, 27.86175], [84.63291, 27.862515], [84.632501, 27.86293], [84.632518, 27.863443], [84.632329, 27.86397], [84.632302, 27.864442], [84.632474, 27.86544], [84.632413, 27.86628], [84.632596, 27.867095], [84.632599, 27.867471], [84.63289, 27.868091], [84.632813, 27.868594], [84.631976, 27.868766], [84.631487, 27.869165], [84.631174, 27.869289], [84.630684, 27.869223], [84.630461, 27.869497], [84.629475, 27.869797], [84.628719, 27.870394], [84.628341, 27.870549], [84.62764, 27.871057], [84.626255, 27.872652], [84.62602, 27.873192], [84.625958, 27.873747], [84.625561, 27.874232], [84.625295, 27.874785], [84.624445, 27.875844], [84.623409, 27.876727], [84.622661, 27.878005], [84.622159, 27.878646], [84.621614, 27.879082], [84.621098, 27.879375], [84.620174, 27.879544], [84.61934, 27.879362], [84.618739, 27.878963], [84.618133, 27.878686], [84.617642, 27.87819], [84.616623, 27.87753], [84.616305, 27.877207], [84.615652, 27.876831], [84.615513, 27.876668], [84.615511, 27.876456], [84.615785, 27.875826], [84.615814, 27.875545], [84.615556, 27.874707], [84.615823, 27.874382], [84.615804, 27.873733], [84.615649, 27.873619], [84.615221, 27.873543], [84.61417, 27.872614], [84.613621, 27.872229], [84.612487, 27.871708], [84.61109, 27.871477], [84.609511, 27.870986], [84.607716, 27.870815], [84.606859, 27.870918], [84.605732, 27.871362], [84.60495, 27.871559], [84.604458, 27.87181], [84.604059, 27.872316], [84.603845, 27.873262], [84.603459, 27.873813], [84.603262, 27.8743], [84.602464, 27.874982], [84.60112, 27.875689], [84.600467, 27.875769], [84.599539, 27.876028], [84.597095, 27.875595], [84.595993, 27.875805], [84.594804, 27.876271], [84.594216, 27.876689], [84.59364, 27.876969], [84.592917, 27.877567], [84.59257, 27.878198], [84.592398, 27.878318], [84.591509, 27.878498], [84.591177, 27.878789], [84.590892, 27.878911], [84.590302, 27.878876], [84.589702, 27.878945], [84.58941, 27.878782], [84.589155, 27.878746], [84.588854, 27.878537], [84.588246, 27.878428], [84.587914, 27.878246], [84.587522, 27.878197], [84.587233, 27.878067], [84.586827, 27.877747], [84.586724, 27.877343], [84.5862, 27.877141], [84.585249, 27.876197], [84.584134, 27.8755], [84.583295, 27.875191], [84.582903, 27.874915], [84.58241, 27.8748], [84.582101, 27.87452], [84.581808, 27.8745], [84.581749, 27.874421], [84.581844, 27.874259], [84.581792, 27.874148], [84.581434, 27.874222], [84.580831, 27.874025], [84.58071, 27.873884], [84.580539, 27.873389], [84.580363, 27.873279], [84.580036, 27.873278], [84.579813, 27.873175], [84.579176, 27.872548], [84.578751, 27.87188], [84.578212, 27.871827], [84.577965, 27.871688], [84.577265, 27.87042], [84.577096, 27.869744], [84.577238, 27.868615], [84.577492, 27.867891], [84.577803, 27.867336], [84.577986, 27.866591], [84.578029, 27.865627], [84.57815, 27.865262], [84.577856, 27.864895], [84.577894, 27.86437], [84.57743, 27.863935], [84.576989, 27.863708], [84.576811, 27.863496], [84.576558, 27.863485], [84.576325, 27.863383], [84.576129, 27.863169], [84.575457, 27.862743], [84.574303, 27.861824], [84.574006, 27.861517], [84.573818, 27.861056], [84.573313, 27.860934], [84.573069, 27.860596], [84.572893, 27.860479], [84.570855, 27.859874], [84.570617, 27.8597], [84.57031, 27.859606], [84.570004, 27.859369], [84.569537, 27.859221], [84.569202, 27.858951], [84.568855, 27.858903], [84.568119, 27.858605], [84.567858, 27.858599], [84.567673, 27.858437], [84.567346, 27.858479], [84.566842, 27.858376], [84.566619, 27.858233], [84.566358, 27.858205], [84.565958, 27.858012], [84.56564, 27.858074], [84.565275, 27.857948], [84.563835, 27.857871], [84.56341, 27.857763], [84.561906, 27.85788], [84.56146, 27.85783], [84.560668, 27.857878], [84.560232, 27.857658], [84.559732, 27.857551], [84.559112, 27.857031], [84.558878, 27.856501], [84.558502, 27.856075], [84.558372, 27.855378], [84.558132, 27.855074], [84.5576, 27.853536], [84.557469, 27.852454], [84.55759, 27.851036], [84.558489, 27.849366], [84.558534, 27.848814], [84.558743, 27.848259], [84.558736, 27.847728], [84.558977, 27.847242], [84.558961, 27.846667], [84.558391, 27.845056], [84.558338, 27.844374], [84.558151, 27.843538], [84.558338, 27.843173], [84.558332, 27.842909], [84.55802, 27.842428], [84.55803, 27.84188], [84.557727, 27.841299], [84.557606, 27.840463], [84.557339, 27.839927], [84.557344, 27.839208], [84.557266, 27.838862], [84.557392, 27.83805], [84.556495, 27.836346], [84.556165, 27.835938], [84.555611, 27.835628], [84.554994, 27.835151], [84.553896, 27.834776], [84.552941, 27.834165], [84.55234, 27.833873], [84.551736, 27.833336], [84.551399, 27.832913], [84.550735, 27.832579], [84.549975, 27.831993], [84.548969, 27.831736], [84.548266, 27.831355], [84.547661, 27.83121], [84.546843, 27.831216], [84.545779, 27.831403], [84.544824, 27.831394], [84.544081, 27.83147], [84.543577, 27.831677], [84.542714, 27.832198], [84.541616, 27.832503], [84.540791, 27.832917], [84.540249, 27.833055], [84.539548, 27.833124], [84.538978, 27.833109], [84.537744, 27.832902], [84.534183, 27.832737], [84.533156, 27.832606], [84.530902, 27.832971], [84.530268, 27.833229], [84.52871, 27.833354], [84.526935, 27.833161], [84.52576, 27.832868], [84.524586, 27.832888], [84.523466, 27.832638], [84.522462, 27.832246], [84.521908, 27.831855], [84.520959, 27.830608], [84.520882, 27.830416], [84.52089, 27.830056], [84.520631, 27.82942], [84.520735, 27.828741], [84.520664, 27.828328], [84.520817, 27.827887], [84.520716, 27.826859], [84.521242, 27.825637], [84.521416, 27.825405], [84.521184, 27.824503], [84.521326, 27.823585], [84.521313, 27.823037], [84.521014, 27.821998], [84.520964, 27.821274], [84.520472, 27.820452], [84.520282, 27.819514], [84.519318, 27.817703], [84.519213, 27.817054], [84.518758, 27.816725], [84.51842, 27.816274], [84.51776, 27.81588], [84.517323, 27.815454], [84.516412, 27.815428], [84.515827, 27.81529], [84.515162, 27.815261], [84.514339, 27.815004], [84.513572, 27.814896], [84.513005, 27.814911], [84.512384, 27.81503], [84.511074, 27.81501], [84.510271, 27.815072], [84.509727, 27.815352], [84.509186, 27.815432], [84.508662, 27.815881], [84.507779, 27.816409], [84.506595, 27.816845], [84.505978, 27.817293], [84.5056, 27.817829], [84.505138, 27.818205], [84.503776, 27.818771], [84.500195, 27.819653], [84.498687, 27.819867], [84.497158, 27.819976], [84.496963, 27.819952], [84.496692, 27.819662], [84.49657, 27.819088], [84.495744, 27.818738], [84.494969, 27.818042], [84.494713, 27.817541], [84.494742, 27.817019], [84.494665, 27.816743], [84.494507, 27.816524], [84.494281, 27.816437], [84.494189, 27.816536], [84.494175, 27.816799], [84.494413, 27.817193], [84.494555, 27.817863], [84.495038, 27.818521], [84.496058, 27.819305], [84.496198, 27.819613], [84.496181, 27.819993], [84.495534, 27.819899], [84.495347, 27.819671], [84.494841, 27.819575], [84.494366, 27.819209], [84.493918, 27.819177], [84.492983, 27.818864], [84.492257, 27.818814], [84.491865, 27.818949], [84.490901, 27.819523], [84.490094, 27.819645], [84.489461, 27.819954], [84.488723, 27.82014], [84.48818, 27.820466], [84.487561, 27.820628], [84.48669, 27.8208], [84.486131, 27.820637], [84.485037, 27.820564], [84.484205, 27.820753], [84.482871, 27.820726], [84.481683, 27.820901], [84.480792, 27.821189], [84.479173, 27.821551], [84.478508, 27.821905], [84.478064, 27.821986], [84.477815, 27.822215], [84.477459, 27.822317], [84.476923, 27.82265], [84.476082, 27.822696], [84.475356, 27.822923], [84.474688, 27.822853], [84.473812, 27.823055], [84.473, 27.823085], [84.472504, 27.823214], [84.471992, 27.823455], [84.47143, 27.823454], [84.470841, 27.823674], [84.470122, 27.823778], [84.469382, 27.823608], [84.468439, 27.823777], [84.467677, 27.82378], [84.467031, 27.823876], [84.466374, 27.823742], [84.466271, 27.823517], [84.466266, 27.823241], [84.466443, 27.822881], [84.466521, 27.8224], [84.466746, 27.821677], [84.466975, 27.821242], [84.46702, 27.820932], [84.466974, 27.820541], [84.466545, 27.81958], [84.466477, 27.819206], [84.465588, 27.818437], [84.465297, 27.818284], [84.464392, 27.818082], [84.463446, 27.818225], [84.463282, 27.818021], [84.463145, 27.817968], [84.462874, 27.818066], [84.462794, 27.818505], [84.462601, 27.818684], [84.462028, 27.81869], [84.46136, 27.8189], [84.460574, 27.81896], [84.459526, 27.819215], [84.459192, 27.819236], [84.45885, 27.818995], [84.458236, 27.818887], [84.456123, 27.819154], [84.455663, 27.81931], [84.45548, 27.819493], [84.455023, 27.819469], [84.45452, 27.819789], [84.453827, 27.820027], [84.453085, 27.820173], [84.4516, 27.820813], [84.451038, 27.820826], [84.450547, 27.821061], [84.449607, 27.821276], [84.447891, 27.821879], [84.447086, 27.821892], [84.446461, 27.822051], [84.44586, 27.822061], [84.445604, 27.822021], [84.445418, 27.821826], [84.444901, 27.821591], [84.444693, 27.821332], [84.444387, 27.820433], [84.444003, 27.819999], [84.443483, 27.819701], [84.443343, 27.819354], [84.443318, 27.818957], [84.443164, 27.818668], [84.442893, 27.818396], [84.442526, 27.818226], [84.44222, 27.817858], [84.442029, 27.81748], [84.44179, 27.81734], [84.441535, 27.816864], [84.441295, 27.816603], [84.440297, 27.815871], [84.439318, 27.81533], [84.438963, 27.815223], [84.438734, 27.815235], [84.43848, 27.814952], [84.437792, 27.814679], [84.437187, 27.814656], [84.436635, 27.814478], [84.43636, 27.81423], [84.435958, 27.81401], [84.43516, 27.813747], [84.434559, 27.813437], [84.433865, 27.8129], [84.433072, 27.811485], [84.432871, 27.810651], [84.432685, 27.810289], [84.432712, 27.809101], [84.432431, 27.808328], [84.431816, 27.807187], [84.431595, 27.805716], [84.431593, 27.804885], [84.431806, 27.804042], [84.431851, 27.803403], [84.431764, 27.803092], [84.431486, 27.802714], [84.431346, 27.80147], [84.431784, 27.800178], [84.431847, 27.799593], [84.431803, 27.798984], [84.43208, 27.798208], [84.432097, 27.797592], [84.431794, 27.796791], [84.43124, 27.79599], [84.431039, 27.795536], [84.430835, 27.79468], [84.430624, 27.793185], [84.430611, 27.792351], [84.430705, 27.791659], [84.430929, 27.79095], [84.431284, 27.790224], [84.431426, 27.789651], [84.431645, 27.789134], [84.432117, 27.788552], [84.432416, 27.787936], [84.433553, 27.786404], [84.433761, 27.785879], [84.433801, 27.785414], [84.433924, 27.785202], [84.434452, 27.78459], [84.435376, 27.783812], [84.435932, 27.783126], [84.436286, 27.782537], [84.436902, 27.781195], [84.437247, 27.780663], [84.43759, 27.780348], [84.43861, 27.779647], [84.439021, 27.779102], [84.43969, 27.778965], [84.440538, 27.778939], [84.44329, 27.779254], [84.444315, 27.779287], [84.447189, 27.778982], [84.44939, 27.778947], [84.451028, 27.778665], [84.45283, 27.778154], [84.455415, 27.777101], [84.45716, 27.776715], [84.457842, 27.776468], [84.458578, 27.776067], [84.459775, 27.775269], [84.461481, 27.773847], [84.462834, 27.772543], [84.463631, 27.771381], [84.464353, 27.77085], [84.465219, 27.769768], [84.466452, 27.768785], [84.467199, 27.768009], [84.468097, 27.767276], [84.46834, 27.766676], [84.469102, 27.765451], [84.470305, 27.76378], [84.470546, 27.763154], [84.47129, 27.761988], [84.471625, 27.761174], [84.471892, 27.759887], [84.472262, 27.758835], [84.472698, 27.756929], [84.47278, 27.756027], [84.47297, 27.755623], [84.473075, 27.754766], [84.47308, 27.753888], [84.472919, 27.75266], [84.472737, 27.752075], [84.472381, 27.751477], [84.47208, 27.751181], [84.471721, 27.751117], [84.469569, 27.751309], [84.467717, 27.751656], [84.465283, 27.751705], [84.464082, 27.751999], [84.462985, 27.752475], [84.46193, 27.753176], [84.461366, 27.753703], [84.45978, 27.75547], [84.457816, 27.757011], [84.456892, 27.757309], [84.456053, 27.757751], [84.455404, 27.757942], [84.454585, 27.758309], [84.453689, 27.758396], [84.452255, 27.758256], [84.451743, 27.758063], [84.451166, 27.757962], [84.450447, 27.757645], [84.450146, 27.757423], [84.449634, 27.756817], [84.449398, 27.756276], [84.449547, 27.756169], [84.44974, 27.756179], [84.450416, 27.756563], [84.450662, 27.75663], [84.450812, 27.756507], [84.45072, 27.756246], [84.450513, 27.756117], [84.449593, 27.755858], [84.449041, 27.755541], [84.447843, 27.75385], [84.447318, 27.752475], [84.446772, 27.752022], [84.445965, 27.751537], [84.445125, 27.751145], [84.444524, 27.750729], [84.444163, 27.750404], [84.443408, 27.749461], [84.442842, 27.748971], [84.44254, 27.748273], [84.441775, 27.747205], [84.441347, 27.74592], [84.440903, 27.745422], [84.440888, 27.745229], [84.441025, 27.744863], [84.440871, 27.744572], [84.439316, 27.743679], [84.438245, 27.742718], [84.437609, 27.742253], [84.434468, 27.740903], [84.433448, 27.740599], [84.430004, 27.740847], [84.429268, 27.740984], [84.428047, 27.741366], [84.427514, 27.741443], [84.426316, 27.741204], [84.425462, 27.74124], [84.424769, 27.741175], [84.424339, 27.741049], [84.423986, 27.740838], [84.423674, 27.740441], [84.423498, 27.739959], [84.423437, 27.739414], [84.423482, 27.738946], [84.423648, 27.738632], [84.424335, 27.73793], [84.424935, 27.736938], [84.425251, 27.736149], [84.425539, 27.734832], [84.426314, 27.733422], [84.42674, 27.732292], [84.426905, 27.731613], [84.426991, 27.73067], [84.427321, 27.729481], [84.427517, 27.728301], [84.427579, 27.727073], [84.427382, 27.72625], [84.428405, 27.723076], [84.429839, 27.720662], [84.430263, 27.719614], [84.430654, 27.717914], [84.430555, 27.716534], [84.430619, 27.716051], [84.430755, 27.71581], [84.431296, 27.715238], [84.431691, 27.714092], [84.431903, 27.713707], [84.432259, 27.713381], [84.433529, 27.712532], [84.434041, 27.711962], [84.434273, 27.711383], [84.434406, 27.710377], [84.43435, 27.709666], [84.434158, 27.70928], [84.433492, 27.708561], [84.433292, 27.708151], [84.433059, 27.70711], [84.433017, 27.705854], [84.43265, 27.705015], [84.432001, 27.704421], [84.430468, 27.703814], [84.429766, 27.703322], [84.428191, 27.703099], [84.427216, 27.702539], [84.423977, 27.700531], [84.423293, 27.699823], [84.422339, 27.699375], [84.421907, 27.699081], [84.421127, 27.69883], [84.420554, 27.698547], [84.419932, 27.698149], [84.418994, 27.697335], [84.417569, 27.696631], [84.415279, 27.694811], [84.412615, 27.693017], [84.410555, 27.691806], [84.408968, 27.690987], [84.407667, 27.690107], [84.405185, 27.689043], [84.40244, 27.68722], [84.401506, 27.686521], [84.399785, 27.685823], [84.398077, 27.68501], [84.396831, 27.684682], [84.396536, 27.684538], [84.39594, 27.68444], [84.395447, 27.684197], [84.395005, 27.683889], [84.394675, 27.683547], [84.394323, 27.682646], [84.394106, 27.682383], [84.393761, 27.682211], [84.392469, 27.681828], [84.391766, 27.681171], [84.391351, 27.681034], [84.390877, 27.680667], [84.389904, 27.680091], [84.389141, 27.679413], [84.388636, 27.679091], [84.387623, 27.678856], [84.386668, 27.678271], [84.385646, 27.677842], [84.384923, 27.677674], [84.384137, 27.677618], [84.382614, 27.677813], [84.382105, 27.677745], [84.381044, 27.677951], [84.378512, 27.678843], [84.377678, 27.679046], [84.376947, 27.679044], [84.375938, 27.678795], [84.375528, 27.678768], [84.374793, 27.678884], [84.374164, 27.679146], [84.373526, 27.679571], [84.373104, 27.679983], [84.37216, 27.68124], [84.37095, 27.683096], [84.369599, 27.684509], [84.368873, 27.685092], [84.367048, 27.686291], [84.364611, 27.688365], [84.362448, 27.689631], [84.361659, 27.690246], [84.360867, 27.691258], [84.360363, 27.692538], [84.359797, 27.693447], [84.358725, 27.694422], [84.357478, 27.695846], [84.35637, 27.696611], [84.355991, 27.697014], [84.355808, 27.697532], [84.355861, 27.698286], [84.356281, 27.700015], [84.356961, 27.701889], [84.357054, 27.703135], [84.357163, 27.70356], [84.357476, 27.703988], [84.357821, 27.704167], [84.358385, 27.704188], [84.359187, 27.704023], [84.359616, 27.703743], [84.359985, 27.703254], [84.360414, 27.702312], [84.360932, 27.700613], [84.361685, 27.699385], [84.361894, 27.699186], [84.362977, 27.698705], [84.363856, 27.697968], [84.364916, 27.697375], [84.365311, 27.69696], [84.366071, 27.695476], [84.366648, 27.693776], [84.367013, 27.693006], [84.368241, 27.691226], [84.368991, 27.689741], [84.369696, 27.689034], [84.370265, 27.688605], [84.370978, 27.688224], [84.371778, 27.687917], [84.375244, 27.686923], [84.377563, 27.685783], [84.378965, 27.68538], [84.379519, 27.685149], [84.381967, 27.685446], [84.384259, 27.685985], [84.386286, 27.685963], [84.387264, 27.686092], [84.388162, 27.68635], [84.389068, 27.686844], [84.389519, 27.687227], [84.390232, 27.688205], [84.390673, 27.688618], [84.391533, 27.689182], [84.391963, 27.689615], [84.392699, 27.690158], [84.394723, 27.691242], [84.395797, 27.692255], [84.396735, 27.692836], [84.397937, 27.693247], [84.399789, 27.69347], [84.401527, 27.694075], [84.402129, 27.694494], [84.403405, 27.695615], [84.404601, 27.696431], [84.406467, 27.697452], [84.408654, 27.698457], [84.410136, 27.698939], [84.41184, 27.699255], [84.413204, 27.699752], [84.414322, 27.699991], [84.415095, 27.700334], [84.415653, 27.700358], [84.417474, 27.700708], [84.41926, 27.70147], [84.421419, 27.702154], [84.422895, 27.703083], [84.423722, 27.703437], [84.423928, 27.703592], [84.4243, 27.704521], [84.425101, 27.705682], [84.425891, 27.707346], [84.426332, 27.708007], [84.426522, 27.708844], [84.427151, 27.710532], [84.427285, 27.711498], [84.427491, 27.712015], [84.427438, 27.713199], [84.427269, 27.714021], [84.427212, 27.714871], [84.427559, 27.718873], [84.427553, 27.719815], [84.427445, 27.720617], [84.426707, 27.72283], [84.425729, 27.724724], [84.425378, 27.725677], [84.425223, 27.727393], [84.424946, 27.728666], [84.424577, 27.731574], [84.42333, 27.734919], [84.422937, 27.73549], [84.422312, 27.736017], [84.421827, 27.736838], [84.421517, 27.737722], [84.421295, 27.738822], [84.421235, 27.739829], [84.421291, 27.74114], [84.420803, 27.742998], [84.42076, 27.743904], [84.420909, 27.744301], [84.421153, 27.744635], [84.421559, 27.74493], [84.422471, 27.745235], [84.4226, 27.745415], [84.422625, 27.745719], [84.421039, 27.747111], [84.420016, 27.74743], [84.418905, 27.748132], [84.418179, 27.748353], [84.417752, 27.748639], [84.417415, 27.749051], [84.417027, 27.750285], [84.416424, 27.751249], [84.416444, 27.751674], [84.416856, 27.752166], [84.41694, 27.75239], [84.41692, 27.752642], [84.416687, 27.753091], [84.416686, 27.753439], [84.416853, 27.7535], [84.417537, 27.753407], [84.418221, 27.753594], [84.418366, 27.753702], [84.418554, 27.754357], [84.418743, 27.755202], [84.418709, 27.755642], [84.418508, 27.756219], [84.418024, 27.756993], [84.417254, 27.757829], [84.416183, 27.758368], [84.415081, 27.758708], [84.413769, 27.758975], [84.412477, 27.759113], [84.411449, 27.759109], [84.409756, 27.759591], [84.409108, 27.759998], [84.408665, 27.760168], [84.408403, 27.760382], [84.406788, 27.760936], [84.405932, 27.761407], [84.405161, 27.761622], [84.404757, 27.761975], [84.404446, 27.762083], [84.404301, 27.762319], [84.403992, 27.762552], [84.403776, 27.763017], [84.403068, 27.763697], [84.402704, 27.764404], [84.40226, 27.764777], [84.401884, 27.76525], [84.4008, 27.767036], [84.399563, 27.768129], [84.399417, 27.768403], [84.399329, 27.768891], [84.399073, 27.769199], [84.398948, 27.769586], [84.398582, 27.769818], [84.39803, 27.770652], [84.397156, 27.771349], [84.396129, 27.771658], [84.395731, 27.772038], [84.395143, 27.772449], [84.394578, 27.773205], [84.393178, 27.774157], [84.391584, 27.774832], [84.388163, 27.775815], [84.387368, 27.776158], [84.3867, 27.776555], [84.386404, 27.776576], [84.386064, 27.776418], [84.385692, 27.776383], [84.383863, 27.776686], [84.383384, 27.776832], [84.382742, 27.777215], [84.381571, 27.777389], [84.380298, 27.777959], [84.378298, 27.778525], [84.377656, 27.778629], [84.377032, 27.778627], [84.376552, 27.778494], [84.376075, 27.778198], [84.3757, 27.778159], [84.375472, 27.778485], [84.37553, 27.778973], [84.375725, 27.779211], [84.376414, 27.779666], [84.377289, 27.7799], [84.378159, 27.779675], [84.37958, 27.779748], [84.38059, 27.779602], [84.381372, 27.779318], [84.382916, 27.778535], [84.383492, 27.777989], [84.384404, 27.777678], [84.385987, 27.77756], [84.387031, 27.777754], [84.387591, 27.777698], [84.387927, 27.777558], [84.388719, 27.776971], [84.38964, 27.776789], [84.392841, 27.775636], [84.394278, 27.77467], [84.395269, 27.773833], [84.395906, 27.773401], [84.396394, 27.772922], [84.397055, 27.77248], [84.397512, 27.772037], [84.399172, 27.771231], [84.399702, 27.770688], [84.400104, 27.770433], [84.400492, 27.769828], [84.400845, 27.768982], [84.401515, 27.768111], [84.401999, 27.76718], [84.402969, 27.766408], [84.403479, 27.765751], [84.404264, 27.765138], [84.40558, 27.763364], [84.40603, 27.762915], [84.406548, 27.762534], [84.407229, 27.762184], [84.408466, 27.76174], [84.41104, 27.761397], [84.412698, 27.76103], [84.414304, 27.760933], [84.415753, 27.760612], [84.416592, 27.760294], [84.417347, 27.759797], [84.418213, 27.759407], [84.418664, 27.75911], [84.418869, 27.758841], [84.418985, 27.758282], [84.419423, 27.757661], [84.419628, 27.756936], [84.419853, 27.75667], [84.42027, 27.75637], [84.420157, 27.755848], [84.420595, 27.754701], [84.420538, 27.753612], [84.42043, 27.753216], [84.420107, 27.752864], [84.419241, 27.75226], [84.419165, 27.752085], [84.419201, 27.751088], [84.419692, 27.749508], [84.420058, 27.749037], [84.420605, 27.748807], [84.42138, 27.748828], [84.422525, 27.749059], [84.423033, 27.748982], [84.423429, 27.748828], [84.423736, 27.748496], [84.424258, 27.747265], [84.424777, 27.746713], [84.424974, 27.746221], [84.425017, 27.745596], [84.424903, 27.745107], [84.424639, 27.744902], [84.423843, 27.744682], [84.423389, 27.743859], [84.423281, 27.743314], [84.423298, 27.742945], [84.423424, 27.742703], [84.42371, 27.742552], [84.424233, 27.742767], [84.424828, 27.742904], [84.425317, 27.74325], [84.425576, 27.743349], [84.426278, 27.743471], [84.427573, 27.74355], [84.428108, 27.743418], [84.428812, 27.742858], [84.429331, 27.742657], [84.430908, 27.742446], [84.432286, 27.742433], [84.433121, 27.742647], [84.434675, 27.742877], [84.435818, 27.743277], [84.436764, 27.743784], [84.438354, 27.745237], [84.4393, 27.747235], [84.439845, 27.74796], [84.440488, 27.748611], [84.440808, 27.749134], [84.441408, 27.749618], [84.441526, 27.750178], [84.442019, 27.75085], [84.442381, 27.751503], [84.443018, 27.751899], [84.443507, 27.752332], [84.444326, 27.752705], [84.444927, 27.753699], [84.445626, 27.75556], [84.446317, 27.756213], [84.446625, 27.756815], [84.447171, 27.757141], [84.448327, 27.758564], [84.449246, 27.759255], [84.450044, 27.759628], [84.45045, 27.759969], [84.451131, 27.76008], [84.451601, 27.760317], [84.451841, 27.760325], [84.452296, 27.760142], [84.452879, 27.760074], [84.453492, 27.760243], [84.454476, 27.76037], [84.455834, 27.760324], [84.457279, 27.75998], [84.45812, 27.759637], [84.458968, 27.759175], [84.460625, 27.758692], [84.461353, 27.758284], [84.463029, 27.75683], [84.463582, 27.756589], [84.464803, 27.756293], [84.465405, 27.756021], [84.466096, 27.75557], [84.467754, 27.754286], [84.468812, 27.753622], [84.469249, 27.753428], [84.469658, 27.75341], [84.470469, 27.753925], [84.470754, 27.754247], [84.470941, 27.754779], [84.471047, 27.755408], [84.470961, 27.756744], [84.470674, 27.758392], [84.4705, 27.75891], [84.470016, 27.759772], [84.469933, 27.760398], [84.469813, 27.760709], [84.469633, 27.760965], [84.469401, 27.761099], [84.468891, 27.761853], [84.46747, 27.764429], [84.466839, 27.765275], [84.466342, 27.766137], [84.464845, 27.76727], [84.464271, 27.767845], [84.46376, 27.768534], [84.463396, 27.768671], [84.46246, 27.769534], [84.462247, 27.769955], [84.462017, 27.771099], [84.461445, 27.771809], [84.460601, 27.772354], [84.459507, 27.773327], [84.456978, 27.774752], [84.456307, 27.775034], [84.454428, 27.775617], [84.453003, 27.776432], [84.452108, 27.77676], [84.449546, 27.777283], [84.44673, 27.777599], [84.44519, 27.777557], [84.441803, 27.777219], [84.440087, 27.777251], [84.439356, 27.777378], [84.438646, 27.777596], [84.437781, 27.777945], [84.437391, 27.778252], [84.436817, 27.778539], [84.435734, 27.779448], [84.434759, 27.780471], [84.433744, 27.781753], [84.432651, 27.783361], [84.432349, 27.783959], [84.431951, 27.785063], [84.431274, 27.786037], [84.430441, 27.788121], [84.429631, 27.789129], [84.42938, 27.789578], [84.428921, 27.791243], [84.428733, 27.792479], [84.428823, 27.79361], [84.429659, 27.795196], [84.429717, 27.796538], [84.430064, 27.797474], [84.430134, 27.799416], [84.430365, 27.800887], [84.430012, 27.80226], [84.430184, 27.804739], [84.430078, 27.805208], [84.430336, 27.805759], [84.43046, 27.806704], [84.430736, 27.807638], [84.430787, 27.808452], [84.43103, 27.808994], [84.431088, 27.809462], [84.431347, 27.810263], [84.43143, 27.811596], [84.431668, 27.81245], [84.431699, 27.812905], [84.43213, 27.813459], [84.432191, 27.81394], [84.432306, 27.814121], [84.432898, 27.814594], [84.433671, 27.814968], [84.434433, 27.815514], [84.435096, 27.815669], [84.435683, 27.816046], [84.436599, 27.816128], [84.43718, 27.816324], [84.437883, 27.816458], [84.438914, 27.817141], [84.439453, 27.817644], [84.439941, 27.818382], [84.440741, 27.819167], [84.44136, 27.820098], [84.442276, 27.821144], [84.442667, 27.821821], [84.44334, 27.822329], [84.444244, 27.822873], [84.444258, 27.822993], [84.444095, 27.823255], [84.444368, 27.823508], [84.445198, 27.823578], [84.445978, 27.823933], [84.446512, 27.823709], [84.447312, 27.823715], [84.448867, 27.823187], [84.450494, 27.822524], [84.452546, 27.822189], [84.453962, 27.821854], [84.454685, 27.821573], [84.456692, 27.822033], [84.45704, 27.822322], [84.457306, 27.82287], [84.457912, 27.823387], [84.45815, 27.823913], [84.458326, 27.824122], [84.459703, 27.824755], [84.461033, 27.825809], [84.461395, 27.825969], [84.462079, 27.825863], [84.462788, 27.825997], [84.464165, 27.826479], [84.465351, 27.827112], [84.465623, 27.827741], [84.465855, 27.829358], [84.466012, 27.829662], [84.466452, 27.830182], [84.466421, 27.83063], [84.466177, 27.831086], [84.465851, 27.831422], [84.464922, 27.831928], [84.464186, 27.832516], [84.463691, 27.832745], [84.463254, 27.832834], [84.462007, 27.832781], [84.45971, 27.832368], [84.459402, 27.832391], [84.459056, 27.832525], [84.458213, 27.832571], [84.457926, 27.832493], [84.457403, 27.832189], [84.456705, 27.832096], [84.455961, 27.832075], [84.455321, 27.832152], [84.454725, 27.832302], [84.453311, 27.833089], [84.451627, 27.833626], [84.45029, 27.834481], [84.449571, 27.834691], [84.448806, 27.834643], [84.447598, 27.834435], [84.445541, 27.834439], [84.443496, 27.8342], [84.44188, 27.83427], [84.440758, 27.834527], [84.440158, 27.834541], [84.439348, 27.83433], [84.438536, 27.833726], [84.438133, 27.833607], [84.436492, 27.833919], [84.436136, 27.834164], [84.435782, 27.834603], [84.435479, 27.835286], [84.435288, 27.835968], [84.434892, 27.836609], [84.434802, 27.837164], [84.434834, 27.8379], [84.434603, 27.839071], [84.434599, 27.839862], [84.433607, 27.841962], [84.43353, 27.843475], [84.433069, 27.843934], [84.4317, 27.844715], [84.43107, 27.844897], [84.430259, 27.844919], [84.42834, 27.844728], [84.427111, 27.844794], [84.426598, 27.844546], [84.425596, 27.844286], [84.424478, 27.843836], [84.424089, 27.843338], [84.42405, 27.84266], [84.423942, 27.842539], [84.423347, 27.842548], [84.422373, 27.842817], [84.421319, 27.842598], [84.421163, 27.842708], [84.420599, 27.842822], [84.420116, 27.843026], [84.419356, 27.843664], [84.419049, 27.843808], [84.418208, 27.844433], [84.417321, 27.844815], [84.416747, 27.845205], [84.416173, 27.845832], [84.41553, 27.846937], [84.414226, 27.847973], [84.413551, 27.849439], [84.413302, 27.849676], [84.412905, 27.849756], [84.412542, 27.849729], [84.412318, 27.849499], [84.412286, 27.849247], [84.412426, 27.84836], [84.412262, 27.847988], [84.412003, 27.847735], [84.411524, 27.84759], [84.410411, 27.847748], [84.409435, 27.846991], [84.408753, 27.846715], [84.40852, 27.846705], [84.408424, 27.846784], [84.40842, 27.846921], [84.408547, 27.847304], [84.408903, 27.847851], [84.408832, 27.848082], [84.408421, 27.848445], [84.406769, 27.849377], [84.405939, 27.849695], [84.404646, 27.849964], [84.402306, 27.85003], [84.401493, 27.850137], [84.400528, 27.8505], [84.399675, 27.851029], [84.399152, 27.85179], [84.398503, 27.852498], [84.39825, 27.853287], [84.397872, 27.853989], [84.397802, 27.855027], [84.397385, 27.85592], [84.396607, 27.856574], [84.395854, 27.856963], [84.395049, 27.857241], [84.394813, 27.857427], [84.394759, 27.858047], [84.394837, 27.858404], [84.394958, 27.858559], [84.395488, 27.858083], [84.396395, 27.857531], [84.397113, 27.856894], [84.397963, 27.856393], [84.398607, 27.855761], [84.399078, 27.854918], [84.399174, 27.854139], [84.39951, 27.853466], [84.399759, 27.852476], [84.399929, 27.852151], [84.400136, 27.851962], [84.400952, 27.851704], [84.402904, 27.851611], [84.405156, 27.851143], [84.407072, 27.850485], [84.407595, 27.850223], [84.40825, 27.849729], [84.40905, 27.849627], [84.409448, 27.849333], [84.409682, 27.849266], [84.410279, 27.849394], [84.410492, 27.849511], [84.410661, 27.849737], [84.410852, 27.850316], [84.411212, 27.850672], [84.412641, 27.850954], [84.413084, 27.85096], [84.413429, 27.850884], [84.415428, 27.849286], [84.4162, 27.848428], [84.416952, 27.847899], [84.417295, 27.84743], [84.417785, 27.846292], [84.41813, 27.845868], [84.419212, 27.844858], [84.419952, 27.844452], [84.420892, 27.843756], [84.421619, 27.843656], [84.422266, 27.843827], [84.422314, 27.843875], [84.422167, 27.844077], [84.422292, 27.844275], [84.422713, 27.844343], [84.423353, 27.844815], [84.424038, 27.845116], [84.425213, 27.845381], [84.426151, 27.845821], [84.426644, 27.845907], [84.427381, 27.845907], [84.428093, 27.84604], [84.428689, 27.845987], [84.429372, 27.84576], [84.430659, 27.845694], [84.432233, 27.845428], [84.432811, 27.845252], [84.433402, 27.84492], [84.433991, 27.844818], [84.434291, 27.844533], [84.434477, 27.844131], [84.434782, 27.842071], [84.434958, 27.841487], [84.435188, 27.841042], [84.43577, 27.840517], [84.436041, 27.840116], [84.436325, 27.838687], [84.436849, 27.837445], [84.437322, 27.83679], [84.437861, 27.836274], [84.438274, 27.836016], [84.438943, 27.83578], [84.439524, 27.835389], [84.440272, 27.83536], [84.441088, 27.835621], [84.441494, 27.835679], [84.445401, 27.83579], [84.448065, 27.8363], [84.449122, 27.836325], [84.450535, 27.836244], [84.451468, 27.836077], [84.452265, 27.835809], [84.453484, 27.835016], [84.455486, 27.834293], [84.455751, 27.834104], [84.455953, 27.833821], [84.45643, 27.833629], [84.457689, 27.833475], [84.459038, 27.833446], [84.459826, 27.833694], [84.462038, 27.833742], [84.463182, 27.833473], [84.464663, 27.833425], [84.465394, 27.83318], [84.466133, 27.832788], [84.466885, 27.83222], [84.467492, 27.831521], [84.467859, 27.83088], [84.467955, 27.830309], [84.467907, 27.830014], [84.467637, 27.829643], [84.467599, 27.829199], [84.466898, 27.82852], [84.466499, 27.82788], [84.466387, 27.827514], [84.466315, 27.826339], [84.466175, 27.82604], [84.46597, 27.825884], [84.465264, 27.825819], [84.464834, 27.825609], [84.463337, 27.825102], [84.462846, 27.825018], [84.461933, 27.825021], [84.460905, 27.824614], [84.460142, 27.824015], [84.459602, 27.823242], [84.45922, 27.822858], [84.457977, 27.82188], [84.456701, 27.82117], [84.455225, 27.820856], [84.455243, 27.820685], [84.455392, 27.820472], [84.455934, 27.820119], [84.457863, 27.819844], [84.460353, 27.819895], [84.461317, 27.819806], [84.461921, 27.819944], [84.462533, 27.819956], [84.463179, 27.819826], [84.463943, 27.81947], [84.464373, 27.819446], [84.46467, 27.819695], [84.465364, 27.820024], [84.465509, 27.820718], [84.465441, 27.822167], [84.464875, 27.823522], [84.464547, 27.823954], [84.464544, 27.824404], [84.464707, 27.824583], [84.465041, 27.824732], [84.466729, 27.824969], [84.467764, 27.8246], [84.468063, 27.82467], [84.468549, 27.824574], [84.468965, 27.824661], [84.469474, 27.824381], [84.470286, 27.824583], [84.471208, 27.824622], [84.471822, 27.824519], [84.473007, 27.824118], [84.474021, 27.824134], [84.475085, 27.823963], [84.477153, 27.823784], [84.477779, 27.823617], [84.478515, 27.82322], [84.479123, 27.823075], [84.480036, 27.822499], [84.480974, 27.822105], [84.482371, 27.822069], [84.483224, 27.821821], [84.483706, 27.821759], [84.486073, 27.821921], [84.486533, 27.821831], [84.487291, 27.821533], [84.488153, 27.821661], [84.488511, 27.821497], [84.489146, 27.821392], [84.490134, 27.820805], [84.490528, 27.820647], [84.491862, 27.82043], [84.492676, 27.820194], [84.493261, 27.820206], [84.493996, 27.820344], [84.494935, 27.820693], [84.49601, 27.821312], [84.496658, 27.821422], [84.497278, 27.821308], [84.498116, 27.820885], [84.498682, 27.820703], [84.499804, 27.820687], [84.500727, 27.820498], [84.501688, 27.820438], [84.50281, 27.820137], [84.503619, 27.820141], [84.504135, 27.819968], [84.504485, 27.819632], [84.504819, 27.819558], [84.505523, 27.819545], [84.506536, 27.819102], [84.507679, 27.818169], [84.507929, 27.81751], [84.508249, 27.817211], [84.508601, 27.81701], [84.509425, 27.816836], [84.510015, 27.816574], [84.510836, 27.816397], [84.511383, 27.816024], [84.511682, 27.815904], [84.512331, 27.815828], [84.512753, 27.815885], [84.513325, 27.815854], [84.513831, 27.815959], [84.514535, 27.81624], [84.516093, 27.816535], [84.516829, 27.816571], [84.517755, 27.817151], [84.518177, 27.817571], [84.518285, 27.818222], [84.519101, 27.819703], [84.51926, 27.820441], [84.519476, 27.820816], [84.519552, 27.821196], [84.520106, 27.822519], [84.520246, 27.823068], [84.520115, 27.824082], [84.52007, 27.825404], [84.519845, 27.825908], [84.519731, 27.826791], [84.519818, 27.827359], [84.519774, 27.828141], [84.519856, 27.828553], [84.51974, 27.829426], [84.519776, 27.829966], [84.52025, 27.83177], [84.520711, 27.832246], [84.521025, 27.83279], [84.521642, 27.832938], [84.521773, 27.833463], [84.522496, 27.833439], [84.523288, 27.83402], [84.523558, 27.833847], [84.524465, 27.833981], [84.525761, 27.833854], [84.526336, 27.834157], [84.526668, 27.834219], [84.5279, 27.834224], [84.529339, 27.834109], [84.52968, 27.834167], [84.530093, 27.834035], [84.531596, 27.833808], [84.532144, 27.833789], [84.532874, 27.833598], [84.533316, 27.833559], [84.533586, 27.833624], [84.534069, 27.833972], [84.534688, 27.833762], [84.537317, 27.834158], [84.539048, 27.834205], [84.54014, 27.834372], [84.541221, 27.833993], [84.541561, 27.833965], [84.541857, 27.834098], [84.542078, 27.83409], [84.542572, 27.833493], [84.5436, 27.83328], [84.544141, 27.833027], [84.544754, 27.832589], [84.545308, 27.832344], [84.54708, 27.832387], [84.548412, 27.832673], [84.54961, 27.833198], [84.550674, 27.833948], [84.551594, 27.834407], [84.55351, 27.835844], [84.554211, 27.836045], [84.554715, 27.836312], [84.555757, 27.837298], [84.555892, 27.837602], [84.555884, 27.83812], [84.556418, 27.838569], [84.556653, 27.839788], [84.556587, 27.840788], [84.556632, 27.8412], [84.556897, 27.842005], [84.557253, 27.842703], [84.55731, 27.843263], [84.55764, 27.844092], [84.557679, 27.845179], [84.558115, 27.846406], [84.557976, 27.846998], [84.557821, 27.848412], [84.557236, 27.849457], [84.557002, 27.850167], [84.556669, 27.850412], [84.556516, 27.85062], [84.556373, 27.851157], [84.556464, 27.852919], [84.556799, 27.854424], [84.556795, 27.855775], [84.557066, 27.856506], [84.557123, 27.857014], [84.557723, 27.857878], [84.557727, 27.858586], [84.557497, 27.858844], [84.556616, 27.859041], [84.556139, 27.858866], [84.55522, 27.858897], [84.554465, 27.85938], [84.553683, 27.859581], [84.553169, 27.859866], [84.552144, 27.860194], [84.551664, 27.860519], [84.550477, 27.861027], [84.54989, 27.861449], [84.548819, 27.86165], [84.548276, 27.861863], [84.547478, 27.862395], [84.54712, 27.862772], [84.547004, 27.86342], [84.547088, 27.863935], [84.548122, 27.865713], [84.54868, 27.866136], [84.549515, 27.866412], [84.550297, 27.86684], [84.550722, 27.867318], [84.551573, 27.868018], [84.552052, 27.86877], [84.552172, 27.869273], [84.552066, 27.869743], [84.551902, 27.869978], [84.55164, 27.870169], [84.5507, 27.870491], [84.550686, 27.870743], [84.550912, 27.870981], [84.551251, 27.871068], [84.551665, 27.870993], [84.552757, 27.870128], [84.552946, 27.869837], [84.553038, 27.869492], [84.552961, 27.868584], [84.552493, 27.867934], [84.551121, 27.866852], [84.550927, 27.866579], [84.550904, 27.866323], [84.550788, 27.866192], [84.550363, 27.866062], [84.550038, 27.865839], [84.549405, 27.865842], [84.549091, 27.86571], [84.54883, 27.865253], [84.548421, 27.864831], [84.548226, 27.864433], [84.547809, 27.863984], [84.547801, 27.863444], [84.548039, 27.86298], [84.548322, 27.862751], [84.549197, 27.862378], [84.55022, 27.862079], [84.5524, 27.8611], [84.55432, 27.86047], [84.554977, 27.860055], [84.556116, 27.859741], [84.55752, 27.859584], [84.558544, 27.859325], [84.559034, 27.859046], [84.559611, 27.858497], [84.560487, 27.858455], [84.561208, 27.858622], [84.563016, 27.858519], [84.563665, 27.85866], [84.564889, 27.858721], [84.566329, 27.859018], [84.567312, 27.859127], [84.56836, 27.859591], [84.569245, 27.859855], [84.569643, 27.860113], [84.570178, 27.860266], [84.571554, 27.860989], [84.572392, 27.861237], [84.573043, 27.861679], [84.573676, 27.862437], [84.574322, 27.862936], [84.574865, 27.863161], [84.575718, 27.86378], [84.576793, 27.864374], [84.577114, 27.864741], [84.577204, 27.864983], [84.577212, 27.865493], [84.577082, 27.865829], [84.576845, 27.865959], [84.576458, 27.865942], [84.576151, 27.866016], [84.575983, 27.866211], [84.576255, 27.866309], [84.576694, 27.866146], [84.576993, 27.866151], [84.577122, 27.866226], [84.577138, 27.866427], [84.576898, 27.867065], [84.576562, 27.867417], [84.576454, 27.86772], [84.576169, 27.868121], [84.575977, 27.869257], [84.576094, 27.869974], [84.576913, 27.871995], [84.57792, 27.872392], [84.578325, 27.872796], [84.578713, 27.872967], [84.57895, 27.873275], [84.579594, 27.873823], [84.579974, 27.874467], [84.58017, 27.874657], [84.581099, 27.87495], [84.582099, 27.875502], [84.583079, 27.875853], [84.583856, 27.876337], [84.584575, 27.876605], [84.58498, 27.876943], [84.585773, 27.877878], [84.58617, 27.878194], [84.586874, 27.879099], [84.587198, 27.879283], [84.587973, 27.879512], [84.588292, 27.879774], [84.588909, 27.879847], [84.589888, 27.880374], [84.590678, 27.880481], [84.590961, 27.880344], [84.591437, 27.879899], [84.592092, 27.879845], [84.59264, 27.879633], [84.593685, 27.878786], [84.594427, 27.878705], [84.594565, 27.878472], [84.594591, 27.877831], [84.594908, 27.877587], [84.595071, 27.877337], [84.595703, 27.876931], [84.596051, 27.876883], [84.59628, 27.876742], [84.596754, 27.876686], [84.5978, 27.877153], [84.597981, 27.877123], [84.598207, 27.876847], [84.598399, 27.876815], [84.598738, 27.876875], [84.599365, 27.877143], [84.600157, 27.877215], [84.600778, 27.877044], [84.601488, 27.876639], [84.602017, 27.876642], [84.602372, 27.876553], [84.603495, 27.875917], [84.604199, 27.875628], [84.605089, 27.874882], [84.605491, 27.87443], [84.605671, 27.874081], [84.605838, 27.873321], [84.605999, 27.873076], [84.607099, 27.87219], [84.607968, 27.871986], [84.60889, 27.872123], [84.610405, 27.872589], [84.610984, 27.872675], [84.611465, 27.872973], [84.612723, 27.873339], [84.613327, 27.873686], [84.61367, 27.874525], [84.613596, 27.875286], [84.613332, 27.875936], [84.613406, 27.876937], [84.613579, 27.877586], [84.613908, 27.878256], [84.613987, 27.878975], [84.614176, 27.879304], [84.614442, 27.879559], [84.614849, 27.879739], [84.615665, 27.879713], [84.616494, 27.879889], [84.617534, 27.880525], [84.618112, 27.881033], [84.618943, 27.881343], [84.619915, 27.881499], [84.620743, 27.881366], [84.621184, 27.881447], [84.621607, 27.881419], [84.621951, 27.881307], [84.622284, 27.881089], [84.624141, 27.880521], [84.625645, 27.8798], [84.626214, 27.879622], [84.6265, 27.879399], [84.626779, 27.878996], [84.627444, 27.878536], [84.627969, 27.87798], [84.628152, 27.877434], [84.627961, 27.876128], [84.627958, 27.875556], [84.628033, 27.875133], [84.628246, 27.874836], [84.628307, 27.874605], [84.628174, 27.874265], [84.627565, 27.873656], [84.627529, 27.87319], [84.627753, 27.872642], [84.628443, 27.872217], [84.628898, 27.871707], [84.629376, 27.871402], [84.629899, 27.871262], [84.630038, 27.871105], [84.630597, 27.870822], [84.631196, 27.870347], [84.631833, 27.870342], [84.632185, 27.870009], [84.632327, 27.869962], [84.6326, 27.869986], [84.632941, 27.870168], [84.633223, 27.870217], [84.633488, 27.869836], [84.633906, 27.869839], [84.634275, 27.869754], [84.634746, 27.869512], [84.635045, 27.869216], [84.635171, 27.868828], [84.635128, 27.868042], [84.635015, 27.867807], [84.63455, 27.867284], [84.63414, 27.866133], [84.634084, 27.865488], [84.63414, 27.864479], [84.634319, 27.863269], [84.63464, 27.862142], [84.635047, 27.861534], [84.635509, 27.86116], [84.63577, 27.860836], [84.636837, 27.860624], [84.638251, 27.860665], [84.639177, 27.860544], [84.640483, 27.860741], [84.641006, 27.860903], [84.64149, 27.860934], [84.642011, 27.861135], [84.64221, 27.86132], [84.642336, 27.861859], [84.642692, 27.86207], [84.643016, 27.862155], [84.644062, 27.862011], [84.644994, 27.862129], [84.64531, 27.862024], [84.645762, 27.861688], [84.646645, 27.861815], [84.647185, 27.861698], [84.647579, 27.861794], [84.648299, 27.861477], [84.648625, 27.861503], [84.649139, 27.861679], [84.649388, 27.86168], [84.64952, 27.861498], [84.649512, 27.860848], [84.65027, 27.860124], [84.650404, 27.859647], [84.650655, 27.859179], [84.650664, 27.858797], [84.650493, 27.858531], [84.65007, 27.858266], [84.64988, 27.857781], [84.648718, 27.856513], [84.648506, 27.856174], [84.64784, 27.855661], [84.647558, 27.855322], [84.647421, 27.854967], [84.647201, 27.854778], [84.647115, 27.854558], [84.647193, 27.854095], [84.64737, 27.853801], [84.647567, 27.853649], [84.648101, 27.853441], [84.648949, 27.853283], [84.64979, 27.852997], [84.651173, 27.852999], [84.652911, 27.852767], [84.653883, 27.85278], [84.654507, 27.852894], [84.655153, 27.852912], [84.656301, 27.852477], [84.656893, 27.85243], [84.657436, 27.852253], [84.6581, 27.852168], [84.658404, 27.852019], [84.658948, 27.851445], [84.659622, 27.851125], [84.660311, 27.850459], [84.66065, 27.849881], [84.661791, 27.847106], [84.662057, 27.845818], [84.662261, 27.845537], [84.662802, 27.845362], [84.663062, 27.845168], [84.663098, 27.844905], [84.662999, 27.844406], [84.663986, 27.842666], [84.664301, 27.841963], [84.664384, 27.841393], [84.664595, 27.841121], [84.664668, 27.840866], [84.664586, 27.840311], [84.664252, 27.83945], [84.663813, 27.837529], [84.663841, 27.836115], [84.663584, 27.835629], [84.663553, 27.835223], [84.6633, 27.83485], [84.6633, 27.834421], [84.662771, 27.833907], [84.662233, 27.833063], [84.661719, 27.831879], [84.66168, 27.83145], [84.661793, 27.830337], [84.661591, 27.829692], [84.661608, 27.829368], [84.661816, 27.829012], [84.662275, 27.828569], [84.663998, 27.827714], [84.665132, 27.8268], [84.666193, 27.825696], [84.666902, 27.82482], [84.667258, 27.824162], [84.667841, 27.823609], [84.668146, 27.8229], [84.668254, 27.821815], [84.668241, 27.82116], [84.667995, 27.82016], [84.668019, 27.81956], [84.668303, 27.819124], [84.669232, 27.818449], [84.669656, 27.817888], [84.670196, 27.81765], [84.671303, 27.8174], [84.672376, 27.817276], [84.673248, 27.817309], [84.674319, 27.816808], [84.676134, 27.816477], [84.677269, 27.816076], [84.677857, 27.815617], [84.678366, 27.815358], [84.678835, 27.814747], [84.679862, 27.814441], [84.680199, 27.814274], [84.681822, 27.812857], [84.682356, 27.81252], [84.683418, 27.811529], [84.684147, 27.811138], [84.686248, 27.810771], [84.687695, 27.810846], [84.688259, 27.810798], [84.689599, 27.810332], [84.690649, 27.810134], [84.691697, 27.810143], [84.6925, 27.810054], [84.693455, 27.810114], [84.693728, 27.810014], [84.694183, 27.809693], [84.697478, 27.808659], [84.699671, 27.808396], [84.701286, 27.808408], [84.702794, 27.808312], [84.70413, 27.808054], [84.705106, 27.807728], [84.706116, 27.807701], [84.706944, 27.807535], [84.707448, 27.807544], [84.707797, 27.807463], [84.708, 27.807338], [84.708122, 27.80702], [84.708422, 27.806755], [84.70879, 27.806258], [84.708996, 27.805719], [84.709108, 27.803941], [84.709058, 27.803575], [84.708828, 27.803105], [84.708917, 27.802591], [84.709236, 27.802131], [84.709701, 27.801715], [84.710283, 27.801358], [84.710865, 27.801134], [84.711722, 27.800989], [84.712993, 27.80093], [84.7135, 27.800998], [84.714265, 27.801263], [84.715223, 27.801918], [84.715611, 27.80242], [84.716087, 27.802836], [84.716354, 27.803258], [84.716952, 27.80371], [84.718289, 27.804376], [84.718688, 27.804428], [84.71907, 27.804354], [84.719609, 27.804091], [84.720294, 27.803574], [84.720785, 27.803087], [84.721242, 27.802428], [84.721414, 27.802325], [84.722445, 27.80205], [84.7232, 27.801588], [84.72359, 27.801435], [84.725335, 27.801175], [84.72622, 27.800671], [84.726482, 27.800662], [84.726748, 27.800901], [84.726969, 27.800941], [84.727345, 27.800856], [84.727752, 27.800639], [84.728158, 27.800275], [84.728439, 27.799869], [84.728719, 27.799255], [84.729039, 27.798188], [84.729531, 27.797323], [84.730321, 27.796445], [84.7307, 27.796164], [84.73093, 27.796105], [84.731291, 27.796212], [84.731734, 27.796522], [84.732623, 27.79752], [84.733203, 27.797955], [84.733934, 27.798276], [84.735374, 27.798682], [84.735911, 27.799061], [84.736205, 27.799601], [84.736417, 27.800406], [84.736601, 27.800677], [84.736512, 27.801874], [84.736618, 27.802321], [84.736881, 27.802712], [84.736911, 27.803168], [84.737716, 27.804215], [84.738271, 27.804657], [84.738707, 27.80481], [84.739532, 27.80492], [84.740462, 27.805177], [84.741686, 27.80521], [84.744775, 27.804948], [84.746288, 27.806019], [84.746895, 27.806181], [84.748459, 27.806042], [84.749886, 27.805479], [84.752072, 27.806311], [84.753414, 27.806987], [84.754242, 27.807521], [84.754852, 27.808047], [84.755288, 27.808561], [84.75581, 27.809448], [84.756056, 27.81022], [84.756128, 27.810592], [84.756116, 27.811599], [84.755813, 27.813486], [84.755872, 27.81396], [84.756054, 27.814345], [84.756852, 27.815124], [84.757302, 27.815741], [84.757835, 27.816249], [84.758185, 27.816769], [84.758594, 27.81718], [84.759129, 27.817501], [84.760376, 27.818043], [84.761292, 27.818757], [84.76215, 27.819187], [84.763511, 27.819345], [84.765046, 27.819208], [84.766627, 27.818794], [84.767165, 27.818545], [84.767577, 27.818259], [84.768591, 27.817145], [84.769795, 27.815178], [84.770215, 27.814724], [84.770267, 27.814364], [84.770191, 27.813803], [84.769823, 27.813347], [84.769726, 27.812943], [84.769784, 27.81244], [84.770059, 27.811923], [84.770995, 27.810831], [84.771555, 27.810528], [84.772551, 27.809748], [84.773014, 27.809536], [84.77483, 27.809163], [84.775609, 27.809487], [84.775909, 27.809763], [84.776185, 27.810388], [84.776657, 27.811116], [84.777004, 27.811496], [84.77774, 27.812065], [84.778096, 27.812602], [84.778425, 27.81294], [84.779436, 27.813604], [84.780677, 27.813937], [84.781079, 27.814252], [84.781212, 27.814577], [84.781205, 27.815], [84.78076, 27.815745], [84.780563, 27.815935], [84.780023, 27.816214], [84.779427, 27.816965], [84.778979, 27.817364], [84.777381, 27.818406], [84.776839, 27.818886], [84.775948, 27.820164], [84.775411, 27.821459], [84.773945, 27.823129], [84.773558, 27.823827], [84.773282, 27.825351], [84.773318, 27.826536], [84.773169, 27.828507], [84.772934, 27.829783], [84.772943, 27.830368], [84.77303, 27.830616], [84.773425, 27.831029], [84.77396, 27.831968], [84.774324, 27.832378], [84.775093, 27.833707], [84.775534, 27.834547], [84.775708, 27.83555], [84.775592, 27.835826], [84.775187, 27.836354], [84.774893, 27.83657], [84.774246, 27.836796], [84.772987, 27.837671], [84.771598, 27.838068], [84.771061, 27.838326], [84.770704, 27.838605], [84.770294, 27.83914], [84.770111, 27.839682], [84.770141, 27.840348], [84.770425, 27.841472], [84.770402, 27.841841], [84.770279, 27.842134], [84.769859, 27.842487], [84.768739, 27.84277], [84.768234, 27.843008], [84.767563, 27.843485], [84.767102, 27.844001], [84.766926, 27.844606], [84.767158, 27.845429], [84.767611, 27.846157], [84.767847, 27.847151], [84.768097, 27.84743], [84.768459, 27.847583], [84.768624, 27.847556], [84.76869, 27.847399], [84.768603, 27.846127], [84.768413, 27.84561], [84.767894, 27.844989], [84.767842, 27.844402], [84.768071, 27.844012], [84.768322, 27.843796], [84.768853, 27.843564], [84.77019, 27.843214], [84.770633, 27.842941], [84.770883, 27.842683], [84.771057, 27.842201], [84.771092, 27.841467], [84.771249, 27.840838], [84.7712, 27.839477], [84.771369, 27.838815], [84.771683, 27.838546], [84.772486, 27.838186], [84.773847, 27.838045], [84.774878, 27.837688], [84.775468, 27.837149], [84.775674, 27.836753], [84.77632, 27.836261], [84.776692, 27.835563], [84.776651, 27.835216], [84.776262, 27.8347], [84.775375, 27.832574], [84.774333, 27.831153], [84.773975, 27.830445], [84.77381, 27.82991], [84.773807, 27.829127], [84.773627, 27.828409], [84.77383, 27.827486], [84.773915, 27.826486], [84.77426, 27.825456], [84.774572, 27.824936], [84.77485, 27.823745], [84.775419, 27.823057], [84.776171, 27.821474], [84.776897, 27.820671], [84.777033, 27.820262], [84.777003, 27.820565], [84.777123, 27.820185], [84.778054, 27.818996], [84.778737, 27.818453], [84.779715, 27.817978], [84.78037, 27.817478], [84.781321, 27.8169], [84.782873, 27.815225], [84.783252, 27.814961], [84.783846, 27.814687], [84.785151, 27.814631], [84.787326, 27.815025], [84.788097, 27.815075], [84.788734, 27.815023], [84.789444, 27.814814], [84.789973, 27.814518], [84.790633, 27.813894], [84.791041, 27.813272], [84.791672, 27.813113], [84.792499, 27.813198], [84.79256, 27.813144], [84.792525, 27.813025], [84.792668, 27.81302], [84.796377, 27.814442], [84.796992, 27.81451], [84.797783, 27.814752], [84.799377, 27.814926], [84.800228, 27.814934], [84.800893, 27.815042], [84.802327, 27.816046], [84.803321, 27.816439], [84.803504, 27.816615], [84.803534, 27.816961], [84.80381, 27.817111], [84.806558, 27.817829], [84.807896, 27.817968], [84.808579, 27.817923], [84.809335, 27.817706], [84.80985, 27.817403], [84.810133, 27.817], [84.81047, 27.816219], [84.811016, 27.815743], [84.812364, 27.815076], [84.815199, 27.814179], [84.815867, 27.813843], [84.81641, 27.813453], [84.816775, 27.812666], [84.817324, 27.811849], [84.817573, 27.811318], [84.817752, 27.810623], [84.817697, 27.809613], [84.817894, 27.809015], [84.818112, 27.808794], [84.818639, 27.808515], [84.819433, 27.808306], [84.821095, 27.808291], [84.821775, 27.808757], [84.821969, 27.809216], [84.821786, 27.810044], [84.821686, 27.811362], [84.821163, 27.81232], [84.82097, 27.813305], [84.821053, 27.814133], [84.821585, 27.815279], [84.822862, 27.817285], [84.823961, 27.81851], [84.825892, 27.819402], [84.826712, 27.819541], [84.827622, 27.819557], [84.828564, 27.819285], [84.829074, 27.819223], [84.829727, 27.819004], [84.830484, 27.818652], [84.831333, 27.818134], [84.832764, 27.81706], [84.833658, 27.815983], [84.834525, 27.815291], [84.834999, 27.8146], [84.835313, 27.814464], [84.835493, 27.814293], [84.835733, 27.81385], [84.835827, 27.813491], [84.835935, 27.810901], [84.836226, 27.809616], [84.836268, 27.809053], [84.836588, 27.808557], [84.83708, 27.808379], [84.837613, 27.808071], [84.838105, 27.807516], [84.838652, 27.80629], [84.839053, 27.80425], [84.839367, 27.803401], [84.839778, 27.802827], [84.840106, 27.802607], [84.840452, 27.802492], [84.841425, 27.802357], [84.84267, 27.802413], [84.843267, 27.802695], [84.8447, 27.803096], [84.845927, 27.803759], [84.846831, 27.804581], [84.847438, 27.805537], [84.847878, 27.806788], [84.848165, 27.807066], [84.848417, 27.807913], [84.848626, 27.808341], [84.849094, 27.808769], [84.84965, 27.808995], [84.850083, 27.808999], [84.850512, 27.808859], [84.851027, 27.808917], [84.852363, 27.808835], [84.85501, 27.808304], [84.858778, 27.807834], [84.859761, 27.807613], [84.860288, 27.807377], [84.860867, 27.807003], [84.861703, 27.806198], [84.863199, 27.80502], [84.863879, 27.804251], [84.864332, 27.803286], [84.864862, 27.80282], [84.865327, 27.80264], [84.865959, 27.802518], [84.867882, 27.802669], [84.868488, 27.802583], [84.870139, 27.803047], [84.871982, 27.803945], [84.87213, 27.804355], [84.871197, 27.805479], [84.870948, 27.806138], [84.870884, 27.806643], [84.870961, 27.806901], [84.871153, 27.807099], [84.872333, 27.80777], [84.875218, 27.808645], [84.878675, 27.809289], [84.87969, 27.809781], [84.880683, 27.810107], [84.882411, 27.810203], [84.883594, 27.809495], [84.884075, 27.809369], [84.884682, 27.809317], [84.885182, 27.809464], [84.885717, 27.810004], [84.886278, 27.810138], [84.886758, 27.810155], [84.887965, 27.80998], [84.889383, 27.809616], [84.891316, 27.809386], [84.89266, 27.809124], [84.894522, 27.808442], [84.896853, 27.808003], [84.897157, 27.807837], [84.89753, 27.807452], [84.898228, 27.807178], [84.898687, 27.807091], [84.899573, 27.807063], [84.899776, 27.807226], [84.900032, 27.80728], [84.902083, 27.807311], [84.903673, 27.807728], [84.904298, 27.807992], [84.905225, 27.808263], [84.90608, 27.80827], [84.906518, 27.808166], [84.907481, 27.807736], [84.907919, 27.807395], [84.908133, 27.807128], [84.908283, 27.806393], [84.908011, 27.805333], [84.908085, 27.805019], [84.908265, 27.804836], [84.90873, 27.804716], [84.908994, 27.804733], [84.911306, 27.80534], [84.912566, 27.805555], [84.913521, 27.805358], [84.91447, 27.804602], [84.91473, 27.803327], [84.915039, 27.802947], [84.915239, 27.802104], [84.915463, 27.801824], [84.916922, 27.801147], [84.9174, 27.80112], [84.917706, 27.800879], [84.918659, 27.800569], [84.919726, 27.800042], [84.920445, 27.799497], [84.92191, 27.798917], [84.92252, 27.798736], [84.922941, 27.798702], [84.923228, 27.798487], [84.923548, 27.798378], [84.924324, 27.798361], [84.925323, 27.798599], [84.925741, 27.798896], [84.926247, 27.799128], [84.927524, 27.800073], [84.928841, 27.800711], [84.929161, 27.801018], [84.929606, 27.801629], [84.930012, 27.801956], [84.930362, 27.802459], [84.93069, 27.802746], [84.931138, 27.802911], [84.932264, 27.803036], [84.932876, 27.803433], [84.934018, 27.804386], [84.935297, 27.805083], [84.935945, 27.80552], [84.936351, 27.805643], [84.937456, 27.805734], [84.938021, 27.805678], [84.938999, 27.805403], [84.93939, 27.805411], [84.93967, 27.80551], [84.93982, 27.805707], [84.94036, 27.806969], [84.940469, 27.80782], [84.941214, 27.808659], [84.941881, 27.81003], [84.942354, 27.810687], [84.942721, 27.810964], [84.943442, 27.812067], [84.943552, 27.812748], [84.943797, 27.813312], [84.944153, 27.813648], [84.944741, 27.813902], [84.945072, 27.814167], [84.945607, 27.815237], [84.946146, 27.815793], [84.946849, 27.816183], [84.947151, 27.816474], [84.947515, 27.816629], [84.947925, 27.816972], [84.948717, 27.817232], [84.950177, 27.817404], [84.95058, 27.817349], [84.951204, 27.817095], [84.952335, 27.816799], [84.952983, 27.816737], [84.953446, 27.81678], [84.954373, 27.81708], [84.954768, 27.817356], [84.955497, 27.818001], [84.95555, 27.818359], [84.955782, 27.81858], [84.956239, 27.818804], [84.956918, 27.818908], [84.957961, 27.818856], [84.959321, 27.818636], [84.959606, 27.818506], [84.960126, 27.818112], [84.96136, 27.817546], [84.961905, 27.817406], [84.962363, 27.817123], [84.964185, 27.815368], [84.964491, 27.814771], [84.965124, 27.813972], [84.965744, 27.81234], [84.966242, 27.811711], [84.966574, 27.811655], [84.967003, 27.81173], [84.967153, 27.811848], [84.967182, 27.812161], [84.967272, 27.812278], [84.968122, 27.812463], [84.968723, 27.812328], [84.969408, 27.811717], [84.969523, 27.81152], [84.969564, 27.811098], [84.970227, 27.809606], [84.970235, 27.808966], [84.970069, 27.807987], [84.970235, 27.807505], [84.970262, 27.806936], [84.970834, 27.806084], [84.971298, 27.805888], [84.971692, 27.80557], [84.972086, 27.805475], [84.972622, 27.8052], [84.972855, 27.805015], [84.972876, 27.804809], [84.972692, 27.804572], [84.972726, 27.804113], [84.972898, 27.803476], [84.972796, 27.802755], [84.972972, 27.802511], [84.973826, 27.802339], [84.974268, 27.802069], [84.975211, 27.801918], [84.976351, 27.8019], [84.977029, 27.801814], [84.97815, 27.801978], [84.978834, 27.802193], [84.979593, 27.802763], [84.980359, 27.803061], [84.980764, 27.803161], [84.981557, 27.803146], [84.981998, 27.803246], [84.982748, 27.803666], [84.983165, 27.80411], [84.983898, 27.804634], [84.985614, 27.805522], [84.986771, 27.805882], [84.987916, 27.805985], [84.989085, 27.805891], [84.989625, 27.805684], [84.99082, 27.804762], [84.991247, 27.803968], [84.991724, 27.803565], [84.992507, 27.803739], [84.993823, 27.804256], [84.994792, 27.804391], [84.995732, 27.804179], [84.996606, 27.804154], [84.997085, 27.804], [84.997875, 27.803554], [84.998401, 27.80336], [84.998718, 27.803009], [84.998896, 27.802922], [84.999718, 27.802869], [85.000306, 27.802599], [85.001799, 27.802541], [85.002293, 27.80272], [85.002645, 27.802988], [85.0031, 27.803199], [85.003392, 27.803764], [85.003869, 27.804301], [85.004441, 27.804776], [85.005114, 27.805187], [85.005921, 27.805523], [85.006998, 27.805842], [85.008095, 27.805908], [85.008771, 27.806078], [85.00937, 27.806496], [85.010755, 27.807028], [85.012217, 27.807782], [85.012929, 27.808007], [85.013091, 27.808165], [85.013185, 27.808646], [85.013027, 27.808981], [85.012709, 27.809199], [85.012265, 27.809239], [85.011838, 27.809401], [85.011614, 27.809609], [85.011449, 27.810396], [85.011465, 27.811023], [85.012066, 27.812957], [85.012481, 27.813998], [85.01293, 27.814721], [85.013352, 27.815131], [85.013652, 27.81584], [85.013921, 27.816353], [85.014156, 27.816629], [85.014469, 27.81729], [85.014635, 27.817845], [85.014677, 27.818485], [85.015121, 27.819276], [85.01536, 27.820438], [85.015632, 27.821038], [85.015746, 27.821664], [85.015591, 27.822819], [85.015962, 27.823416], [85.016047, 27.823883], [85.015953, 27.823991], [85.015614, 27.823871], [85.015329, 27.82392], [85.015102, 27.824068], [85.015044, 27.824294], [85.015123, 27.824389], [85.015575, 27.824419], [85.015748, 27.824554], [85.015518, 27.825046], [85.015579, 27.825207], [85.015835, 27.825379], [85.015789, 27.825895], [85.015895, 27.826327], [85.01578, 27.826669], [85.015782, 27.827119], [85.016338, 27.827791], [85.016943, 27.828183], [85.017391, 27.828373], [85.018096, 27.828492], [85.018459, 27.828744], [85.018957, 27.829469], [85.019502, 27.830755], [85.020238, 27.831733], [85.021209, 27.833316], [85.021179, 27.833832], [85.020951, 27.833951], [85.020561, 27.833652], [85.020226, 27.833511], [85.018686, 27.833376], [85.018348, 27.833244], [85.018104, 27.833042], [85.017834, 27.832967], [85.017612, 27.832993], [85.017258, 27.833296], [85.016917, 27.833341], [85.016766, 27.833486], [85.016862, 27.833694], [85.017633, 27.834166], [85.018156, 27.834867], [85.018597, 27.835212], [85.018898, 27.835311], [85.019535, 27.835263], [85.019835, 27.835418], [85.020453, 27.835577], [85.021386, 27.83599], [85.021493, 27.836102], [85.021478, 27.836374], [85.02083, 27.83753], [85.020613, 27.838224], [85.020164, 27.838943], [85.019686, 27.839471], [85.019412, 27.840117], [85.01906, 27.840587], [85.019107, 27.841316], [85.018806, 27.841812], [85.018486, 27.842971], [85.018729, 27.843886], [85.019034, 27.844357], [85.019111, 27.844697], [85.019306, 27.845057], [85.019891, 27.845783], [85.019942, 27.846217], [85.020073, 27.846396], [85.020519, 27.846382], [85.021051, 27.846704], [85.022351, 27.847172], [85.022915, 27.847514], [85.023828, 27.847924], [85.024365, 27.848039], [85.024991, 27.848286], [85.025174, 27.848477], [85.025181, 27.848892], [85.025264, 27.849077], [85.026068, 27.849581], [85.026404, 27.849563], [85.026654, 27.849232], [85.027098, 27.849249], [85.027075, 27.849115], [85.026844, 27.848916], [85.02687, 27.8488], [85.02699, 27.848771], [85.027366, 27.848871], [85.027787, 27.849258], [85.028283, 27.849361], [85.028483, 27.849478], [85.028874, 27.850111], [85.028856, 27.851004], [85.029285, 27.852901], [85.029916, 27.853437], [85.030526, 27.853752], [85.030648, 27.853916], [85.030755, 27.854323], [85.031362, 27.854843], [85.032313, 27.855118], [85.033989, 27.855291], [85.034773, 27.855672], [85.036254, 27.855896], [85.036378, 27.856011], [85.036258, 27.856345], [85.036315, 27.856577], [85.037164, 27.857193], [85.037282, 27.857157], [85.037342, 27.857043], [85.037298, 27.856572], [85.037352, 27.856373], [85.037596, 27.856272], [85.038194, 27.856193], [85.039124, 27.856467], [85.040002, 27.856355], [85.040806, 27.856773], [85.041563, 27.857036], [85.042185, 27.857169], [85.042959, 27.857206], [85.043469, 27.857379], [85.044143, 27.857272], [85.045728, 27.857237], [85.046012, 27.857182], [85.046136, 27.857067], [85.046613, 27.855771], [85.047043, 27.855596], [85.047486, 27.855211], [85.047926, 27.854962], [85.048139, 27.854974], [85.049676, 27.855506], [85.050539, 27.85562], [85.051274, 27.855555], [85.052014, 27.855854], [85.052759, 27.856517], [85.053446, 27.856861], [85.053793, 27.857294], [85.054346, 27.857745], [85.055279, 27.857969], [85.055961, 27.858025], [85.056242, 27.858527], [85.056676, 27.858623], [85.056854, 27.858731], [85.057572, 27.859718], [85.058025, 27.860044], [85.058699, 27.860166], [85.0592, 27.860367], [85.059706, 27.860433], [85.060234, 27.86039], [85.06138, 27.860448], [85.062011, 27.86061], [85.063004, 27.860548], [85.065953, 27.860727], [85.066778, 27.860951], [85.067128, 27.861573], [85.067706, 27.861769], [85.067847, 27.861722], [85.067939, 27.861453], [85.068333, 27.860953], [85.068338, 27.860715], [85.068173, 27.860437], [85.068216, 27.860313], [85.068393, 27.860335], [85.068961, 27.860706], [85.069294, 27.860808], [85.069579, 27.86082], [85.069874, 27.860651], [85.069946, 27.860444], [85.069812, 27.860108], [85.06981, 27.859782], [85.069962, 27.859511], [85.070505, 27.859157], [85.071368, 27.858999], [85.071427, 27.858583], [85.071645, 27.858425], [85.071801, 27.858166], [85.072122, 27.858048], [85.07248, 27.857538], [85.072923, 27.857215], [85.073252, 27.856816], [85.073337, 27.856516], [85.073313, 27.856264], [85.072724, 27.855793], [85.072502, 27.855436], [85.072545, 27.855221], [85.072924, 27.854794], [85.073258, 27.854602], [85.073729, 27.8545], [85.074303, 27.854531], [85.075006, 27.854732], [85.075592, 27.854806], [85.076875, 27.85545], [85.077532, 27.855517], [85.07771, 27.855655], [85.077763, 27.855959], [85.078061, 27.856172], [85.078624, 27.856395], [85.079382, 27.856851], [85.081019, 27.857277], [85.081315, 27.85761], [85.081466, 27.857675], [85.082034, 27.857791], [85.08244, 27.857644], [85.082748, 27.857626], [85.083462, 27.85793], [85.083693, 27.857722], [85.084764, 27.857595], [85.084897, 27.857634], [85.085034, 27.857916], [85.085392, 27.857832], [85.08605, 27.857907], [85.086509, 27.858066], [85.087062, 27.85841], [85.087732, 27.858518], [85.088192, 27.858361], [85.088526, 27.858983], [85.088537, 27.859792], [85.088936, 27.860338], [85.088687, 27.860722], [85.08848, 27.861289], [85.08848, 27.861909], [85.088566, 27.862187], [85.088743, 27.862337], [85.089552, 27.862628], [85.090032, 27.862983], [85.090371, 27.863004], [85.090595, 27.863281], [85.090852, 27.863334], [85.09167, 27.863723], [85.092543, 27.86372], [85.092943, 27.863645], [85.093564, 27.86327], [85.094057, 27.862848], [85.094302, 27.863005], [85.094545, 27.863447], [85.095315, 27.863419], [85.095527, 27.863011], [85.095291, 27.862914], [85.094822, 27.862949], [85.094728, 27.862601], [85.094779, 27.862342], [85.09562, 27.861768], [85.095998, 27.861409], [85.096544, 27.861221], [85.096774, 27.860907], [85.097316, 27.860929], [85.09826, 27.860739], [85.100231, 27.859971], [85.101043, 27.859937], [85.102046, 27.859626], [85.102854, 27.859528], [85.103132, 27.859411], [85.103846, 27.859475], [85.105007, 27.859431], [85.105586, 27.859472], [85.10597, 27.859576], [85.107633, 27.861279], [85.107891, 27.861937], [85.108156, 27.862236], [85.108381, 27.862918], [85.108768, 27.863248], [85.109368, 27.864079], [85.109705, 27.864353], [85.110153, 27.86445], [85.110296, 27.864776], [85.110821, 27.865122], [85.111331, 27.865631], [85.111779, 27.866481], [85.111782, 27.866656], [85.112683, 27.867842], [85.112916, 27.869262], [85.113165, 27.869357], [85.113413, 27.869672], [85.113847, 27.869986], [85.113877, 27.87028], [85.113658, 27.871394], [85.113763, 27.87199], [85.114059, 27.872398], [85.114136, 27.872684], [85.114359, 27.872823], [85.114415, 27.873021], [85.11472, 27.873154], [85.11508, 27.873583], [85.115327, 27.874081], [85.115741, 27.874177], [85.116014, 27.873976], [85.115978, 27.873808], [85.11563, 27.873521], [85.115441, 27.872972], [85.115483, 27.872764], [85.115775, 27.872755], [85.116221, 27.872903], [85.117516, 27.873537], [85.11791, 27.873889], [85.118823, 27.874442], [85.119051, 27.874886], [85.119379, 27.875111], [85.120254, 27.875453], [85.121071, 27.875568], [85.121204, 27.875988], [85.121348, 27.876144], [85.121548, 27.876146], [85.122188, 27.875866], [85.122709, 27.875747], [85.123647, 27.876299], [85.124029, 27.87693], [85.124329, 27.87764], [85.125065, 27.878225], [85.125232, 27.879218], [85.125479, 27.879795], [85.125891, 27.881352], [85.126127, 27.881852], [85.126663, 27.88248], [85.126949, 27.883], [85.127714, 27.883746], [85.12885, 27.884677], [85.129322, 27.885529], [85.129975, 27.885735], [85.131176, 27.886573], [85.132233, 27.887095], [85.132577, 27.887541], [85.133475, 27.888261], [85.13377, 27.888419], [85.133875, 27.888668], [85.134169, 27.888702], [85.134982, 27.889284], [85.134836, 27.889518], [85.134837, 27.889771], [85.135132, 27.890126], [85.135438, 27.89072], [85.135287, 27.891284], [85.135279, 27.891798], [85.135389, 27.892069], [85.135651, 27.892169], [85.135765, 27.892493], [85.135555, 27.892813], [85.135427, 27.893292], [85.135518, 27.894133], [85.135123, 27.894945], [85.135156, 27.895132], [85.135445, 27.895373], [85.135529, 27.895611], [85.135517, 27.895805], [85.135312, 27.89619], [85.135295, 27.89645], [85.135651, 27.897013], [85.135704, 27.897387], [85.136225, 27.898592], [85.136226, 27.898943], [85.136037, 27.899432], [85.136102, 27.899935], [85.136659, 27.900951], [85.136742, 27.901533], [85.137082, 27.901736], [85.137739, 27.902673], [85.137803, 27.90324], [85.13769, 27.904311], [85.137959, 27.904921], [85.138026, 27.905984], [85.137526, 27.907322], [85.137312, 27.90758], [85.136794, 27.907869], [85.137037, 27.908233], [85.136969, 27.908736], [85.136402, 27.909946], [85.135866, 27.910776], [85.135629, 27.91153], [85.135369, 27.912001], [85.135226, 27.912558], [85.134993, 27.912868], [85.133694, 27.913989], [85.133497, 27.914439], [85.133597, 27.914894], [85.134274, 27.916022], [85.134848, 27.916405], [85.135344, 27.9171], [85.136073, 27.917449], [85.136314, 27.917701], [85.13668, 27.918611], [85.13657, 27.919054], [85.136281, 27.919585], [85.136268, 27.91983], [85.13638, 27.91996], [85.136915, 27.919942], [85.137282, 27.919672], [85.137557, 27.919581], [85.138358, 27.919711], [85.138788, 27.919699], [85.13898, 27.919596], [85.139417, 27.91909], [85.139627, 27.918954], [85.139991, 27.919066], [85.140511, 27.919109], [85.141461, 27.919678], [85.14176, 27.920017], [85.142717, 27.920729], [85.143405, 27.920868], [85.144229, 27.921209], [85.145039, 27.921221], [85.146279, 27.92156], [85.146572, 27.921908], [85.146467, 27.922385], [85.146557, 27.92262], [85.146736, 27.92278], [85.147239, 27.922903], [85.147416, 27.923069], [85.147554, 27.92361], [85.14795, 27.92415], [85.148017, 27.924557], [85.148318, 27.925141], [85.148703, 27.925603], [85.149275, 27.926001], [85.149352, 27.926172], [85.149302, 27.926824], [85.149059, 27.927472], [85.148532, 27.92833], [85.148159, 27.928482], [85.148007, 27.928672], [85.147928, 27.92977], [85.147686, 27.929943], [85.147277, 27.929972], [85.147165, 27.930105], [85.147209, 27.930439], [85.147498, 27.93109], [85.147848, 27.932607], [85.147998, 27.932948], [85.148487, 27.933744], [85.149159, 27.934161], [85.149787, 27.934416], [85.150873, 27.934673], [85.151331, 27.935006], [85.152435, 27.935448], [85.153374, 27.936087], [85.153815, 27.936195], [85.154688, 27.936228], [85.154992, 27.936448], [85.155712, 27.937519], [85.157102, 27.939274], [85.157097, 27.939891], [85.157372, 27.940642], [85.157259, 27.941471], [85.157476, 27.942048], [85.157729, 27.942447], [85.158432, 27.943248], [85.15906, 27.944793], [85.159669, 27.945864], [85.159978, 27.946844], [85.160794, 27.947507], [85.161158, 27.948013], [85.161651, 27.951019], [85.161804, 27.952504], [85.161694, 27.953851], [85.1615, 27.954126], [85.161255, 27.954304], [85.161204, 27.954469], [85.1613, 27.954825], [85.161656, 27.955323], [85.161696, 27.955794], [85.161225, 27.956487], [85.161088, 27.956858], [85.161124, 27.95707], [85.161319, 27.957203], [85.161739, 27.957073], [85.162103, 27.956717], [85.162498, 27.955806], [85.162582, 27.955778], [85.162742, 27.955861], [85.163081, 27.956447], [85.163215, 27.957152], [85.163621, 27.957661], [85.165009, 27.958287], [85.165482, 27.958715], [85.166383, 27.958915], [85.167107, 27.959276], [85.167636, 27.960382], [85.168124, 27.961018], [85.168348, 27.961621], [85.168154, 27.962032], [85.168321, 27.962254], [85.168326, 27.962448], [85.168509, 27.96258], [85.168311, 27.963213], [85.16848, 27.963945], [85.168778, 27.964172], [85.169432, 27.964239], [85.169814, 27.964661], [85.170254, 27.964739], [85.170317, 27.964869], [85.170214, 27.965096], [85.170286, 27.965179], [85.17046, 27.965177], [85.170671, 27.965026], [85.171315, 27.965235], [85.171353, 27.965443], [85.17158, 27.965799], [85.171604, 27.966152], [85.171455, 27.966369], [85.1716, 27.966524], [85.171546, 27.966782], [85.171764, 27.966816], [85.171913, 27.966977], [85.172451, 27.967171], [85.173116, 27.96775], [85.174337, 27.96778], [85.175442, 27.968126], [85.175616, 27.968285], [85.176071, 27.969265], [85.176644, 27.969478], [85.177156, 27.969419], [85.177359, 27.969658], [85.177407, 27.969906], [85.177943, 27.9699], [85.178436, 27.970084], [85.178948, 27.969998], [85.179607, 27.970031], [85.179871, 27.970122], [85.180482, 27.970811], [85.180765, 27.971395], [85.180822, 27.971711], [85.181281, 27.971852], [85.181229, 27.972233], [85.180746, 27.972602], [85.180597, 27.973569], [85.180733, 27.974261], [85.181232, 27.975058], [85.181201, 27.975667], [85.180538, 27.97685], [85.180379, 27.977391], [85.180057, 27.977979], [85.179974, 27.978363], [85.179535, 27.979079], [85.179449, 27.979412], [85.179097, 27.979854], [85.178679, 27.980215], [85.178458, 27.980551], [85.178329, 27.980908], [85.178274, 27.981399], [85.177868, 27.98212], [85.177504, 27.982315], [85.17638, 27.982433], [85.175866, 27.982274], [85.17536, 27.982531], [85.174949, 27.98248], [85.174473, 27.982172], [85.173847, 27.981989], [85.17356, 27.982035], [85.17346, 27.982259], [85.173556, 27.982707], [85.173868, 27.983113], [85.174507, 27.983695], [85.17502, 27.983961], [85.176012, 27.984126], [85.176385, 27.984094], [85.176775, 27.983965], [85.17749, 27.98423], [85.178186, 27.984305], [85.178585, 27.984124], [85.178712, 27.98415], [85.178781, 27.984705], [85.179317, 27.985545], [85.179365, 27.986893], [85.179737, 27.987678], [85.179696, 27.98809], [85.179805, 27.988379], [85.179802, 27.988757], [85.180485, 27.989157], [85.180636, 27.989648], [85.181019, 27.989881], [85.181173, 27.990081], [85.181022, 27.991224], [85.181294, 27.992107], [85.181597, 27.99268], [85.181906, 27.994032], [85.182269, 27.994761], [85.182335, 27.995193], [85.182606, 27.995545], [85.183006, 27.996343], [85.183457, 27.996731], [85.184171, 27.997137], [85.184333, 27.99734], [85.18403, 27.99817], [85.184137, 27.998728], [85.184108, 27.999044], [85.183764, 27.999355], [85.183301, 28.00004], [85.183217, 28.000511], [85.183052, 28.000876], [85.183081, 28.001707], [85.183224, 28.002089], [85.182966, 28.002785], [85.18308, 28.00306], [85.183075, 28.003786], [85.183274, 28.004092], [85.18328, 28.004468], [85.182985, 28.005562], [85.183005, 28.006031], [85.182678, 28.0066], [85.182701, 28.007049], [85.182602, 28.007476], [85.182673, 28.007821], [85.182601, 28.00824], [85.182416, 28.008909], [85.182145, 28.009307], [85.181726, 28.010267], [85.181557, 28.011203], [85.18198, 28.011931], [85.181952, 28.013309], [85.182055, 28.013585], [85.182336, 28.013864], [85.183046, 28.01394], [85.183986, 28.014505], [85.184115, 28.014711], [85.18428, 28.015382], [85.184548, 28.015742], [85.184699, 28.016117], [85.185014, 28.016407], [85.185527, 28.017288], [85.185417, 28.017848], [85.184896, 28.018375], [85.184602, 28.018559], [85.184665, 28.018857], [85.184331, 28.019264], [85.183665, 28.019567], [85.183647, 28.019855], [85.1834, 28.019618], [85.183217, 28.019549], [85.182611, 28.019738], [85.182294, 28.019957], [85.182242, 28.020229], [85.18236, 28.020391], [85.182735, 28.020356], [85.18338, 28.020565], [85.183671, 28.020791], [85.183712, 28.021533], [85.184006, 28.021986], [85.183928, 28.02248], [85.183999, 28.022973], [85.183956, 28.023233], [85.184236, 28.023422], [85.184353, 28.023756], [85.184615, 28.023889], [85.184791, 28.024518], [85.184762, 28.024787], [85.184853, 28.025121], [85.184586, 28.025499], [85.18463, 28.025691], [85.185031, 28.025746], [85.185805, 28.026229], [85.186779, 28.026667], [85.187113, 28.02701], [85.187186, 28.027418], [85.187292, 28.027536], [85.187972, 28.027673], [85.188384, 28.027653], [85.188857, 28.027521], [85.189208, 28.027586], [85.18958, 28.027854], [85.190041, 28.028036], [85.19053, 28.028395], [85.19125, 28.028675], [85.191943, 28.029149], [85.192287, 28.029546], [85.192673, 28.030555], [85.192601, 28.031174], [85.192674, 28.032935], [85.192508, 28.033361], [85.192488, 28.033648], [85.192546, 28.033931], [85.192778, 28.034376], [85.192893, 28.035099], [85.192734, 28.035472], [85.19258, 28.036305], [85.192574, 28.037304], [85.19265, 28.037669], [85.193077, 28.038514], [85.193074, 28.039338], [85.193418, 28.040081], [85.193736, 28.040465], [85.194089, 28.041135], [85.194549, 28.041612], [85.195035, 28.042422], [85.195661, 28.042778], [85.196711, 28.043755], [85.197599, 28.04425], [85.198406, 28.045026], [85.199394, 28.0456], [85.200139, 28.046338], [85.200881, 28.04689], [85.201118, 28.047223], [85.201408, 28.047924], [85.202041, 28.048854], [85.20238, 28.049664], [85.202613, 28.049872], [85.202841, 28.050274], [85.203235, 28.050644], [85.203533, 28.051096], [85.204298, 28.051777], [85.20488, 28.052639], [85.205398, 28.053246], [85.206004, 28.053821], [85.206335, 28.054407], [85.207018, 28.05533], [85.207329, 28.056222], [85.207582, 28.057504], [85.207507, 28.058486], [85.207023, 28.059177], [85.20683, 28.06043], [85.206417, 28.061091], [85.206045, 28.062589], [85.205923, 28.063795], [85.205467, 28.064586], [85.205027, 28.065102], [85.204836, 28.065453], [85.204613, 28.067015], [85.204603, 28.068284], [85.204697, 28.068755], [85.206414, 28.071746], [85.206394, 28.072296], [85.206474, 28.072616], [85.207237, 28.073121], [85.207611, 28.073498], [85.207806, 28.073859], [85.208644, 28.074422], [85.209056, 28.074819], [85.209954, 28.07529], [85.211084, 28.075632], [85.211652, 28.076058], [85.21283, 28.076401], [85.213525, 28.076755], [85.213721, 28.076909], [85.213796, 28.07713], [85.214012, 28.077295], [85.214403, 28.077853], [85.215292, 28.078643], [85.215982, 28.078956], [85.216254, 28.079571], [85.216955, 28.079835], [85.21752, 28.080904], [85.218175, 28.081251], [85.218619, 28.081739], [85.219554, 28.082127], [85.220485, 28.082229], [85.220887, 28.082385], [85.221286, 28.082789], [85.222591, 28.083274], [85.223072, 28.083851], [85.22344, 28.084093], [85.224031, 28.08424], [85.224388, 28.084175], [85.224603, 28.084252], [85.225866, 28.08519], [85.226005, 28.085509], [85.226103, 28.086322], [85.226492, 28.086812], [85.227305, 28.087356], [85.227431, 28.087694], [85.228505, 28.087938], [85.228773, 28.08824], [85.229508, 28.088789], [85.230499, 28.089277], [85.230847, 28.089625], [85.23115, 28.090107], [85.23208, 28.090607], [85.232952, 28.09078], [85.234181, 28.0913], [85.234549, 28.091814], [85.235364, 28.091895], [85.236378, 28.092228], [85.237352, 28.092016], [85.238628, 28.092261], [85.239186, 28.092581], [85.239453, 28.09322], [85.239634, 28.093426], [85.240698, 28.092761], [85.240896, 28.092725], [85.24189, 28.092757], [85.242295, 28.092858], [85.245537, 28.092859], [85.246298, 28.09298], [85.246912, 28.09291], [85.247194, 28.092773], [85.247981, 28.092783], [85.249087, 28.093033], [85.249662, 28.093298], [85.250585, 28.093232], [85.251527, 28.09332], [85.252054, 28.093651], [85.253585, 28.094358], [85.253852, 28.094545], [85.254182, 28.09494], [85.255312, 28.095459], [85.25665, 28.095649], [85.257244, 28.095805], [85.25853, 28.09585], [85.25981, 28.096138], [85.260503, 28.096751], [85.260532, 28.097182], [85.260913, 28.097379], [85.261246, 28.097409], [85.261583, 28.097785], [85.261812, 28.097887], [85.262131, 28.097975], [85.262409, 28.097908], [85.263241, 28.098259], [85.263542, 28.098916], [85.263404, 28.099493], [85.263925, 28.10038], [85.265667, 28.101798], [85.266442, 28.102297], [85.266836, 28.102804], [85.26735, 28.103133], [85.268626, 28.103706], [85.269849, 28.104371], [85.2704, 28.104961], [85.270668, 28.105573], [85.271037, 28.106103], [85.271388, 28.106302], [85.271694, 28.106691], [85.271997, 28.106838], [85.272166, 28.107268], [85.272647, 28.107389], [85.273002, 28.107633], [85.27363, 28.107653], [85.274037, 28.10796], [85.274294, 28.108444], [85.27439, 28.108805], [85.274703, 28.10919], [85.274776, 28.109566], [85.275013, 28.110017], [85.275784, 28.110744], [85.276269, 28.110966], [85.276387, 28.111381], [85.276686, 28.111419], [85.276766, 28.111653], [85.276958, 28.111805], [85.277011, 28.112056], [85.276823, 28.112335], [85.276881, 28.112618], [85.27681, 28.112984], [85.276885, 28.113114], [85.277136, 28.113213], [85.277404, 28.113182], [85.277653, 28.113078], [85.277947, 28.112791], [85.278258, 28.112698], [85.279288, 28.112884], [85.279754, 28.113263], [85.279971, 28.113199], [85.280398, 28.113244], [85.280523, 28.113378], [85.280532, 28.113529], [85.280329, 28.113782], [85.280289, 28.114034], [85.280808, 28.114151], [85.280901, 28.114549], [85.281016, 28.11468], [85.280968, 28.114772], [85.281473, 28.115537], [85.281556, 28.11591], [85.281513, 28.116127], [85.281833, 28.116358], [85.281896, 28.116558], [85.282544, 28.116639], [85.282745, 28.117041], [85.283524, 28.117371], [85.283685, 28.117673], [85.283892, 28.117851], [85.28464, 28.117831], [85.285392, 28.118203], [85.285729, 28.118492], [85.286442, 28.118564], [85.287156, 28.118792], [85.287423, 28.118949], [85.287525, 28.119094], [85.287574, 28.119647], [85.28783, 28.119757], [85.288189, 28.119614], [85.288355, 28.11971], [85.288357, 28.119894], [85.288034, 28.120402], [85.287996, 28.120732], [85.288086, 28.12098], [85.288305, 28.121112], [85.290362, 28.121817], [85.290806, 28.122153], [85.291689, 28.122626], [85.292086, 28.122957], [85.292339, 28.123413], [85.292418, 28.123721], [85.293536, 28.124824], [85.294269, 28.125183], [85.294578, 28.125683], [85.295994, 28.126067], [85.296655, 28.126338], [85.297618, 28.127112], [85.298587, 28.128952], [85.298795, 28.129122], [85.299309, 28.129342], [85.29949, 28.12952], [85.29959, 28.129975], [85.299566, 28.130512], [85.299751, 28.131173], [85.299508, 28.131786], [85.299549, 28.13208], [85.299695, 28.132191], [85.300313, 28.132347], [85.300668, 28.132938], [85.301028, 28.133267], [85.301972, 28.133642], [85.302034, 28.133922], [85.302418, 28.134345], [85.302436, 28.134629], [85.302853, 28.134939], [85.303591, 28.135961], [85.304063, 28.136714], [85.30398, 28.136882], [85.304131, 28.13721], [85.304509, 28.137628], [85.304286, 28.138593], [85.304452, 28.138697], [85.304926, 28.138782], [85.305136, 28.13905], [85.305519, 28.139345], [85.305713, 28.139765], [85.307152, 28.141422], [85.307234, 28.141657], [85.307641, 28.141879], [85.308099, 28.142019], [85.308657, 28.142046], [85.308722, 28.142137], [85.308688, 28.142435], [85.309103, 28.142648], [85.309191, 28.142813], [85.309675, 28.143157], [85.309931, 28.14319], [85.310057, 28.143318], [85.31018, 28.14329], [85.310202, 28.143156], [85.310317, 28.143138], [85.311166, 28.143354], [85.311197, 28.143106], [85.31138, 28.142982], [85.311328, 28.14281], [85.31146, 28.142763], [85.311774, 28.143773], [85.311775, 28.144007], [85.311566, 28.144101], [85.311568, 28.144264], [85.311731, 28.144455], [85.312191, 28.14474], [85.313021, 28.145653], [85.313961, 28.146098], [85.314628, 28.146311], [85.315049, 28.146611], [85.315382, 28.146616], [85.315812, 28.147011], [85.316207, 28.147205], [85.316699, 28.147289], [85.316769, 28.147452], [85.316662, 28.147681], [85.317148, 28.147983], [85.318601, 28.148586], [85.31884, 28.148754], [85.319199, 28.148774], [85.319281, 28.149243], [85.318987, 28.149085], [85.318903, 28.149209], [85.319343, 28.149359], [85.319929, 28.149256], [85.320167, 28.149533], [85.320378, 28.149605], [85.320558, 28.14989], [85.320873, 28.149993], [85.320853, 28.150291], [85.321884, 28.151017], [85.322078, 28.151079], [85.322695, 28.15105], [85.323499, 28.15118], [85.323831, 28.151177], [85.324089, 28.151067], [85.324397, 28.151201], [85.324455, 28.151316], [85.324413, 28.151517], [85.324563, 28.151744], [85.32453, 28.151874], [85.324645, 28.152014], [85.324636, 28.152143], [85.324834, 28.152224], [85.324916, 28.152381], [85.32525, 28.152535], [85.325404, 28.152709], [85.326426, 28.15331], [85.326498, 28.153449], [85.326703, 28.153579], [85.326817, 28.153841], [85.327288, 28.154076], [85.328067, 28.155007], [85.328123, 28.155304], [85.327999, 28.155457], [85.328107, 28.155599], [85.328178, 28.155572], [85.3282, 28.155358], [85.328376, 28.155288], [85.32919, 28.156175], [85.329801, 28.156271], [85.330054, 28.156418], [85.330454, 28.1565], [85.33061, 28.15673], [85.330717, 28.157222], [85.331641, 28.157627], [85.33172, 28.15772], [85.331766, 28.158174], [85.33192, 28.158374], [85.332832, 28.158804], [85.333008, 28.159159], [85.333452, 28.159187], [85.334447, 28.159486], [85.334888, 28.159995], [85.335068, 28.160374], [85.335117, 28.160732], [85.335525, 28.161623], [85.336063, 28.162013], [85.336192, 28.162277], [85.336395, 28.162293], [85.336512, 28.162403], [85.336509, 28.162489], [85.336351, 28.16254], [85.336332, 28.162616], [85.336384, 28.162694], [85.336563, 28.162682], [85.336681, 28.163619], [85.336632, 28.163808], [85.336483, 28.163841], [85.33647, 28.163917], [85.33657, 28.164077], [85.336863, 28.164017], [85.336844, 28.164223], [85.337053, 28.164246], [85.337148, 28.164351], [85.337114, 28.164597], [85.337219, 28.164627], [85.337319, 28.164549], [85.337607, 28.164666], [85.337965, 28.164661], [85.338415, 28.16494], [85.339222, 28.165161], [85.340478, 28.165094], [85.340642, 28.16533], [85.341309, 28.165785], [85.341222, 28.166047], [85.34102, 28.166018], [85.340827, 28.166492], [85.340985, 28.166757], [85.34117, 28.166917], [85.341344, 28.16695], [85.34153, 28.16756], [85.341467, 28.168223], [85.341578, 28.168497], [85.341582, 28.169073], [85.34168, 28.169369], [85.341604, 28.169609], [85.341738, 28.169891], [85.341899, 28.170806], [85.342015, 28.170967], [85.341911, 28.17144], [85.34194, 28.172109], [85.342037, 28.172376], [85.341889, 28.172827], [85.342049, 28.173244], [85.341972, 28.173443], [85.342001, 28.173953], [85.341896, 28.17428], [85.341969, 28.174934], [85.341917, 28.175413], [85.341749, 28.175742], [85.341831, 28.175932], [85.341786, 28.176194], [85.341976, 28.176542], [85.34193, 28.17682], [85.342051, 28.177094], [85.34207, 28.177399], [85.342159, 28.177497], [85.342059, 28.177919], [85.342124, 28.17827], [85.342001, 28.178368], [85.34205, 28.178713], [85.341839, 28.178894], [85.341691, 28.179442], [85.341484, 28.179556], [85.341489, 28.179831], [85.341324, 28.180149], [85.341331, 28.180327], [85.341106, 28.18043], [85.341068, 28.180696], [85.340892, 28.1807], [85.340651, 28.180868], [85.340396, 28.181374], [85.339982, 28.181535], [85.339501, 28.181653], [85.339326, 28.181569], [85.338472, 28.181522], [85.338288, 28.181367], [85.338217, 28.181432], [85.337956, 28.181424], [85.33764, 28.181171], [85.336791, 28.181137], [85.335771, 28.180685], [85.335337, 28.180681], [85.335066, 28.180877], [85.33523, 28.180986], [85.335665, 28.181039], [85.33587, 28.18121], [85.336553, 28.181489], [85.336606, 28.181585], [85.336523, 28.181879], [85.33656, 28.182077], [85.337152, 28.18251], [85.337641, 28.182647], [85.338436, 28.18269], [85.339184, 28.183341], [85.339343, 28.183327], [85.339558, 28.183033], [85.339977, 28.183069], [85.340571, 28.182928], [85.341711, 28.182493], [85.342136, 28.182569], [85.342416, 28.183072], [85.342417, 28.183272], [85.342932, 28.183669], [85.343046, 28.183984], [85.343254, 28.184139], [85.343338, 28.184774], [85.343905, 28.185207], [85.34387, 28.185438], [85.34411, 28.185707], [85.344099, 28.185928], [85.344376, 28.186243], [85.344637, 28.186378], [85.344813, 28.186574], [85.344889, 28.186815], [85.345074, 28.18695], [85.345175, 28.187888], [85.345417, 28.18811], [85.34582, 28.188777], [85.345925, 28.189435], [85.346637, 28.19009], [85.346992, 28.190306], [85.346885, 28.190667], [85.347179, 28.190838], [85.347316, 28.191147], [85.347511, 28.191259], [85.347694, 28.191529], [85.347739, 28.192034], [85.34795, 28.192276], [85.347916, 28.192514], [85.348036, 28.192863], [85.348473, 28.193782], [85.348878, 28.194252], [85.348996, 28.194537], [85.348979, 28.194837], [85.349173, 28.195258], [85.349156, 28.195559], [85.349488, 28.196137], [85.349352, 28.196349], [85.349543, 28.196986], [85.349807, 28.19725], [85.350542, 28.197421], [85.351009, 28.198127], [85.35122, 28.198251], [85.351272, 28.19847], [85.351432, 28.198664], [85.351431, 28.198898], [85.351686, 28.199422], [85.351861, 28.199582], [85.351779, 28.199831], [85.351907, 28.199998], [85.351828, 28.200193], [85.351905, 28.200643], [85.351772, 28.201148], [85.351956, 28.201488], [85.351938, 28.202812], [85.35222, 28.203128], [85.352455, 28.203955], [85.352886, 28.20456], [85.353207, 28.204672], [85.35336, 28.205001], [85.353779, 28.205195], [85.353823, 28.205807], [85.354051, 28.205957], [85.353885, 28.206087], [85.353888, 28.206402], [85.353749, 28.206478], [85.353978, 28.206755], [85.353833, 28.206928], [85.353836, 28.207446], [85.353765, 28.20757], [85.353615, 28.207543], [85.353559, 28.207713], [85.353257, 28.20774], [85.35327, 28.207908], [85.35309, 28.207967], [85.353064, 28.208307], [85.353266, 28.208432], [85.353068, 28.208495], [85.353137, 28.208619], [85.35299, 28.208614], [85.353021, 28.209008], [85.352717, 28.209215], [85.352666, 28.20935], [85.35312, 28.209926], [85.353476, 28.210594], [85.353895, 28.212089], [85.353793, 28.213178], [85.353921, 28.213878], [85.353919, 28.214806], [85.35412, 28.216564], [85.354451, 28.217132], [85.354954, 28.217567], [85.355358, 28.218337], [85.356019, 28.21916], [85.357032, 28.220009], [85.35807, 28.221736], [85.358382, 28.222041], [85.359081, 28.22252], [85.359646, 28.223121], [85.360161, 28.224141], [85.360248, 28.224517], [85.360381, 28.226277], [85.360209, 28.227202], [85.359973, 28.227726], [85.359929, 28.22912], [85.359719, 28.229793], [85.359507, 28.231153], [85.359605, 28.231761], [85.359566, 28.232785], [85.359424, 28.233229], [85.358996, 28.233722], [85.358567, 28.234445], [85.358354, 28.235002], [85.357473, 28.235914], [85.357137, 28.236543], [85.35702, 28.237572], [85.3572, 28.23851], [85.357196, 28.23906], [85.356802, 28.24127], [85.356926, 28.242181], [85.357538, 28.243473], [85.357824, 28.243795], [85.358234, 28.244073], [85.358646, 28.244604], [85.359143, 28.244952], [85.359808, 28.245215], [85.360164, 28.245439], [85.361056, 28.246406], [85.361592, 28.246834], [85.362235, 28.247003], [85.362543, 28.247228], [85.363186, 28.248713], [85.363927, 28.249641], [85.363938, 28.250795], [85.363573, 28.251747], [85.363381, 28.2525], [85.363428, 28.252647], [85.363792, 28.253064], [85.364001, 28.253575], [85.363946, 28.254471], [85.363777, 28.255104], [85.363752, 28.255578], [85.364186, 28.257347], [85.365162, 28.258417], [85.366342, 28.258842], [85.366632, 28.259185], [85.367154, 28.259538], [85.367658, 28.260127], [85.368059, 28.260289], [85.36867, 28.260248], [85.369337, 28.260393], [85.369443, 28.260454], [85.369589, 28.260741], [85.370082, 28.2609], [85.370271, 28.261057], [85.371464, 28.262877], [85.371607, 28.263448], [85.371338, 28.264131], [85.371418, 28.264328], [85.371753, 28.264515], [85.372006, 28.264985], [85.372515, 28.265304], [85.373009, 28.265956], [85.373465, 28.266387], [85.373824, 28.266615], [85.374373, 28.266775], [85.375044, 28.2673], [85.375129, 28.268097], [85.375422, 28.269008], [85.375701, 28.26942], [85.375753, 28.269808], [85.375682, 28.270773], [85.376027, 28.27147], [85.376231, 28.272651], [85.376078, 28.273807], [85.375662, 28.274541], [85.375406, 28.274766], [85.375337, 28.274997], [85.375399, 28.275307], [85.375648, 28.275804], [85.375591, 28.276044], [85.375376, 28.27624], [85.375396, 28.276463], [85.375515, 28.276658], [85.376043, 28.277139], [85.376027, 28.277894], [85.375697, 28.278601], [85.375959, 28.279123], [85.375997, 28.279362], [85.375861, 28.279463], [85.375475, 28.279526], [85.375334, 28.279646], [85.375155, 28.280418], [85.374801, 28.280741], [85.37481, 28.281191], [85.374625, 28.281724], [85.373954, 28.282199], [85.373549, 28.282891], [85.372396, 28.283451], [85.371397, 28.284428], [85.371107, 28.284541], [85.370387, 28.284635], [85.369612, 28.285016], [85.369158, 28.285132], [85.367305, 28.285311], [85.366687, 28.285438], [85.36504, 28.285357], [85.363684, 28.285054], [85.362734, 28.285014], [85.361977, 28.285117], [85.360925, 28.285472], [85.360024, 28.285505], [85.359286, 28.285416], [85.358117, 28.28556], [85.356312, 28.286274], [85.355362, 28.286457], [85.354951, 28.286455], [85.353782, 28.286069], [85.353368, 28.286096], [85.352572, 28.286535], [85.351098, 28.286996], [85.350402, 28.287133], [85.349572, 28.28741], [85.34872, 28.287513], [85.34782, 28.288295], [85.347444, 28.288809], [85.347073, 28.289156], [85.346829, 28.289846], [85.346774, 28.291503], [85.346926, 28.291938], [85.347225, 28.292361], [85.347584, 28.293095], [85.347797, 28.29423], [85.347765, 28.295478], [85.347859, 28.296298], [85.34772, 28.29685], [85.34792, 28.297431], [85.347579, 28.297931], [85.347596, 28.298394], [85.347319, 28.298971], [85.347252, 28.299638], [85.347473, 28.300679], [85.347647, 28.300909], [85.347625, 28.301118], [85.347245, 28.301453], [85.34629, 28.301878], [85.345333, 28.301857], [85.344129, 28.301973], [85.343601, 28.302108], [85.3432, 28.30235], [85.342501, 28.302423], [85.342188, 28.302715], [85.341567, 28.30304], [85.341346, 28.303372], [85.341418, 28.30342], [85.341955, 28.303152], [85.342402, 28.302814], [85.343389, 28.302666], [85.344601, 28.302223], [85.34535, 28.30221], [85.346127, 28.302409], [85.34702, 28.30217], [85.347478, 28.30211], [85.347591, 28.302176], [85.347503, 28.302515], [85.347542, 28.302922], [85.346922, 28.303935], [85.346761, 28.30453], [85.346441, 28.305148], [85.346034, 28.305481], [85.345764, 28.306079], [85.345979, 28.307039], [85.345639, 28.307869], [85.345519, 28.30851], [85.345526, 28.309667], [85.345627, 28.310111], [85.345495, 28.311156], [85.345855, 28.312107], [85.34572, 28.312441], [85.345336, 28.312551], [85.345015, 28.312969], [85.344946, 28.313401], [85.345016, 28.313609], [85.345193, 28.313707], [85.345346, 28.313632], [85.345432, 28.313004], [85.345869, 28.312654], [85.346115, 28.312243], [85.346151, 28.311869], [85.345797, 28.311415], [85.345737, 28.311173], [85.345769, 28.310932], [85.346007, 28.310537], [85.345962, 28.309905], [85.345754, 28.309409], [85.345729, 28.308316], [85.345959, 28.30745], [85.346341, 28.306709], [85.346236, 28.306049], [85.346278, 28.305773], [85.346582, 28.305345], [85.347111, 28.304121], [85.348179, 28.302268], [85.348311, 28.30181], [85.34824, 28.301465], [85.348581, 28.299788], [85.348354, 28.298421], [85.348844, 28.297798], [85.348812, 28.296639], [85.349094, 28.295859], [85.349096, 28.295651], [85.348952, 28.295408], [85.348964, 28.295178], [85.348688, 28.294931], [85.34853, 28.294347], [85.348509, 28.29317], [85.348285, 28.292366], [85.347998, 28.291902], [85.347641, 28.291662], [85.347487, 28.291405], [85.347482, 28.290135], [85.347354, 28.289635], [85.347746, 28.289128], [85.348138, 28.288857], [85.348807, 28.288665], [85.348892, 28.288565], [85.348931, 28.288257], [85.349168, 28.288038], [85.349924, 28.287784], [85.350443, 28.287759], [85.350817, 28.287573], [85.351214, 28.287256], [85.352091, 28.287034], [85.352964, 28.287009], [85.353766, 28.287084], [85.354395, 28.287256], [85.354989, 28.287259], [85.356053, 28.287079], [85.356742, 28.286806], [85.358589, 28.28649], [85.359754, 28.286207], [85.360741, 28.28617], [85.362254, 28.28591], [85.363549, 28.285996], [85.363979, 28.285932], [85.364785, 28.286309], [85.365132, 28.286337], [85.365867, 28.286227], [85.366295, 28.286332], [85.3667, 28.28657], [85.367081, 28.286652], [85.367847, 28.286619], [85.368796, 28.286731], [85.36987, 28.28663], [85.372243, 28.285583], [85.373376, 28.285234], [85.373942, 28.284834], [85.375595, 28.284075], [85.37593, 28.283737], [85.376311, 28.283522], [85.376968, 28.282781], [85.377314, 28.281927], [85.377585, 28.281482], [85.378039, 28.280931], [85.378447, 28.280621], [85.37953, 28.281446], [85.380408, 28.281994], [85.381101, 28.282629], [85.382906, 28.283789], [85.383802, 28.284547], [85.384612, 28.28507], [85.385329, 28.285866], [85.386377, 28.286598], [85.386874, 28.28716], [85.387629, 28.287549], [85.388327, 28.288093], [85.389156, 28.288534], [85.390426, 28.289539], [85.391529, 28.290555], [85.39232, 28.291436], [85.392857, 28.291828], [85.39377, 28.292668], [85.394316, 28.293294], [85.395056, 28.294347], [85.395392, 28.295268], [85.395724, 28.295775], [85.395756, 28.296181], [85.395959, 28.296719], [85.396792, 28.297348], [85.398332, 28.299435], [85.398702, 28.299734], [85.399053, 28.299897], [85.399186, 28.300098], [85.399476, 28.300314], [85.399714, 28.300809], [85.400229, 28.30152], [85.401358, 28.302264], [85.403338, 28.302759], [85.404046, 28.303086], [85.404739, 28.303534], [85.405325, 28.304041], [85.405817, 28.304622], [85.405975, 28.305024], [85.406655, 28.305935], [85.406823, 28.306661], [85.407169, 28.307263], [85.408271, 28.308029], [85.409203, 28.308289], [85.409682, 28.308621], [85.409883, 28.309046], [85.410124, 28.310063], [85.410445, 28.31044], [85.411076, 28.311483], [85.411128, 28.312211], [85.411866, 28.313024], [85.412179, 28.313684], [85.412061, 28.315306], [85.412265, 28.316377], [85.412261, 28.316833], [85.412184, 28.317164], [85.411868, 28.317589], [85.411727, 28.317932], [85.411625, 28.319604], [85.411168, 28.320465], [85.410996, 28.321397], [85.41105, 28.322708], [85.410932, 28.323455], [85.410987, 28.323729], [85.41122, 28.324167], [85.41132, 28.325059], [85.411643, 28.325665], [85.411812, 28.326294], [85.412143, 28.326833], [85.412267, 28.327257], [85.412271, 28.32795], [85.411751, 28.328781], [85.411758, 28.328964], [85.411873, 28.329092], [85.412762, 28.329063], [85.413331, 28.32924], [85.413624, 28.329258], [85.415312, 28.328981], [85.416328, 28.328995], [85.416874, 28.32935], [85.417286, 28.329954], [85.417717, 28.330275], [85.419427, 28.331136], [85.421166, 28.331637], [85.422149, 28.331636], [85.423497, 28.33136], [85.425374, 28.331951], [85.426237, 28.331976], [85.427809, 28.33177], [85.428423, 28.331844], [85.429082, 28.332245], [85.429806, 28.333032], [85.430473, 28.333491], [85.43146, 28.334672], [85.432502, 28.335197], [85.433673, 28.336145], [85.434743, 28.33646], [85.437135, 28.336605], [85.437518, 28.337008], [85.437743, 28.337525], [85.43795, 28.337761], [85.43892, 28.337664], [85.439909, 28.337789], [85.440185, 28.337937], [85.440457, 28.338287], [85.441756, 28.338851], [85.444471, 28.339632], [85.444855, 28.339529], [85.444999, 28.339292], [85.445577, 28.33888], [85.445889, 28.338768], [85.446984, 28.338679], [85.447267, 28.338364], [85.447321, 28.338004], [85.4472, 28.337309], [85.447274, 28.336732], [85.447342, 28.336573], [85.447898, 28.336508], [85.448175, 28.336554], [85.448416, 28.336862], [85.448816, 28.336997], [85.449216, 28.33731], [85.450224, 28.337722], [85.450704, 28.3378], [85.451856, 28.338323], [85.453052, 28.338401], [85.453641, 28.338572], [85.453732, 28.338785], [85.454071, 28.338943], [85.454648, 28.338928], [85.454812, 28.339159], [85.455139, 28.339377], [85.455555, 28.339942], [85.455927, 28.340008], [85.456123, 28.339967], [85.456169, 28.340032], [85.456056, 28.340087], [85.456062, 28.340211], [85.456165, 28.340286], [85.456847, 28.339972], [85.456727, 28.339843], [85.456862, 28.339768], [85.457126, 28.339914], [85.457404, 28.339921], [85.457876, 28.339769], [85.458022, 28.339817], [85.458, 28.339739], [85.458136, 28.339864], [85.458459, 28.339924], [85.458769, 28.339552], [85.459158, 28.339469], [85.459488, 28.339291], [85.459904, 28.338716], [85.460183, 28.33854], [85.46132, 28.338509], [85.461873, 28.338389], [85.462463, 28.338625], [85.46293, 28.338672], [85.464189, 28.33825], [85.465559, 28.337564], [85.466644, 28.337229], [85.467331, 28.337156], [85.468284, 28.337328], [85.468852, 28.337072], [85.470528, 28.33699], [85.471862, 28.337111], [85.471889, 28.337746], [85.472324, 28.33766], [85.472538, 28.337418], [85.474231, 28.337888], [85.476089, 28.338097], [85.476884, 28.338281], [85.477401, 28.338817], [85.478125, 28.339334], [85.479127, 28.339957], [85.479626, 28.340157], [85.480217, 28.34019], [85.481453, 28.340063], [85.482671, 28.340239], [85.483027, 28.340444], [85.48364, 28.340451], [85.484815, 28.340351], [85.485584, 28.340134]], [[85.353142, 28.208097], [85.353193, 28.208074], [85.353196, 28.208094], [85.353142, 28.208097]], [[85.305938, 28.137289], [85.305988, 28.137267], [85.305991, 28.137286], [85.305938, 28.137289]], [[85.305541, 28.137041], [85.305647, 28.137075], [85.305647, 28.137165], [85.305494, 28.137096], [85.305541, 28.137041]], [[85.27097, 28.103835], [85.270978, 28.10383], [85.270974, 28.103849], [85.27097, 28.103835]], [[85.12818, 27.877893], [85.128235, 27.877906], [85.128184, 27.87791], [85.12818, 27.877893]], [[84.833896, 27.81493], [84.834403, 27.814046], [84.834483, 27.813991], [84.834604, 27.814369], [84.834554, 27.814543], [84.834367, 27.814724], [84.833896, 27.81493]], [[84.802168, 27.814923], [84.802285, 27.814766], [84.802859, 27.814791], [84.803668, 27.815097], [84.803948, 27.815374], [84.804173, 27.815767], [84.804094, 27.81626], [84.803872, 27.816299], [84.803457, 27.816205], [84.802713, 27.815857], [84.802202, 27.815392], [84.802168, 27.814923]], [[84.428108, 27.706245], [84.427863, 27.705713], [84.427429, 27.705186], [84.427445, 27.704808], [84.427608, 27.704594], [84.428902, 27.705698], [84.429251, 27.706439], [84.429494, 27.708878], [84.429389, 27.709894], [84.429224, 27.710374], [84.428911, 27.710245], [84.428691, 27.70864], [84.428108, 27.706245]], [[84.425914, 27.70623], [84.425625, 27.706018], [84.425108, 27.705337], [84.424417, 27.703624], [84.424805, 27.703621], [84.425269, 27.703811], [84.425651, 27.704108], [84.425962, 27.704522], [84.426115, 27.704931], [84.426246, 27.706021], [84.426207, 27.706158], [84.425914, 27.70623]], [[84.414207, 27.696826], [84.412248, 27.696794], [84.411682, 27.696719], [84.411211, 27.696522], [84.409874, 27.695716], [84.407959, 27.695254], [84.407315, 27.694982], [84.406677, 27.694374], [84.405834, 27.693952], [84.404941, 27.693042], [84.403663, 27.692276], [84.402621, 27.691391], [84.401947, 27.690472], [84.401918, 27.689383], [84.402249, 27.689083], [84.4025, 27.689021], [84.403412, 27.689163], [84.404124, 27.689392], [84.404944, 27.689785], [84.406873, 27.690891], [84.410684, 27.692697], [84.4126, 27.69375], [84.413944, 27.69469], [84.414812, 27.695511], [84.414855, 27.696185], [84.414207, 27.696826]], [[84.397793, 27.686193], [84.397301, 27.685317], [84.398281, 27.68553], [84.39887, 27.685857], [84.399915, 27.686103], [84.401168, 27.686722], [84.401732, 27.687183], [84.400579, 27.687444], [84.399871, 27.687076], [84.3984, 27.686587], [84.397793, 27.686193]], [[84.392636, 27.685437], [84.3921, 27.685382], [84.391531, 27.685085], [84.390376, 27.684702], [84.388509, 27.683617], [84.3867, 27.682966], [84.386058, 27.682655], [84.384963, 27.681707], [84.384363, 27.680688], [84.384043, 27.680344], [84.384121, 27.680152], [84.384507, 27.679788], [84.384861, 27.679635], [84.38634, 27.679779], [84.387025, 27.680228], [84.388146, 27.680731], [84.389067, 27.681268], [84.390295, 27.682123], [84.391169, 27.682958], [84.392909, 27.685226], [84.39292, 27.685327], [84.392636, 27.685437]], [[84.380563, 27.679944], [84.37899, 27.679885], [84.378947, 27.679869], [84.379475, 27.679542], [84.380256, 27.679314], [84.381758, 27.67934], [84.381693, 27.679502], [84.381282, 27.679789], [84.380563, 27.679944]], [[84.376492, 27.682626], [84.377404, 27.682644], [84.377581, 27.682869], [84.377634, 27.683143], [84.377124, 27.683431], [84.374841, 27.684326], [84.373822, 27.684546], [84.372779, 27.684582], [84.373114, 27.683982], [84.373499, 27.683505], [84.374066, 27.68304], [84.374725, 27.682643], [84.375455, 27.682309], [84.376492, 27.682626]], [[84.66528, 27.809141], [84.66582, 27.809322], [84.665654, 27.809442], [84.665629, 27.809548], [84.665959, 27.809972], [84.665964, 27.810388], [84.665428, 27.81027], [84.665056, 27.809929], [84.664996, 27.809403], [84.66509, 27.809243], [84.66528, 27.809141]], [[85.109602, 27.858224], [85.109651, 27.858206], [85.109601, 27.858235], [85.109602, 27.858224]], [[85.166739, 27.889546], [85.167429, 27.889837], [85.167777, 27.890083], [85.168144, 27.89045], [85.168365, 27.890932], [85.168556, 27.891144], [85.169994, 27.891783], [85.1708, 27.892312], [85.171351, 27.892829], [85.171419, 27.89302], [85.17138, 27.893177], [85.170586, 27.893172], [85.169364, 27.892791], [85.168375, 27.892905], [85.167617, 27.893306], [85.16724, 27.893384], [85.166642, 27.893344], [85.166159, 27.893057], [85.165932, 27.892821], [85.165735, 27.892315], [85.165253, 27.89177], [85.16505, 27.891624], [85.164646, 27.891525], [85.164559, 27.891373], [85.16479, 27.891093], [85.165253, 27.890869], [85.165932, 27.89003], [85.16652, 27.889617], [85.166739, 27.889546]], [[85.165823, 27.892962], [85.165799, 27.892915], [85.16578, 27.892863], [85.165801, 27.892902], [85.165823, 27.892962]], [[85.173109, 27.884312], [85.174682, 27.884615], [85.174708, 27.884849], [85.174305, 27.885627], [85.173412, 27.885735], [85.173074, 27.885571], [85.172913, 27.885252], [85.172629, 27.885043], [85.172587, 27.884715], [85.17273, 27.884373], [85.173109, 27.884312]], [[85.180266, 27.883985], [85.181465, 27.883873], [85.181554, 27.883958], [85.181449, 27.884056], [85.180736, 27.884057], [85.179972, 27.884231], [85.180266, 27.883985]], [[85.173632, 27.895917], [85.173351, 27.895938], [85.173067, 27.895546], [85.173029, 27.895286], [85.173128, 27.895132], [85.173277, 27.895181], [85.17343, 27.89544], [85.173629, 27.895595], [85.173632, 27.895917]], [[85.174436, 27.895922], [85.174602, 27.895993], [85.174992, 27.896534], [85.175219, 27.896491], [85.175153, 27.896666], [85.175411, 27.897026], [85.175519, 27.896951], [85.17541, 27.896704], [85.175516, 27.896544], [85.175982, 27.896861], [85.17625, 27.89737], [85.176289, 27.89761], [85.176145, 27.897613], [85.175575, 27.897365], [85.174774, 27.896751], [85.174395, 27.896223], [85.174436, 27.895922]], [[85.177069, 27.897307], [85.177652, 27.897414], [85.17803, 27.897672], [85.178191, 27.897952], [85.178257, 27.89836], [85.178447, 27.89864], [85.177685, 27.898569], [85.177324, 27.898361], [85.176897, 27.897691], [85.176905, 27.897386], [85.177069, 27.897307]], [[85.178832, 27.898693], [85.179516, 27.898676], [85.180314, 27.898919], [85.180355, 27.899187], [85.180886, 27.899408], [85.180918, 27.899556], [85.180709, 27.899613], [85.179629, 27.89943], [85.179126, 27.899005], [85.179075, 27.89878], [85.178908, 27.898849], [85.17882, 27.898809], [85.178832, 27.898693]], [[85.178239, 27.89908], [85.178154, 27.899118], [85.178175, 27.899061], [85.178239, 27.89908]], [[85.182035, 27.899515], [85.18224, 27.899464], [85.182269, 27.899505], [85.182035, 27.899515]], [[85.18172, 27.89922], [85.181294, 27.899027], [85.181221, 27.898907], [85.18128, 27.898794], [85.181568, 27.898748], [85.181918, 27.898926], [85.181981, 27.899122], [85.18172, 27.89922]], [[85.181038, 27.89922], [85.180941, 27.899177], [85.180968, 27.899073], [85.181099, 27.899164], [85.181038, 27.89922]], [[85.179152, 27.89788], [85.179288, 27.897813], [85.179456, 27.897994], [85.179273, 27.898011], [85.179152, 27.89788]], [[85.17869, 27.897815], [85.178602, 27.897844], [85.178628, 27.89779], [85.17869, 27.897815]], [[85.178267, 27.897468], [85.178405, 27.897505], [85.178389, 27.897613], [85.178186, 27.897544], [85.178267, 27.897468]], [[85.177525, 27.896736], [85.17761, 27.896698], [85.177589, 27.896755], [85.177525, 27.896736]], [[85.17501, 27.89626], [85.175095, 27.896222], [85.175074, 27.896279], [85.17501, 27.89626]], [[85.18417, 27.899893], [85.184759, 27.900044], [85.184756, 27.900218], [85.184067, 27.90016], [85.18392, 27.90004], [85.183961, 27.899955], [85.18417, 27.899893]], [[85.181309, 27.900257], [85.181371, 27.900323], [85.181303, 27.900317], [85.181309, 27.900257]], [[85.182346, 27.90027], [85.182447, 27.900324], [85.18259, 27.900776], [85.181968, 27.900628], [85.181774, 27.900517], [85.181926, 27.900364], [85.182346, 27.90027]], [[85.180445, 27.900782], [85.180259, 27.900855], [85.18016, 27.900768], [85.180367, 27.900648], [85.180461, 27.900688], [85.180445, 27.900782]], [[85.182825, 27.900706], [85.18291, 27.900668], [85.182889, 27.900724], [85.182825, 27.900706]], [[85.19482, 27.90045], [85.195186, 27.900434], [85.195257, 27.900538], [85.195097, 27.900613], [85.19492, 27.900562], [85.19482, 27.90045]], [[85.196381, 27.900406], [85.196403, 27.900235], [85.196574, 27.900298], [85.19664, 27.900113], [85.196863, 27.900121], [85.19681, 27.900277], [85.196861, 27.900467], [85.196602, 27.900488], [85.196381, 27.900406]], [[85.197401, 27.900221], [85.197598, 27.899908], [85.197714, 27.89989], [85.197801, 27.899964], [85.197811, 27.900114], [85.197711, 27.900223], [85.197317, 27.900393], [85.197146, 27.900372], [85.197153, 27.900291], [85.197401, 27.900221]], [[85.195994, 27.900228], [85.196046, 27.900115], [85.196179, 27.900112], [85.196165, 27.900155], [85.195994, 27.900228]], [[85.193962, 27.899748], [85.19405, 27.899718], [85.194024, 27.899773], [85.193962, 27.899748]], [[85.198051, 27.899624], [85.198765, 27.899058], [85.198876, 27.899035], [85.198897, 27.89937], [85.198759, 27.899549], [85.198105, 27.899752], [85.198028, 27.899712], [85.198051, 27.899624]], [[85.197424, 27.899577], [85.197096, 27.899605], [85.197059, 27.899546], [85.197163, 27.899468], [85.197328, 27.899471], [85.197424, 27.899577]], [[85.199478, 27.898437], [85.199511, 27.898483], [85.199377, 27.898568], [85.199371, 27.898524], [85.199478, 27.898437]], [[85.220692, 27.896917], [85.220679, 27.896836], [85.220732, 27.896869], [85.220692, 27.896917]], [[85.226937, 27.896482], [85.227235, 27.896402], [85.227166, 27.896237], [85.226969, 27.896202], [85.226537, 27.896355], [85.225568, 27.896362], [85.224811, 27.89648], [85.224276, 27.896333], [85.223936, 27.896176], [85.223896, 27.896094], [85.224191, 27.895903], [85.225141, 27.895735], [85.225752, 27.895727], [85.226089, 27.895795], [85.226428, 27.895591], [85.226781, 27.895703], [85.227383, 27.895497], [85.228113, 27.895893], [85.228182, 27.896006], [85.228129, 27.89609], [85.227729, 27.896192], [85.227351, 27.896153], [85.227348, 27.896366], [85.227462, 27.89642], [85.227792, 27.896369], [85.227992, 27.896473], [85.228318, 27.896329], [85.228315, 27.896545], [85.228673, 27.89683], [85.228715, 27.897], [85.228449, 27.897078], [85.227922, 27.896928], [85.227517, 27.896896], [85.226911, 27.896584], [85.226937, 27.896482]], [[85.228845, 27.896331], [85.228858, 27.896231], [85.229038, 27.89614], [85.229853, 27.896049], [85.229979, 27.89611], [85.230124, 27.896393], [85.229968, 27.896569], [85.229706, 27.896659], [85.229284, 27.896567], [85.228845, 27.896331]], [[85.227331, 27.895326], [85.227322, 27.895253], [85.227461, 27.895273], [85.227435, 27.895323], [85.227331, 27.895326]], [[85.237071, 27.892309], [85.237296, 27.892382], [85.237294, 27.89253], [85.236863, 27.892672], [85.236482, 27.892577], [85.236623, 27.89243], [85.237071, 27.892309]], [[85.248939, 27.89173], [85.249027, 27.8917], [85.249001, 27.891754], [85.248939, 27.89173]], [[85.250052, 27.891212], [85.250097, 27.891326], [85.249962, 27.89135], [85.249947, 27.891298], [85.250052, 27.891212]], [[85.250273, 27.89065], [85.250359, 27.890767], [85.250157, 27.890868], [85.250123, 27.890758], [85.250273, 27.89065]], [[85.250705, 27.890774], [85.250507, 27.890531], [85.250797, 27.890747], [85.250705, 27.890774]], [[85.251013, 27.889573], [85.251093, 27.889746], [85.250935, 27.890026], [85.250408, 27.890231], [85.250237, 27.890211], [85.250229, 27.890113], [85.250385, 27.889955], [85.251013, 27.889573]], [[85.254183, 27.888346], [85.254241, 27.888406], [85.254197, 27.888496], [85.254147, 27.888445], [85.254183, 27.888346]], [[85.254401, 27.887724], [85.254493, 27.887778], [85.254475, 27.88792], [85.254282, 27.888151], [85.254123, 27.888164], [85.254098, 27.888042], [85.254401, 27.887724]], [[85.26351, 27.882772], [85.263651, 27.882715], [85.263656, 27.882768], [85.26351, 27.882772]], [[85.223079, 27.899515], [85.222752, 27.899033], [85.222859, 27.898845], [85.222955, 27.898871], [85.223049, 27.89903], [85.223147, 27.899404], [85.223079, 27.899515]], [[85.229503, 27.904355], [85.229312, 27.904286], [85.22929, 27.904247], [85.22941, 27.904234], [85.229503, 27.904355]], [[85.242007, 27.905375], [85.241889, 27.905371], [85.241856, 27.90536], [85.24195, 27.905338], [85.242007, 27.905375]], [[85.242352, 27.90541], [85.242361, 27.905414], [85.242331, 27.90541], [85.242352, 27.90541]], [[85.242958, 27.905494], [85.242981, 27.905518], [85.242887, 27.905494], [85.242958, 27.905494]], [[85.2714, 27.9144], [85.271879, 27.91456], [85.271889, 27.914665], [85.271562, 27.914733], [85.271416, 27.914652], [85.271326, 27.914484], [85.2714, 27.9144]], [[85.273317, 27.914465], [85.273375, 27.914525], [85.273331, 27.914615], [85.273281, 27.914564], [85.273317, 27.914465]], [[85.275013, 27.915021], [85.274823, 27.914958], [85.27487, 27.914792], [85.275156, 27.914835], [85.275147, 27.914971], [85.275013, 27.915021]], [[85.299927, 27.91651], [85.29974, 27.916389], [85.299666, 27.916068], [85.299807, 27.916117], [85.300005, 27.916379], [85.299927, 27.91651]], [[85.183206, 27.901762], [85.183053, 27.901733], [85.18303, 27.901627], [85.183156, 27.901531], [85.183328, 27.901542], [85.183407, 27.901668], [85.183206, 27.901762]]]]}}]}
