{"type": "FeatureCollection", "name": "mapping-projects", "crs": {"type": "name", "properties": {"name": "urn:ogc:def:crs:OGC:1.3:CRS84"}}, "xy_coordinate_resolution": 1e-06, "features": [{"type": "Feature", "properties": {"project_id": 62904, "name": "Nepal Flood 2026 Response - Upper Trishuli and Bhote Koshi Corridor", "reach_label": "Upper Trishuli project", "status": "ARCHIVED", "percent_mapped": 62, "percent_validated": 6, "total_contributors": 88, "mapping_types": "['BUILDINGS' 'ROADS' 'OTHER']", "km_start": 9.1, "km_end": 78.9, "source": "Humanitarian OpenStreetMap Team, Nepal Flood 2026 Flood Affected Area", "source_url": "https://data.humdata.org/dataset/hot_flood_npl", "licence": "ODbL 1.0, (c) OpenStreetMap contributors", "retrieved": "2026-09-05", "tier": "observed"}, "geometry": {"type": "Polygon", "coordinates": [[[85.05814, 27.868899], [85.059454, 27.869071], [85.061032, 27.869074], [85.06291, 27.868883], [85.064824, 27.868397], [85.066839, 27.867489], [85.069032, 27.86616], [85.070173, 27.865292], [85.071703, 27.863808], [85.072772, 27.863238], [85.074888, 27.864147], [85.076268, 27.864596], [85.077859, 27.864882], [85.079773, 27.865011], [85.081081, 27.865203], [85.081687, 27.865888], [85.082611, 27.866736], [85.083652, 27.867469], [85.084406, 27.867887], [85.086535, 27.868795], [85.088514, 27.86923], [85.091016, 27.86947], [85.093988, 27.869271], [85.097495, 27.868743], [85.099952, 27.868108], [85.10212, 27.867661], [85.103373, 27.870849], [85.103822, 27.871728], [85.105113, 27.873536], [85.106101, 27.874668], [85.107315, 27.875776], [85.108589, 27.876711], [85.111201, 27.878368], [85.112049, 27.878806], [85.113475, 27.879352], [85.115525, 27.880881], [85.116166, 27.882899], [85.116746, 27.884184], [85.117824, 27.885906], [85.118855, 27.887227], [85.120439, 27.888834], [85.122282, 27.89042], [85.123734, 27.891547], [85.125676, 27.892789], [85.125549, 27.895112], [85.125632, 27.896145], [85.126102, 27.898301], [85.126577, 27.899827], [85.12679, 27.901262], [85.127059, 27.902324], [85.127507, 27.903435], [85.128408, 27.9049], [85.128968, 27.905978], [85.128385, 27.906572], [85.127373, 27.907337], [85.126826, 27.907847], [85.125724, 27.909062], [85.125203, 27.909816], [85.124636, 27.910883], [85.124231, 27.912007], [85.124001, 27.913109], [85.123842, 27.915105], [85.123952, 27.916281], [85.124234, 27.917433], [85.124683, 27.918544], [85.125291, 27.919593], [85.126048, 27.920562], [85.12721, 27.921704], [85.128284, 27.922557], [85.129678, 27.923429], [85.130431, 27.92379], [85.132316, 27.924523], [85.134287, 27.925138], [85.135829, 27.926546], [85.136681, 27.927196], [85.138533, 27.928409], [85.138609, 27.929957], [85.1388, 27.930989], [85.139166, 27.932123], [85.139677, 27.933175], [85.140243, 27.935486], [85.140676, 27.936588], [85.141155, 27.93753], [85.141839, 27.938542], [85.14289, 27.939683], [85.144745, 27.941087], [85.146487, 27.941944], [85.148395, 27.942515], [85.149612, 27.944147], [85.150365, 27.946212], [85.15131, 27.948131], [85.152298, 27.949841], [85.152329, 27.950658], [85.151947, 27.953069], [85.1519, 27.954135], [85.151961, 27.955019], [85.152342, 27.95678], [85.152679, 27.957783], [85.153209, 27.958864], [85.153704, 27.959633], [85.154805, 27.96093], [85.155847, 27.961904], [85.157105, 27.962761], [85.159231, 27.963934], [85.160258, 27.965543], [85.161623, 27.96729], [85.162774, 27.96848], [85.163756, 27.969348], [85.164626, 27.970005], [85.165981, 27.97086], [85.167164, 27.971398], [85.168632, 27.971903], [85.169756, 27.973557], [85.170782, 27.974732], [85.171573, 27.975491], [85.171654, 27.976314], [85.170891, 27.978007], [85.170543, 27.978998], [85.170292, 27.979956], [85.170144, 27.981056], [85.170096, 27.982277], [85.170258, 27.984539], [85.169927, 27.986848], [85.169888, 27.987855], [85.169957, 27.988793], [85.170357, 27.990708], [85.170806, 27.991819], [85.171895, 27.993554], [85.172417, 27.995597], [85.172866, 27.996707], [85.174113, 27.998695], [85.173718, 28.00127], [85.173692, 28.002155], [85.173806, 28.003977], [85.173421, 28.005759], [85.173352, 28.006799], [85.173579, 28.01177], [85.173705, 28.012648], [85.173924, 28.01347], [85.175151, 28.017075], [85.175882, 28.018776], [85.175454, 28.020698], [85.175384, 28.021692], [85.175403, 28.023161], [85.175514, 28.024225], [85.175777, 28.025325], [85.176238, 28.026668], [85.177053, 28.028344], [85.178386, 28.030133], [85.179023, 28.030847], [85.180277, 28.032012], [85.18132, 28.032744], [85.182462, 28.03335], [85.183669, 28.033813], [85.183503, 28.03673], [85.183637, 28.039929], [85.183879, 28.041488], [85.18415, 28.042559], [85.1846, 28.043669], [85.185038, 28.044465], [85.186473, 28.046422], [85.187494, 28.047521], [85.188532, 28.048348], [85.1916, 28.050438], [85.192516, 28.051201], [85.193017, 28.052485], [85.193547, 28.053565], [85.194232, 28.054575], [85.19503, 28.05547], [85.196031, 28.056411], [85.197168, 28.057312], [85.19808, 28.058163], [85.197736, 28.06025], [85.196152, 28.062705], [85.195666, 28.063803], [85.195177, 28.065759], [85.195059, 28.066787], [85.195068, 28.067843], [85.19534, 28.069735], [85.195901, 28.071318], [85.1968, 28.07294], [85.197559, 28.073909], [85.198405, 28.074781], [85.199199, 28.076925], [85.199637, 28.07772], [85.200127, 28.078417], [85.201518, 28.080087], [85.202953, 28.081315], [85.204049, 28.081985], [85.205973, 28.082831], [85.207227, 28.083271], [85.208245, 28.083878], [85.209465, 28.084789], [85.212183, 28.087402], [85.213899, 28.088647], [85.216754, 28.090076], [85.219514, 28.091215], [85.22106, 28.09295], [85.222045, 28.093857], [85.223622, 28.094918], [85.225702, 28.09656], [85.226446, 28.097066], [85.227677, 28.09771], [85.229057, 28.098302], [85.230628, 28.098809], [85.232376, 28.099214], [85.234904, 28.099924], [85.237828, 28.1003], [85.239222, 28.100852], [85.240503, 28.101174], [85.242361, 28.101394], [85.243255, 28.10143], [85.245579, 28.101341], [85.247415, 28.101127], [85.248186, 28.101264], [85.250705, 28.102399], [85.252366, 28.103063], [85.25361, 28.103455], [85.254969, 28.103761], [85.255669, 28.104321], [85.256944, 28.10595], [85.259959, 28.108755], [85.260695, 28.109322], [85.261713, 28.109962], [85.263325, 28.110745], [85.264723, 28.112449], [85.265795, 28.113428], [85.267006, 28.114299], [85.268402, 28.115028], [85.269004, 28.115633], [85.26969, 28.11649], [85.270826, 28.117567], [85.27187, 28.118299], [85.273014, 28.118904], [85.273606, 28.119313], [85.274184, 28.120295], [85.274944, 28.121264], [85.27604, 28.12239], [85.278291, 28.124067], [85.280672, 28.125489], [85.281578, 28.126368], [85.283423, 28.127855], [85.284718, 28.129053], [85.28619, 28.130178], [85.287453, 28.13135], [85.289142, 28.132559], [85.29082, 28.133555], [85.291066, 28.134465], [85.291518, 28.135575], [85.291957, 28.13637], [85.293478, 28.138311], [85.294593, 28.139351], [85.295798, 28.141685], [85.296956, 28.143471], [85.297894, 28.14458], [85.300267, 28.146795], [85.301106, 28.147437], [85.303473, 28.149028], [85.305133, 28.150018], [85.306166, 28.151095], [85.308215, 28.152612], [85.309359, 28.153216], [85.311168, 28.153939], [85.312525, 28.154864], [85.314288, 28.155821], [85.316288, 28.157274], [85.318867, 28.158565], [85.319674, 28.159042], [85.323102, 28.16224], [85.326529, 28.164495], [85.328221, 28.165769], [85.328926, 28.166439], [85.329612, 28.167445], [85.330218, 28.168149], [85.331148, 28.168996], [85.332478, 28.170035], [85.332483, 28.172134], [85.332697, 28.173868], [85.332536, 28.17535], [85.3326, 28.17851], [85.332543, 28.181506], [85.332841, 28.183255], [85.333252, 28.184378], [85.335017, 28.187922], [85.335459, 28.18871], [85.336027, 28.189508], [85.336315, 28.190483], [85.336808, 28.19158], [85.337458, 28.19261], [85.338928, 28.194413], [85.340432, 28.198057], [85.341457, 28.200202], [85.341943, 28.20108], [85.342774, 28.202189], [85.343213, 28.204068], [85.343544, 28.205931], [85.344212, 28.207574], [85.344049, 28.208627], [85.344031, 28.209808], [85.344169, 28.211775], [85.344576, 28.213621], [85.344521, 28.214863], [85.34459, 28.216042], [85.344913, 28.217724], [85.345519, 28.219569], [85.346436, 28.22114], [85.348255, 28.223268], [85.348669, 28.223992], [85.349395, 28.224983], [85.350925, 28.226683], [85.350948, 28.227882], [85.350554, 28.229091], [85.35034, 28.230557], [85.348563, 28.234211], [85.348111, 28.235608], [85.347919, 28.236776], [85.347866, 28.238357], [85.348026, 28.239854], [85.347962, 28.242159], [85.348031, 28.243338], [85.348273, 28.244499], [85.348893, 28.246195], [85.349811, 28.247766], [85.351017, 28.249257], [85.352511, 28.250618], [85.353557, 28.251349], [85.354435, 28.251839], [85.354611, 28.253822], [85.35569, 28.259769], [85.356413, 28.261547], [85.357242, 28.262926], [85.358414, 28.26424], [85.359902, 28.265492], [85.361584, 28.266447], [85.362921, 28.266946], [85.363418, 28.268054], [85.36432, 28.269544], [85.365117, 28.27049], [85.367015, 28.272176], [85.367467, 28.272994], [85.367369, 28.273603], [85.366948, 28.27481], [85.36667, 28.275965], [85.366565, 28.277142], [85.366672, 28.278627], [85.366915, 28.279788], [85.367326, 28.28091], [85.368306, 28.282809], [85.369032, 28.283799], [85.370378, 28.285106], [85.371987, 28.286156], [85.373796, 28.286908], [85.375079, 28.287229], [85.377065, 28.287426], [85.379056, 28.287276], [85.380977, 28.286785], [85.382751, 28.285972], [85.38382, 28.285266], [85.385206, 28.283991], [85.386284, 28.282502], [85.387012, 28.280854], [85.387376, 28.279047], [85.387345, 28.277341], [85.387794, 28.274516], [85.38788, 28.272856], [85.387852, 28.27078], [85.387553, 28.26903], [85.38696, 28.267087], [85.386609, 28.266224], [85.385722, 28.264696], [85.384878, 28.262957], [85.383845, 28.261442], [85.382381, 28.259964], [85.381804, 28.258612], [85.381153, 28.257582], [85.380355, 28.256636], [85.377558, 28.254192], [85.376424, 28.252961], [85.374966, 28.251866], [85.375108, 28.25046], [85.374997, 28.248473], [85.374755, 28.247312], [85.374343, 28.24619], [85.37377, 28.245124], [85.372813, 28.243726], [85.37204, 28.242263], [85.371394, 28.241242], [85.370147, 28.23986], [85.368562, 28.238667], [85.369399, 28.237089], [85.37016, 28.235234], [85.370659, 28.232817], [85.371172, 28.23084], [85.371434, 28.228634], [85.371332, 28.22715], [85.371502, 28.226356], [85.371607, 28.225179], [85.371583, 28.223726], [85.371427, 28.222554], [85.371154, 28.221564], [85.370567, 28.219966], [85.369456, 28.218016], [85.368026, 28.216193], [85.366116, 28.214545], [85.365081, 28.213071], [85.364803, 28.210892], [85.364485, 28.209722], [85.364974, 28.207306], [85.364994, 28.20565], [85.364925, 28.204694], [85.364682, 28.203533], [85.364271, 28.202411], [85.363698, 28.201345], [85.363223, 28.200647], [85.36292, 28.19943], [85.362736, 28.198095], [85.362408, 28.196951], [85.36117, 28.194193], [85.360213, 28.192628], [85.359607, 28.191894], [85.358099, 28.188203], [85.356987, 28.185989], [85.356336, 28.184959], [85.355614, 28.184056], [85.355101, 28.182524], [85.354528, 28.181458], [85.353264, 28.179847], [85.352954, 28.179219], [85.352915, 28.176406], [85.353069, 28.175676], [85.353174, 28.174499], [85.353127, 28.173499], [85.352855, 28.17125], [85.3529, 28.169839], [85.3528, 28.168449], [85.352987, 28.167304], [85.352997, 28.165521], [85.352841, 28.164348], [85.352514, 28.163204], [85.351901, 28.16178], [85.351328, 28.160715], [85.350603, 28.159724], [85.349448, 28.158496], [85.348459, 28.157706], [85.346907, 28.156794], [85.345626, 28.154815], [85.34502, 28.154112], [85.344091, 28.153266], [85.342342, 28.152053], [85.341379, 28.151504], [85.339912, 28.150806], [85.337976, 28.14946], [85.337143, 28.149006], [85.335731, 28.147768], [85.334689, 28.146536], [85.333722, 28.145596], [85.33262, 28.144699], [85.33128, 28.14391], [85.327977, 28.142399], [85.325897, 28.140965], [85.324288, 28.139999], [85.322114, 28.138517], [85.321248, 28.137222], [85.320487, 28.136254], [85.319831, 28.135587], [85.318675, 28.134684], [85.317848, 28.134149], [85.316603, 28.133482], [85.31538, 28.133015], [85.313875, 28.132654], [85.313274, 28.131774], [85.312129, 28.129657], [85.310417, 28.127186], [85.30979, 28.125586], [85.309179, 28.124538], [85.308419, 28.12357], [85.307702, 28.122848], [85.305113, 28.120431], [85.303606, 28.119156], [85.302459, 28.118341], [85.301303, 28.117715], [85.300303, 28.116794], [85.298371, 28.11536], [85.297263, 28.114345], [85.296553, 28.113818], [85.294797, 28.112149], [85.293223, 28.111016], [85.29139, 28.110109], [85.289796, 28.107952], [85.288742, 28.106811], [85.287748, 28.106016], [85.284943, 28.104063], [85.281701, 28.100948], [85.280657, 28.100216], [85.279879, 28.099791], [85.278582, 28.098317], [85.277654, 28.097471], [85.274908, 28.095565], [85.272868, 28.094287], [85.272163, 28.093308], [85.271364, 28.092414], [85.269969, 28.091168], [85.268526, 28.089581], [85.267538, 28.08879], [85.266442, 28.08812], [85.264451, 28.087264], [85.261648, 28.086451], [85.259499, 28.086098], [85.255993, 28.084581], [85.253174, 28.083748], [85.251276, 28.083315], [85.249756, 28.083102], [85.24703, 28.083054], [85.244772, 28.083132], [85.244026, 28.082867], [85.242745, 28.082545], [85.238967, 28.082139], [85.237786, 28.081815], [85.236721, 28.081092], [85.235126, 28.079034], [85.234381, 28.078287], [85.232872, 28.077045], [85.231604, 28.076244], [85.230455, 28.075635], [85.227627, 28.07464], [85.225724, 28.073804], [85.223232, 28.07148], [85.220402, 28.069401], [85.217679, 28.067743], [85.21722, 28.067157], [85.216991, 28.06641], [85.217947, 28.063428], [85.21863, 28.06021], [85.218698, 28.059151], [85.218498, 28.054506], [85.218391, 28.053575], [85.218108, 28.052423], [85.217658, 28.051313], [85.21722, 28.050517], [85.215019, 28.0474], [85.212921, 28.045365], [85.21175, 28.044446], [85.210817, 28.042529], [85.210322, 28.04176], [85.209759, 28.04107], [85.208521, 28.039762], [85.207083, 28.038424], [85.204976, 28.036726], [85.203885, 28.036037], [85.20419, 28.034399], [85.204375, 28.032914], [85.204415, 28.031897], [85.204304, 28.030722], [85.204021, 28.029569], [85.20242, 28.025599], [85.201426, 28.02347], [85.200851, 28.022496], [85.200152, 28.02159], [85.199058, 28.0204], [85.197315, 28.018735], [85.197132, 28.01701], [85.196667, 28.014916], [85.196218, 28.013806], [85.19578, 28.01301], [85.194492, 28.011267], [85.193884, 28.009672], [85.193799, 28.008022], [85.194385, 28.006258], [85.194621, 28.005096], [85.194684, 28.003918], [85.194589, 28.002746], [85.195651, 28.000395], [85.195934, 27.999546], [85.19617, 27.998385], [85.196237, 27.997299], [85.196102, 27.995417], [85.195819, 27.994265], [85.195369, 27.993154], [85.194384, 27.991543], [85.193023, 27.989885], [85.192903, 27.98876], [85.192621, 27.987607], [85.192171, 27.986497], [85.191733, 27.985702], [85.190823, 27.984406], [85.190605, 27.983186], [85.191443, 27.980615], [85.191806, 27.979101], [85.193352, 27.976758], [85.193879, 27.975751], [85.194283, 27.974627], [85.194519, 27.973466], [85.194603, 27.972279], [85.194576, 27.971126], [85.194379, 27.969959], [85.194125, 27.969103], [85.193361, 27.967386], [85.192764, 27.966364], [85.192006, 27.965395], [85.191352, 27.964727], [85.189214, 27.96311], [85.188073, 27.962505], [85.186102, 27.961633], [85.185532, 27.9608], [85.184458, 27.959506], [85.183828, 27.958873], [85.182653, 27.957899], [85.181559, 27.957229], [85.179988, 27.956498], [85.17752, 27.955625], [85.176814, 27.954226], [85.17591, 27.952789], [85.174511, 27.951129], [85.173084, 27.949846], [85.173153, 27.947175], [85.173041, 27.94616], [85.17251, 27.94424], [85.172111, 27.943295], [85.171623, 27.942419], [85.171025, 27.941519], [85.169468, 27.939613], [85.168808, 27.937717], [85.167988, 27.936024], [85.166101, 27.933567], [85.165768, 27.932915], [85.165541, 27.932204], [85.16511, 27.930459], [85.164244, 27.928599], [85.163709, 27.927706], [85.162964, 27.92675], [85.16143, 27.925089], [85.161558, 27.923487], [85.161448, 27.922311], [85.161244, 27.921398], [85.160644, 27.919502], [85.160114, 27.91842], [85.159429, 27.917409], [85.158826, 27.916705], [85.157901, 27.915858], [85.156699, 27.914987], [85.155561, 27.914285], [85.154378, 27.913747], [85.150748, 27.912455], [85.148998, 27.911993], [85.148521, 27.911381], [85.1488, 27.910334], [85.149957, 27.908145], [85.150357, 27.907043], [85.150609, 27.906059], [85.15084, 27.904243], [85.150836, 27.902372], [85.150725, 27.901307], [85.150535, 27.900438], [85.150028, 27.89906], [85.149231, 27.897603], [85.148167, 27.896209], [85.146367, 27.89454], [85.146939, 27.89301], [85.147159, 27.892146], [85.147307, 27.89104], [85.147312, 27.889004], [85.146998, 27.887291], [85.14664, 27.886193], [85.146262, 27.885374], [85.145167, 27.883701], [85.144534, 27.882918], [85.143402, 27.88184], [85.139526, 27.879224], [85.137042, 27.877676], [85.136055, 27.876878], [85.135962, 27.874586], [85.135669, 27.873114], [85.135455, 27.872464], [85.1347, 27.870816], [85.134017, 27.869804], [85.133413, 27.8691], [85.131798, 27.867686], [85.130161, 27.866604], [85.128979, 27.866065], [85.126369, 27.865283], [85.124476, 27.864167], [85.122606, 27.863199], [85.121932, 27.86271], [85.121577, 27.861636], [85.121153, 27.860663], [85.120163, 27.858776], [85.119658, 27.858048], [85.117739, 27.855691], [85.116814, 27.854843], [85.114721, 27.853421], [85.11358, 27.852344], [85.111476, 27.85097], [85.109841, 27.850218], [85.108457, 27.849768], [85.104696, 27.849147], [85.102134, 27.849148], [85.100694, 27.849224], [85.098063, 27.849727], [85.095516, 27.850347], [85.092673, 27.848748], [85.090908, 27.84808], [85.088782, 27.847522], [85.086599, 27.847075], [85.085275, 27.846979], [85.083357, 27.847009], [85.081998, 27.846105], [85.080234, 27.845148], [85.078758, 27.844605], [85.077035, 27.84417], [85.075721, 27.843998], [85.074752, 27.843973], [85.07199, 27.844076], [85.069799, 27.84438], [85.068369, 27.844717], [85.067497, 27.845008], [85.05814, 27.868899]]]}}, {"type": "Feature", "properties": {"project_id": 62970, "name": "Nepal Flood 2026 Response - Upper Trishuli and Bhote Koshi Corridor", "reach_label": "Upper Trishuli project", "status": "ARCHIVED", "percent_mapped": 14, "percent_validated": 0, "total_contributors": 40, "mapping_types": "['BUILDINGS' 'ROADS']", "km_start": 9.1, "km_end": 78.9, "source": "Humanitarian OpenStreetMap Team, Nepal Flood 2026 Flood Affected Area", "source_url": "https://data.humdata.org/dataset/hot_flood_npl", "licence": "ODbL 1.0, (c) OpenStreetMap contributors", "retrieved": "2026-09-05", "tier": "observed"}, "geometry": {"type": "Polygon", "coordinates": [[[85.067497, 27.845008], [85.05814, 27.868899], [85.059454, 27.869071], [85.061032, 27.869074], [85.06291, 27.868883], [85.064824, 27.868397], [85.066839, 27.867489], [85.069032, 27.86616], [85.070173, 27.865292], [85.071703, 27.863808], [85.072772, 27.863238], [85.074888, 27.864147], [85.076268, 27.864596], [85.077859, 27.864882], [85.079773, 27.865011], [85.081081, 27.865203], [85.081687, 27.865888], [85.082611, 27.866736], [85.083652, 27.867469], [85.084406, 27.867887], [85.086535, 27.868795], [85.088514, 27.86923], [85.091016, 27.86947], [85.093988, 27.869271], [85.097495, 27.868743], [85.099952, 27.868108], [85.10212, 27.867661], [85.103373, 27.870849], [85.103822, 27.871728], [85.105113, 27.873536], [85.106101, 27.874668], [85.107315, 27.875776], [85.108589, 27.876711], [85.111201, 27.878368], [85.112049, 27.878806], [85.113475, 27.879352], [85.115525, 27.880881], [85.116166, 27.882899], [85.116746, 27.884184], [85.117824, 27.885906], [85.118855, 27.887227], [85.120439, 27.888834], [85.122282, 27.89042], [85.123734, 27.891547], [85.125676, 27.892789], [85.125549, 27.895112], [85.125632, 27.896145], [85.126102, 27.898301], [85.126577, 27.899827], [85.12679, 27.901262], [85.127059, 27.902324], [85.127507, 27.903435], [85.128408, 27.9049], [85.128968, 27.905978], [85.128385, 27.906572], [85.127373, 27.907337], [85.126826, 27.907847], [85.125724, 27.909062], [85.125203, 27.909816], [85.124636, 27.910883], [85.124231, 27.912007], [85.124001, 27.913109], [85.123842, 27.915105], [85.123952, 27.916281], [85.124234, 27.917433], [85.124683, 27.918544], [85.125291, 27.919593], [85.126048, 27.920562], [85.12721, 27.921704], [85.128284, 27.922557], [85.129678, 27.923429], [85.130431, 27.92379], [85.132316, 27.924523], [85.134287, 27.925138], [85.135829, 27.926546], [85.136681, 27.927196], [85.138533, 27.928409], [85.138609, 27.929957], [85.1388, 27.930989], [85.139166, 27.932123], [85.139677, 27.933175], [85.140243, 27.935486], [85.140676, 27.936588], [85.141155, 27.93753], [85.141839, 27.938542], [85.14289, 27.939683], [85.144745, 27.941087], [85.146487, 27.941944], [85.148395, 27.942515], [85.149612, 27.944147], [85.150365, 27.946212], [85.15131, 27.948131], [85.152298, 27.949841], [85.152329, 27.950658], [85.151947, 27.953069], [85.1519, 27.954135], [85.151961, 27.955019], [85.152342, 27.95678], [85.152679, 27.957783], [85.153209, 27.958864], [85.153704, 27.959633], [85.154805, 27.96093], [85.155847, 27.961904], [85.157105, 27.962761], [85.159231, 27.963934], [85.160258, 27.965543], [85.161623, 27.96729], [85.162774, 27.96848], [85.163756, 27.969348], [85.164626, 27.970005], [85.165981, 27.97086], [85.167164, 27.971398], [85.168632, 27.971903], [85.169756, 27.973557], [85.170782, 27.974732], [85.171573, 27.975491], [85.171654, 27.976314], [85.170891, 27.978007], [85.170543, 27.978998], [85.170292, 27.979956], [85.170144, 27.981056], [85.170096, 27.982277], [85.170258, 27.984539], [85.169927, 27.986848], [85.169888, 27.987855], [85.169957, 27.988793], [85.170357, 27.990708], [85.170806, 27.991819], [85.171895, 27.993554], [85.172417, 27.995597], [85.172866, 27.996707], [85.174113, 27.998695], [85.173718, 28.00127], [85.173692, 28.002155], [85.173806, 28.003977], [85.173421, 28.005759], [85.173352, 28.006799], [85.173579, 28.01177], [85.173705, 28.012648], [85.173924, 28.01347], [85.175151, 28.017075], [85.175882, 28.018776], [85.175454, 28.020698], [85.175384, 28.021692], [85.175403, 28.023161], [85.175514, 28.024225], [85.175777, 28.025325], [85.176238, 28.026668], [85.177053, 28.028344], [85.178386, 28.030133], [85.179023, 28.030847], [85.180277, 28.032012], [85.18132, 28.032744], [85.182462, 28.03335], [85.183669, 28.033813], [85.183503, 28.03673], [85.183637, 28.039929], [85.183879, 28.041488], [85.18415, 28.042559], [85.1846, 28.043669], [85.185038, 28.044465], [85.186473, 28.046422], [85.187494, 28.047521], [85.188532, 28.048348], [85.1916, 28.050438], [85.192516, 28.051201], [85.193017, 28.052485], [85.193547, 28.053565], [85.194232, 28.054575], [85.19503, 28.05547], [85.196031, 28.056411], [85.197168, 28.057312], [85.19808, 28.058163], [85.197736, 28.06025], [85.196152, 28.062705], [85.195666, 28.063803], [85.195371, 28.064802], [85.195059, 28.066787], [85.195156, 28.06874], [85.195595, 28.070592], [85.196272, 28.072062], [85.1968, 28.07294], [85.197559, 28.073909], [85.198405, 28.074781], [85.199199, 28.076925], [85.199637, 28.07772], [85.20106, 28.079573], [85.201966, 28.080524], [85.203489, 28.081666], [85.204906, 28.082395], [85.207227, 28.083271], [85.208245, 28.083878], [85.209465, 28.084789], [85.212183, 28.087402], [85.213899, 28.088647], [85.216754, 28.090076], [85.219514, 28.091215], [85.22106, 28.09295], [85.222045, 28.093857], [85.223622, 28.094918], [85.225702, 28.09656], [85.226446, 28.097066], [85.227677, 28.09771], [85.229057, 28.098302], [85.230628, 28.098809], [85.232376, 28.099214], [85.234904, 28.099924], [85.237828, 28.1003], [85.239222, 28.100852], [85.240503, 28.101174], [85.242361, 28.101394], [85.243255, 28.10143], [85.245579, 28.101341], [85.247415, 28.101127], [85.248186, 28.101264], [85.250705, 28.102399], [85.252366, 28.103063], [85.25361, 28.103455], [85.254969, 28.103761], [85.255669, 28.104321], [85.256944, 28.10595], [85.259959, 28.108755], [85.260695, 28.109322], [85.261713, 28.109962], [85.263325, 28.110745], [85.264723, 28.112449], [85.265795, 28.113428], [85.267006, 28.114299], [85.268402, 28.115028], [85.269004, 28.115633], [85.26969, 28.11649], [85.270826, 28.117567], [85.27187, 28.118299], [85.273014, 28.118904], [85.273606, 28.119313], [85.274184, 28.120295], [85.274944, 28.121264], [85.27604, 28.12239], [85.278291, 28.124067], [85.280672, 28.125489], [85.281578, 28.126368], [85.283423, 28.127855], [85.284718, 28.129053], [85.28619, 28.130178], [85.287453, 28.13135], [85.289142, 28.132559], [85.29082, 28.133555], [85.291066, 28.134465], [85.291518, 28.135575], [85.291957, 28.13637], [85.293478, 28.138311], [85.294593, 28.139351], [85.295798, 28.141685], [85.296956, 28.143471], [85.297894, 28.14458], [85.300267, 28.146795], [85.301106, 28.147437], [85.303473, 28.149028], [85.305133, 28.150018], [85.306166, 28.151095], [85.308215, 28.152612], [85.309359, 28.153216], [85.311168, 28.153939], [85.312525, 28.154864], [85.314288, 28.155821], [85.316288, 28.157274], [85.318867, 28.158565], [85.319674, 28.159042], [85.323102, 28.16224], [85.326529, 28.164495], [85.328221, 28.165769], [85.328926, 28.166439], [85.329612, 28.167445], [85.330218, 28.168149], [85.331148, 28.168996], [85.332478, 28.170035], [85.332483, 28.172134], [85.332697, 28.173868], [85.332536, 28.17535], [85.3326, 28.17851], [85.332543, 28.181506], [85.332841, 28.183255], [85.333252, 28.184378], [85.335017, 28.187922], [85.335459, 28.18871], [85.336027, 28.189508], [85.336315, 28.190483], [85.336808, 28.19158], [85.337458, 28.19261], [85.338928, 28.194413], [85.340432, 28.198057], [85.341457, 28.200202], [85.341943, 28.20108], [85.342774, 28.202189], [85.343213, 28.204068], [85.343544, 28.205931], [85.344212, 28.207574], [85.344049, 28.208627], [85.344031, 28.209808], [85.344169, 28.211775], [85.344576, 28.213621], [85.344521, 28.214863], [85.34459, 28.216042], [85.344913, 28.217724], [85.345519, 28.219569], [85.346436, 28.22114], [85.348255, 28.223268], [85.348669, 28.223992], [85.349395, 28.224983], [85.350925, 28.226683], [85.350948, 28.227882], [85.350554, 28.229091], [85.35034, 28.230557], [85.348563, 28.234211], [85.348111, 28.235608], [85.347919, 28.236776], [85.347866, 28.238357], [85.348026, 28.239854], [85.347962, 28.242159], [85.348031, 28.243338], [85.348273, 28.244499], [85.348893, 28.246195], [85.349811, 28.247766], [85.351017, 28.249257], [85.352511, 28.250618], [85.353557, 28.251349], [85.354435, 28.251839], [85.354611, 28.253822], [85.35569, 28.259769], [85.356413, 28.261547], [85.357242, 28.262926], [85.358414, 28.26424], [85.359902, 28.265492], [85.361584, 28.266447], [85.362921, 28.266946], [85.363418, 28.268054], [85.36432, 28.269544], [85.365117, 28.27049], [85.367015, 28.272176], [85.367467, 28.272994], [85.367369, 28.273603], [85.366948, 28.27481], [85.36667, 28.275965], [85.366565, 28.277142], [85.366672, 28.278627], [85.366915, 28.279788], [85.367326, 28.28091], [85.368306, 28.282809], [85.369032, 28.283799], [85.370378, 28.285106], [85.371987, 28.286156], [85.373796, 28.286908], [85.375079, 28.287229], [85.377065, 28.287426], [85.379056, 28.287276], [85.380977, 28.286785], [85.382751, 28.285972], [85.38382, 28.285266], [85.385206, 28.283991], [85.386284, 28.282502], [85.387012, 28.280854], [85.387376, 28.279047], [85.387345, 28.277341], [85.387794, 28.274516], [85.38788, 28.272856], [85.387852, 28.27078], [85.387553, 28.26903], [85.38696, 28.267087], [85.386609, 28.266224], [85.385722, 28.264696], [85.384878, 28.262957], [85.383845, 28.261442], [85.382381, 28.259964], [85.381804, 28.258612], [85.381153, 28.257582], [85.380355, 28.256636], [85.377558, 28.254192], [85.376424, 28.252961], [85.374966, 28.251866], [85.375108, 28.25046], [85.374997, 28.248473], [85.374755, 28.247312], [85.374343, 28.24619], [85.37377, 28.245124], [85.372813, 28.243726], [85.37204, 28.242263], [85.371394, 28.241242], [85.370147, 28.23986], [85.368562, 28.238667], [85.369399, 28.237089], [85.37016, 28.235234], [85.370659, 28.232817], [85.371172, 28.23084], [85.371434, 28.228634], [85.371332, 28.22715], [85.371502, 28.226356], [85.371607, 28.225179], [85.371583, 28.223726], [85.371427, 28.222554], [85.371154, 28.221564], [85.370567, 28.219966], [85.369456, 28.218016], [85.368026, 28.216193], [85.366116, 28.214545], [85.365081, 28.213071], [85.364803, 28.210892], [85.364485, 28.209722], [85.364974, 28.207306], [85.364994, 28.20565], [85.364925, 28.204694], [85.364682, 28.203533], [85.364271, 28.202411], [85.363698, 28.201345], [85.363223, 28.200647], [85.36292, 28.19943], [85.362736, 28.198095], [85.362408, 28.196951], [85.36117, 28.194193], [85.360213, 28.192628], [85.359607, 28.191894], [85.358099, 28.188203], [85.356987, 28.185989], [85.356336, 28.184959], [85.355614, 28.184056], [85.355101, 28.182524], [85.354528, 28.181458], [85.353264, 28.179847], [85.352954, 28.179219], [85.352915, 28.176406], [85.353069, 28.175676], [85.353174, 28.174499], [85.353127, 28.173499], [85.352855, 28.17125], [85.3529, 28.169839], [85.3528, 28.168449], [85.353018, 28.166714], [85.352941, 28.164932], [85.352699, 28.163772], [85.352299, 28.162674], [85.351634, 28.161239], [85.350984, 28.160209], [85.349897, 28.158933], [85.348968, 28.158087], [85.347922, 28.157355], [85.346907, 28.156794], [85.345626, 28.154815], [85.34502, 28.154112], [85.344091, 28.153266], [85.342342, 28.152053], [85.341379, 28.151504], [85.339912, 28.150806], [85.337976, 28.14946], [85.337143, 28.149006], [85.335731, 28.147768], [85.334689, 28.146536], [85.333722, 28.145596], [85.33262, 28.144699], [85.33128, 28.14391], [85.327977, 28.142399], [85.325897, 28.140965], [85.324288, 28.139999], [85.322114, 28.138517], [85.321248, 28.137222], [85.320487, 28.136254], [85.319351, 28.135177], [85.317848, 28.134149], [85.317186, 28.133767], [85.316, 28.133231], [85.314745, 28.132836], [85.313875, 28.132654], [85.313274, 28.131774], [85.312129, 28.129657], [85.310417, 28.127186], [85.30979, 28.125586], [85.309179, 28.124538], [85.308419, 28.12357], [85.307702, 28.122848], [85.305113, 28.120431], [85.303606, 28.119156], [85.302459, 28.118341], [85.301303, 28.117715], [85.300303, 28.116794], [85.298371, 28.11536], [85.297263, 28.114345], [85.296553, 28.113818], [85.294797, 28.112149], [85.293223, 28.111016], [85.29139, 28.110109], [85.289796, 28.107952], [85.288742, 28.106811], [85.287748, 28.106016], [85.284943, 28.104063], [85.281701, 28.100948], [85.280657, 28.100216], [85.279879, 28.099791], [85.278582, 28.098317], [85.277654, 28.097471], [85.274908, 28.095565], [85.272868, 28.094287], [85.272163, 28.093308], [85.271364, 28.092414], [85.269969, 28.091168], [85.268526, 28.089581], [85.267538, 28.08879], [85.266442, 28.08812], [85.264451, 28.087264], [85.261648, 28.086451], [85.259499, 28.086098], [85.255993, 28.084581], [85.253174, 28.083748], [85.251276, 28.083315], [85.249756, 28.083102], [85.24703, 28.083054], [85.244772, 28.083132], [85.244026, 28.082867], [85.242745, 28.082545], [85.238967, 28.082139], [85.237786, 28.081815], [85.236721, 28.081092], [85.235126, 28.079034], [85.234381, 28.078287], [85.232872, 28.077045], [85.231604, 28.076244], [85.230455, 28.075635], [85.227627, 28.07464], [85.225724, 28.073804], [85.223232, 28.07148], [85.220402, 28.069401], [85.217679, 28.067743], [85.21722, 28.067157], [85.216991, 28.06641], [85.217947, 28.063428], [85.21863, 28.06021], [85.218698, 28.059151], [85.218498, 28.054506], [85.218391, 28.053575], [85.218108, 28.052423], [85.217658, 28.051313], [85.21722, 28.050517], [85.215019, 28.0474], [85.212921, 28.045365], [85.21175, 28.044446], [85.210817, 28.042529], [85.210322, 28.04176], [85.209759, 28.04107], [85.208521, 28.039762], [85.207083, 28.038424], [85.204976, 28.036726], [85.203885, 28.036037], [85.20419, 28.034399], [85.204375, 28.032914], [85.204415, 28.031897], [85.204304, 28.030722], [85.204021, 28.029569], [85.20242, 28.025599], [85.201426, 28.02347], [85.200851, 28.022496], [85.200152, 28.02159], [85.199058, 28.0204], [85.197315, 28.018735], [85.197132, 28.01701], [85.196667, 28.014916], [85.196218, 28.013806], [85.19578, 28.01301], [85.194492, 28.011267], [85.193884, 28.009672], [85.193799, 28.008022], [85.194385, 28.006258], [85.194621, 28.005096], [85.194684, 28.003918], [85.194589, 28.002746], [85.195651, 28.000395], [85.195934, 27.999546], [85.19617, 27.998385], [85.196237, 27.997299], [85.196102, 27.995417], [85.195819, 27.994265], [85.195369, 27.993154], [85.194384, 27.991543], [85.193023, 27.989885], [85.192903, 27.98876], [85.192621, 27.987607], [85.192171, 27.986497], [85.191733, 27.985702], [85.190823, 27.984406], [85.190605, 27.983186], [85.191443, 27.980615], [85.191806, 27.979101], [85.193352, 27.976758], [85.193879, 27.975751], [85.194283, 27.974627], [85.194519, 27.973466], [85.194603, 27.972279], [85.194576, 27.971126], [85.194379, 27.969959], [85.193887, 27.96852], [85.193361, 27.967386], [85.192764, 27.966364], [85.192006, 27.965395], [85.190797, 27.964257], [85.189927, 27.963592], [85.188655, 27.962791], [85.186102, 27.961633], [85.185532, 27.9608], [85.184458, 27.959506], [85.183161, 27.95828], [85.182118, 27.957548], [85.179988, 27.956498], [85.17752, 27.955625], [85.176814, 27.954226], [85.17591, 27.952789], [85.174511, 27.951129], [85.173084, 27.949846], [85.173153, 27.947175], [85.173041, 27.94616], [85.17251, 27.94424], [85.172111, 27.943295], [85.171623, 27.942419], [85.171025, 27.941519], [85.169468, 27.939613], [85.168808, 27.937717], [85.167988, 27.936024], [85.166101, 27.933567], [85.165768, 27.932915], [85.165541, 27.932204], [85.16511, 27.930459], [85.164244, 27.928599], [85.163709, 27.927706], [85.162964, 27.92675], [85.16143, 27.925089], [85.161558, 27.923487], [85.161448, 27.922311], [85.161244, 27.921398], [85.160644, 27.919502], [85.160114, 27.91842], [85.159429, 27.917409], [85.158826, 27.916705], [85.157901, 27.915858], [85.156699, 27.914987], [85.155561, 27.914285], [85.154378, 27.913747], [85.150748, 27.912455], [85.148998, 27.911993], [85.148521, 27.911381], [85.1488, 27.910334], [85.149957, 27.908145], [85.150357, 27.907043], [85.15077, 27.905164], [85.150836, 27.902372], [85.150725, 27.901307], [85.150535, 27.900438], [85.1497, 27.898372], [85.148759, 27.896934], [85.148167, 27.896209], [85.146367, 27.89454], [85.146939, 27.89301], [85.147159, 27.892146], [85.147307, 27.89104], [85.14735, 27.889955], [85.147179, 27.88809], [85.14664, 27.886193], [85.146262, 27.885374], [85.145167, 27.883701], [85.14388, 27.88225], [85.142781, 27.881381], [85.137042, 27.877676], [85.136055, 27.876878], [85.135962, 27.874586], [85.135669, 27.873114], [85.135455, 27.872464], [85.1347, 27.870816], [85.134017, 27.869804], [85.133413, 27.8691], [85.131798, 27.867686], [85.130161, 27.866604], [85.128979, 27.866065], [85.126369, 27.865283], [85.124476, 27.864167], [85.122606, 27.863199], [85.121932, 27.86271], [85.121577, 27.861636], [85.121153, 27.860663], [85.120163, 27.858776], [85.118298, 27.856336], [85.117292, 27.855253], [85.116307, 27.854462], [85.114721, 27.853421], [85.11358, 27.852344], [85.112198, 27.851392], [85.110557, 27.850516], [85.108457, 27.849768], [85.104696, 27.849147], [85.101406, 27.849173], [85.099744, 27.849367], [85.095516, 27.850347], [85.092673, 27.848748], [85.090908, 27.84808], [85.090009, 27.847816], [85.086599, 27.847075], [85.085275, 27.846979], [85.083357, 27.847009], [85.081998, 27.846105], [85.08094, 27.845503], [85.079634, 27.844896], [85.078758, 27.844605], [85.077035, 27.84417], [85.075721, 27.843998], [85.072892, 27.844019], [85.070709, 27.844223], [85.069799, 27.84438], [85.068369, 27.844717], [85.067497, 27.845008]]]}}, {"type": "Feature", "properties": {"project_id": 63069, "name": "Nepal Flood 2026 Response - Upper Trishuli and Bhote Koshi Corridor [BUILDING]", "reach_label": "Upper Trishuli project", "status": "ARCHIVED", "percent_mapped": 100, "percent_validated": 100, "total_contributors": 157, "mapping_types": ["BUILDINGS"], "km_start": 9.1, "km_end": 78.9, "source": "Humanitarian OpenStreetMap Team, Nepal Flood 2026 Flood Affected Area", "source_url": "https://data.humdata.org/dataset/hot_flood_npl", "licence": "ODbL 1.0, (c) OpenStreetMap contributors", "retrieved": "2026-09-05", "tier": "observed"}, "geometry": {"type": "Polygon", "coordinates": [[[85.067497, 27.845008], [85.05814, 27.868899], [85.059454, 27.869071], [85.061032, 27.869074], [85.06291, 27.868883], [85.064824, 27.868397], [85.066839, 27.867489], [85.069032, 27.86616], [85.070173, 27.865292], [85.071703, 27.863808], [85.072772, 27.863238], [85.074888, 27.864147], [85.076268, 27.864596], [85.077859, 27.864882], [85.079773, 27.865011], [85.081081, 27.865203], [85.081687, 27.865888], [85.082611, 27.866736], [85.083652, 27.867469], [85.084406, 27.867887], [85.086535, 27.868795], [85.088514, 27.86923], [85.091016, 27.86947], [85.093988, 27.869271], [85.097495, 27.868743], [85.099952, 27.868108], [85.10212, 27.867661], [85.103373, 27.870849], [85.103822, 27.871728], [85.105113, 27.873536], [85.106101, 27.874668], [85.107315, 27.875776], [85.108589, 27.876711], [85.111201, 27.878368], [85.112049, 27.878806], [85.113475, 27.879352], [85.115525, 27.880881], [85.116166, 27.882899], [85.116746, 27.884184], [85.117824, 27.885906], [85.118855, 27.887227], [85.120439, 27.888834], [85.122282, 27.89042], [85.123734, 27.891547], [85.125676, 27.892789], [85.125549, 27.895112], [85.125632, 27.896145], [85.126102, 27.898301], [85.126577, 27.899827], [85.12679, 27.901262], [85.127059, 27.902324], [85.127507, 27.903435], [85.128408, 27.9049], [85.128968, 27.905978], [85.128385, 27.906572], [85.127373, 27.907337], [85.126826, 27.907847], [85.125724, 27.909062], [85.125203, 27.909816], [85.124636, 27.910883], [85.124231, 27.912007], [85.124001, 27.913109], [85.123842, 27.915105], [85.123952, 27.916281], [85.124234, 27.917433], [85.124683, 27.918544], [85.125291, 27.919593], [85.126048, 27.920562], [85.12721, 27.921704], [85.128284, 27.922557], [85.129678, 27.923429], [85.130431, 27.92379], [85.132316, 27.924523], [85.134287, 27.925138], [85.135829, 27.926546], [85.136681, 27.927196], [85.138533, 27.928409], [85.138609, 27.929957], [85.1388, 27.930989], [85.139166, 27.932123], [85.139677, 27.933175], [85.140243, 27.935486], [85.140676, 27.936588], [85.141155, 27.93753], [85.141839, 27.938542], [85.14289, 27.939683], [85.144745, 27.941087], [85.146487, 27.941944], [85.148395, 27.942515], [85.149612, 27.944147], [85.150365, 27.946212], [85.15131, 27.948131], [85.152298, 27.949841], [85.152329, 27.950658], [85.151947, 27.953069], [85.1519, 27.954135], [85.151961, 27.955019], [85.152342, 27.95678], [85.152679, 27.957783], [85.153209, 27.958864], [85.153704, 27.959633], [85.154805, 27.96093], [85.155847, 27.961904], [85.157105, 27.962761], [85.159231, 27.963934], [85.160258, 27.965543], [85.161623, 27.96729], [85.162774, 27.96848], [85.163756, 27.969348], [85.164626, 27.970005], [85.165981, 27.97086], [85.167164, 27.971398], [85.168632, 27.971903], [85.169756, 27.973557], [85.170782, 27.974732], [85.171573, 27.975491], [85.171654, 27.976314], [85.170891, 27.978007], [85.170543, 27.978998], [85.170292, 27.979956], [85.170144, 27.981056], [85.170096, 27.982277], [85.170258, 27.984539], [85.169927, 27.986848], [85.169888, 27.987855], [85.169957, 27.988793], [85.170357, 27.990708], [85.170806, 27.991819], [85.171895, 27.993554], [85.172417, 27.995597], [85.172866, 27.996707], [85.174113, 27.998695], [85.173718, 28.00127], [85.173692, 28.002155], [85.173806, 28.003977], [85.173421, 28.005759], [85.173352, 28.006799], [85.173579, 28.01177], [85.173705, 28.012648], [85.173924, 28.01347], [85.175151, 28.017075], [85.175882, 28.018776], [85.175454, 28.020698], [85.175384, 28.021692], [85.175403, 28.023161], [85.175514, 28.024225], [85.175777, 28.025325], [85.176238, 28.026668], [85.177053, 28.028344], [85.178386, 28.030133], [85.179023, 28.030847], [85.180277, 28.032012], [85.18132, 28.032744], [85.182462, 28.03335], [85.183669, 28.033813], [85.183503, 28.03673], [85.183637, 28.039929], [85.183879, 28.041488], [85.18415, 28.042559], [85.1846, 28.043669], [85.185038, 28.044465], [85.186473, 28.046422], [85.187494, 28.047521], [85.188532, 28.048348], [85.1916, 28.050438], [85.192516, 28.051201], [85.193017, 28.052485], [85.193547, 28.053565], [85.194232, 28.054575], [85.19503, 28.05547], [85.196031, 28.056411], [85.197168, 28.057312], [85.19808, 28.058163], [85.197736, 28.06025], [85.196152, 28.062705], [85.195666, 28.063803], [85.195371, 28.064802], [85.195059, 28.066787], [85.195156, 28.06874], [85.195595, 28.070592], [85.196272, 28.072062], [85.1968, 28.07294], [85.197559, 28.073909], [85.198405, 28.074781], [85.199199, 28.076925], [85.199637, 28.07772], [85.20106, 28.079573], [85.201966, 28.080524], [85.203489, 28.081666], [85.204906, 28.082395], [85.207227, 28.083271], [85.208245, 28.083878], [85.209465, 28.084789], [85.212183, 28.087402], [85.213899, 28.088647], [85.216754, 28.090076], [85.219514, 28.091215], [85.22106, 28.09295], [85.222045, 28.093857], [85.223622, 28.094918], [85.225702, 28.09656], [85.226446, 28.097066], [85.227677, 28.09771], [85.229057, 28.098302], [85.230628, 28.098809], [85.232376, 28.099214], [85.234904, 28.099924], [85.237828, 28.1003], [85.239222, 28.100852], [85.240503, 28.101174], [85.242361, 28.101394], [85.243255, 28.10143], [85.245579, 28.101341], [85.247415, 28.101127], [85.248186, 28.101264], [85.250705, 28.102399], [85.252366, 28.103063], [85.25361, 28.103455], [85.254969, 28.103761], [85.255669, 28.104321], [85.256944, 28.10595], [85.259959, 28.108755], [85.260695, 28.109322], [85.261713, 28.109962], [85.263325, 28.110745], [85.264723, 28.112449], [85.265795, 28.113428], [85.267006, 28.114299], [85.268402, 28.115028], [85.269004, 28.115633], [85.26969, 28.11649], [85.270826, 28.117567], [85.27187, 28.118299], [85.273014, 28.118904], [85.273606, 28.119313], [85.274184, 28.120295], [85.274944, 28.121264], [85.27604, 28.12239], [85.278291, 28.124067], [85.280672, 28.125489], [85.281578, 28.126368], [85.283423, 28.127855], [85.284718, 28.129053], [85.28619, 28.130178], [85.287453, 28.13135], [85.289142, 28.132559], [85.29082, 28.133555], [85.291066, 28.134465], [85.291518, 28.135575], [85.291957, 28.13637], [85.293478, 28.138311], [85.294593, 28.139351], [85.295798, 28.141685], [85.296956, 28.143471], [85.297894, 28.14458], [85.300267, 28.146795], [85.301106, 28.147437], [85.303473, 28.149028], [85.305133, 28.150018], [85.306166, 28.151095], [85.308215, 28.152612], [85.309359, 28.153216], [85.311168, 28.153939], [85.312525, 28.154864], [85.314288, 28.155821], [85.316288, 28.157274], [85.318867, 28.158565], [85.319674, 28.159042], [85.323102, 28.16224], [85.326529, 28.164495], [85.328221, 28.165769], [85.328926, 28.166439], [85.329612, 28.167445], [85.330218, 28.168149], [85.331148, 28.168996], [85.332478, 28.170035], [85.332483, 28.172134], [85.332697, 28.173868], [85.332536, 28.17535], [85.3326, 28.17851], [85.332543, 28.181506], [85.332841, 28.183255], [85.333252, 28.184378], [85.335017, 28.187922], [85.335459, 28.18871], [85.336027, 28.189508], [85.336315, 28.190483], [85.336808, 28.19158], [85.337458, 28.19261], [85.338928, 28.194413], [85.340432, 28.198057], [85.341457, 28.200202], [85.341943, 28.20108], [85.342774, 28.202189], [85.343213, 28.204068], [85.343544, 28.205931], [85.344212, 28.207574], [85.344049, 28.208627], [85.344031, 28.209808], [85.344169, 28.211775], [85.344576, 28.213621], [85.344521, 28.214863], [85.34459, 28.216042], [85.344913, 28.217724], [85.345519, 28.219569], [85.346436, 28.22114], [85.348255, 28.223268], [85.348669, 28.223992], [85.349395, 28.224983], [85.350925, 28.226683], [85.350948, 28.227882], [85.350554, 28.229091], [85.35034, 28.230557], [85.348563, 28.234211], [85.348111, 28.235608], [85.347919, 28.236776], [85.347866, 28.238357], [85.348026, 28.239854], [85.347962, 28.242159], [85.348031, 28.243338], [85.348273, 28.244499], [85.348893, 28.246195], [85.349811, 28.247766], [85.351017, 28.249257], [85.352511, 28.250618], [85.353557, 28.251349], [85.354435, 28.251839], [85.354611, 28.253822], [85.35569, 28.259769], [85.356413, 28.261547], [85.357242, 28.262926], [85.358414, 28.26424], [85.359902, 28.265492], [85.361584, 28.266447], [85.362921, 28.266946], [85.363418, 28.268054], [85.36432, 28.269544], [85.365117, 28.27049], [85.367015, 28.272176], [85.367467, 28.272994], [85.367369, 28.273603], [85.366948, 28.27481], [85.36667, 28.275965], [85.366565, 28.277142], [85.366672, 28.278627], [85.366915, 28.279788], [85.367326, 28.28091], [85.368306, 28.282809], [85.369032, 28.283799], [85.370378, 28.285106], [85.371987, 28.286156], [85.373796, 28.286908], [85.375079, 28.287229], [85.377065, 28.287426], [85.379056, 28.287276], [85.380977, 28.286785], [85.382751, 28.285972], [85.38382, 28.285266], [85.385206, 28.283991], [85.386284, 28.282502], [85.387012, 28.280854], [85.387376, 28.279047], [85.387345, 28.277341], [85.387794, 28.274516], [85.38788, 28.272856], [85.387852, 28.27078], [85.387553, 28.26903], [85.38696, 28.267087], [85.386609, 28.266224], [85.385722, 28.264696], [85.384878, 28.262957], [85.383845, 28.261442], [85.382381, 28.259964], [85.381804, 28.258612], [85.381153, 28.257582], [85.380355, 28.256636], [85.377558, 28.254192], [85.376424, 28.252961], [85.374966, 28.251866], [85.375108, 28.25046], [85.374997, 28.248473], [85.374755, 28.247312], [85.374343, 28.24619], [85.37377, 28.245124], [85.372813, 28.243726], [85.37204, 28.242263], [85.371394, 28.241242], [85.370147, 28.23986], [85.368562, 28.238667], [85.369399, 28.237089], [85.37016, 28.235234], [85.370659, 28.232817], [85.371172, 28.23084], [85.371434, 28.228634], [85.371332, 28.22715], [85.371502, 28.226356], [85.371607, 28.225179], [85.371583, 28.223726], [85.371427, 28.222554], [85.371154, 28.221564], [85.370567, 28.219966], [85.369456, 28.218016], [85.368026, 28.216193], [85.366116, 28.214545], [85.365081, 28.213071], [85.364803, 28.210892], [85.364485, 28.209722], [85.364974, 28.207306], [85.364994, 28.20565], [85.364925, 28.204694], [85.364682, 28.203533], [85.364271, 28.202411], [85.363698, 28.201345], [85.363223, 28.200647], [85.36292, 28.19943], [85.362736, 28.198095], [85.362408, 28.196951], [85.36117, 28.194193], [85.360213, 28.192628], [85.359607, 28.191894], [85.358099, 28.188203], [85.356987, 28.185989], [85.356336, 28.184959], [85.355614, 28.184056], [85.355101, 28.182524], [85.354528, 28.181458], [85.353264, 28.179847], [85.352954, 28.179219], [85.352915, 28.176406], [85.353069, 28.175676], [85.353174, 28.174499], [85.353127, 28.173499], [85.352855, 28.17125], [85.3529, 28.169839], [85.3528, 28.168449], [85.353018, 28.166714], [85.352941, 28.164932], [85.352699, 28.163772], [85.352299, 28.162674], [85.351634, 28.161239], [85.350984, 28.160209], [85.349897, 28.158933], [85.348968, 28.158087], [85.347922, 28.157355], [85.346907, 28.156794], [85.345626, 28.154815], [85.34502, 28.154112], [85.344091, 28.153266], [85.342342, 28.152053], [85.341379, 28.151504], [85.339912, 28.150806], [85.337976, 28.14946], [85.337143, 28.149006], [85.335731, 28.147768], [85.334689, 28.146536], [85.333722, 28.145596], [85.33262, 28.144699], [85.33128, 28.14391], [85.327977, 28.142399], [85.325897, 28.140965], [85.324288, 28.139999], [85.322114, 28.138517], [85.321248, 28.137222], [85.320487, 28.136254], [85.319351, 28.135177], [85.317848, 28.134149], [85.317186, 28.133767], [85.316, 28.133231], [85.314745, 28.132836], [85.313875, 28.132654], [85.313274, 28.131774], [85.312129, 28.129657], [85.310417, 28.127186], [85.30979, 28.125586], [85.309179, 28.124538], [85.308419, 28.12357], [85.307702, 28.122848], [85.305113, 28.120431], [85.303606, 28.119156], [85.302459, 28.118341], [85.301303, 28.117715], [85.300303, 28.116794], [85.298371, 28.11536], [85.297263, 28.114345], [85.296553, 28.113818], [85.294797, 28.112149], [85.293223, 28.111016], [85.29139, 28.110109], [85.289796, 28.107952], [85.288742, 28.106811], [85.287748, 28.106016], [85.284943, 28.104063], [85.281701, 28.100948], [85.280657, 28.100216], [85.279879, 28.099791], [85.278582, 28.098317], [85.277654, 28.097471], [85.274908, 28.095565], [85.272868, 28.094287], [85.272163, 28.093308], [85.271364, 28.092414], [85.269969, 28.091168], [85.268526, 28.089581], [85.267538, 28.08879], [85.266442, 28.08812], [85.264451, 28.087264], [85.261648, 28.086451], [85.259499, 28.086098], [85.255993, 28.084581], [85.253174, 28.083748], [85.251276, 28.083315], [85.249756, 28.083102], [85.24703, 28.083054], [85.244772, 28.083132], [85.244026, 28.082867], [85.242745, 28.082545], [85.238967, 28.082139], [85.237786, 28.081815], [85.236721, 28.081092], [85.235126, 28.079034], [85.234381, 28.078287], [85.232872, 28.077045], [85.231604, 28.076244], [85.230455, 28.075635], [85.227627, 28.07464], [85.225724, 28.073804], [85.223232, 28.07148], [85.220402, 28.069401], [85.217679, 28.067743], [85.21722, 28.067157], [85.216991, 28.06641], [85.217947, 28.063428], [85.21863, 28.06021], [85.218698, 28.059151], [85.218498, 28.054506], [85.218391, 28.053575], [85.218108, 28.052423], [85.217658, 28.051313], [85.21722, 28.050517], [85.215019, 28.0474], [85.212921, 28.045365], [85.21175, 28.044446], [85.210817, 28.042529], [85.210322, 28.04176], [85.209759, 28.04107], [85.208521, 28.039762], [85.207083, 28.038424], [85.204976, 28.036726], [85.203885, 28.036037], [85.20419, 28.034399], [85.204375, 28.032914], [85.204415, 28.031897], [85.204304, 28.030722], [85.204021, 28.029569], [85.20242, 28.025599], [85.201426, 28.02347], [85.200851, 28.022496], [85.200152, 28.02159], [85.199058, 28.0204], [85.197315, 28.018735], [85.197132, 28.01701], [85.196667, 28.014916], [85.196218, 28.013806], [85.19578, 28.01301], [85.194492, 28.011267], [85.193884, 28.009672], [85.193799, 28.008022], [85.194385, 28.006258], [85.194621, 28.005096], [85.194684, 28.003918], [85.194589, 28.002746], [85.195651, 28.000395], [85.195934, 27.999546], [85.19617, 27.998385], [85.196237, 27.997299], [85.196102, 27.995417], [85.195819, 27.994265], [85.195369, 27.993154], [85.194384, 27.991543], [85.193023, 27.989885], [85.192903, 27.98876], [85.192621, 27.987607], [85.192171, 27.986497], [85.191733, 27.985702], [85.190823, 27.984406], [85.190605, 27.983186], [85.191443, 27.980615], [85.191806, 27.979101], [85.193352, 27.976758], [85.193879, 27.975751], [85.194283, 27.974627], [85.194519, 27.973466], [85.194603, 27.972279], [85.194576, 27.971126], [85.194379, 27.969959], [85.193887, 27.96852], [85.193361, 27.967386], [85.192764, 27.966364], [85.192006, 27.965395], [85.190797, 27.964257], [85.189927, 27.963592], [85.188655, 27.962791], [85.186102, 27.961633], [85.185532, 27.9608], [85.184458, 27.959506], [85.183161, 27.95828], [85.182118, 27.957548], [85.179988, 27.956498], [85.17752, 27.955625], [85.176814, 27.954226], [85.17591, 27.952789], [85.174511, 27.951129], [85.173084, 27.949846], [85.173153, 27.947175], [85.173041, 27.94616], [85.17251, 27.94424], [85.172111, 27.943295], [85.171623, 27.942419], [85.171025, 27.941519], [85.169468, 27.939613], [85.168808, 27.937717], [85.167988, 27.936024], [85.166101, 27.933567], [85.165768, 27.932915], [85.165541, 27.932204], [85.16511, 27.930459], [85.164244, 27.928599], [85.163709, 27.927706], [85.162964, 27.92675], [85.16143, 27.925089], [85.161558, 27.923487], [85.161448, 27.922311], [85.161244, 27.921398], [85.160644, 27.919502], [85.160114, 27.91842], [85.159429, 27.917409], [85.158826, 27.916705], [85.157901, 27.915858], [85.156699, 27.914987], [85.155561, 27.914285], [85.154378, 27.913747], [85.150748, 27.912455], [85.148998, 27.911993], [85.148521, 27.911381], [85.1488, 27.910334], [85.149957, 27.908145], [85.150357, 27.907043], [85.15077, 27.905164], [85.150836, 27.902372], [85.150725, 27.901307], [85.150535, 27.900438], [85.1497, 27.898372], [85.148759, 27.896934], [85.148167, 27.896209], [85.146367, 27.89454], [85.146939, 27.89301], [85.147159, 27.892146], [85.147307, 27.89104], [85.14735, 27.889955], [85.147179, 27.88809], [85.14664, 27.886193], [85.146262, 27.885374], [85.145167, 27.883701], [85.14388, 27.88225], [85.142781, 27.881381], [85.137042, 27.877676], [85.136055, 27.876878], [85.135962, 27.874586], [85.135669, 27.873114], [85.135455, 27.872464], [85.1347, 27.870816], [85.134017, 27.869804], [85.133413, 27.8691], [85.131798, 27.867686], [85.130161, 27.866604], [85.128979, 27.866065], [85.126369, 27.865283], [85.124476, 27.864167], [85.122606, 27.863199], [85.121932, 27.86271], [85.121577, 27.861636], [85.121153, 27.860663], [85.120163, 27.858776], [85.118298, 27.856336], [85.117292, 27.855253], [85.116307, 27.854462], [85.114721, 27.853421], [85.11358, 27.852344], [85.112198, 27.851392], [85.110557, 27.850516], [85.108457, 27.849768], [85.104696, 27.849147], [85.101406, 27.849173], [85.099744, 27.849367], [85.095516, 27.850347], [85.092673, 27.848748], [85.090908, 27.84808], [85.090009, 27.847816], [85.086599, 27.847075], [85.085275, 27.846979], [85.083357, 27.847009], [85.081998, 27.846105], [85.08094, 27.845503], [85.079634, 27.844896], [85.078758, 27.844605], [85.077035, 27.84417], [85.075721, 27.843998], [85.072892, 27.844019], [85.070709, 27.844223], [85.069799, 27.84438], [85.068369, 27.844717], [85.067497, 27.845008]]]}}, {"type": "Feature", "properties": {"project_id": 63102, "name": "Nepal Flood 2026 Response - Upper Trishuli and Bhote Koshi Corridor [ROAD]", "reach_label": "Upper Trishuli project", "status": "ARCHIVED", "percent_mapped": 100, "percent_validated": 100, "total_contributors": 127, "mapping_types": ["ROADS"], "km_start": 9.1, "km_end": 78.9, "source": "Humanitarian OpenStreetMap Team, Nepal Flood 2026 Flood Affected Area", "source_url": "https://data.humdata.org/dataset/hot_flood_npl", "licence": "ODbL 1.0, (c) OpenStreetMap contributors", "retrieved": "2026-09-05", "tier": "observed"}, "geometry": {"type": "Polygon", "coordinates": [[[85.067497, 27.845008], [85.05814, 27.868899], [85.059454, 27.869071], [85.061032, 27.869074], [85.06291, 27.868883], [85.064824, 27.868397], [85.066839, 27.867489], [85.069032, 27.86616], [85.070173, 27.865292], [85.071703, 27.863808], [85.072772, 27.863238], [85.074888, 27.864147], [85.076268, 27.864596], [85.077859, 27.864882], [85.079773, 27.865011], [85.081081, 27.865203], [85.081687, 27.865888], [85.082611, 27.866736], [85.083652, 27.867469], [85.084406, 27.867887], [85.086535, 27.868795], [85.088514, 27.86923], [85.091016, 27.86947], [85.093988, 27.869271], [85.097495, 27.868743], [85.099952, 27.868108], [85.10212, 27.867661], [85.103373, 27.870849], [85.103822, 27.871728], [85.105113, 27.873536], [85.106101, 27.874668], [85.107315, 27.875776], [85.108589, 27.876711], [85.111201, 27.878368], [85.112049, 27.878806], [85.113475, 27.879352], [85.115525, 27.880881], [85.116166, 27.882899], [85.116746, 27.884184], [85.117824, 27.885906], [85.118855, 27.887227], [85.120439, 27.888834], [85.122282, 27.89042], [85.123734, 27.891547], [85.125676, 27.892789], [85.125549, 27.895112], [85.125632, 27.896145], [85.126102, 27.898301], [85.126577, 27.899827], [85.12679, 27.901262], [85.127059, 27.902324], [85.127507, 27.903435], [85.128408, 27.9049], [85.128968, 27.905978], [85.128385, 27.906572], [85.127373, 27.907337], [85.126826, 27.907847], [85.125724, 27.909062], [85.125203, 27.909816], [85.124636, 27.910883], [85.124231, 27.912007], [85.124001, 27.913109], [85.123842, 27.915105], [85.123952, 27.916281], [85.124234, 27.917433], [85.124683, 27.918544], [85.125291, 27.919593], [85.126048, 27.920562], [85.12721, 27.921704], [85.128284, 27.922557], [85.129678, 27.923429], [85.130431, 27.92379], [85.132316, 27.924523], [85.134287, 27.925138], [85.135829, 27.926546], [85.136681, 27.927196], [85.138533, 27.928409], [85.138609, 27.929957], [85.1388, 27.930989], [85.139166, 27.932123], [85.139677, 27.933175], [85.140243, 27.935486], [85.140676, 27.936588], [85.141155, 27.93753], [85.141839, 27.938542], [85.14289, 27.939683], [85.144745, 27.941087], [85.146487, 27.941944], [85.148395, 27.942515], [85.149612, 27.944147], [85.150365, 27.946212], [85.15131, 27.948131], [85.152298, 27.949841], [85.152329, 27.950658], [85.151947, 27.953069], [85.1519, 27.954135], [85.151961, 27.955019], [85.152342, 27.95678], [85.152679, 27.957783], [85.153209, 27.958864], [85.153704, 27.959633], [85.154805, 27.96093], [85.155847, 27.961904], [85.157105, 27.962761], [85.159231, 27.963934], [85.160258, 27.965543], [85.161623, 27.96729], [85.162774, 27.96848], [85.163756, 27.969348], [85.164626, 27.970005], [85.165981, 27.97086], [85.167164, 27.971398], [85.168632, 27.971903], [85.169756, 27.973557], [85.170782, 27.974732], [85.171573, 27.975491], [85.171654, 27.976314], [85.170891, 27.978007], [85.170543, 27.978998], [85.170292, 27.979956], [85.170144, 27.981056], [85.170096, 27.982277], [85.170258, 27.984539], [85.169927, 27.986848], [85.169888, 27.987855], [85.169957, 27.988793], [85.170357, 27.990708], [85.170806, 27.991819], [85.171895, 27.993554], [85.172417, 27.995597], [85.172866, 27.996707], [85.174113, 27.998695], [85.173718, 28.00127], [85.173692, 28.002155], [85.173806, 28.003977], [85.173421, 28.005759], [85.173352, 28.006799], [85.173579, 28.01177], [85.173705, 28.012648], [85.173924, 28.01347], [85.175151, 28.017075], [85.175882, 28.018776], [85.175454, 28.020698], [85.175384, 28.021692], [85.175403, 28.023161], [85.175514, 28.024225], [85.175777, 28.025325], [85.176238, 28.026668], [85.177053, 28.028344], [85.178386, 28.030133], [85.179023, 28.030847], [85.180277, 28.032012], [85.18132, 28.032744], [85.182462, 28.03335], [85.183669, 28.033813], [85.183503, 28.03673], [85.183637, 28.039929], [85.183879, 28.041488], [85.18415, 28.042559], [85.1846, 28.043669], [85.185038, 28.044465], [85.186473, 28.046422], [85.187494, 28.047521], [85.188532, 28.048348], [85.1916, 28.050438], [85.192516, 28.051201], [85.193017, 28.052485], [85.193547, 28.053565], [85.194232, 28.054575], [85.19503, 28.05547], [85.196031, 28.056411], [85.197168, 28.057312], [85.19808, 28.058163], [85.197736, 28.06025], [85.196152, 28.062705], [85.195666, 28.063803], [85.195371, 28.064802], [85.195059, 28.066787], [85.195156, 28.06874], [85.195595, 28.070592], [85.196272, 28.072062], [85.1968, 28.07294], [85.197559, 28.073909], [85.198405, 28.074781], [85.199199, 28.076925], [85.199637, 28.07772], [85.20106, 28.079573], [85.201966, 28.080524], [85.203489, 28.081666], [85.204906, 28.082395], [85.207227, 28.083271], [85.208245, 28.083878], [85.209465, 28.084789], [85.212183, 28.087402], [85.213899, 28.088647], [85.216754, 28.090076], [85.219514, 28.091215], [85.22106, 28.09295], [85.222045, 28.093857], [85.223622, 28.094918], [85.225702, 28.09656], [85.226446, 28.097066], [85.227677, 28.09771], [85.229057, 28.098302], [85.230628, 28.098809], [85.232376, 28.099214], [85.234904, 28.099924], [85.237828, 28.1003], [85.239222, 28.100852], [85.240503, 28.101174], [85.242361, 28.101394], [85.243255, 28.10143], [85.245579, 28.101341], [85.247415, 28.101127], [85.248186, 28.101264], [85.250705, 28.102399], [85.252366, 28.103063], [85.25361, 28.103455], [85.254969, 28.103761], [85.255669, 28.104321], [85.256944, 28.10595], [85.259959, 28.108755], [85.260695, 28.109322], [85.261713, 28.109962], [85.263325, 28.110745], [85.264723, 28.112449], [85.265795, 28.113428], [85.267006, 28.114299], [85.268402, 28.115028], [85.269004, 28.115633], [85.26969, 28.11649], [85.270826, 28.117567], [85.27187, 28.118299], [85.273014, 28.118904], [85.273606, 28.119313], [85.274184, 28.120295], [85.274944, 28.121264], [85.27604, 28.12239], [85.278291, 28.124067], [85.280672, 28.125489], [85.281578, 28.126368], [85.283423, 28.127855], [85.284718, 28.129053], [85.28619, 28.130178], [85.287453, 28.13135], [85.289142, 28.132559], [85.29082, 28.133555], [85.291066, 28.134465], [85.291518, 28.135575], [85.291957, 28.13637], [85.293478, 28.138311], [85.294593, 28.139351], [85.295798, 28.141685], [85.296956, 28.143471], [85.297894, 28.14458], [85.300267, 28.146795], [85.301106, 28.147437], [85.303473, 28.149028], [85.305133, 28.150018], [85.306166, 28.151095], [85.308215, 28.152612], [85.309359, 28.153216], [85.311168, 28.153939], [85.312525, 28.154864], [85.314288, 28.155821], [85.316288, 28.157274], [85.318867, 28.158565], [85.319674, 28.159042], [85.323102, 28.16224], [85.326529, 28.164495], [85.328221, 28.165769], [85.328926, 28.166439], [85.329612, 28.167445], [85.330218, 28.168149], [85.331148, 28.168996], [85.332478, 28.170035], [85.332483, 28.172134], [85.332697, 28.173868], [85.332536, 28.17535], [85.3326, 28.17851], [85.332543, 28.181506], [85.332841, 28.183255], [85.333252, 28.184378], [85.335017, 28.187922], [85.335459, 28.18871], [85.336027, 28.189508], [85.336315, 28.190483], [85.336808, 28.19158], [85.337458, 28.19261], [85.338928, 28.194413], [85.340432, 28.198057], [85.341457, 28.200202], [85.341943, 28.20108], [85.342774, 28.202189], [85.343213, 28.204068], [85.343544, 28.205931], [85.344212, 28.207574], [85.344049, 28.208627], [85.344031, 28.209808], [85.344169, 28.211775], [85.344576, 28.213621], [85.344521, 28.214863], [85.34459, 28.216042], [85.344913, 28.217724], [85.345519, 28.219569], [85.346436, 28.22114], [85.348255, 28.223268], [85.348669, 28.223992], [85.349395, 28.224983], [85.350925, 28.226683], [85.350948, 28.227882], [85.350554, 28.229091], [85.35034, 28.230557], [85.348563, 28.234211], [85.348111, 28.235608], [85.347919, 28.236776], [85.347866, 28.238357], [85.348026, 28.239854], [85.347962, 28.242159], [85.348031, 28.243338], [85.348273, 28.244499], [85.348893, 28.246195], [85.349811, 28.247766], [85.351017, 28.249257], [85.352511, 28.250618], [85.353557, 28.251349], [85.354435, 28.251839], [85.354611, 28.253822], [85.35569, 28.259769], [85.356413, 28.261547], [85.357242, 28.262926], [85.358414, 28.26424], [85.359902, 28.265492], [85.361584, 28.266447], [85.362921, 28.266946], [85.363418, 28.268054], [85.36432, 28.269544], [85.365117, 28.27049], [85.367015, 28.272176], [85.367467, 28.272994], [85.367369, 28.273603], [85.366948, 28.27481], [85.36667, 28.275965], [85.366565, 28.277142], [85.366672, 28.278627], [85.366915, 28.279788], [85.367326, 28.28091], [85.368306, 28.282809], [85.369032, 28.283799], [85.370378, 28.285106], [85.371987, 28.286156], [85.373796, 28.286908], [85.375079, 28.287229], [85.377065, 28.287426], [85.379056, 28.287276], [85.380977, 28.286785], [85.382751, 28.285972], [85.38382, 28.285266], [85.385206, 28.283991], [85.386284, 28.282502], [85.387012, 28.280854], [85.387376, 28.279047], [85.387345, 28.277341], [85.387794, 28.274516], [85.38788, 28.272856], [85.387852, 28.27078], [85.387553, 28.26903], [85.38696, 28.267087], [85.386609, 28.266224], [85.385722, 28.264696], [85.384878, 28.262957], [85.383845, 28.261442], [85.382381, 28.259964], [85.381804, 28.258612], [85.381153, 28.257582], [85.380355, 28.256636], [85.377558, 28.254192], [85.376424, 28.252961], [85.374966, 28.251866], [85.375108, 28.25046], [85.374997, 28.248473], [85.374755, 28.247312], [85.374343, 28.24619], [85.37377, 28.245124], [85.372813, 28.243726], [85.37204, 28.242263], [85.371394, 28.241242], [85.370147, 28.23986], [85.368562, 28.238667], [85.369399, 28.237089], [85.37016, 28.235234], [85.370659, 28.232817], [85.371172, 28.23084], [85.371434, 28.228634], [85.371332, 28.22715], [85.371502, 28.226356], [85.371607, 28.225179], [85.371583, 28.223726], [85.371427, 28.222554], [85.371154, 28.221564], [85.370567, 28.219966], [85.369456, 28.218016], [85.368026, 28.216193], [85.366116, 28.214545], [85.365081, 28.213071], [85.364803, 28.210892], [85.364485, 28.209722], [85.364974, 28.207306], [85.364994, 28.20565], [85.364925, 28.204694], [85.364682, 28.203533], [85.364271, 28.202411], [85.363698, 28.201345], [85.363223, 28.200647], [85.36292, 28.19943], [85.362736, 28.198095], [85.362408, 28.196951], [85.36117, 28.194193], [85.360213, 28.192628], [85.359607, 28.191894], [85.358099, 28.188203], [85.356987, 28.185989], [85.356336, 28.184959], [85.355614, 28.184056], [85.355101, 28.182524], [85.354528, 28.181458], [85.353264, 28.179847], [85.352954, 28.179219], [85.352915, 28.176406], [85.353069, 28.175676], [85.353174, 28.174499], [85.353127, 28.173499], [85.352855, 28.17125], [85.3529, 28.169839], [85.3528, 28.168449], [85.353018, 28.166714], [85.352941, 28.164932], [85.352699, 28.163772], [85.352299, 28.162674], [85.351634, 28.161239], [85.350984, 28.160209], [85.349897, 28.158933], [85.348968, 28.158087], [85.347922, 28.157355], [85.346907, 28.156794], [85.345626, 28.154815], [85.34502, 28.154112], [85.344091, 28.153266], [85.342342, 28.152053], [85.341379, 28.151504], [85.339912, 28.150806], [85.337976, 28.14946], [85.337143, 28.149006], [85.335731, 28.147768], [85.334689, 28.146536], [85.333722, 28.145596], [85.33262, 28.144699], [85.33128, 28.14391], [85.327977, 28.142399], [85.325897, 28.140965], [85.324288, 28.139999], [85.322114, 28.138517], [85.321248, 28.137222], [85.320487, 28.136254], [85.319351, 28.135177], [85.317848, 28.134149], [85.317186, 28.133767], [85.316, 28.133231], [85.314745, 28.132836], [85.313875, 28.132654], [85.313274, 28.131774], [85.312129, 28.129657], [85.310417, 28.127186], [85.30979, 28.125586], [85.309179, 28.124538], [85.308419, 28.12357], [85.307702, 28.122848], [85.305113, 28.120431], [85.303606, 28.119156], [85.302459, 28.118341], [85.301303, 28.117715], [85.300303, 28.116794], [85.298371, 28.11536], [85.297263, 28.114345], [85.296553, 28.113818], [85.294797, 28.112149], [85.293223, 28.111016], [85.29139, 28.110109], [85.289796, 28.107952], [85.288742, 28.106811], [85.287748, 28.106016], [85.284943, 28.104063], [85.281701, 28.100948], [85.280657, 28.100216], [85.279879, 28.099791], [85.278582, 28.098317], [85.277654, 28.097471], [85.274908, 28.095565], [85.272868, 28.094287], [85.272163, 28.093308], [85.271364, 28.092414], [85.269969, 28.091168], [85.268526, 28.089581], [85.267538, 28.08879], [85.266442, 28.08812], [85.264451, 28.087264], [85.261648, 28.086451], [85.259499, 28.086098], [85.255993, 28.084581], [85.253174, 28.083748], [85.251276, 28.083315], [85.249756, 28.083102], [85.24703, 28.083054], [85.244772, 28.083132], [85.244026, 28.082867], [85.242745, 28.082545], [85.238967, 28.082139], [85.237786, 28.081815], [85.236721, 28.081092], [85.235126, 28.079034], [85.234381, 28.078287], [85.232872, 28.077045], [85.231604, 28.076244], [85.230455, 28.075635], [85.227627, 28.07464], [85.225724, 28.073804], [85.223232, 28.07148], [85.220402, 28.069401], [85.217679, 28.067743], [85.21722, 28.067157], [85.216991, 28.06641], [85.217947, 28.063428], [85.21863, 28.06021], [85.218698, 28.059151], [85.218498, 28.054506], [85.218391, 28.053575], [85.218108, 28.052423], [85.217658, 28.051313], [85.21722, 28.050517], [85.215019, 28.0474], [85.212921, 28.045365], [85.21175, 28.044446], [85.210817, 28.042529], [85.210322, 28.04176], [85.209759, 28.04107], [85.208521, 28.039762], [85.207083, 28.038424], [85.204976, 28.036726], [85.203885, 28.036037], [85.20419, 28.034399], [85.204375, 28.032914], [85.204415, 28.031897], [85.204304, 28.030722], [85.204021, 28.029569], [85.20242, 28.025599], [85.201426, 28.02347], [85.200851, 28.022496], [85.200152, 28.02159], [85.199058, 28.0204], [85.197315, 28.018735], [85.197132, 28.01701], [85.196667, 28.014916], [85.196218, 28.013806], [85.19578, 28.01301], [85.194492, 28.011267], [85.193884, 28.009672], [85.193799, 28.008022], [85.194385, 28.006258], [85.194621, 28.005096], [85.194684, 28.003918], [85.194589, 28.002746], [85.195651, 28.000395], [85.195934, 27.999546], [85.19617, 27.998385], [85.196237, 27.997299], [85.196102, 27.995417], [85.195819, 27.994265], [85.195369, 27.993154], [85.194384, 27.991543], [85.193023, 27.989885], [85.192903, 27.98876], [85.192621, 27.987607], [85.192171, 27.986497], [85.191733, 27.985702], [85.190823, 27.984406], [85.190605, 27.983186], [85.191443, 27.980615], [85.191806, 27.979101], [85.193352, 27.976758], [85.193879, 27.975751], [85.194283, 27.974627], [85.194519, 27.973466], [85.194603, 27.972279], [85.194576, 27.971126], [85.194379, 27.969959], [85.193887, 27.96852], [85.193361, 27.967386], [85.192764, 27.966364], [85.192006, 27.965395], [85.190797, 27.964257], [85.189927, 27.963592], [85.188655, 27.962791], [85.186102, 27.961633], [85.185532, 27.9608], [85.184458, 27.959506], [85.183161, 27.95828], [85.182118, 27.957548], [85.179988, 27.956498], [85.17752, 27.955625], [85.176814, 27.954226], [85.17591, 27.952789], [85.174511, 27.951129], [85.173084, 27.949846], [85.173153, 27.947175], [85.173041, 27.94616], [85.17251, 27.94424], [85.172111, 27.943295], [85.171623, 27.942419], [85.171025, 27.941519], [85.169468, 27.939613], [85.168808, 27.937717], [85.167988, 27.936024], [85.166101, 27.933567], [85.165768, 27.932915], [85.165541, 27.932204], [85.16511, 27.930459], [85.164244, 27.928599], [85.163709, 27.927706], [85.162964, 27.92675], [85.16143, 27.925089], [85.161558, 27.923487], [85.161448, 27.922311], [85.161244, 27.921398], [85.160644, 27.919502], [85.160114, 27.91842], [85.159429, 27.917409], [85.158826, 27.916705], [85.157901, 27.915858], [85.156699, 27.914987], [85.155561, 27.914285], [85.154378, 27.913747], [85.150748, 27.912455], [85.148998, 27.911993], [85.148521, 27.911381], [85.1488, 27.910334], [85.149957, 27.908145], [85.150357, 27.907043], [85.15077, 27.905164], [85.150836, 27.902372], [85.150725, 27.901307], [85.150535, 27.900438], [85.1497, 27.898372], [85.148759, 27.896934], [85.148167, 27.896209], [85.146367, 27.89454], [85.146939, 27.89301], [85.147159, 27.892146], [85.147307, 27.89104], [85.14735, 27.889955], [85.147179, 27.88809], [85.14664, 27.886193], [85.146262, 27.885374], [85.145167, 27.883701], [85.14388, 27.88225], [85.142781, 27.881381], [85.137042, 27.877676], [85.136055, 27.876878], [85.135962, 27.874586], [85.135669, 27.873114], [85.135455, 27.872464], [85.1347, 27.870816], [85.134017, 27.869804], [85.133413, 27.8691], [85.131798, 27.867686], [85.130161, 27.866604], [85.128979, 27.866065], [85.126369, 27.865283], [85.124476, 27.864167], [85.122606, 27.863199], [85.121932, 27.86271], [85.121577, 27.861636], [85.121153, 27.860663], [85.120163, 27.858776], [85.118298, 27.856336], [85.117292, 27.855253], [85.116307, 27.854462], [85.114721, 27.853421], [85.11358, 27.852344], [85.112198, 27.851392], [85.110557, 27.850516], [85.108457, 27.849768], [85.104696, 27.849147], [85.101406, 27.849173], [85.099744, 27.849367], [85.095516, 27.850347], [85.092673, 27.848748], [85.090908, 27.84808], [85.090009, 27.847816], [85.086599, 27.847075], [85.085275, 27.846979], [85.083357, 27.847009], [85.081998, 27.846105], [85.08094, 27.845503], [85.079634, 27.844896], [85.078758, 27.844605], [85.077035, 27.84417], [85.075721, 27.843998], [85.072892, 27.844019], [85.070709, 27.844223], [85.069799, 27.84438], [85.068369, 27.844717], [85.067497, 27.845008]]]}}, {"type": "Feature", "properties": {"project_id": 63235, "name": "Nepal Flood 2026 Response - Lower Trishuli and Bhote Koshi Corridor [ROAD]", "reach_label": "Lower Trishuli project", "status": "ARCHIVED", "percent_mapped": 100, "percent_validated": 100, "total_contributors": 101, "mapping_types": ["ROADS"], "km_start": 78.9, "km_end": 189.4, "source": "Humanitarian OpenStreetMap Team, Nepal Flood 2026 Flood Affected Area", "source_url": "https://data.humdata.org/dataset/hot_flood_npl", "licence": "ODbL 1.0, (c) OpenStreetMap contributors", "retrieved": "2026-09-05", "tier": "observed"}, "geometry": {"type": "Polygon", "coordinates": [[[84.419046, 27.750249], [84.423067, 27.751653], [84.425795, 27.751987], [84.428393, 27.751807], [84.43157, 27.751216], [84.434326, 27.755557], [84.4371, 27.758545], [84.438543, 27.761281], [84.440317, 27.763592], [84.443347, 27.766003], [84.446492, 27.767437], [84.449045, 27.768198], [84.449351, 27.768605], [84.449051, 27.769174], [84.447636, 27.769509], [84.444358, 27.769612], [84.439334, 27.76926], [84.436461, 27.769634], [84.43271, 27.771295], [84.430513, 27.773171], [84.425152, 27.778906], [84.423664, 27.781033], [84.420841, 27.785931], [84.42026, 27.787908], [84.419708, 27.7931], [84.419824, 27.794879], [84.420573, 27.797343], [84.420874, 27.799311], [84.420753, 27.802271], [84.421305, 27.808201], [84.422586, 27.814855], [84.423213, 27.816646], [84.425139, 27.8195], [84.426553, 27.820774], [84.429574, 27.822799], [84.433178, 27.824257], [84.435106, 27.826826], [84.439211, 27.830325], [84.442089, 27.831715], [84.444252, 27.832237], [84.446287, 27.832382], [84.449571, 27.832021], [84.452369, 27.831173], [84.45702, 27.82915], [84.457401, 27.82933], [84.458133, 27.830332], [84.462059, 27.832797], [84.464863, 27.83341], [84.471722, 27.833176], [84.478916, 27.831977], [84.483656, 27.830294], [84.491417, 27.829776], [84.492704, 27.829407], [84.494536, 27.829864], [84.498727, 27.829682], [84.501459, 27.82896], [84.505477, 27.828427], [84.509586, 27.826921], [84.510056, 27.827361], [84.510423, 27.832306], [84.511138, 27.834489], [84.512417, 27.836705], [84.514589, 27.838886], [84.516536, 27.84012], [84.518775, 27.841097], [84.525032, 27.842581], [84.529067, 27.842742], [84.533718, 27.84215], [84.535846, 27.842265], [84.536988, 27.842609], [84.540062, 27.842755], [84.545098, 27.841656], [84.545847, 27.84135], [84.54611, 27.84082], [84.546764, 27.840759], [84.547247, 27.841478], [84.547037, 27.842177], [84.548109, 27.846364], [84.546857, 27.850459], [84.546718, 27.85254], [84.546904, 27.854301], [84.54766, 27.858568], [84.548487, 27.860851], [84.550621, 27.863655], [84.553743, 27.865645], [84.555588, 27.866273], [84.559558, 27.867159], [84.563597, 27.867253], [84.566278, 27.868256], [84.566515, 27.868606], [84.566741, 27.871494], [84.567101, 27.872979], [84.567761, 27.874501], [84.568761, 27.876417], [84.570963, 27.878723], [84.574843, 27.881752], [84.578411, 27.883577], [84.580467, 27.885232], [84.584689, 27.887705], [84.586805, 27.888518], [84.590938, 27.888975], [84.593708, 27.888538], [84.595566, 27.88791], [84.59773, 27.886816], [84.599706, 27.885349], [84.604116, 27.884933], [84.606398, 27.884316], [84.608263, 27.883518], [84.608687, 27.883683], [84.610194, 27.885845], [84.61185, 27.887319], [84.613755, 27.888477], [84.615925, 27.889328], [84.61839, 27.889807], [84.620563, 27.889868], [84.623329, 27.88955], [84.627466, 27.888542], [84.629681, 27.887539], [84.632504, 27.885832], [84.635319, 27.883445], [84.636976, 27.880647], [84.637622, 27.877402], [84.638651, 27.876862], [84.641666, 27.874137], [84.643524, 27.869511], [84.648296, 27.869397], [84.650508, 27.868826], [84.654573, 27.867008], [84.656465, 27.865772], [84.658338, 27.863806], [84.659898, 27.860604], [84.662467, 27.859627], [84.664687, 27.858327], [84.668162, 27.855345], [84.669669, 27.85295], [84.670652, 27.850768], [84.671639, 27.847487], [84.67342, 27.844317], [84.673979, 27.842767], [84.674251, 27.840996], [84.673874, 27.837798], [84.673555, 27.836909], [84.672712, 27.832099], [84.675494, 27.828659], [84.677369, 27.825021], [84.681148, 27.82386], [84.682968, 27.822935], [84.688202, 27.819426], [84.695981, 27.818134], [84.703875, 27.816357], [84.707534, 27.816231], [84.70916, 27.815968], [84.711806, 27.815261], [84.71572, 27.812536], [84.718046, 27.812837], [84.722716, 27.812127], [84.726657, 27.809771], [84.729529, 27.809001], [84.729966, 27.80908], [84.731319, 27.81044], [84.733635, 27.811995], [84.736695, 27.813117], [84.739261, 27.813468], [84.741582, 27.81345], [84.743323, 27.81426], [84.746683, 27.814778], [84.74749, 27.817236], [84.749843, 27.820662], [84.754563, 27.824457], [84.757446, 27.826249], [84.760285, 27.827189], [84.763286, 27.827603], [84.766946, 27.827333], [84.770565, 27.82605], [84.776967, 27.821599], [84.780221, 27.822562], [84.78576, 27.823554], [84.789103, 27.823723], [84.793414, 27.82269], [84.79703, 27.823452], [84.800463, 27.825123], [84.804264, 27.826255], [84.806837, 27.82667], [84.808981, 27.826681], [84.812562, 27.825964], [84.81623, 27.823927], [84.818047, 27.825443], [84.82177, 27.82739], [84.82688, 27.828242], [84.83106, 27.827704], [84.834341, 27.826643], [84.837021, 27.825266], [84.83925, 27.823694], [84.841251, 27.821824], [84.844465, 27.817793], [84.844805, 27.816539], [84.845169, 27.816249], [84.848927, 27.817601], [84.853962, 27.817325], [84.856751, 27.816472], [84.859284, 27.8164], [84.863726, 27.815503], [84.865944, 27.814301], [84.867849, 27.815413], [84.87121, 27.816552], [84.875052, 27.817145], [84.880253, 27.818727], [84.884228, 27.818102], [84.888004, 27.81846], [84.890207, 27.818298], [84.892555, 27.81793], [84.895397, 27.816914], [84.900052, 27.815758], [84.901997, 27.816443], [84.906891, 27.816904], [84.910803, 27.815917], [84.913616, 27.814071], [84.915893, 27.813783], [84.919551, 27.812236], [84.922684, 27.809214], [84.923191, 27.808101], [84.922768, 27.80806], [84.922521, 27.807788], [84.922591, 27.806579], [84.9236, 27.806206], [84.924385, 27.806246], [84.924806, 27.806519], [84.924819, 27.807021], [84.923628, 27.807903], [84.925168, 27.808639], [84.92711, 27.810383], [84.930704, 27.812645], [84.933834, 27.813663], [84.935329, 27.816282], [84.936298, 27.817171], [84.936959, 27.818706], [84.938631, 27.821111], [84.941602, 27.823506], [84.946023, 27.825125], [84.950582, 27.825828], [84.951614, 27.82555], [84.954756, 27.826506], [84.95944, 27.826944], [84.963995, 27.825837], [84.968501, 27.823618], [84.971465, 27.821029], [84.97218, 27.819946], [84.973742, 27.819696], [84.976856, 27.817086], [84.97816, 27.815207], [84.979178, 27.812689], [84.979441, 27.812443], [84.97985, 27.812435], [84.981801, 27.813411], [84.984739, 27.814281], [84.987613, 27.814543], [84.98941, 27.81443], [84.985469, 27.814116], [84.981881, 27.81243], [84.980168, 27.810621], [84.980055, 27.810269], [84.981104, 27.809096], [84.982206, 27.803759], [84.981847, 27.801885], [84.980627, 27.80702], [84.97927, 27.80816], [84.978732, 27.807902], [84.978227, 27.806475], [84.978557, 27.803045], [84.980436, 27.799846], [84.980906, 27.799573], [84.981333, 27.799693], [84.983819, 27.797643], [84.98448, 27.797335], [84.986446, 27.796785], [84.988513, 27.796658], [84.990338, 27.79711], [84.991119, 27.797528], [84.991657, 27.797212], [84.993356, 27.797714], [84.99634, 27.800016], [84.998053, 27.803044], [84.998358, 27.8067], [84.997309, 27.809414], [84.994625, 27.811481], [84.98948, 27.812071], [84.991244, 27.812387], [84.99437, 27.81256], [85.00069, 27.811801], [85.001836, 27.81254], [85.0025, 27.815239], [85.003737, 27.817599], [85.005572, 27.819845], [85.007174, 27.822642], [85.00719, 27.82716], [85.008118, 27.830258], [85.009246, 27.83233], [85.011477, 27.834938], [85.009827, 27.838348], [85.009056, 27.841379], [85.00909, 27.844165], [85.010846, 27.848085], [85.014143, 27.850817], [85.01511, 27.851191], [85.017742, 27.852966], [85.019724, 27.853913], [85.020397, 27.855586], [85.022945, 27.85917], [85.025439, 27.861455], [85.029179, 27.863053], [85.034314, 27.863186], [85.037099, 27.864657], [85.039034, 27.865316], [85.041082, 27.865664], [85.044983, 27.865464], [85.049445, 27.863727], [85.050231, 27.864682], [85.053725, 27.867392], [85.057801, 27.868152], [85.058145, 27.868456], [85.058141, 27.868896], [85.067497, 27.845008], [85.067734, 27.844929], [85.064517, 27.845785], [85.061206, 27.847191], [85.056937, 27.845217], [85.054312, 27.844456], [85.050423, 27.843863], [85.047729, 27.843941], [85.044907, 27.844527], [85.041669, 27.846021], [85.03811, 27.844924], [85.037117, 27.843271], [85.03453, 27.840919], [85.032698, 27.839698], [85.03268, 27.839287], [85.033114, 27.838363], [85.033568, 27.835387], [85.032771, 27.830795], [85.031863, 27.82876], [85.030894, 27.827388], [85.027694, 27.823863], [85.027173, 27.819043], [85.026597, 27.816683], [85.025779, 27.814851], [85.024363, 27.812967], [85.023917, 27.811973], [85.022588, 27.810005], [85.020929, 27.808044], [85.022066, 27.810512], [85.021872, 27.812626], [85.02032, 27.815118], [85.016744, 27.816604], [85.012834, 27.816752], [85.009111, 27.815556], [85.006072, 27.812981], [85.004484, 27.809636], [85.004424, 27.807441], [85.005123, 27.804851], [85.007177, 27.802338], [85.008315, 27.801562], [85.008264, 27.800902], [85.009136, 27.800201], [85.012755, 27.799019], [85.016712, 27.799147], [85.020312, 27.800606], [85.023011, 27.803162], [85.021803, 27.801655], [85.018895, 27.79952], [85.014167, 27.797477], [85.012363, 27.796977], [85.007078, 27.794521], [85.003726, 27.793347], [84.999058, 27.793416], [84.996458, 27.793972], [84.995027, 27.794502], [84.993994, 27.79458], [84.992683, 27.79433], [84.987348, 27.79485], [84.982707, 27.793466], [84.98155, 27.793396], [84.978978, 27.792685], [84.975578, 27.79258], [84.97343, 27.792735], [84.9701, 27.793395], [84.966994, 27.794634], [84.962957, 27.798217], [84.962471, 27.800155], [84.960414, 27.802969], [84.959255, 27.803408], [84.956274, 27.807274], [84.955888, 27.807374], [84.952886, 27.80672], [84.953903, 27.808186], [84.953797, 27.808637], [84.95338, 27.808839], [84.950851, 27.807847], [84.95075, 27.807448], [84.950959, 27.807094], [84.952555, 27.806634], [84.951672, 27.804352], [84.948186, 27.799829], [84.945691, 27.797554], [84.941992, 27.795859], [84.938907, 27.795499], [84.937259, 27.794195], [84.929185, 27.789736], [84.926742, 27.78889], [84.923713, 27.788447], [84.920179, 27.788763], [84.91752, 27.789622], [84.915328, 27.790703], [84.912881, 27.792407], [84.909638, 27.793835], [84.908187, 27.795032], [84.900874, 27.797054], [84.899521, 27.796922], [84.895437, 27.79773], [84.892182, 27.799157], [84.888385, 27.799981], [84.883288, 27.799223], [84.881663, 27.79952], [84.877764, 27.795789], [84.87454, 27.794202], [84.871497, 27.79327], [84.868448, 27.792712], [84.865234, 27.792518], [84.860464, 27.793412], [84.855958, 27.796669], [84.855289, 27.797575], [84.854916, 27.797723], [84.852989, 27.796341], [84.846305, 27.793546], [84.84143, 27.792848], [84.835923, 27.793798], [84.831092, 27.796962], [84.828615, 27.80078], [84.828286, 27.801012], [84.826343, 27.800039], [84.823146, 27.798958], [84.819901, 27.798648], [84.817312, 27.79881], [84.814078, 27.799682], [84.811141, 27.801335], [84.80893, 27.803561], [84.807399, 27.806553], [84.808268, 27.806254], [84.808748, 27.806681], [84.807771, 27.808626], [84.807158, 27.808981], [84.804486, 27.809445], [84.804044, 27.80918], [84.804053, 27.808619], [84.805964, 27.80716], [84.803505, 27.805923], [84.79951, 27.805612], [84.795724, 27.804157], [84.793506, 27.803748], [84.790868, 27.803671], [84.787948, 27.804165], [84.785398, 27.805202], [84.782703, 27.802744], [84.779369, 27.800613], [84.775096, 27.799651], [84.772402, 27.799715], [84.769914, 27.800275], [84.767998, 27.800998], [84.764456, 27.802969], [84.764055, 27.80301], [84.760177, 27.799692], [84.756967, 27.797642], [84.752744, 27.796259], [84.748829, 27.796189], [84.746425, 27.795566], [84.745908, 27.794527], [84.743844, 27.792304], [84.742371, 27.791236], [84.740394, 27.790291], [84.738237, 27.788626], [84.735767, 27.78744], [84.733095, 27.786806], [84.729672, 27.786712], [84.727714, 27.787024], [84.724724, 27.788119], [84.722482, 27.789704], [84.721285, 27.790942], [84.720271, 27.792433], [84.720733, 27.792429], [84.721029, 27.79272], [84.721007, 27.793184], [84.720473, 27.793686], [84.721614, 27.794456], [84.721656, 27.794868], [84.721346, 27.795212], [84.718734, 27.794883], [84.715315, 27.795382], [84.714957, 27.794956], [84.715166, 27.794441], [84.715772, 27.793995], [84.718641, 27.792786], [84.714908, 27.791715], [84.712393, 27.79147], [84.709349, 27.791718], [84.706827, 27.7924], [84.702877, 27.794346], [84.700539, 27.796311], [84.698788, 27.79893], [84.691717, 27.80056], [84.689547, 27.800803], [84.686727, 27.801441], [84.683954, 27.801559], [84.681585, 27.802015], [84.679208, 27.802926], [84.677719, 27.803755], [84.674517, 27.806083], [84.671879, 27.80765], [84.666995, 27.80877], [84.662737, 27.810729], [84.661308, 27.811669], [84.659541, 27.81324], [84.657969, 27.815587], [84.657167, 27.817954], [84.656933, 27.820208], [84.654182, 27.822349], [84.65263, 27.824152], [84.651704, 27.825829], [84.65099, 27.828433], [84.651175, 27.832207], [84.652207, 27.835806], [84.65383, 27.83896], [84.652859, 27.84064], [84.651706, 27.843414], [84.646854, 27.844099], [84.64255, 27.845423], [84.639656, 27.847446], [84.638112, 27.849316], [84.637307, 27.850868], [84.63324, 27.851614], [84.630876, 27.852438], [84.629095, 27.853386], [84.626882, 27.855146], [84.624959, 27.857863], [84.624224, 27.860066], [84.623652, 27.862952], [84.620287, 27.865785], [84.619884, 27.865796], [84.618316, 27.864885], [84.615281, 27.863907], [84.609378, 27.862701], [84.605411, 27.862629], [84.601943, 27.863475], [84.6, 27.864364], [84.597619, 27.866086], [84.596609, 27.867096], [84.594498, 27.867387], [84.591311, 27.868335], [84.587591, 27.870197], [84.587149, 27.869672], [84.587635, 27.867543], [84.587592, 27.864116], [84.58663, 27.861182], [84.585848, 27.859815], [84.584601, 27.858309], [84.578951, 27.853799], [84.574633, 27.851865], [84.568344, 27.849628], [84.568401, 27.844876], [84.56653, 27.836231], [84.565632, 27.83382], [84.564898, 27.832584], [84.562699, 27.829988], [84.561107, 27.828781], [84.55558, 27.825378], [84.553873, 27.824501], [84.55007, 27.823266], [84.547077, 27.822865], [84.544918, 27.822835], [84.542481, 27.823193], [84.538686, 27.824401], [84.531027, 27.824225], [84.530751, 27.823862], [84.530484, 27.820647], [84.529986, 27.818667], [84.527801, 27.813691], [84.526932, 27.812388], [84.525198, 27.810449], [84.522573, 27.808699], [84.520308, 27.807793], [84.515867, 27.80681], [84.51297, 27.806551], [84.510056, 27.80672], [84.507183, 27.807411], [84.503901, 27.808691], [84.501684, 27.809729], [84.499566, 27.811062], [84.497868, 27.811248], [84.494851, 27.810428], [84.491748, 27.810322], [84.488446, 27.810999], [84.485305, 27.812238], [84.481541, 27.812357], [84.478204, 27.812882], [84.474326, 27.814247], [84.472356, 27.812481], [84.470841, 27.811435], [84.467893, 27.810215], [84.46439, 27.809826], [84.462034, 27.810124], [84.460905, 27.810537], [84.455456, 27.810892], [84.449738, 27.812254], [84.448115, 27.81064], [84.445741, 27.808907], [84.441806, 27.807085], [84.441428, 27.805687], [84.441075, 27.801606], [84.441343, 27.799132], [84.441213, 27.797682], [84.440071, 27.792111], [84.441772, 27.789243], [84.443476, 27.787577], [84.449589, 27.787406], [84.455344, 27.786277], [84.461267, 27.784014], [84.465857, 27.781692], [84.468638, 27.779662], [84.470869, 27.776958], [84.473846, 27.774507], [84.475793, 27.771929], [84.47725, 27.769121], [84.479113, 27.766506], [84.479923, 27.764938], [84.481312, 27.760401], [84.482396, 27.754999], [84.482551, 27.752856], [84.481838, 27.749623], [84.480921, 27.747878], [84.47996, 27.746587], [84.478122, 27.744838], [84.474327, 27.743037], [84.47109, 27.742608], [84.468346, 27.742841], [84.46469, 27.743495], [84.460351, 27.744852], [84.45847, 27.745709], [84.454706, 27.748592], [84.454217, 27.748679], [84.451197, 27.745543], [84.447544, 27.739326], [84.446498, 27.738038], [84.444804, 27.73651], [84.441897, 27.73479], [84.43836, 27.73328], [84.435079, 27.732514], [84.431798, 27.732402], [84.427762, 27.732946], [84.423925, 27.73441], [84.424712, 27.734139], [84.426388, 27.734035], [84.428013, 27.734257], [84.429391, 27.735147], [84.431457, 27.738075], [84.432101, 27.741642], [84.431237, 27.744936], [84.428986, 27.747757], [84.425595, 27.749656], [84.421738, 27.75024], [84.417854, 27.749471], [84.416609, 27.748808], [84.419046, 27.750249]]]}}, {"type": "Feature", "properties": {"project_id": 63236, "name": "Nepal Flood 2026 Response - Lower Trishuli and Bhote Koshi Corridor [BUILDING]", "reach_label": "Lower Trishuli project", "status": "ARCHIVED", "percent_mapped": 100, "percent_validated": 100, "total_contributors": 145, "mapping_types": ["BUILDINGS"], "km_start": 78.9, "km_end": 189.4, "source": "Humanitarian OpenStreetMap Team, Nepal Flood 2026 Flood Affected Area", "source_url": "https://data.humdata.org/dataset/hot_flood_npl", "licence": "ODbL 1.0, (c) OpenStreetMap contributors", "retrieved": "2026-09-05", "tier": "observed"}, "geometry": {"type": "Polygon", "coordinates": [[[84.419046, 27.750249], [84.423067, 27.751653], [84.425795, 27.751987], [84.428393, 27.751807], [84.43157, 27.751216], [84.434326, 27.755557], [84.4371, 27.758545], [84.438543, 27.761281], [84.440317, 27.763592], [84.443347, 27.766003], [84.446492, 27.767437], [84.449045, 27.768198], [84.449351, 27.768605], [84.449051, 27.769174], [84.447636, 27.769509], [84.444358, 27.769612], [84.439334, 27.76926], [84.436461, 27.769634], [84.43271, 27.771295], [84.430513, 27.773171], [84.425152, 27.778906], [84.423664, 27.781033], [84.420841, 27.785931], [84.42026, 27.787908], [84.419708, 27.7931], [84.419824, 27.794879], [84.420573, 27.797343], [84.420874, 27.799311], [84.420753, 27.802271], [84.421305, 27.808201], [84.422586, 27.814855], [84.423213, 27.816646], [84.425139, 27.8195], [84.426553, 27.820774], [84.429574, 27.822799], [84.433178, 27.824257], [84.435106, 27.826826], [84.439211, 27.830325], [84.442089, 27.831715], [84.444252, 27.832237], [84.446287, 27.832382], [84.449571, 27.832021], [84.452369, 27.831173], [84.45702, 27.82915], [84.457401, 27.82933], [84.458133, 27.830332], [84.462059, 27.832797], [84.464863, 27.83341], [84.471722, 27.833176], [84.478916, 27.831977], [84.483656, 27.830294], [84.491417, 27.829776], [84.492704, 27.829407], [84.494536, 27.829864], [84.498727, 27.829682], [84.501459, 27.82896], [84.505477, 27.828427], [84.509586, 27.826921], [84.510056, 27.827361], [84.510423, 27.832306], [84.511138, 27.834489], [84.512417, 27.836705], [84.514589, 27.838886], [84.516536, 27.84012], [84.518775, 27.841097], [84.525032, 27.842581], [84.529067, 27.842742], [84.533718, 27.84215], [84.535846, 27.842265], [84.536988, 27.842609], [84.540062, 27.842755], [84.545098, 27.841656], [84.545847, 27.84135], [84.54611, 27.84082], [84.546764, 27.840759], [84.547247, 27.841478], [84.547037, 27.842177], [84.548109, 27.846364], [84.546857, 27.850459], [84.546718, 27.85254], [84.546904, 27.854301], [84.54766, 27.858568], [84.548487, 27.860851], [84.550621, 27.863655], [84.553743, 27.865645], [84.555588, 27.866273], [84.559558, 27.867159], [84.563597, 27.867253], [84.566278, 27.868256], [84.566515, 27.868606], [84.566741, 27.871494], [84.567101, 27.872979], [84.567761, 27.874501], [84.568761, 27.876417], [84.570963, 27.878723], [84.574843, 27.881752], [84.578411, 27.883577], [84.580467, 27.885232], [84.584689, 27.887705], [84.586805, 27.888518], [84.590938, 27.888975], [84.593708, 27.888538], [84.595566, 27.88791], [84.59773, 27.886816], [84.599706, 27.885349], [84.604116, 27.884933], [84.606398, 27.884316], [84.608263, 27.883518], [84.608687, 27.883683], [84.610194, 27.885845], [84.61185, 27.887319], [84.613755, 27.888477], [84.615925, 27.889328], [84.61839, 27.889807], [84.620563, 27.889868], [84.623329, 27.88955], [84.627466, 27.888542], [84.629681, 27.887539], [84.632504, 27.885832], [84.635319, 27.883445], [84.636976, 27.880647], [84.637622, 27.877402], [84.638651, 27.876862], [84.641666, 27.874137], [84.643524, 27.869511], [84.648296, 27.869397], [84.650508, 27.868826], [84.654573, 27.867008], [84.656465, 27.865772], [84.658338, 27.863806], [84.659898, 27.860604], [84.662467, 27.859627], [84.664687, 27.858327], [84.668162, 27.855345], [84.669669, 27.85295], [84.670652, 27.850768], [84.671639, 27.847487], [84.67342, 27.844317], [84.673979, 27.842767], [84.674251, 27.840996], [84.673874, 27.837798], [84.673555, 27.836909], [84.672712, 27.832099], [84.675494, 27.828659], [84.677369, 27.825021], [84.681148, 27.82386], [84.682968, 27.822935], [84.688202, 27.819426], [84.695981, 27.818134], [84.703875, 27.816357], [84.707534, 27.816231], [84.70916, 27.815968], [84.711806, 27.815261], [84.71572, 27.812536], [84.718046, 27.812837], [84.722716, 27.812127], [84.726657, 27.809771], [84.729529, 27.809001], [84.729966, 27.80908], [84.731319, 27.81044], [84.733635, 27.811995], [84.736695, 27.813117], [84.739261, 27.813468], [84.741582, 27.81345], [84.743323, 27.81426], [84.746683, 27.814778], [84.74749, 27.817236], [84.749843, 27.820662], [84.754563, 27.824457], [84.757446, 27.826249], [84.760285, 27.827189], [84.763286, 27.827603], [84.766946, 27.827333], [84.770565, 27.82605], [84.776967, 27.821599], [84.780221, 27.822562], [84.78576, 27.823554], [84.789103, 27.823723], [84.793414, 27.82269], [84.79703, 27.823452], [84.800463, 27.825123], [84.804264, 27.826255], [84.806837, 27.82667], [84.808981, 27.826681], [84.812562, 27.825964], [84.81623, 27.823927], [84.818047, 27.825443], [84.82177, 27.82739], [84.82688, 27.828242], [84.83106, 27.827704], [84.834341, 27.826643], [84.837021, 27.825266], [84.83925, 27.823694], [84.841251, 27.821824], [84.844465, 27.817793], [84.844805, 27.816539], [84.845169, 27.816249], [84.848927, 27.817601], [84.853962, 27.817325], [84.856751, 27.816472], [84.859284, 27.8164], [84.863726, 27.815503], [84.865944, 27.814301], [84.867849, 27.815413], [84.87121, 27.816552], [84.875052, 27.817145], [84.880253, 27.818727], [84.884228, 27.818102], [84.888004, 27.81846], [84.890207, 27.818298], [84.892555, 27.81793], [84.895397, 27.816914], [84.900052, 27.815758], [84.901997, 27.816443], [84.906891, 27.816904], [84.910803, 27.815917], [84.913616, 27.814071], [84.915893, 27.813783], [84.919551, 27.812236], [84.922684, 27.809214], [84.923191, 27.808101], [84.922768, 27.80806], [84.922521, 27.807788], [84.922591, 27.806579], [84.9236, 27.806206], [84.924385, 27.806246], [84.924806, 27.806519], [84.924819, 27.807021], [84.923628, 27.807903], [84.925168, 27.808639], [84.92711, 27.810383], [84.930704, 27.812645], [84.933834, 27.813663], [84.935329, 27.816282], [84.936298, 27.817171], [84.936959, 27.818706], [84.938631, 27.821111], [84.941602, 27.823506], [84.946023, 27.825125], [84.950582, 27.825828], [84.951614, 27.82555], [84.954756, 27.826506], [84.95944, 27.826944], [84.963995, 27.825837], [84.968501, 27.823618], [84.971465, 27.821029], [84.97218, 27.819946], [84.973742, 27.819696], [84.976856, 27.817086], [84.97816, 27.815207], [84.979178, 27.812689], [84.979441, 27.812443], [84.97985, 27.812435], [84.981801, 27.813411], [84.984739, 27.814281], [84.987613, 27.814543], [84.98941, 27.81443], [84.985469, 27.814116], [84.981881, 27.81243], [84.980168, 27.810621], [84.980055, 27.810269], [84.981104, 27.809096], [84.982206, 27.803759], [84.981847, 27.801885], [84.980627, 27.80702], [84.97927, 27.80816], [84.978732, 27.807902], [84.978227, 27.806475], [84.978557, 27.803045], [84.980436, 27.799846], [84.980906, 27.799573], [84.981333, 27.799693], [84.983819, 27.797643], [84.98448, 27.797335], [84.986446, 27.796785], [84.988513, 27.796658], [84.990338, 27.79711], [84.991119, 27.797528], [84.991657, 27.797212], [84.993356, 27.797714], [84.99634, 27.800016], [84.998053, 27.803044], [84.998358, 27.8067], [84.997309, 27.809414], [84.994625, 27.811481], [84.98948, 27.812071], [84.991244, 27.812387], [84.99437, 27.81256], [85.00069, 27.811801], [85.001836, 27.81254], [85.0025, 27.815239], [85.003737, 27.817599], [85.005572, 27.819845], [85.007174, 27.822642], [85.00719, 27.82716], [85.008118, 27.830258], [85.009246, 27.83233], [85.011477, 27.834938], [85.009827, 27.838348], [85.009056, 27.841379], [85.00909, 27.844165], [85.010846, 27.848085], [85.014143, 27.850817], [85.01511, 27.851191], [85.017742, 27.852966], [85.019724, 27.853913], [85.020397, 27.855586], [85.022945, 27.85917], [85.025439, 27.861455], [85.029179, 27.863053], [85.034314, 27.863186], [85.037099, 27.864657], [85.039034, 27.865316], [85.041082, 27.865664], [85.044983, 27.865464], [85.049445, 27.863727], [85.050231, 27.864682], [85.053725, 27.867392], [85.057801, 27.868152], [85.058145, 27.868456], [85.058141, 27.868896], [85.067497, 27.845008], [85.067734, 27.844929], [85.064517, 27.845785], [85.061206, 27.847191], [85.056937, 27.845217], [85.054312, 27.844456], [85.050423, 27.843863], [85.047729, 27.843941], [85.044907, 27.844527], [85.041669, 27.846021], [85.03811, 27.844924], [85.037117, 27.843271], [85.03453, 27.840919], [85.032698, 27.839698], [85.03268, 27.839287], [85.033114, 27.838363], [85.033568, 27.835387], [85.032771, 27.830795], [85.031863, 27.82876], [85.030894, 27.827388], [85.027694, 27.823863], [85.027173, 27.819043], [85.026597, 27.816683], [85.025779, 27.814851], [85.024363, 27.812967], [85.023917, 27.811973], [85.022588, 27.810005], [85.020929, 27.808044], [85.022066, 27.810512], [85.021872, 27.812626], [85.02032, 27.815118], [85.016744, 27.816604], [85.012834, 27.816752], [85.009111, 27.815556], [85.006072, 27.812981], [85.004484, 27.809636], [85.004424, 27.807441], [85.005123, 27.804851], [85.007177, 27.802338], [85.008315, 27.801562], [85.008264, 27.800902], [85.009136, 27.800201], [85.012755, 27.799019], [85.016712, 27.799147], [85.020312, 27.800606], [85.023011, 27.803162], [85.021803, 27.801655], [85.018895, 27.79952], [85.014167, 27.797477], [85.012363, 27.796977], [85.007078, 27.794521], [85.003726, 27.793347], [84.999058, 27.793416], [84.996458, 27.793972], [84.995027, 27.794502], [84.993994, 27.79458], [84.992683, 27.79433], [84.987348, 27.79485], [84.982707, 27.793466], [84.98155, 27.793396], [84.978978, 27.792685], [84.975578, 27.79258], [84.97343, 27.792735], [84.9701, 27.793395], [84.966994, 27.794634], [84.962957, 27.798217], [84.962471, 27.800155], [84.960414, 27.802969], [84.959255, 27.803408], [84.956274, 27.807274], [84.955888, 27.807374], [84.952886, 27.80672], [84.953903, 27.808186], [84.953797, 27.808637], [84.95338, 27.808839], [84.950851, 27.807847], [84.95075, 27.807448], [84.950959, 27.807094], [84.952555, 27.806634], [84.951672, 27.804352], [84.948186, 27.799829], [84.945691, 27.797554], [84.941992, 27.795859], [84.938907, 27.795499], [84.937259, 27.794195], [84.929185, 27.789736], [84.926742, 27.78889], [84.923713, 27.788447], [84.920179, 27.788763], [84.91752, 27.789622], [84.915328, 27.790703], [84.912881, 27.792407], [84.909638, 27.793835], [84.908187, 27.795032], [84.900874, 27.797054], [84.899521, 27.796922], [84.895437, 27.79773], [84.892182, 27.799157], [84.888385, 27.799981], [84.883288, 27.799223], [84.881663, 27.79952], [84.877764, 27.795789], [84.87454, 27.794202], [84.871497, 27.79327], [84.868448, 27.792712], [84.865234, 27.792518], [84.860464, 27.793412], [84.855958, 27.796669], [84.855289, 27.797575], [84.854916, 27.797723], [84.852989, 27.796341], [84.846305, 27.793546], [84.84143, 27.792848], [84.835923, 27.793798], [84.831092, 27.796962], [84.828615, 27.80078], [84.828286, 27.801012], [84.826343, 27.800039], [84.823146, 27.798958], [84.819901, 27.798648], [84.817312, 27.79881], [84.814078, 27.799682], [84.811141, 27.801335], [84.80893, 27.803561], [84.807399, 27.806553], [84.808268, 27.806254], [84.808748, 27.806681], [84.807771, 27.808626], [84.807158, 27.808981], [84.804486, 27.809445], [84.804044, 27.80918], [84.804053, 27.808619], [84.805964, 27.80716], [84.803505, 27.805923], [84.79951, 27.805612], [84.795724, 27.804157], [84.793506, 27.803748], [84.790868, 27.803671], [84.787948, 27.804165], [84.785398, 27.805202], [84.782703, 27.802744], [84.779369, 27.800613], [84.775096, 27.799651], [84.772402, 27.799715], [84.769914, 27.800275], [84.767998, 27.800998], [84.764456, 27.802969], [84.764055, 27.80301], [84.760177, 27.799692], [84.756967, 27.797642], [84.752744, 27.796259], [84.748829, 27.796189], [84.746425, 27.795566], [84.745908, 27.794527], [84.743844, 27.792304], [84.742371, 27.791236], [84.740394, 27.790291], [84.738237, 27.788626], [84.735767, 27.78744], [84.733095, 27.786806], [84.729672, 27.786712], [84.727714, 27.787024], [84.724724, 27.788119], [84.722482, 27.789704], [84.721285, 27.790942], [84.720271, 27.792433], [84.720733, 27.792429], [84.721029, 27.79272], [84.721007, 27.793184], [84.720473, 27.793686], [84.721614, 27.794456], [84.721656, 27.794868], [84.721346, 27.795212], [84.718734, 27.794883], [84.715315, 27.795382], [84.714957, 27.794956], [84.715166, 27.794441], [84.715772, 27.793995], [84.718641, 27.792786], [84.714908, 27.791715], [84.712393, 27.79147], [84.709349, 27.791718], [84.706827, 27.7924], [84.702877, 27.794346], [84.700539, 27.796311], [84.698788, 27.79893], [84.691717, 27.80056], [84.689547, 27.800803], [84.686727, 27.801441], [84.683954, 27.801559], [84.681585, 27.802015], [84.679208, 27.802926], [84.677719, 27.803755], [84.674517, 27.806083], [84.671879, 27.80765], [84.666995, 27.80877], [84.662737, 27.810729], [84.661308, 27.811669], [84.659541, 27.81324], [84.657969, 27.815587], [84.657167, 27.817954], [84.656933, 27.820208], [84.654182, 27.822349], [84.65263, 27.824152], [84.651704, 27.825829], [84.65099, 27.828433], [84.651175, 27.832207], [84.652207, 27.835806], [84.65383, 27.83896], [84.652859, 27.84064], [84.651706, 27.843414], [84.646854, 27.844099], [84.64255, 27.845423], [84.639656, 27.847446], [84.638112, 27.849316], [84.637307, 27.850868], [84.63324, 27.851614], [84.630876, 27.852438], [84.629095, 27.853386], [84.626882, 27.855146], [84.624959, 27.857863], [84.624224, 27.860066], [84.623652, 27.862952], [84.620287, 27.865785], [84.619884, 27.865796], [84.618316, 27.864885], [84.615281, 27.863907], [84.609378, 27.862701], [84.605411, 27.862629], [84.601943, 27.863475], [84.6, 27.864364], [84.597619, 27.866086], [84.596609, 27.867096], [84.594498, 27.867387], [84.591311, 27.868335], [84.587591, 27.870197], [84.587149, 27.869672], [84.587635, 27.867543], [84.587592, 27.864116], [84.58663, 27.861182], [84.585848, 27.859815], [84.584601, 27.858309], [84.578951, 27.853799], [84.574633, 27.851865], [84.568344, 27.849628], [84.568401, 27.844876], [84.56653, 27.836231], [84.565632, 27.83382], [84.564898, 27.832584], [84.562699, 27.829988], [84.561107, 27.828781], [84.55558, 27.825378], [84.553873, 27.824501], [84.55007, 27.823266], [84.547077, 27.822865], [84.544918, 27.822835], [84.542481, 27.823193], [84.538686, 27.824401], [84.531027, 27.824225], [84.530751, 27.823862], [84.530484, 27.820647], [84.529986, 27.818667], [84.527801, 27.813691], [84.526932, 27.812388], [84.525198, 27.810449], [84.522573, 27.808699], [84.520308, 27.807793], [84.515867, 27.80681], [84.51297, 27.806551], [84.510056, 27.80672], [84.507183, 27.807411], [84.503901, 27.808691], [84.501684, 27.809729], [84.499566, 27.811062], [84.497868, 27.811248], [84.494851, 27.810428], [84.491748, 27.810322], [84.488446, 27.810999], [84.485305, 27.812238], [84.481541, 27.812357], [84.478204, 27.812882], [84.474326, 27.814247], [84.472356, 27.812481], [84.470841, 27.811435], [84.467893, 27.810215], [84.46439, 27.809826], [84.462034, 27.810124], [84.460905, 27.810537], [84.455456, 27.810892], [84.449738, 27.812254], [84.448115, 27.81064], [84.445741, 27.808907], [84.441806, 27.807085], [84.441428, 27.805687], [84.441075, 27.801606], [84.441343, 27.799132], [84.441213, 27.797682], [84.440071, 27.792111], [84.441772, 27.789243], [84.443476, 27.787577], [84.449589, 27.787406], [84.455344, 27.786277], [84.461267, 27.784014], [84.465857, 27.781692], [84.468638, 27.779662], [84.470869, 27.776958], [84.473846, 27.774507], [84.475793, 27.771929], [84.47725, 27.769121], [84.479113, 27.766506], [84.479923, 27.764938], [84.481312, 27.760401], [84.482396, 27.754999], [84.482551, 27.752856], [84.481838, 27.749623], [84.480921, 27.747878], [84.47996, 27.746587], [84.478122, 27.744838], [84.474327, 27.743037], [84.47109, 27.742608], [84.468346, 27.742841], [84.46469, 27.743495], [84.460351, 27.744852], [84.45847, 27.745709], [84.454706, 27.748592], [84.454217, 27.748679], [84.451197, 27.745543], [84.447544, 27.739326], [84.446498, 27.738038], [84.444804, 27.73651], [84.441897, 27.73479], [84.43836, 27.73328], [84.435079, 27.732514], [84.431798, 27.732402], [84.427762, 27.732946], [84.423925, 27.73441], [84.424712, 27.734139], [84.426388, 27.734035], [84.428013, 27.734257], [84.429391, 27.735147], [84.431457, 27.738075], [84.432101, 27.741642], [84.431237, 27.744936], [84.428986, 27.747757], [84.425595, 27.749656], [84.421738, 27.75024], [84.417854, 27.749471], [84.416609, 27.748808], [84.419046, 27.750249]]]}}, {"type": "Feature", "properties": {"project_id": 63399, "name": "Nepal Flood 2026 Response - Upper Trishuli and Bhote Koshi Corridor [Residential Areas]", "reach_label": "Upper Trishuli project", "status": "ARCHIVED", "percent_mapped": 100, "percent_validated": 100, "total_contributors": 73, "mapping_types": ["LAND_USE"], "km_start": 9.1, "km_end": 78.9, "source": "Humanitarian OpenStreetMap Team, Nepal Flood 2026 Flood Affected Area", "source_url": "https://data.humdata.org/dataset/hot_flood_npl", "licence": "ODbL 1.0, (c) OpenStreetMap contributors", "retrieved": "2026-09-05", "tier": "observed"}, "geometry": {"type": "Polygon", "coordinates": [[[85.346907, 28.156794], [85.345626, 28.154815], [85.34502, 28.154112], [85.344091, 28.153266], [85.342342, 28.152053], [85.341379, 28.151504], [85.339912, 28.150806], [85.337976, 28.14946], [85.337143, 28.149006], [85.335731, 28.147768], [85.334689, 28.146536], [85.333722, 28.145596], [85.33262, 28.144699], [85.33128, 28.14391], [85.327977, 28.142399], [85.325897, 28.140965], [85.324288, 28.139999], [85.322114, 28.138517], [85.321248, 28.137222], [85.320487, 28.136254], [85.319351, 28.135177], [85.317848, 28.134149], [85.317186, 28.133767], [85.316, 28.133231], [85.314745, 28.132836], [85.313875, 28.132654], [85.313274, 28.131774], [85.312129, 28.129657], [85.310417, 28.127186], [85.30979, 28.125586], [85.309179, 28.124538], [85.308419, 28.12357], [85.307702, 28.122848], [85.305113, 28.120431], [85.303606, 28.119156], [85.302459, 28.118341], [85.301303, 28.117715], [85.300303, 28.116794], [85.298371, 28.11536], [85.297263, 28.114345], [85.296553, 28.113818], [85.294797, 28.112149], [85.293223, 28.111016], [85.29139, 28.110109], [85.289796, 28.107952], [85.288742, 28.106811], [85.287748, 28.106016], [85.284943, 28.104063], [85.281701, 28.100948], [85.280657, 28.100216], [85.279879, 28.099791], [85.278582, 28.098317], [85.277654, 28.097471], [85.274908, 28.095565], [85.272868, 28.094287], [85.272163, 28.093308], [85.271364, 28.092414], [85.269969, 28.091168], [85.268526, 28.089581], [85.267538, 28.08879], [85.266442, 28.08812], [85.264451, 28.087264], [85.261648, 28.086451], [85.259499, 28.086098], [85.255993, 28.084581], [85.253174, 28.083748], [85.251276, 28.083315], [85.249756, 28.083102], [85.24703, 28.083054], [85.244772, 28.083132], [85.244026, 28.082867], [85.242745, 28.082545], [85.238967, 28.082139], [85.237786, 28.081815], [85.236721, 28.081092], [85.235126, 28.079034], [85.234381, 28.078287], [85.232872, 28.077045], [85.231604, 28.076244], [85.230455, 28.075635], [85.227627, 28.07464], [85.225724, 28.073804], [85.223232, 28.07148], [85.220402, 28.069401], [85.217679, 28.067743], [85.21722, 28.067157], [85.216991, 28.06641], [85.217947, 28.063428], [85.21863, 28.06021], [85.218698, 28.059151], [85.218498, 28.054506], [85.218391, 28.053575], [85.218108, 28.052423], [85.217658, 28.051313], [85.21722, 28.050517], [85.215019, 28.0474], [85.212921, 28.045365], [85.21175, 28.044446], [85.210817, 28.042529], [85.210322, 28.04176], [85.209759, 28.04107], [85.208521, 28.039762], [85.207083, 28.038424], [85.204976, 28.036726], [85.203885, 28.036037], [85.20419, 28.034399], [85.204375, 28.032914], [85.204415, 28.031897], [85.204304, 28.030722], [85.204021, 28.029569], [85.20242, 28.025599], [85.201426, 28.02347], [85.200851, 28.022496], [85.200152, 28.02159], [85.199058, 28.0204], [85.197315, 28.018735], [85.197132, 28.01701], [85.196667, 28.014916], [85.196218, 28.013806], [85.19578, 28.01301], [85.194492, 28.011267], [85.193884, 28.009672], [85.193799, 28.008022], [85.194385, 28.006258], [85.194621, 28.005096], [85.194684, 28.003918], [85.194589, 28.002746], [85.195651, 28.000395], [85.195934, 27.999546], [85.19617, 27.998385], [85.196237, 27.997299], [85.196102, 27.995417], [85.195819, 27.994265], [85.195369, 27.993154], [85.194384, 27.991543], [85.193023, 27.989885], [85.192903, 27.98876], [85.192621, 27.987607], [85.192171, 27.986497], [85.191733, 27.985702], [85.190823, 27.984406], [85.190605, 27.983186], [85.191443, 27.980615], [85.191806, 27.979101], [85.193352, 27.976758], [85.193879, 27.975751], [85.194283, 27.974627], [85.194519, 27.973466], [85.194603, 27.972279], [85.194576, 27.971126], [85.194379, 27.969959], [85.194125, 27.969103], [85.193361, 27.967386], [85.192764, 27.966364], [85.192006, 27.965395], [85.191352, 27.964727], [85.189214, 27.96311], [85.188073, 27.962505], [85.186102, 27.961633], [85.185532, 27.9608], [85.184458, 27.959506], [85.183828, 27.958873], [85.182653, 27.957899], [85.181559, 27.957229], [85.179988, 27.956498], [85.17752, 27.955625], [85.176814, 27.954226], [85.17591, 27.952789], [85.174511, 27.951129], [85.173084, 27.949846], [85.173153, 27.947175], [85.173041, 27.94616], [85.17251, 27.94424], [85.172111, 27.943295], [85.171623, 27.942419], [85.171025, 27.941519], [85.169468, 27.939613], [85.168808, 27.937717], [85.167988, 27.936024], [85.166101, 27.933567], [85.165768, 27.932915], [85.165541, 27.932204], [85.16511, 27.930459], [85.164244, 27.928599], [85.163709, 27.927706], [85.162964, 27.92675], [85.16143, 27.925089], [85.161558, 27.923487], [85.161448, 27.922311], [85.161244, 27.921398], [85.160644, 27.919502], [85.160114, 27.91842], [85.159429, 27.917409], [85.158826, 27.916705], [85.157901, 27.915858], [85.156699, 27.914987], [85.155561, 27.914285], [85.154378, 27.913747], [85.150748, 27.912455], [85.148998, 27.911993], [85.148521, 27.911381], [85.1488, 27.910334], [85.149957, 27.908145], [85.150357, 27.907043], [85.15077, 27.905164], [85.150836, 27.902372], [85.150725, 27.901307], [85.150535, 27.900438], [85.1497, 27.898372], [85.148759, 27.896934], [85.148167, 27.896209], [85.146367, 27.89454], [85.146939, 27.89301], [85.147159, 27.892146], [85.147307, 27.89104], [85.147312, 27.889004], [85.146998, 27.887291], [85.14664, 27.886193], [85.145834, 27.884662], [85.144534, 27.882918], [85.143402, 27.88184], [85.139526, 27.879224], [85.137042, 27.877676], [85.136055, 27.876878], [85.135962, 27.874586], [85.135669, 27.873114], [85.135455, 27.872464], [85.1347, 27.870816], [85.134017, 27.869804], [85.133413, 27.8691], [85.131798, 27.867686], [85.130161, 27.866604], [85.128979, 27.866065], [85.126369, 27.865283], [85.124476, 27.864167], [85.122606, 27.863199], [85.121932, 27.86271], [85.121577, 27.861636], [85.121153, 27.860663], [85.120163, 27.858776], [85.119658, 27.858048], [85.117739, 27.855691], [85.116814, 27.854843], [85.114721, 27.853421], [85.11358, 27.852344], [85.111476, 27.85097], [85.109841, 27.850218], [85.108457, 27.849768], [85.104696, 27.849147], [85.102134, 27.849148], [85.100694, 27.849224], [85.098063, 27.849727], [85.095516, 27.850347], [85.092673, 27.848748], [85.090908, 27.84808], [85.088782, 27.847522], [85.086599, 27.847075], [85.085275, 27.846979], [85.083357, 27.847009], [85.081998, 27.846105], [85.080234, 27.845148], [85.078758, 27.844605], [85.076381, 27.844065], [85.074752, 27.843973], [85.07199, 27.844076], [85.069799, 27.84438], [85.068369, 27.844717], [85.067497, 27.845008], [85.05814, 27.868899], [85.059454, 27.869071], [85.061032, 27.869074], [85.06291, 27.868883], [85.064824, 27.868397], [85.066839, 27.867489], [85.069032, 27.86616], [85.070173, 27.865292], [85.071703, 27.863808], [85.072772, 27.863238], [85.074888, 27.864147], [85.076268, 27.864596], [85.077859, 27.864882], [85.079773, 27.865011], [85.081081, 27.865203], [85.081687, 27.865888], [85.082611, 27.866736], [85.083652, 27.867469], [85.084406, 27.867887], [85.086535, 27.868795], [85.088514, 27.86923], [85.091016, 27.86947], [85.093988, 27.869271], [85.097495, 27.868743], [85.099952, 27.868108], [85.10212, 27.867661], [85.103373, 27.870849], [85.103822, 27.871728], [85.105113, 27.873536], [85.106101, 27.874668], [85.107315, 27.875776], [85.108589, 27.876711], [85.111201, 27.878368], [85.112049, 27.878806], [85.113475, 27.879352], [85.115525, 27.880881], [85.116166, 27.882899], [85.116746, 27.884184], [85.117824, 27.885906], [85.118855, 27.887227], [85.120439, 27.888834], [85.122282, 27.89042], [85.123734, 27.891547], [85.125676, 27.892789], [85.125549, 27.895112], [85.125632, 27.896145], [85.126102, 27.898301], [85.126577, 27.899827], [85.12679, 27.901262], [85.127059, 27.902324], [85.127507, 27.903435], [85.128408, 27.9049], [85.128968, 27.905978], [85.128385, 27.906572], [85.127373, 27.907337], [85.126826, 27.907847], [85.125724, 27.909062], [85.125203, 27.909816], [85.124636, 27.910883], [85.124231, 27.912007], [85.124001, 27.913109], [85.123842, 27.915105], [85.123952, 27.916281], [85.124234, 27.917433], [85.124683, 27.918544], [85.125291, 27.919593], [85.126048, 27.920562], [85.12721, 27.921704], [85.128284, 27.922557], [85.129678, 27.923429], [85.130431, 27.92379], [85.132316, 27.924523], [85.134287, 27.925138], [85.135829, 27.926546], [85.136681, 27.927196], [85.138533, 27.928409], [85.138609, 27.929957], [85.1388, 27.930989], [85.139166, 27.932123], [85.139677, 27.933175], [85.140243, 27.935486], [85.140676, 27.936588], [85.141155, 27.93753], [85.141839, 27.938542], [85.14289, 27.939683], [85.144745, 27.941087], [85.146487, 27.941944], [85.148395, 27.942515], [85.149612, 27.944147], [85.150365, 27.946212], [85.15131, 27.948131], [85.152298, 27.949841], [85.152329, 27.950658], [85.151947, 27.953069], [85.1519, 27.954135], [85.151961, 27.955019], [85.152342, 27.95678], [85.152679, 27.957783], [85.153209, 27.958864], [85.153704, 27.959633], [85.154805, 27.96093], [85.155847, 27.961904], [85.157105, 27.962761], [85.159231, 27.963934], [85.160258, 27.965543], [85.161623, 27.96729], [85.162774, 27.96848], [85.163756, 27.969348], [85.164626, 27.970005], [85.165981, 27.97086], [85.167164, 27.971398], [85.168632, 27.971903], [85.169756, 27.973557], [85.170782, 27.974732], [85.171573, 27.975491], [85.171654, 27.976314], [85.170891, 27.978007], [85.170543, 27.978998], [85.170292, 27.979956], [85.170144, 27.981056], [85.170096, 27.982277], [85.170258, 27.984539], [85.169927, 27.986848], [85.169888, 27.987855], [85.169957, 27.988793], [85.170357, 27.990708], [85.170806, 27.991819], [85.171895, 27.993554], [85.172417, 27.995597], [85.172866, 27.996707], [85.174113, 27.998695], [85.173718, 28.00127], [85.173692, 28.002155], [85.173806, 28.003977], [85.173421, 28.005759], [85.173352, 28.006799], [85.173579, 28.01177], [85.173705, 28.012648], [85.173924, 28.01347], [85.175151, 28.017075], [85.175882, 28.018776], [85.175454, 28.020698], [85.175384, 28.021692], [85.175403, 28.023161], [85.175514, 28.024225], [85.175777, 28.025325], [85.176238, 28.026668], [85.177053, 28.028344], [85.178386, 28.030133], [85.179023, 28.030847], [85.180277, 28.032012], [85.18132, 28.032744], [85.182462, 28.03335], [85.183669, 28.033813], [85.183503, 28.03673], [85.183637, 28.039929], [85.183879, 28.041488], [85.18415, 28.042559], [85.1846, 28.043669], [85.185038, 28.044465], [85.186473, 28.046422], [85.187494, 28.047521], [85.188532, 28.048348], [85.1916, 28.050438], [85.192516, 28.051201], [85.193017, 28.052485], [85.193547, 28.053565], [85.194232, 28.054575], [85.19503, 28.05547], [85.196031, 28.056411], [85.197168, 28.057312], [85.19808, 28.058163], [85.197736, 28.06025], [85.196152, 28.062705], [85.195666, 28.063803], [85.195371, 28.064802], [85.195059, 28.066787], [85.195156, 28.06874], [85.195595, 28.070592], [85.196272, 28.072062], [85.1968, 28.07294], [85.197559, 28.073909], [85.198405, 28.074781], [85.199199, 28.076925], [85.199637, 28.07772], [85.20106, 28.079573], [85.201966, 28.080524], [85.203489, 28.081666], [85.204906, 28.082395], [85.207227, 28.083271], [85.208245, 28.083878], [85.209465, 28.084789], [85.212183, 28.087402], [85.213899, 28.088647], [85.216754, 28.090076], [85.219514, 28.091215], [85.22106, 28.09295], [85.222045, 28.093857], [85.223622, 28.094918], [85.225702, 28.09656], [85.226446, 28.097066], [85.227677, 28.09771], [85.229057, 28.098302], [85.230628, 28.098809], [85.232376, 28.099214], [85.234904, 28.099924], [85.237828, 28.1003], [85.239222, 28.100852], [85.240503, 28.101174], [85.242361, 28.101394], [85.243255, 28.10143], [85.245579, 28.101341], [85.247415, 28.101127], [85.248186, 28.101264], [85.250705, 28.102399], [85.252366, 28.103063], [85.25361, 28.103455], [85.254969, 28.103761], [85.255669, 28.104321], [85.256944, 28.10595], [85.259959, 28.108755], [85.260695, 28.109322], [85.261713, 28.109962], [85.263325, 28.110745], [85.264723, 28.112449], [85.265795, 28.113428], [85.267006, 28.114299], [85.268402, 28.115028], [85.269004, 28.115633], [85.26969, 28.11649], [85.270826, 28.117567], [85.27187, 28.118299], [85.273014, 28.118904], [85.273606, 28.119313], [85.274184, 28.120295], [85.274944, 28.121264], [85.27604, 28.12239], [85.278291, 28.124067], [85.280672, 28.125489], [85.281578, 28.126368], [85.283423, 28.127855], [85.284718, 28.129053], [85.28619, 28.130178], [85.287453, 28.13135], [85.289142, 28.132559], [85.29082, 28.133555], [85.291066, 28.134465], [85.291518, 28.135575], [85.291957, 28.13637], [85.293478, 28.138311], [85.294593, 28.139351], [85.295798, 28.141685], [85.296956, 28.143471], [85.297894, 28.14458], [85.300267, 28.146795], [85.301106, 28.147437], [85.303473, 28.149028], [85.305133, 28.150018], [85.306166, 28.151095], [85.308215, 28.152612], [85.309359, 28.153216], [85.311168, 28.153939], [85.312525, 28.154864], [85.314288, 28.155821], [85.316288, 28.157274], [85.318867, 28.158565], [85.319674, 28.159042], [85.323102, 28.16224], [85.326529, 28.164495], [85.328221, 28.165769], [85.328926, 28.166439], [85.329612, 28.167445], [85.330218, 28.168149], [85.331148, 28.168996], [85.332478, 28.170035], [85.332483, 28.172134], [85.332697, 28.173868], [85.332536, 28.17535], [85.3326, 28.17851], [85.332543, 28.181506], [85.332841, 28.183255], [85.333252, 28.184378], [85.335017, 28.187922], [85.335459, 28.18871], [85.336027, 28.189508], [85.336315, 28.190483], [85.336808, 28.19158], [85.337458, 28.19261], [85.338928, 28.194413], [85.340432, 28.198057], [85.341457, 28.200202], [85.341943, 28.20108], [85.342774, 28.202189], [85.343213, 28.204068], [85.343544, 28.205931], [85.344212, 28.207574], [85.344049, 28.208627], [85.344031, 28.209808], [85.344169, 28.211775], [85.344576, 28.213621], [85.344521, 28.214863], [85.34459, 28.216042], [85.344913, 28.217724], [85.345519, 28.219569], [85.346436, 28.22114], [85.348255, 28.223268], [85.348669, 28.223992], [85.349395, 28.224983], [85.350925, 28.226683], [85.350948, 28.227882], [85.350554, 28.229091], [85.35034, 28.230557], [85.348563, 28.234211], [85.348111, 28.235608], [85.347919, 28.236776], [85.347866, 28.238357], [85.348026, 28.239854], [85.347975, 28.24275], [85.348131, 28.243922], [85.348667, 28.24564], [85.349466, 28.247261], [85.35029, 28.248404], [85.351017, 28.249257], [85.352511, 28.250618], [85.353557, 28.251349], [85.354435, 28.251839], [85.354611, 28.253822], [85.35569, 28.259769], [85.356413, 28.261547], [85.357242, 28.262926], [85.358414, 28.26424], [85.359902, 28.265492], [85.361584, 28.266447], [85.362921, 28.266946], [85.363418, 28.268054], [85.36432, 28.269544], [85.365117, 28.27049], [85.367015, 28.272176], [85.367467, 28.272994], [85.367369, 28.273603], [85.366948, 28.27481], [85.36667, 28.275965], [85.366565, 28.277142], [85.366626, 28.278256], [85.366772, 28.279211], [85.3671, 28.280355], [85.367999, 28.282284], [85.368651, 28.283314], [85.369897, 28.284697], [85.370888, 28.285487], [85.371987, 28.286156], [85.373796, 28.286908], [85.375079, 28.287229], [85.377065, 28.287426], [85.378397, 28.287364], [85.379708, 28.287149], [85.381588, 28.286549], [85.382751, 28.285972], [85.38382, 28.285266], [85.384776, 28.284443], [85.385601, 28.283516], [85.386284, 28.282502], [85.38681, 28.281417], [85.387302, 28.279634], [85.387407, 28.278458], [85.387345, 28.277341], [85.387816, 28.27419], [85.387889, 28.272592], [85.387852, 28.27078], [85.387553, 28.26903], [85.38696, 28.267087], [85.386609, 28.266224], [85.385722, 28.264696], [85.384878, 28.262957], [85.383845, 28.261442], [85.382381, 28.259964], [85.381804, 28.258612], [85.381153, 28.257582], [85.380355, 28.256636], [85.377558, 28.254192], [85.376424, 28.252961], [85.374966, 28.251866], [85.375108, 28.25046], [85.374997, 28.248473], [85.374755, 28.247312], [85.374343, 28.24619], [85.37377, 28.245124], [85.372813, 28.243726], [85.37204, 28.242263], [85.371394, 28.241242], [85.370147, 28.23986], [85.368562, 28.238667], [85.369399, 28.237089], [85.37016, 28.235234], [85.370659, 28.232817], [85.371172, 28.23084], [85.371434, 28.228634], [85.371332, 28.22715], [85.371502, 28.226356], [85.371607, 28.225179], [85.371526, 28.223137], [85.371284, 28.221977], [85.370567, 28.219966], [85.370076, 28.219032], [85.369112, 28.21751], [85.368026, 28.216193], [85.366116, 28.214545], [85.365081, 28.213071], [85.364803, 28.210892], [85.364485, 28.209722], [85.364974, 28.207306], [85.364994, 28.20565], [85.364925, 28.204694], [85.364682, 28.203533], [85.364271, 28.202411], [85.363698, 28.201345], [85.363223, 28.200647], [85.36292, 28.19943], [85.362736, 28.198095], [85.362408, 28.196951], [85.36117, 28.194193], [85.360213, 28.192628], [85.359607, 28.191894], [85.358099, 28.188203], [85.356987, 28.185989], [85.356336, 28.184959], [85.355614, 28.184056], [85.355101, 28.182524], [85.354528, 28.181458], [85.353264, 28.179847], [85.352954, 28.179219], [85.352915, 28.176406], [85.353069, 28.175676], [85.353174, 28.174499], [85.353127, 28.173499], [85.352855, 28.17125], [85.3529, 28.169839], [85.3528, 28.168449], [85.352987, 28.167304], [85.35301, 28.165888], [85.352841, 28.164348], [85.352514, 28.163204], [85.351901, 28.16178], [85.351328, 28.160715], [85.350179, 28.159239], [85.349448, 28.158496], [85.348459, 28.157706], [85.346907, 28.156794]]]}}, {"type": "Feature", "properties": {"project_id": 63465, "name": "Nepal Flood 2026 Response - Lower Trishuli and Bhote Koshi Corridor [Residential Areas]", "reach_label": "Lower Trishuli project", "status": "ARCHIVED", "percent_mapped": 100, "percent_validated": 100, "total_contributors": 59, "mapping_types": ["LAND_USE"], "km_start": 78.9, "km_end": 189.5, "source": "Humanitarian OpenStreetMap Team, Nepal Flood 2026 Flood Affected Area", "source_url": "https://data.humdata.org/dataset/hot_flood_npl", "licence": "ODbL 1.0, (c) OpenStreetMap contributors", "retrieved": "2026-09-05", "tier": "observed"}, "geometry": {"type": "Polygon", "coordinates": [[[85.05814, 27.868899], [85.067497, 27.845008], [85.064177, 27.846351], [85.063061, 27.846991], [85.061822, 27.847918], [85.06078, 27.848515], [85.059474, 27.847433], [85.057892, 27.84644], [85.056769, 27.845843], [85.054303, 27.844872], [85.051763, 27.844158], [85.049786, 27.843957], [85.048619, 27.844], [85.046417, 27.844225], [85.043908, 27.844745], [85.041652, 27.845624], [85.040141, 27.845123], [85.037941, 27.844772], [85.036692, 27.843148], [85.035833, 27.842248], [85.033687, 27.840457], [85.031748, 27.839271], [85.032639, 27.836691], [85.032916, 27.834813], [85.032949, 27.832856], [85.032656, 27.831106], [85.031992, 27.829393], [85.031082, 27.82782], [85.027846, 27.824056], [85.02771, 27.823071], [85.027344, 27.821504], [85.026636, 27.819771], [85.024919, 27.814061], [85.024431, 27.812964], [85.023458, 27.81143], [85.023759, 27.810318], [85.024026, 27.808727], [85.023993, 27.806958], [85.023573, 27.805229], [85.023146, 27.804131], [85.022578, 27.803064], [85.021858, 27.802072], [85.020999, 27.801173], [85.019508, 27.799952], [85.018416, 27.799281], [85.017235, 27.798742], [85.015806, 27.798259], [85.014529, 27.797935], [85.013499, 27.797787], [85.011331, 27.796723], [85.007709, 27.794648], [85.005966, 27.793854], [85.004717, 27.793457], [85.001913, 27.793002], [84.999924, 27.793031], [84.998423, 27.793236], [84.997135, 27.793523], [84.994411, 27.794521], [84.99273, 27.794316], [84.991097, 27.794314], [84.98933, 27.794485], [84.987566, 27.794923], [84.986613, 27.794496], [84.984299, 27.793755], [84.982385, 27.793397], [84.980457, 27.79271], [84.9785, 27.792394], [84.975394, 27.792379], [84.974316, 27.792438], [84.973011, 27.792649], [84.97011, 27.793323], [84.968875, 27.793756], [84.96673, 27.7948], [84.965663, 27.795503], [84.964709, 27.796324], [84.963941, 27.797144], [84.963186, 27.798114], [84.962579, 27.799164], [84.962012, 27.800688], [84.961188, 27.801616], [84.960225, 27.803142], [84.959009, 27.803924], [84.958055, 27.804745], [84.95723, 27.805669], [84.956409, 27.806879], [84.954731, 27.806506], [84.952469, 27.806224], [84.951571, 27.804031], [84.950576, 27.802547], [84.947882, 27.799396], [84.946523, 27.798135], [84.945484, 27.797401], [84.944346, 27.796794], [84.942533, 27.796088], [84.941257, 27.795763], [84.939277, 27.795561], [84.938525, 27.794883], [84.937486, 27.794149], [84.935083, 27.79277], [84.933652, 27.792088], [84.932277, 27.791082], [84.930291, 27.78994], [84.928494, 27.789183], [84.927286, 27.788871], [84.925321, 27.788504], [84.923998, 27.788407], [84.922016, 27.788551], [84.919129, 27.789209], [84.918038, 27.789529], [84.916269, 27.790336], [84.913096, 27.792234], [84.909968, 27.793663], [84.908901, 27.794365], [84.908263, 27.794889], [84.906637, 27.79504], [84.904932, 27.795454], [84.902878, 27.79624], [84.901525, 27.797047], [84.89984, 27.79699], [84.89817, 27.79714], [84.896866, 27.79735], [84.895096, 27.797807], [84.893126, 27.798436], [84.891533, 27.799144], [84.88931, 27.799596], [84.887909, 27.800009], [84.886559, 27.79966], [84.884544, 27.799426], [84.883217, 27.799406], [84.881692, 27.799575], [84.880867, 27.798397], [84.880009, 27.797496], [84.878789, 27.796435], [84.87775, 27.7957], [84.874209, 27.793796], [84.872992, 27.793326], [84.871295, 27.792928], [84.869471, 27.792659], [84.866318, 27.792355], [84.864405, 27.792487], [84.862934, 27.792714], [84.861647, 27.793], [84.859821, 27.793701], [84.85797, 27.794728], [84.856495, 27.795915], [84.854898, 27.79767], [84.853638, 27.796637], [84.852547, 27.795964], [84.850613, 27.795158], [84.849385, 27.794509], [84.846959, 27.793582], [84.845083, 27.793057], [84.843786, 27.792806], [84.841383, 27.792649], [84.840342, 27.792646], [84.837942, 27.792964], [84.83614, 27.793429], [84.834939, 27.793932], [84.833017, 27.795007], [84.831541, 27.796193], [84.830715, 27.797117], [84.829443, 27.798899], [84.828311, 27.801047], [84.826308, 27.800018], [84.825091, 27.799547], [84.823815, 27.799222], [84.821169, 27.798799], [84.819842, 27.798778], [84.817445, 27.79903], [84.815008, 27.799609], [84.813773, 27.800042], [84.812065, 27.800949], [84.81059, 27.802135], [84.808959, 27.803862], [84.808275, 27.804874], [84.807495, 27.806322], [84.80696, 27.806529], [84.805404, 27.806008], [84.804107, 27.805757], [84.80154, 27.805488], [84.799935, 27.805461], [84.799168, 27.805281], [84.797246, 27.804475], [84.795997, 27.804075], [84.794798, 27.803838], [84.793177, 27.803633], [84.790716, 27.80363], [84.789271, 27.803768], [84.787358, 27.804251], [84.785582, 27.80498], [84.785181, 27.804912], [84.785016, 27.804831], [84.782336, 27.802341], [84.78074, 27.801285], [84.779222, 27.800556], [84.778005, 27.800085], [84.776729, 27.799759], [84.775417, 27.799584], [84.774262, 27.799556], [84.771534, 27.799661], [84.76959, 27.800031], [84.768354, 27.800463], [84.767258, 27.800997], [84.765078, 27.80225], [84.763974, 27.803085], [84.763421, 27.802345], [84.762564, 27.801444], [84.760328, 27.799518], [84.758415, 27.798071], [84.757325, 27.797397], [84.755529, 27.796638], [84.753545, 27.796154], [84.752233, 27.795978], [84.750906, 27.795957], [84.748801, 27.796238], [84.747431, 27.795787], [84.746287, 27.795561], [84.745321, 27.794134], [84.743752, 27.792466], [84.74277, 27.791671], [84.738455, 27.788682], [84.736494, 27.787693], [84.734646, 27.787039], [84.73335, 27.786788], [84.731068, 27.786592], [84.729743, 27.786648], [84.727251, 27.787005], [84.725987, 27.787364], [84.724786, 27.787866], [84.723669, 27.788503], [84.722193, 27.789688], [84.721037, 27.790892], [84.720049, 27.792228], [84.718493, 27.792619], [84.717056, 27.79211], [84.715422, 27.791682], [84.714237, 27.791458], [84.712915, 27.791359], [84.710905, 27.791438], [84.709359, 27.791629], [84.708071, 27.791914], [84.706215, 27.792483], [84.705014, 27.792985], [84.703482, 27.793869], [84.702672, 27.794417], [84.701339, 27.795527], [84.700446, 27.796399], [84.699656, 27.797381], [84.699002, 27.798352], [84.698668, 27.798994], [84.693089, 27.799957], [84.690822, 27.800588], [84.688632, 27.800873], [84.686912, 27.801294], [84.684865, 27.801294], [84.683546, 27.801426], [84.681849, 27.801777], [84.680584, 27.802136], [84.679383, 27.802637], [84.678266, 27.803274], [84.676343, 27.804737], [84.674201, 27.806145], [84.67272, 27.806952], [84.671968, 27.807497], [84.667115, 27.808712], [84.664901, 27.809513], [84.663739, 27.810083], [84.662671, 27.810784], [84.66036, 27.812526], [84.659069, 27.813872], [84.658135, 27.815309], [84.657399, 27.816952], [84.657021, 27.818728], [84.656946, 27.820296], [84.65618, 27.820961], [84.65518, 27.82157], [84.654165, 27.822331], [84.653067, 27.823407], [84.651984, 27.824891], [84.651248, 27.826534], [84.650964, 27.827686], [84.650808, 27.829207], [84.650914, 27.8315], [84.651158, 27.833382], [84.651699, 27.835084], [84.653323, 27.83808], [84.653476, 27.839327], [84.65221, 27.841888], [84.651659, 27.843365], [84.649587, 27.843479], [84.646934, 27.843856], [84.644781, 27.844438], [84.642803, 27.845106], [84.641093, 27.846011], [84.640079, 27.846772], [84.639414, 27.847398], [84.63813, 27.848918], [84.63752, 27.849966], [84.637149, 27.85085], [84.634806, 27.851052], [84.632892, 27.851532], [84.629685, 27.852814], [84.628046, 27.853816], [84.627089, 27.854634], [84.626204, 27.855572], [84.625445, 27.85654], [84.624835, 27.857588], [84.624384, 27.858698], [84.624041, 27.859859], [84.623654, 27.86186], [84.623544, 27.862949], [84.62165, 27.864277], [84.620756, 27.865149], [84.619947, 27.866138], [84.617666, 27.864686], [84.616487, 27.864144], [84.615356, 27.863773], [84.61286, 27.863104], [84.611563, 27.862852], [84.608801, 27.862508], [84.606811, 27.862531], [84.604708, 27.862847], [84.603428, 27.863128], [84.601388, 27.863757], [84.600186, 27.864258], [84.599068, 27.864895], [84.598053, 27.865655], [84.596548, 27.867221], [84.59508, 27.867287], [84.593773, 27.867494], [84.591299, 27.868201], [84.590209, 27.868651], [84.589434, 27.86825], [84.58758, 27.867496], [84.587625, 27.865039], [84.587562, 27.864081], [84.587329, 27.862919], [84.586718, 27.861228], [84.586155, 27.860159], [84.585439, 27.859166], [84.58387, 27.857509], [84.583028, 27.85674], [84.581991, 27.856004], [84.580851, 27.85539], [84.57865, 27.853656], [84.576982, 27.852692], [84.571693, 27.850654], [84.56829, 27.849752], [84.568439, 27.849074], [84.568552, 27.847898], [84.568485, 27.845442], [84.568006, 27.843005], [84.566677, 27.83807], [84.566521, 27.836574], [84.566166, 27.835076], [84.565765, 27.833952], [84.565201, 27.832883], [84.563497, 27.830596], [84.562539, 27.829567], [84.561559, 27.828772], [84.559939, 27.827711], [84.557636, 27.826449], [84.55508, 27.824915], [84.552437, 27.823791], [84.550546, 27.823244], [84.547735, 27.822912], [84.546215, 27.822786], [84.544888, 27.822762], [84.543723, 27.822869], [84.541577, 27.823209], [84.540312, 27.823566], [84.53863, 27.824256], [84.535, 27.824073], [84.530514, 27.824192], [84.530492, 27.820901], [84.530207, 27.819151], [84.529362, 27.816938], [84.527489, 27.813202], [84.526504, 27.811741], [84.524892, 27.810025], [84.52338, 27.808875], [84.521653, 27.808014], [84.520179, 27.80746], [84.518904, 27.807131], [84.515018, 27.806598], [84.513676, 27.806495], [84.512108, 27.806498], [84.510373, 27.806637], [84.507343, 27.807345], [84.504695, 27.80824], [84.50238, 27.809358], [84.500893, 27.81026], [84.499789, 27.811092], [84.498156, 27.811313], [84.49636, 27.810691], [84.495064, 27.810437], [84.493742, 27.810336], [84.491309, 27.810414], [84.489363, 27.81078], [84.486267, 27.81191], [84.48527, 27.812188], [84.481962, 27.812227], [84.477406, 27.813072], [84.47614, 27.813429], [84.474087, 27.814326], [84.472739, 27.812987], [84.471703, 27.81225], [84.470462, 27.811532], [84.468668, 27.810769], [84.467393, 27.81044], [84.466081, 27.810262], [84.463717, 27.810179], [84.461849, 27.810409], [84.460089, 27.8104], [84.458895, 27.810511], [84.456433, 27.810879], [84.45181, 27.811741], [84.450544, 27.812097], [84.449377, 27.812571], [84.448019, 27.811], [84.447164, 27.810172], [84.446185, 27.809376], [84.444448, 27.808378], [84.443093, 27.807782], [84.441554, 27.807276], [84.441116, 27.804578], [84.441061, 27.80271], [84.441119, 27.799557], [84.441057, 27.798599], [84.440599, 27.795546], [84.440047, 27.793257], [84.440082, 27.791754], [84.440203, 27.791389], [84.441356, 27.789447], [84.443727, 27.787339], [84.44547, 27.787413], [84.44942, 27.787272], [84.452264, 27.786854], [84.454702, 27.786349], [84.456577, 27.78576], [84.458721, 27.784838], [84.460603, 27.783771], [84.461846, 27.783376], [84.463048, 27.782877], [84.465365, 27.781546], [84.467225, 27.780276], [84.468585, 27.779195], [84.469718, 27.778128], [84.470942, 27.776683], [84.472898, 27.774899], [84.475346, 27.772245], [84.476527, 27.770669], [84.477138, 27.769621], [84.477521, 27.768701], [84.478915, 27.766525], [84.479846, 27.764813], [84.480242, 27.763976], [84.480913, 27.762198], [84.481401, 27.760369], [84.481601, 27.759202], [84.48174, 27.75456], [84.481508, 27.751949], [84.481191, 27.750803], [84.480588, 27.74918], [84.479688, 27.747604], [84.478902, 27.746653], [84.477463, 27.74528], [84.476428, 27.744543], [84.474694, 27.743677], [84.473448, 27.743275], [84.471492, 27.742877], [84.469924, 27.742774], [84.46781, 27.742832], [84.466504, 27.743038], [84.463758, 27.74386], [84.46122, 27.744811], [84.460058, 27.74538], [84.45688, 27.747314], [84.455865, 27.748074], [84.454751, 27.749053], [84.453069, 27.746861], [84.451631, 27.745529], [84.450748, 27.744886], [84.448232, 27.740901], [84.447012, 27.739405], [84.446199, 27.738551], [84.443204, 27.735924], [84.441971, 27.735022], [84.43968, 27.733724], [84.437169, 27.732751], [84.435243, 27.732314], [84.432956, 27.73211], [84.430319, 27.732297], [84.428416, 27.732658], [84.42616, 27.733478], [84.42542, 27.733206], [84.424146, 27.732877], [84.422173, 27.732667], [84.420192, 27.732804], [84.418278, 27.733281], [84.416506, 27.734082], [84.415437, 27.73478], [84.41448, 27.735597], [84.413651, 27.736518], [84.412964, 27.737527], [84.412431, 27.738607], [84.412061, 27.73974], [84.411824, 27.741496], [84.411883, 27.742675], [84.412115, 27.743837], [84.412514, 27.744962], [84.413414, 27.746539], [84.414199, 27.74749], [84.415117, 27.748341], [84.416152, 27.749079], [84.41746, 27.749768], [84.419822, 27.750726], [84.420858, 27.751006], [84.422974, 27.751432], [84.425484, 27.7516], [84.427738, 27.751623], [84.430116, 27.751407], [84.431325, 27.751145], [84.432588, 27.752916], [84.433524, 27.754494], [84.434845, 27.756182], [84.434926, 27.757792], [84.435347, 27.76079], [84.435663, 27.761935], [84.436231, 27.763226], [84.43687, 27.76426], [84.437655, 27.765211], [84.439078, 27.766446], [84.440165, 27.767122], [84.441342, 27.767666], [84.443232, 27.768214], [84.444543, 27.768392], [84.44587, 27.768417], [84.447188, 27.768287], [84.448346, 27.768038], [84.45004, 27.768357], [84.448872, 27.769041], [84.447408, 27.76929], [84.445833, 27.769343], [84.444278, 27.769125], [84.441659, 27.768953], [84.440334, 27.769006], [84.438053, 27.769304], [84.435705, 27.769778], [84.434469, 27.770206], [84.433307, 27.770775], [84.432238, 27.771474], [84.430842, 27.772672], [84.430121, 27.77339], [84.428461, 27.775454], [84.426628, 27.776889], [84.425733, 27.777759], [84.423965, 27.780133], [84.421476, 27.784343], [84.421036, 27.785413], [84.420348, 27.787485], [84.420062, 27.788637], [84.419846, 27.790271], [84.419749, 27.793436], [84.420003, 27.796248], [84.420607, 27.798731], [84.420826, 27.800433], [84.420787, 27.804237], [84.420914, 27.806278], [84.421133, 27.808036], [84.421637, 27.810857], [84.422062, 27.812307], [84.42213, 27.813304], [84.422297, 27.814265], [84.422789, 27.815863], [84.423404, 27.817243], [84.424044, 27.818277], [84.425326, 27.819791], [84.426245, 27.820643], [84.428273, 27.822006], [84.429403, 27.822615], [84.430951, 27.823309], [84.4331, 27.824033], [84.43422, 27.825649], [84.435537, 27.827236], [84.436456, 27.828087], [84.438206, 27.829506], [84.439267, 27.830259], [84.440849, 27.831146], [84.442065, 27.83162], [84.443339, 27.831949], [84.444442, 27.83211], [84.446163, 27.83224], [84.447489, 27.832188], [84.448554, 27.832032], [84.449668, 27.831811], [84.450933, 27.831455], [84.452591, 27.830849], [84.455641, 27.829932], [84.457197, 27.829272], [84.458333, 27.83054], [84.459312, 27.831336], [84.46098, 27.832301], [84.462195, 27.832775], [84.463942, 27.833228], [84.465254, 27.833406], [84.466801, 27.833437], [84.468987, 27.833337], [84.476594, 27.832454], [84.478492, 27.832076], [84.480332, 27.831565], [84.483265, 27.830419], [84.4843, 27.830209], [84.486481, 27.830256], [84.487801, 27.830126], [84.489769, 27.82979], [84.492314, 27.829137], [84.49355, 27.829455], [84.495617, 27.829713], [84.497722, 27.829735], [84.499041, 27.829605], [84.502034, 27.829023], [84.50459, 27.82869], [84.5086, 27.827529], [84.510012, 27.826922], [84.510032, 27.829862], [84.510179, 27.831034], [84.510689, 27.833038], [84.511244, 27.834452], [84.511807, 27.83552], [84.512908, 27.836952], [84.514421, 27.838435], [84.517586, 27.840797], [84.519322, 27.841662], [84.52057, 27.842064], [84.521971, 27.842352], [84.524473, 27.842596], [84.527268, 27.842717], [84.530101, 27.842639], [84.53142, 27.842508], [84.533159, 27.842166], [84.534844, 27.842117], [84.535599, 27.842139], [84.536556, 27.842369], [84.538157, 27.842603], [84.540115, 27.842692], [84.541434, 27.842562], [84.543144, 27.842268], [84.544242, 27.841968], [84.546106, 27.841305], [84.546769, 27.841687], [84.548041, 27.846317], [84.547279, 27.848001], [84.54701, 27.849065], [84.546687, 27.850997], [84.546595, 27.853287], [84.546819, 27.855778], [84.547238, 27.857192], [84.54842, 27.859889], [84.549636, 27.861914], [84.550352, 27.862908], [84.551207, 27.86381], [84.552774, 27.865111], [84.553863, 27.865786], [84.555659, 27.866548], [84.556934, 27.866876], [84.558247, 27.867053], [84.561322, 27.867057], [84.563574, 27.867329], [84.564809, 27.867667], [84.566554, 27.868359], [84.566478, 27.869488], [84.566544, 27.871095], [84.566777, 27.872256], [84.567259, 27.873797], [84.567743, 27.874896], [84.568384, 27.875929], [84.569197, 27.876962], [84.570052, 27.877864], [84.573115, 27.880531], [84.575001, 27.881803], [84.576518, 27.882677], [84.578025, 27.883416], [84.579301, 27.884541], [84.580339, 27.885277], [84.582369, 27.88635], [84.58362, 27.886834], [84.584301, 27.887289], [84.585438, 27.887899], [84.586654, 27.888372], [84.58793, 27.8887], [84.589243, 27.888877], [84.590571, 27.8889], [84.59269, 27.888705], [84.593979, 27.888422], [84.595216, 27.887992], [84.597473, 27.886951], [84.599712, 27.885373], [84.601674, 27.885239], [84.602981, 27.885032], [84.605113, 27.884447], [84.607329, 27.883563], [84.608625, 27.884578], [84.610125, 27.885461], [84.610809, 27.886162], [84.611858, 27.887058], [84.613453, 27.888116], [84.614633, 27.888658], [84.616142, 27.889197], [84.618072, 27.889632], [84.619756, 27.889768], [84.621659, 27.889778], [84.622978, 27.889647], [84.624906, 27.889295], [84.626879, 27.888664], [84.629559, 27.88748], [84.631498, 27.886516], [84.632568, 27.885816], [84.633561, 27.885033], [84.634456, 27.884161], [84.635215, 27.883193], [84.636038, 27.881905], [84.636569, 27.880823], [84.63723, 27.878877], [84.637436, 27.877626], [84.638961, 27.87692], [84.640476, 27.875967], [84.641432, 27.875149], [84.642261, 27.874227], [84.642947, 27.873216], [84.643479, 27.872135], [84.643847, 27.871001], [84.644096, 27.869776], [84.645403, 27.869798], [84.647252, 27.869664], [84.649471, 27.86929], [84.651202, 27.868758], [84.652848, 27.868089], [84.65465, 27.867226], [84.656213, 27.86613], [84.657107, 27.865258], [84.657958, 27.864256], [84.658929, 27.862712], [84.65938, 27.861602], [84.659651, 27.860524], [84.661372, 27.860072], [84.662608, 27.859642], [84.664317, 27.858736], [84.666196, 27.857302], [84.666987, 27.856542], [84.668054, 27.855345], [84.66874, 27.854335], [84.669454, 27.852948], [84.670324, 27.851028], [84.670917, 27.84942], [84.671224, 27.848266], [84.671792, 27.847122], [84.672795, 27.845466], [84.673241, 27.844535], [84.673609, 27.843401], [84.673819, 27.842435], [84.67393, 27.841276], [84.673939, 27.839898], [84.673571, 27.836188], [84.673004, 27.833253], [84.672656, 27.832036], [84.673872, 27.830759], [84.676021, 27.827822], [84.676876, 27.826225], [84.677287, 27.824921], [84.680006, 27.824278], [84.681833, 27.823578], [84.683701, 27.822471], [84.684749, 27.821681], [84.686088, 27.820938], [84.687468, 27.819848], [84.688209, 27.819374], [84.689075, 27.819363], [84.690394, 27.819231], [84.691537, 27.818987], [84.693069, 27.818532], [84.695189, 27.818263], [84.697944, 27.817487], [84.699574, 27.817181], [84.701491, 27.816911], [84.704171, 27.816381], [84.705965, 27.816321], [84.707808, 27.816088], [84.709877, 27.815607], [84.71138, 27.815103], [84.712951, 27.814307], [84.714512, 27.813211], [84.715444, 27.812293], [84.717074, 27.81254], [84.719132, 27.812599], [84.720451, 27.812466], [84.721739, 27.812182], [84.722974, 27.811751], [84.724136, 27.81118], [84.726162, 27.809789], [84.728303, 27.809236], [84.729703, 27.808628], [84.730633, 27.809624], [84.732212, 27.810942], [84.73341, 27.811674], [84.735214, 27.812539], [84.736462, 27.812939], [84.737759, 27.81319], [84.739701, 27.813317], [84.741269, 27.813306], [84.742565, 27.813914], [84.743813, 27.814314], [84.74511, 27.814565], [84.746343, 27.814662], [84.746456, 27.815401], [84.746776, 27.816547], [84.747162, 27.817548], [84.747727, 27.818616], [84.748856, 27.820072], [84.750374, 27.821466], [84.751412, 27.822202], [84.752439, 27.822777], [84.753333, 27.8236], [84.754371, 27.824335], [84.757774, 27.826232], [84.758991, 27.826703], [84.760606, 27.827143], [84.761903, 27.827395], [84.763226, 27.827493], [84.765487, 27.827456], [84.766806, 27.827323], [84.768095, 27.827038], [84.76933, 27.826606], [84.771129, 27.825727], [84.772717, 27.824704], [84.773845, 27.823838], [84.775354, 27.822899], [84.776723, 27.821658], [84.777995, 27.822156], [84.779271, 27.822482], [84.78117, 27.822766], [84.78228, 27.822855], [84.784553, 27.823391], [84.785859, 27.823565], [84.787321, 27.823655], [84.789073, 27.823548], [84.791356, 27.823158], [84.793211, 27.822572], [84.79721, 27.823397], [84.799008, 27.823499], [84.80054, 27.824531], [84.802277, 27.825393], [84.805168, 27.826246], [84.807125, 27.826565], [84.80831, 27.826608], [84.809636, 27.826552], [84.811581, 27.826181], [84.812816, 27.825749], [84.813978, 27.825177], [84.814954, 27.824584], [84.816032, 27.823763], [84.817272, 27.824959], [84.81831, 27.825694], [84.820261, 27.826697], [84.821478, 27.827168], [84.822479, 27.827437], [84.824543, 27.827849], [84.826892, 27.827973], [84.828218, 27.827917], [84.832023, 27.827212], [84.833287, 27.826853], [84.835259, 27.826025], [84.836376, 27.825387], [84.837497, 27.824622], [84.838356, 27.823963], [84.839819, 27.822574], [84.842132, 27.819902], [84.843324, 27.81831], [84.843932, 27.81726], [84.844326, 27.816403], [84.846165, 27.817086], [84.84809, 27.817516], [84.849413, 27.817614], [84.851746, 27.817535], [84.855855, 27.816732], [84.857063, 27.816408], [84.858023, 27.816459], [84.859349, 27.816403], [84.86168, 27.816074], [84.863914, 27.815405], [84.865114, 27.814901], [84.865982, 27.814421], [84.868981, 27.815939], [84.87083, 27.816591], [84.872127, 27.816841], [84.875022, 27.817088], [84.876558, 27.817832], [84.877807, 27.818231], [84.879104, 27.818481], [84.880592, 27.818624], [84.882582, 27.818597], [84.883888, 27.818386], [84.884694, 27.818175], [84.886958, 27.818361], [84.888037, 27.818327], [84.890254, 27.818114], [84.892988, 27.817624], [84.894252, 27.817264], [84.895101, 27.816929], [84.897999, 27.816376], [84.8999, 27.815769], [84.901798, 27.816343], [84.904195, 27.81681], [84.905518, 27.816907], [84.906964, 27.816837], [84.908905, 27.816555], [84.910169, 27.816194], [84.911939, 27.815387], [84.912987, 27.814728], [84.914022, 27.813945], [84.914999, 27.813836], [84.916286, 27.81355], [84.917521, 27.813117], [84.918682, 27.812544], [84.920554, 27.811325], [84.921508, 27.810504], [84.922334, 27.80958], [84.923522, 27.807744], [84.925007, 27.808459], [84.927392, 27.810518], [84.92918, 27.811711], [84.931305, 27.812852], [84.932522, 27.813322], [84.933756, 27.81367], [84.9342, 27.81466], [84.935087, 27.816157], [84.936218, 27.817612], [84.938102, 27.819301], [84.939089, 27.820001], [84.939964, 27.82105], [84.941435, 27.822414], [84.942898, 27.823582], [84.943989, 27.824254], [84.945788, 27.825011], [84.947839, 27.82549], [84.949816, 27.825692], [84.95143, 27.825597], [84.953251, 27.826367], [84.955429, 27.826973], [84.956743, 27.827146], [84.958736, 27.827161], [84.960704, 27.826902], [84.963028, 27.826278], [84.967024, 27.824459], [84.96814, 27.82382], [84.969152, 27.823056], [84.971982, 27.82029], [84.973603, 27.819652], [84.975239, 27.818646], [84.976193, 27.817825], [84.976962, 27.817036], [84.97804, 27.81555], [84.978771, 27.813905], [84.979157, 27.812142], [84.980731, 27.813036], [84.981949, 27.813505], [84.985589, 27.8145], [84.987565, 27.814703], [84.988891, 27.814645], [84.991023, 27.814341], [84.993291, 27.813614], [84.994808, 27.812821], [84.996579, 27.812771], [84.997897, 27.812636], [84.999185, 27.812349], [85.000411, 27.811936], [85.001873, 27.812703], [85.002275, 27.814708], [85.002945, 27.816373], [85.004065, 27.818217], [85.005695, 27.820195], [85.006228, 27.821625], [85.007386, 27.825583], [85.007375, 27.827276], [85.007527, 27.828449], [85.007998, 27.83004], [85.008486, 27.831138], [85.009131, 27.83217], [85.010038, 27.833371], [85.01179, 27.835146], [85.010457, 27.837681], [85.009939, 27.839026], [85.009503, 27.840732], [85.009395, 27.841885], [85.009393, 27.84309], [85.009545, 27.844263], [85.009874, 27.845686], [85.010483, 27.847352], [85.011051, 27.848419], [85.011841, 27.849639], [85.012896, 27.850971], [85.01382, 27.851819], [85.014909, 27.852662], [85.016796, 27.853902], [85.018595, 27.854658], [85.020682, 27.855183], [85.021137, 27.856018], [85.022008, 27.857336], [85.023061, 27.858696], [85.02392, 27.859595], [85.025081, 27.860554], [85.02611, 27.861278], [85.02785, 27.862137], [85.0291, 27.862534], [85.030398, 27.862783], [85.032334, 27.862907], [85.034019, 27.862873], [85.035454, 27.863795], [85.037214, 27.864601], [85.039109, 27.865142], [85.041108, 27.865437], [85.043354, 27.865417], [85.045323, 27.865157], [85.047449, 27.864549], [85.048649, 27.864044], [85.049355, 27.863659], [85.051051, 27.865428], [85.052035, 27.86622], [85.05324, 27.867014], [85.054379, 27.86762], [85.055757, 27.868202], [85.056863, 27.868575], [85.05814, 27.868899]]]}}, {"type": "Feature", "properties": {"project_id": 63564, "name": "Nepal Flood 2026 Response - Lower Trishuli and Bhote Koshi Corridor - Final Parts [Buildings and Roads]", "reach_label": "Lower Trishuli project", "status": "PUBLISHED", "percent_mapped": 100, "percent_validated": 100, "total_contributors": 34, "mapping_types": "['ROADS' 'BUILDINGS']", "km_start": 87.7, "km_end": 189.5, "source": "Humanitarian OpenStreetMap Team, Nepal Flood 2026 Flood Affected Area", "source_url": "https://data.humdata.org/dataset/hot_flood_npl", "licence": "ODbL 1.0, (c) OpenStreetMap contributors", "retrieved": "2026-09-05", "tier": "observed"}, "geometry": {"type": "MultiPolygon", "coordinates": [[[[84.431738, 27.743095], [84.431933, 27.741488], [84.431791, 27.739877], [84.431317, 27.738316], [84.430528, 27.736858], [84.42945, 27.735553], [84.42812, 27.734446], [84.426583, 27.733573], [84.424891, 27.732965], [84.423102, 27.732641], [84.421276, 27.732614], [84.419475, 27.732884], [84.417761, 27.733442], [84.416192, 27.734269], [84.414821, 27.735336], [84.413694, 27.736608], [84.41285, 27.738042], [84.412318, 27.739588], [84.412115, 27.741194], [84.412249, 27.742806], [84.412715, 27.744369], [84.413496, 27.74583], [84.414568, 27.747138], [84.415892, 27.748251], [84.417425, 27.74913], [84.419114, 27.749745], [84.420902, 27.750075], [84.422727, 27.750109], [84.424529, 27.749846], [84.426246, 27.749295], [84.42782, 27.748475], [84.429196, 27.747413], [84.430329, 27.746145], [84.431213, 27.744643], [84.431738, 27.743095]]], [[[84.998181, 27.805662], [84.998039, 27.804051], [84.997566, 27.802491], [84.996777, 27.801034], [84.995699, 27.79973], [84.994369, 27.798623], [84.992831, 27.797751], [84.99114, 27.797143], [84.98935, 27.79682], [84.987524, 27.796793], [84.985724, 27.797063], [84.98401, 27.79762], [84.98244, 27.798446], [84.981069, 27.799513], [84.979942, 27.800785], [84.979099, 27.802217], [84.978566, 27.803763], [84.978364, 27.805368], [84.978497, 27.806979], [84.978963, 27.808541], [84.979745, 27.810001], [84.980816, 27.811309], [84.982141, 27.812421], [84.983673, 27.813299], [84.985362, 27.813913], [84.98715, 27.814243], [84.988976, 27.814277], [84.990778, 27.814015], [84.992494, 27.813464], [84.994068, 27.812644], [84.995444, 27.811583], [84.996577, 27.810316], [84.997462, 27.808815], [84.997986, 27.807268], [84.998181, 27.805662]]], [[[85.023759, 27.810318], [85.024026, 27.808727], [85.023993, 27.806958], [85.023755, 27.805797], [85.023146, 27.804131], [85.022957, 27.803231], [85.020312, 27.800606], [85.016712, 27.799147], [85.012755, 27.799019], [85.009136, 27.800201], [85.008264, 27.800902], [85.008315, 27.801562], [85.007177, 27.802338], [85.005123, 27.804851], [85.004424, 27.807441], [85.004484, 27.809636], [85.006072, 27.812981], [85.009111, 27.815556], [85.012834, 27.816752], [85.016744, 27.816604], [85.02032, 27.815118], [85.021872, 27.812626], [85.022066, 27.810512], [85.023516, 27.811268], [85.023759, 27.810318]]]]}}]}
