{
 "type": "FeatureCollection",
 "crs": {
  "type": "name",
  "properties": {
   "name": "urn:ogc:def:crs:OGC:1.3:CRS84"
  }
 },
 "description": "The Narayani into India as the Gandak, and the Ganga it joins.",
 "retrieved": "2026-08-28",
 "features": [
  {
   "type": "Feature",
   "geometry": {
    "type": "LineString",
    "coordinates": [
     [
      84.4219815,
      27.7412651
     ],
     [
      84.4219547,
      27.7403203
     ],
     [
      84.4220835,
      27.7393707
     ],
     [
      84.4224375,
      27.7382882
     ],
     [
      84.4230549,
      27.7371233
     ],
     [
      84.4236132,
      27.7361796
     ],
     [
      84.4253343,
      27.7332362
     ],
     [
      84.4257527,
      27.7322011
     ],
     [
      84.4259995,
      27.7313084
     ],
     [
      84.4263547,
      27.7283006
     ],
     [
      84.4264715,
      27.7271109
     ],
     [
      84.4267028,
      27.7259274
     ],
     [
      84.4296977,
      27.7166732
     ],
     [
      84.4304734,
      27.7138999
     ],
     [
      84.4309347,
      27.7117154
     ],
     [
      84.4314601,
      27.7086353
     ],
     [
      84.4314819,
      27.707859
     ],
     [
      84.4312614,
      27.7070522
     ],
     [
      84.4309455,
      27.7062822
     ],
     [
      84.4302588,
      27.7053609
     ],
     [
      84.4291019,
      27.7045531
     ],
     [
      84.424068,
      27.7020617
     ],
     [
      84.420678,
      27.7003644
     ],
     [
      84.4194227,
      27.7000129
     ],
     [
      84.417985,
      27.6998134
     ],
     [
      84.4161374,
      27.6994494
     ],
     [
      84.4128164,
      27.698402
     ],
     [
      84.408793,
      27.6971805
     ],
     [
      84.4070524,
      27.6963842
     ],
     [
      84.4054076,
      27.6954656
     ],
     [
      84.4027286,
      27.6937907
     ],
     [
      84.4012266,
      27.6928978
     ],
     [
      84.4000786,
      27.6922423
     ],
     [
      84.3986624,
      27.6914348
     ],
     [
      84.3966883,
      27.6905323
     ],
     [
      84.3956154,
      27.6899148
     ],
     [
      84.3943172,
      27.6891072
     ],
     [
      84.3932336,
      27.6883567
     ],
     [
      84.3923753,
      27.6876632
     ],
     [
      84.3911951,
      27.6869317
     ],
     [
      84.3900042,
      27.6863047
     ],
     [
      84.3883949,
      27.6857346
     ],
     [
      84.385994,
      27.6844964
     ],
     [
      84.3835162,
      27.6838948
     ],
     [
      84.3805748,
      27.6838146
     ],
     [
      84.3782991,
      27.683958
     ],
     [
      84.37743,
      27.6837205
     ],
     [
      84.3767005,
      27.683331
     ],
     [
      84.3759709,
      27.6827039
     ],
     [
      84.3750268,
      27.6822289
     ],
     [
      84.3739217,
      27.6820579
     ],
     [
      84.3727308,
      27.6822194
     ],
     [
      84.3720871,
      27.6826184
     ],
     [
      84.3703487,
      27.6843165
     ],
     [
      84.3675488,
      27.6866372
     ],
     [
      84.3663364,
      27.6879102
     ],
     [
      84.3642125,
      27.6903359
     ],
     [
      84.3636246,
      27.6912779
     ],
     [
      84.3632886,
      27.6921952
     ],
     [
      84.3627426,
      27.6932116
     ],
     [
      84.3620987,
      27.6940049
     ],
     [
      84.3613288,
      27.694699
     ],
     [
      84.3581607,
      27.6967806
     ],
     [
      84.3555473,
      27.6980951
     ],
     [
      84.3519217,
      27.6995701
     ],
     [
      84.3500039,
      27.7006236
     ],
     [
      84.348772,
      27.7016895
     ],
     [
      84.3477781,
      27.7024951
     ],
     [
      84.3469941,
      27.7028174
     ],
     [
      84.3460142,
      27.7028421
     ],
     [
      84.3443344,
      27.7024579
     ],
     [
      84.3422486,
      27.7017143
     ],
     [
      84.3401908,
      27.7007723
     ],
     [
      84.338287,
      27.6994957
     ],
     [
      84.3367611,
      27.6984174
     ],
     [
      84.3337637,
      27.6969541
     ],
     [
      84.3299648,
      27.6949903
     ],
     [
      84.3294343,
      27.6947429
     ],
     [
      84.3272617,
      27.6935887
     ],
     [
      84.325481,
      27.6922138
     ],
     [
      84.3239146,
      27.6904943
     ],
     [
      84.3228095,
      27.6887842
     ],
     [
      84.3211466,
      27.6865422
     ],
     [
      84.3201273,
      27.6854021
     ],
     [
      84.3198698,
      27.6850031
     ],
     [
      84.3197518,
      27.684452
     ],
     [
      84.3197625,
      27.684034
     ],
     [
      84.3198591,
      27.6833405
     ],
     [
      84.3200844,
      27.6827324
     ],
     [
      84.3204814,
      27.6815353
     ],
     [
      84.3205472,
      27.680486
     ],
     [
      84.3203955,
      27.6796351
     ],
     [
      84.3197411,
      27.6785615
     ],
     [
      84.3188506,
      27.6776019
     ],
     [
      84.3165707,
      27.6759724
     ],
     [
      84.3158143,
      27.6756351
     ],
     [
      84.3146073,
      27.6753881
     ],
     [
      84.313808,
      27.6753786
     ],
     [
      84.3127727,
      27.6756019
     ],
     [
      84.3098276,
      27.6757587
     ],
     [
      84.3086475,
      27.6756161
     ],
     [
      84.3077033,
      27.6753691
     ],
     [
      84.304999,
      27.674314
     ],
     [
      84.3036586,
      27.6738299
     ],
     [
      84.3012768,
      27.6733738
     ],
     [
      84.297432,
      27.6729971
     ],
     [
      84.2949575,
      27.6732218
     ],
     [
      84.2924941,
      27.6738009
     ],
     [
      84.2911273,
      27.6744664
     ],
     [
      84.289769,
      27.6752817
     ]
    ]
   },
   "properties": {
    "name": "Narayani",
    "role": "narayani",
    "carries": "the flood, inside Nepal",
    "note": "The Trishuli below Devghat. The story's own channel ends here.",
    "osm_id": "way/25708647",
    "source": "OpenStreetMap via the Overpass API",
    "source_url": "https://www.openstreetmap.org/copyright",
    "licence": "ODbL 1.0, (c) OpenStreetMap contributors",
    "retrieved": "2026-08-28"
   }
  },
  {
   "type": "Feature",
   "geometry": {
    "type": "LineString",
    "coordinates": [
     [
      84.3228095,
      27.6887842
     ],
     [
      84.3205297,
      27.6870433
     ],
     [
      84.3191607,
      27.6862623
     ],
     [
      84.3181801,
      27.6859602
     ],
     [
      84.3164849,
      27.6855802
     ],
     [
      84.3138027,
      27.6852192
     ],
     [
      84.3120432,
      27.6848297
     ],
     [
      84.3096506,
      27.6838891
     ],
     [
      84.3055671,
      27.6812384
     ],
     [
      84.3025095,
      27.6794218
     ],
     [
      84.2999947,
      27.6781411
     ],
     [
      84.2977202,
      27.6770674
     ],
     [
      84.2963254,
      27.6764974
     ],
     [
      84.2953062,
      27.6761933
     ],
     [
      84.2931497,
      27.6757753
     ],
     [
      84.289769,
      27.6752817
     ]
    ]
   },
   "properties": {
    "name": "Narayani",
    "role": "narayani",
    "carries": "the flood, inside Nepal",
    "note": "The Trishuli below Devghat. The story's own channel ends here.",
    "osm_id": "way/30499675",
    "source": "OpenStreetMap via the Overpass API",
    "source_url": "https://www.openstreetmap.org/copyright",
    "licence": "ODbL 1.0, (c) OpenStreetMap contributors",
    "retrieved": "2026-08-28"
   }
  },
  {
   "type": "Feature",
   "geometry": {
    "type": "LineString",
    "coordinates": [
     [
      84.2206496,
      27.664879
     ],
     [
      84.2203277,
      27.6647888
     ],
     [
      84.2200501,
      27.6647258
     ],
     [
      84.2198758,
      27.6647044
     ],
     [
      84.2197135,
      27.6646937
     ],
     [
      84.2194051,
      27.6646142
     ],
     [
      84.2190564,
      27.6644657
     ],
     [
      84.2186165,
      27.6641877
     ],
     [
      84.2183134,
      27.6638979
     ],
     [
      84.2180613,
      27.6633967
     ],
     [
      84.2179593,
      27.6629287
     ],
     [
      84.2179513,
      27.6623918
     ],
     [
      84.2179821,
      27.6617919
     ],
     [
      84.2180747,
      27.6611517
     ],
     [
      84.2185199,
      27.6600304
     ],
     [
      84.2190349,
      27.6591894
     ],
     [
      84.2197591,
      27.6579968
     ],
     [
      84.2200381,
      27.6575454
     ],
     [
      84.220553,
      27.6568374
     ]
    ]
   },
   "properties": {
    "name": "Narayani",
    "role": "narayani",
    "carries": "the flood, inside Nepal",
    "note": "The Trishuli below Devghat. The story's own channel ends here.",
    "osm_id": "way/30499680",
    "source": "OpenStreetMap via the Overpass API",
    "source_url": "https://www.openstreetmap.org/copyright",
    "licence": "ODbL 1.0, (c) OpenStreetMap contributors",
    "retrieved": "2026-08-28"
   }
  },
  {
   "type": "Feature",
   "geometry": {
    "type": "LineString",
    "coordinates": [
     [
      84.259004,
      27.6662678
     ],
     [
      84.2585841,
      27.6658839
     ],
     [
      84.2577445,
      27.6650952
     ],
     [
      84.2568958,
      27.6644702
     ],
     [
      84.2561942,
      27.6640832
     ],
     [
      84.2555794,
      27.6637956
     ],
     [
      84.2548209,
      27.6635416
     ],
     [
      84.2539755,
      27.6633452
     ],
     [
      84.2532223,
      27.6632565
     ],
     [
      84.2524361,
      27.6632711
     ],
     [
      84.2504275,
      27.6636984
     ],
     [
      84.2497769,
      27.6637913
     ],
     [
      84.2485681,
      27.6637899
     ],
     [
      84.247756,
      27.6635843
     ],
     [
      84.2470617,
      27.6632253
     ],
     [
      84.2433143,
      27.6603772
     ],
     [
      84.2421502,
      27.6594935
     ],
     [
      84.2416781,
      27.6591181
     ],
     [
      84.2410934,
      27.6587855
     ],
     [
      84.2404175,
      27.6585194
     ],
     [
      84.2396128,
      27.6584387
     ],
     [
      84.238674,
      27.6584791
     ],
     [
      84.2383817,
      27.6585741
     ],
     [
      84.2380679,
      27.6587879
     ],
     [
      84.2377996,
      27.6591062
     ],
     [
      84.2375234,
      27.659503
     ],
     [
      84.237164,
      27.660123
     ],
     [
      84.2369708,
      27.6603226
     ],
     [
      84.236649,
      27.6605198
     ],
     [
      84.2360723,
      27.6606552
     ],
     [
      84.2356941,
      27.6608001
     ],
     [
      84.2351384,
      27.6612595
     ],
     [
      84.2351153,
      27.6612759
     ],
     [
      84.2345864,
      27.6616506
     ],
     [
      84.234176,
      27.6619689
     ],
     [
      84.2339453,
      27.6621542
     ],
     [
      84.233669,
      27.6624856
     ],
     [
      84.2333472,
      27.6629168
     ],
     [
      84.2331889,
      27.6629881
     ],
     [
      84.2329904,
      27.6630439
     ],
     [
      84.2328027,
      27.6630522
     ],
     [
      84.2324594,
      27.6630641
     ],
     [
      84.2318344,
      27.6630475
     ],
     [
      84.2315206,
      27.6630807
     ],
     [
      84.2312255,
      27.663152
     ],
     [
      84.2309412,
      27.663323
     ],
     [
      84.2303563,
      27.6638149
     ],
     [
      84.2291708,
      27.6640895
     ]
    ]
   },
   "properties": {
    "name": "Narayani",
    "role": "narayani",
    "carries": "the flood, inside Nepal",
    "note": "The Trishuli below Devghat. The story's own channel ends here.",
    "osm_id": "way/30499683",
    "source": "OpenStreetMap via the Overpass API",
    "source_url": "https://www.openstreetmap.org/copyright",
    "licence": "ODbL 1.0, (c) OpenStreetMap contributors",
    "retrieved": "2026-08-28"
   }
  },
  {
   "type": "Feature",
   "geometry": {
    "type": "LineString",
    "coordinates": [
     [
      84.2423865,
      27.6515762
     ],
     [
      84.2414635,
      27.6512068
     ],
     [
      84.2392266,
      27.6496672
     ],
     [
      84.2387009,
      27.6491777
     ],
     [
      84.2382181,
      27.648636
     ],
     [
      84.2378265,
      27.6481228
     ],
     [
      84.2376226,
      27.6475954
     ],
     [
      84.2375314,
      27.6467068
     ],
     [
      84.2375282,
      27.645681
     ],
     [
      84.2377031,
      27.6447775
     ],
     [
      84.2380464,
      27.6437558
     ],
     [
      84.2383468,
      27.6429099
     ],
     [
      84.2383754,
      27.6420204
     ],
     [
      84.2383683,
      27.6415318
     ],
     [
      84.2382234,
      27.6412562
     ],
     [
      84.2378044,
      27.6409432
     ],
     [
      84.2361796,
      27.6402154
     ],
     [
      84.2357719,
      27.6400776
     ],
     [
      84.235096,
      27.639878
     ],
     [
      84.2346454,
      27.6396594
     ],
     [
      84.2339158,
      27.6392032
     ],
     [
      84.2335778,
      27.6390796
     ],
     [
      84.2330307,
      27.6389086
     ],
     [
      84.2327464,
      27.6387612
     ],
     [
      84.2325479,
      27.6385284
     ],
     [
      84.2323923,
      27.6382242
     ],
     [
      84.232167,
      27.6377252
     ],
     [
      84.2320158,
      27.6374762
     ],
     [
      84.231829,
      27.6374021
     ],
     [
      84.231534,
      27.6373926
     ],
     [
      84.2312819,
      27.6374211
     ],
     [
      84.2309439,
      27.6375066
     ],
     [
      84.2305791,
      27.6375399
     ],
     [
      84.2302251,
      27.6375161
     ],
     [
      84.2297906,
      27.6374971
     ],
     [
      84.2294365,
      27.6374211
     ],
     [
      84.2291468,
      27.6372738
     ],
     [
      84.2286479,
      27.6369173
     ],
     [
      84.2272961,
      27.6359764
     ],
     [
      84.2268294,
      27.6356199
     ],
     [
      84.2263949,
      27.6351875
     ],
     [
      84.2257082,
      27.634256
     ],
     [
      84.2252147,
      27.6331914
     ],
     [
      84.2244267,
      27.6306072
     ],
     [
      84.2242373,
      27.6301384
     ],
     [
      84.223938,
      27.6295034
     ],
     [
      84.2220497,
      27.628819
     ],
     [
      84.2199039,
      27.6282297
     ],
     [
      84.2178118,
      27.6278304
     ],
     [
      84.2162454,
      27.6275833
     ],
     [
      84.2152047,
      27.6273076
     ],
     [
      84.2142069,
      27.6269464
     ],
     [
      84.2135417,
      27.6265472
     ],
     [
      84.2126405,
      27.6257962
     ],
     [
      84.210999,
      27.6245225
     ],
     [
      84.2090464,
      27.6232677
     ],
     [
      84.2079949,
      27.6225738
     ],
     [
      84.206922,
      27.6217372
     ]
    ]
   },
   "properties": {
    "name": "Narayani",
    "role": "narayani",
    "carries": "the flood, inside Nepal",
    "note": "The Trishuli below Devghat. The story's own channel ends here.",
    "osm_id": "way/30499684",
    "source": "OpenStreetMap via the Overpass API",
    "source_url": "https://www.openstreetmap.org/copyright",
    "licence": "ODbL 1.0, (c) OpenStreetMap contributors",
    "retrieved": "2026-08-28"
   }
  },
  {
   "type": "Feature",
   "geometry": {
    "type": "LineString",
    "coordinates": [
     [
      84.223938,
      27.6295034
     ],
     [
      84.2234015,
      27.6284055
     ],
     [
      84.223144,
      27.6280586
     ],
     [
      84.2228383,
      27.6277591
     ],
     [
      84.2223448,
      27.6274407
     ],
     [
      84.221819,
      27.627089
     ],
     [
      84.2209715,
      27.6265805
     ],
     [
      84.2206013,
      27.626262
     ],
     [
      84.2204189,
      27.6260006
     ],
     [
      84.2203277,
      27.6256489
     ],
     [
      84.2202258,
      27.6247554
     ],
     [
      84.2201507,
      27.6242706
     ],
     [
      84.2200381,
      27.6237715
     ],
     [
      84.2195928,
      27.6230443
     ],
     [
      84.2191529,
      27.6224644
     ],
     [
      84.218772,
      27.6219986
     ],
     [
      84.2185306,
      27.6215471
     ],
     [
      84.218241,
      27.6205965
     ],
     [
      84.217844,
      27.6192466
     ],
     [
      84.2173612,
      27.6182437
     ],
     [
      84.2166746,
      27.6166656
     ],
     [
      84.2163795,
      27.6159669
     ],
     [
      84.2160791,
      27.6155153
     ],
     [
      84.2157733,
      27.6152064
     ],
     [
      84.2153871,
      27.6149925
     ],
     [
      84.2148775,
      27.6149117
     ],
     [
      84.2140835,
      27.6149117
     ],
     [
      84.2129999,
      27.6148309
     ],
     [
      84.212147,
      27.6148071
     ],
     [
      84.2115086,
      27.6149877
     ],
     [
      84.2112082,
      27.6153014
     ],
     [
      84.2108971,
      27.6156294
     ],
     [
      84.2105108,
      27.6158956
     ],
     [
      84.2100173,
      27.6159812
     ],
     [
      84.2091912,
      27.6159717
     ],
     [
      84.2082471,
      27.6158291
     ],
     [
      84.2072976,
      27.6155486
     ],
     [
      84.2062676,
      27.6149877
     ],
     [
      84.205184,
      27.6141607
     ],
     [
      84.2041433,
      27.6129628
     ],
     [
      84.2031777,
      27.6111375
     ],
     [
      84.2024481,
      27.6095973
     ],
     [
      84.201858,
      27.6086561
     ],
     [
      84.2016435,
      27.6081713
     ],
     [
      84.201504,
      27.6074107
     ],
     [
      84.2014611,
      27.6067071
     ],
     [
      84.2015361,
      27.6052716
     ]
    ]
   },
   "properties": {
    "name": "Narayani",
    "role": "narayani",
    "carries": "the flood, inside Nepal",
    "note": "The Trishuli below Devghat. The story's own channel ends here.",
    "osm_id": "way/30499740",
    "source": "OpenStreetMap via the Overpass API",
    "source_url": "https://www.openstreetmap.org/copyright",
    "licence": "ODbL 1.0, (c) OpenStreetMap contributors",
    "retrieved": "2026-08-28"
   }
  },
  {
   "type": "Feature",
   "geometry": {
    "type": "LineString",
    "coordinates": [
     [
      84.2688821,
      27.649444
     ],
     [
      84.2652767,
      27.6482426
     ],
     [
      84.2621369,
      27.6470089
     ],
     [
      84.2613537,
      27.646914
     ],
     [
      84.2608817,
      27.6469234
     ],
     [
      84.2604391,
      27.6469746
     ],
     [
      84.2579699,
      27.6472865
     ],
     [
      84.2557061,
      27.64722
     ],
     [
      84.2550033,
      27.647239
     ],
     [
      84.2546439,
      27.6473245
     ],
     [
      84.2544132,
      27.6475288
     ],
     [
      84.2542577,
      27.6477522
     ],
     [
      84.254086,
      27.6479233
     ],
     [
      84.2537266,
      27.6480088
     ],
     [
      84.2526108,
      27.6481086
     ],
     [
      84.2501807,
      27.6480183
     ],
     [
      84.249258,
      27.6479185
     ],
     [
      84.2484373,
      27.6477379
     ],
     [
      84.2476809,
      27.6474291
     ],
     [
      84.2471874,
      27.6470917
     ],
     [
      84.2466402,
      27.6464454
     ],
     [
      84.2462325,
      27.6457659
     ],
     [
      84.2458409,
      27.644958
     ],
     [
      84.2454761,
      27.6438936
     ],
     [
      84.2453742,
      27.6433756
     ],
     [
      84.2453581,
      27.6428101
     ],
     [
      84.2453903,
      27.64195
     ],
     [
      84.2453045,
      27.641489
     ],
     [
      84.2450255,
      27.6408617
     ],
     [
      84.2446607,
      27.6403818
     ],
     [
      84.2439204,
      27.63984
     ],
     [
      84.2427081,
      27.6392935
     ],
     [
      84.2415762,
      27.638823
     ],
     [
      84.2401868,
      27.6383098
     ],
     [
      84.2391461,
      27.6379866
     ],
     [
      84.2381215,
      27.6378155
     ],
     [
      84.2364693,
      27.6376682
     ],
     [
      84.2344254,
      27.6374353
     ],
     [
      84.2331433,
      27.6373878
     ],
     [
      84.2320158,
      27.6374762
     ]
    ]
   },
   "properties": {
    "name": "Narayani",
    "role": "narayani",
    "carries": "the flood, inside Nepal",
    "note": "The Trishuli below Devghat. The story's own channel ends here.",
    "osm_id": "way/30499745",
    "source": "OpenStreetMap via the Overpass API",
    "source_url": "https://www.openstreetmap.org/copyright",
    "licence": "ODbL 1.0, (c) OpenStreetMap contributors",
    "retrieved": "2026-08-28"
   }
  },
  {
   "type": "Feature",
   "geometry": {
    "type": "LineString",
    "coordinates": [
     [
      84.206922,
      27.6217372
     ],
     [
      84.2055166,
      27.6205395
     ],
     [
      84.2041969,
      27.6194367
     ],
     [
      84.2034137,
      27.6188759
     ],
     [
      84.2027485,
      27.6186192
     ],
     [
      84.2022014,
      27.6185907
     ],
     [
      84.2017507,
      27.6188093
     ],
     [
      84.2012358,
      27.6191325
     ],
     [
      84.2005813,
      27.6193702
     ],
     [
      84.2000127,
      27.6194272
     ],
     [
      84.1992402,
      27.6192751
     ],
     [
      84.1981459,
      27.6187903
     ],
     [
      84.1969411,
      27.6180446
     ],
     [
      84.1965043,
      27.617507
     ],
     [
      84.1957211,
      27.6166324
     ],
     [
      84.195174,
      27.6155676
     ],
     [
      84.1946804,
      27.6138089
     ],
     [
      84.1942406,
      27.6122213
     ],
     [
      84.1937363,
      27.6108713
     ],
     [
      84.1930307,
      27.6096229
     ],
     [
      84.1918443,
      27.6088141
     ],
     [
      84.1906471,
      27.6081478
     ],
     [
      84.1892195,
      27.6079241
     ],
     [
      84.1882646,
      27.6082473
     ],
     [
      84.1866767,
      27.6091838
     ],
     [
      84.1852148,
      27.6105165
     ],
     [
      84.1835546,
      27.6115273
     ],
     [
      84.1826963,
      27.6116889
     ],
     [
      84.1818488,
      27.6116509
     ],
     [
      84.181087,
      27.6114132
     ],
     [
      84.1803789,
      27.6108808
     ],
     [
      84.1794141,
      27.609122
     ],
     [
      84.1792095,
      27.6079241
     ],
     [
      84.1789305,
      27.6068498
     ],
     [
      84.1788876,
      27.6057564
     ],
     [
      84.1790807,
      27.6047296
     ],
     [
      84.1796708,
      27.6030848
     ],
     [
      84.1798854,
      27.6016871
     ],
     [
      84.1798532,
      27.6000518
     ],
     [
      84.1796064,
      27.5990915
     ],
     [
      84.1789949,
      27.5981122
     ],
     [
      84.1780829,
      27.5973705
     ],
     [
      84.177048,
      27.5968208
     ],
     [
      84.1756991,
      27.5962975
     ],
     [
      84.1735446,
      27.595621
     ],
     [
      84.1722894,
      27.5951836
     ],
     [
      84.1706049,
      27.594518
     ],
     [
      84.169414,
      27.5939951
     ],
     [
      84.1686416,
      27.5937383
     ],
     [
      84.1678208,
      27.5936052
     ],
     [
      84.1660076,
      27.5934911
     ],
     [
      84.1653049,
      27.593358
     ],
     [
      84.1644788,
      27.5930347
     ],
     [
      84.1637599,
      27.5924642
     ],
     [
      84.1630089,
      27.5916084
     ],
     [
      84.1623437,
      27.5908192
     ],
     [
      84.1611957,
      27.5889935
     ],
     [
      84.1608202,
      27.5879951
     ],
     [
      84.1607773,
      27.5867589
     ],
     [
      84.1606593,
      27.5855608
     ],
     [
      84.1605735,
      27.585266
     ],
     [
      84.1603911,
      27.5844957
     ],
     [
      84.1602301,
      27.5839632
     ]
    ]
   },
   "properties": {
    "name": "Narayani",
    "role": "narayani",
    "carries": "the flood, inside Nepal",
    "note": "The Trishuli below Devghat. The story's own channel ends here.",
    "osm_id": "way/30499886",
    "source": "OpenStreetMap via the Overpass API",
    "source_url": "https://www.openstreetmap.org/copyright",
    "licence": "ODbL 1.0, (c) OpenStreetMap contributors",
    "retrieved": "2026-08-28"
   }
  },
  {
   "type": "Feature",
   "geometry": {
    "type": "LineString",
    "coordinates": [
     [
      84.2041433,
      27.6129628
     ],
     [
      84.2026734,
      27.6112706
     ],
     [
      84.2023086,
      27.6109616
     ],
     [
      84.2018849,
      27.6106811
     ],
     [
      84.2013109,
      27.6104625
     ],
     [
      84.2006779,
      27.6104054
     ],
     [
      84.2000824,
      27.6104672
     ],
     [
      84.1995835,
      27.6107192
     ],
     [
      84.1989452,
      27.6112088
     ],
     [
      84.1985106,
      27.6115273
     ],
     [
      84.1980547,
      27.6116413
     ],
     [
      84.1975665,
      27.6116081
     ],
     [
      84.196735,
      27.6114037
     ],
     [
      84.1952974,
      27.6108618
     ],
     [
      84.1944605,
      27.6104387
     ],
     [
      84.1938704,
      27.6101202
     ],
     [
      84.1930307,
      27.6096229
     ]
    ]
   },
   "properties": {
    "name": "Narayani",
    "role": "narayani",
    "carries": "the flood, inside Nepal",
    "note": "The Trishuli below Devghat. The story's own channel ends here.",
    "osm_id": "way/30499936",
    "source": "OpenStreetMap via the Overpass API",
    "source_url": "https://www.openstreetmap.org/copyright",
    "licence": "ODbL 1.0, (c) OpenStreetMap contributors",
    "retrieved": "2026-08-28"
   }
  },
  {
   "type": "Feature",
   "geometry": {
    "type": "LineString",
    "coordinates": [
     [
      84.1946439,
      27.5948972
     ],
     [
      84.194264,
      27.5954705
     ],
     [
      84.193802,
      27.5958982
     ],
     [
      84.1933092,
      27.5962803
     ],
     [
      84.1927753,
      27.5966443
     ],
     [
      84.1919128,
      27.5969537
     ],
     [
      84.1912865,
      27.5971357
     ],
     [
      84.1906499,
      27.5971903
     ],
     [
      84.1891817,
      27.5970993
     ],
     [
      84.1880318,
      27.5968991
     ],
     [
      84.1870546,
      27.5967313
     ],
     [
      84.1861528,
      27.5965078
     ],
     [
      84.1851725,
      27.5962065
     ],
     [
      84.1844792,
      27.5959892
     ],
     [
      84.1838068,
      27.5956258
     ],
     [
      84.1829494,
      27.5950428
     ],
     [
      84.1821968,
      27.5944161
     ],
     [
      84.180329,
      27.5923902
     ],
     [
      84.1793456,
      27.5911937
     ],
     [
      84.1784318,
      27.5896013
     ],
     [
      84.1778876,
      27.5885093
     ],
     [
      84.1774872,
      27.5876721
     ],
     [
      84.1768474,
      27.5866166
     ],
     [
      84.1762962,
      27.5858521
     ],
     [
      84.1755091,
      27.5848964
     ],
     [
      84.1744994,
      27.5837863
     ],
     [
      84.1733597,
      27.5827625
     ]
    ]
   },
   "properties": {
    "name": "Narayani",
    "role": "narayani",
    "carries": "the flood, inside Nepal",
    "note": "The Trishuli below Devghat. The story's own channel ends here.",
    "osm_id": "way/30499965",
    "source": "OpenStreetMap via the Overpass API",
    "source_url": "https://www.openstreetmap.org/copyright",
    "licence": "ODbL 1.0, (c) OpenStreetMap contributors",
    "retrieved": "2026-08-28"
   }
  },
  {
   "type": "Feature",
   "geometry": {
    "type": "LineString",
    "coordinates": [
     [
      84.1608202,
      27.5879951
     ],
     [
      84.1599727,
      27.5872344
     ],
     [
      84.1595811,
      27.5869158
     ],
     [
      84.1591251,
      27.586602
     ],
     [
      84.1582936,
      27.5861361
     ],
     [
      84.1574621,
      27.5856035
     ],
     [
      84.1571832,
      27.585323
     ],
     [
      84.156974,
      27.5849997
     ],
     [
      84.1567272,
      27.5843911
     ],
     [
      84.156695,
      27.5841867
     ],
     [
      84.1566896,
      27.5838966
     ],
     [
      84.1568184,
      27.5829362
     ],
     [
      84.1570651,
      27.5815478
     ],
     [
      84.15718,
      27.580154
     ],
     [
      84.1571081,
      27.5795223
     ],
     [
      84.1568828,
      27.5782955
     ],
     [
      84.1557391,
      27.5756974
     ],
     [
      84.1549796,
      27.5735591
     ],
     [
      84.1535032,
      27.5704877
     ],
     [
      84.1524947,
      27.5673587
     ],
     [
      84.1522801,
      27.5659796
     ],
     [
      84.1523015,
      27.5648383
     ],
     [
      84.1526288,
      27.5627293
     ]
    ]
   },
   "properties": {
    "name": "Narayani",
    "role": "narayani",
    "carries": "the flood, inside Nepal",
    "note": "The Trishuli below Devghat. The story's own channel ends here.",
    "osm_id": "way/30499967",
    "source": "OpenStreetMap via the Overpass API",
    "source_url": "https://www.openstreetmap.org/copyright",
    "licence": "ODbL 1.0, (c) OpenStreetMap contributors",
    "retrieved": "2026-08-28"
   }
  },
  {
   "type": "Feature",
   "geometry": {
    "type": "LineString",
    "coordinates": [
     [
      84.1570508,
      27.6056364
     ],
     [
      84.1571778,
      27.6042613
     ],
     [
      84.1572395,
      27.603477
     ],
     [
      84.1573361,
      27.6029707
     ],
     [
      84.1574916,
      27.6023646
     ],
     [
      84.1575909,
      27.6019557
     ],
     [
      84.1578591,
      27.6010168
     ],
     [
      84.1578725,
      27.6005605
     ],
     [
      84.1578108,
      27.6001992
     ],
     [
      84.1576204,
      27.5998022
     ],
     [
      84.1573092,
      27.5992377
     ],
     [
      84.1572361,
      27.5991604
     ],
     [
      84.1570886,
      27.5990713
     ],
     [
      84.1569666,
      27.599038
     ],
     [
      84.15687,
      27.5989804
     ],
     [
      84.1567828,
      27.5988995
     ],
     [
      84.1567352,
      27.5987979
     ],
     [
      84.1566199,
      27.598319
     ],
     [
      84.1563061,
      27.5974062
     ],
     [
      84.1560218,
      27.5967572
     ],
     [
      84.1556382,
      27.5964696
     ],
     [
      84.155252,
      27.5962438
     ],
     [
      84.1550535,
      27.5961142
     ],
     [
      84.1548295,
      27.5959181
     ],
     [
      84.1547061,
      27.5957731
     ]
    ]
   },
   "properties": {
    "name": "Narayani",
    "role": "narayani",
    "carries": "the flood, inside Nepal",
    "note": "The Trishuli below Devghat. The story's own channel ends here.",
    "osm_id": "way/30499994",
    "source": "OpenStreetMap via the Overpass API",
    "source_url": "https://www.openstreetmap.org/copyright",
    "licence": "ODbL 1.0, (c) OpenStreetMap contributors",
    "retrieved": "2026-08-28"
   }
  },
  {
   "type": "Feature",
   "geometry": {
    "type": "LineString",
    "coordinates": [
     [
      84.1323522,
      27.5460663
     ],
     [
      84.1317687,
      27.5461551
     ],
     [
      84.1313755,
      27.5462836
     ],
     [
      84.1307133,
      27.5465588
     ],
     [
      84.1304132,
      27.5468799
     ],
     [
      84.1300096,
      27.5473019
     ],
     [
      84.1296475,
      27.5477606
     ],
     [
      84.1293371,
      27.5483203
     ],
     [
      84.1288404,
      27.5492285
     ],
     [
      84.1283334,
      27.550045
     ],
     [
      84.1277643,
      27.5507422
     ],
     [
      84.1272055,
      27.5512009
     ],
     [
      84.1262639,
      27.5517697
     ],
     [
      84.1253533,
      27.5521367
     ],
     [
      84.1246807,
      27.5523293
     ],
     [
      84.1240806,
      27.5524486
     ],
     [
      84.1230148,
      27.5525311
     ],
     [
      84.1222801,
      27.5524853
     ],
     [
      84.1217835,
      27.5524302
     ],
     [
      84.1211833,
      27.5522651
     ],
     [
      84.1207487,
      27.5521275
     ],
     [
      84.1202831,
      27.551944
     ],
     [
      84.1198692,
      27.5518981
     ],
     [
      84.1196519,
      27.5520358
     ],
     [
      84.1196623,
      27.5523201
     ],
     [
      84.119745,
      27.5526596
     ],
     [
      84.1199416,
      27.5529256
     ],
     [
      84.1203969,
      27.5533751
     ],
     [
      84.1207694,
      27.5536228
     ],
     [
      84.1209971,
      27.5538705
     ],
     [
      84.120966,
      27.554109
     ],
     [
      84.1207588,
      27.5542425
     ],
     [
      84.1202867,
      27.5542616
     ],
     [
      84.1198146,
      27.5542616
     ],
     [
      84.1192782,
      27.5542616
     ],
     [
      84.1187632,
      27.5543281
     ],
     [
      84.1183984,
      27.5544994
     ],
     [
      84.1180015,
      27.5547752
     ],
     [
      84.1176474,
      27.5548989
     ],
     [
      84.1171539,
      27.5548132
     ],
     [
      84.115448,
      27.5542806
     ],
     [
      84.1129804,
      27.5536433
     ],
     [
      84.1118538,
      27.5533009
     ],
     [
      84.1108775,
      27.5528633
     ],
     [
      84.1100836,
      27.5523877
     ],
     [
      84.1092574,
      27.551855
     ],
     [
      84.108324,
      27.5511702
     ],
     [
      84.1076267,
      27.5509609
     ],
     [
      84.1065752,
      27.5507706
     ],
     [
      84.1050839,
      27.5505519
     ],
     [
      84.1038501,
      27.5503997
     ],
     [
      84.1019082,
      27.5501999
     ],
     [
      84.1008675,
      27.5500192
     ],
     [
      84.0999985,
      27.5498004
     ],
     [
      84.0995479,
      27.5495721
     ],
     [
      84.0991187,
      27.5492106
     ],
     [
      84.0983033,
      27.5484687
     ],
     [
      84.0978205,
      27.5481738
     ],
     [
      84.0972841,
      27.5480026
     ],
     [
      84.0964901,
      27.5479074
     ],
     [
      84.095664,
      27.547974
     ],
     [
      84.0949237,
      27.5481643
     ],
     [
      84.0938723,
      27.5486399
     ],
     [
      84.0934002,
      27.5489823
     ],
     [
      84.0928531,
      27.549515
     ],
     [
      84.0921771,
      27.5502284
     ],
     [
      84.0915656,
      27.5511321
     ],
     [
      84.0912115,
      27.5520072
     ],
     [
      84.090482,
      27.5542806
     ],
     [
      84.0900743,
      27.554975
     ],
     [
      84.0897095,
      27.5553079
     ],
     [
      84.0886259,
      27.5560118
     ],
     [
      84.087789,
      27.5563922
     ],
     [
      84.0848279,
      27.5570961
     ],
     [
      84.082607,
      27.5573148
     ],
     [
      84.0804398,
      27.5579046
     ],
     [
      84.0793991,
      27.5584182
     ],
     [
      84.0782189,
      27.5590745
     ],
     [
      84.0767972,
      27.5599968
     ],
     [
      84.0755367,
      27.5607485
     ],
     [
      84.074024,
      27.5615379
     ],
     [
      84.0730572,
      27.5619742
     ],
     [
      84.0700082,
      27.5635862
     ],
     [
      84.0668571,
      27.5648573
     ],
     [
      84.0657842,
      27.5648953
     ],
     [
      84.0646469,
      27.5647337
     ],
     [
      84.0636063,
      27.5645101
     ],
     [
      84.0622759,
      27.5645244
     ],
     [
      84.0608897,
      27.5647515
     ],
     [
      84.0599638,
      27.5648525
     ],
     [
      84.058907,
      27.5647051
     ],
     [
      84.0579897,
      27.5644673
     ],
     [
      84.0573192,
      27.5640013
     ],
     [
      84.0570831,
      27.5634782
     ],
     [
      84.0569758,
      27.562841
     ],
     [
      84.0570402,
      27.5617757
     ],
     [
      84.0571904,
      27.5608341
     ],
     [
      84.057008,
      27.5597117
     ],
     [
      84.0562034,
      27.5576858
     ],
     [
      84.0552485,
      27.5564112
     ],
     [
      84.0537572,
      27.5551842
     ],
     [
      84.0495944,
      27.5525494
     ],
     [
      84.0486824,
      27.5519787
     ],
     [
      84.047867,
      27.5515601
     ],
     [
      84.0466976,
      27.5513509
     ],
     [
      84.0430927,
      27.5512748
     ],
     [
      84.0418696,
      27.5501619
     ],
     [
      84.0414512,
      27.549477
     ],
     [
      84.0412808,
      27.5491016
     ],
     [
      84.0411186,
      27.5485923
     ],
     [
      84.0404534,
      27.5472035
     ],
     [
      84.0393162,
      27.5458908
     ],
     [
      84.0375995,
      27.5446161
     ],
     [
      84.0358722,
      27.5424662
     ],
     [
      84.034692,
      27.5404114
     ],
     [
      84.0334797,
      27.5388607
     ],
     [
      84.0320849,
      27.5377286
     ],
     [
      84.0300677,
      27.5365761
     ],
     [
      84.0285015,
      27.5361684
     ],
     [
      84.0268707,
      27.5360067
     ],
     [
      84.0251648,
      27.5361209
     ],
     [
      84.02318,
      27.536587
     ],
     [
      84.020412,
      27.5377191
     ],
     [
      84.0156264,
      27.540215
     ],
     [
      84.0116899,
      27.5424137
     ],
     [
      84.0087319,
      27.544215
     ],
     [
      84.0069902,
      27.5450917
     ],
     [
      84.005177,
      27.5458242
     ],
     [
      84.0041253,
      27.5465541
     ],
     [
      84.0027842,
      27.5476765
     ],
     [
      84.0016794,
      27.5484021
     ],
     [
      84.0005636,
      27.5487921
     ],
     [
      83.9993939,
      27.5489512
     ],
     [
      83.9952207,
      27.5487731
     ],
     [
      83.9938044,
      27.5486018
     ],
     [
      83.9926672,
      27.5482689
     ],
     [
      83.9918733,
      27.5478313
     ],
     [
      83.991487,
      27.5473938
     ],
     [
      83.9911541,
      27.5468776
     ],
     [
      83.9909398,
      27.546452
     ],
     [
      83.9906931,
      27.5460905
     ],
     [
      83.9902639,
      27.5459478
     ],
     [
      83.9894378,
      27.5458813
     ],
     [
      83.9881503,
      27.5457576
     ],
     [
      83.9875495,
      27.5455293
     ],
     [
      83.9870131,
      27.5451773
     ],
     [
      83.9851141,
      27.5439121
     ],
     [
      83.984395,
      27.5436432
     ],
     [
      83.9834618,
      27.5435316
     ],
     [
      83.9818525,
      27.5438931
     ],
     [
      83.9798033,
      27.54454
     ],
     [
      83.9769924,
      27.5455103
     ],
     [
      83.9755654,
      27.5463474
     ],
     [
      83.974278,
      27.5474318
     ],
     [
      83.973366,
      27.5484496
     ],
     [
      83.9730763,
      27.5490965
     ],
     [
      83.9728618,
      27.5498099
     ],
     [
      83.9724326,
      27.5504472
     ],
     [
      83.9715207,
      27.5512938
     ],
     [
      83.9705336,
      27.5520167
     ],
     [
      83.9690839,
      27.5524117
     ],
     [
      83.9660221,
      27.5526831
     ],
     [
      83.964268,
      27.5524923
     ],
     [
      83.9628947,
      27.5521784
     ],
     [
      83.9615214,
      27.5517409
     ],
     [
      83.9592683,
      27.5508658
     ],
     [
      83.956908,
      27.549477
     ],
     [
      83.9548158,
      27.5474699
     ],
     [
      83.9527774,
      27.5450441
     ],
     [
      83.9512432,
      27.5438455
     ],
     [
      83.9493549,
      27.5429989
     ],
     [
      83.9474988,
      27.5421808
     ],
     [
      83.9458144,
      27.5414197
     ],
     [
      83.9443016,
      27.5409821
     ],
     [
      83.9423489,
      27.5407919
     ],
     [
      83.9403534,
      27.5410487
     ],
     [
      83.9385402,
      27.5417432
     ],
     [
      83.9372313,
      27.5424662
     ],
     [
      83.9362228,
      27.5432367
     ],
     [
      83.9352894,
      27.5444544
     ],
     [
      83.9342272,
      27.5460239
     ],
     [
      83.9321458,
      27.5480882
     ],
     [
      83.9304936,
      27.5493343
     ],
     [
      83.9290774,
      27.5501904
     ],
     [
      83.9276612,
      27.5505899
     ],
     [
      83.9260411,
      27.5503996
     ],
     [
      83.9248181,
      27.5497433
     ],
     [
      83.9233106,
      27.5469609
     ],
     [
      83.9214921,
      27.5448967
     ],
     [
      83.920446,
      27.543855
     ],
     [
      83.9194965,
      27.5429656
     ],
     [
      83.919121,
      27.5423663
     ],
     [
      83.9189762,
      27.5415291
     ],
     [
      83.9187536,
      27.5403435
     ],
     [
      83.9188904,
      27.5391461
     ],
     [
      83.9190674,
      27.5384469
     ],
     [
      83.9192605,
      27.5375384
     ],
     [
      83.9193195,
      27.5367535
     ],
     [
      83.9192659,
      27.5359734
     ],
     [
      83.9190566,
      27.5350934
     ],
     [
      83.918885,
      27.5342705
     ],
     [
      83.9188099,
      27.5333381
     ],
     [
      83.9188689,
      27.5326389
     ],
     [
      83.9190513,
      27.5314497
     ],
     [
      83.9192229,
      27.5303793
     ],
     [
      83.9193946,
      27.5287857
     ],
     [
      83.9194107,
      27.5278201
     ],
     [
      83.9195555,
      27.5270732
     ],
     [
      83.9198506,
      27.5266308
     ],
     [
      83.9206016,
      27.5260932
     ],
     [
      83.9214224,
      27.525294
     ],
     [
      83.9218032,
      27.5246803
     ],
     [
      83.9219695,
      27.5237098
     ],
     [
      83.9218032,
      27.521845
     ],
     [
      83.9216235,
      27.5202465
     ],
     [
      83.9215189,
      27.5191975
     ],
     [
      83.9215618,
      27.5186765
     ],
     [
      83.9216208,
      27.5180985
     ],
     [
      83.9219132,
      27.5174872
     ],
     [
      83.9225516,
      27.5168282
     ],
     [
      83.9236084,
      27.5160551
     ],
     [
      83.9252123,
      27.5150751
     ],
     [
      83.9261538,
      27.5144542
     ],
     [
      83.9273205,
      27.513781
     ],
     [
      83.9287877,
      27.5132362
     ],
     [
      83.9300376,
      27.5129293
     ],
     [
      83.9315557,
      27.5128627
     ],
     [
      83.933782,
      27.5130245
     ],
     [
      83.9355522,
      27.5133528
     ],
     [
      83.9371153,
      27.5136863
     ],
     [
      83.9378061,
      27.5139147
     ],
     [
      83.9383381,
      27.5140978
     ],
     [
      83.9393167,
      27.5144859
     ],
     [
      83.9402067,
      27.5148391
     ],
     [
      83.9408573,
      27.5151267
     ],
     [
      83.9422816,
      27.5158385
     ],
     [
      83.9433274,
      27.5163761
     ],
     [
      83.9444622,
      27.516966
     ],
     [
      83.9449317,
      27.5172796
     ],
     [
      83.9453884,
      27.5176794
     ],
     [
      83.9461085,
      27.5183908
     ],
     [
      83.9467526,
      27.5190295
     ],
     [
      83.9472553,
      27.5195333
     ],
     [
      83.9478182,
      27.5202238
     ],
     [
      83.9482807,
      27.5208677
     ],
     [
      83.9486672,
      27.5214284
     ],
     [
      83.9490477,
      27.5220619
     ],
     [
      83.949358,
      27.5226175
     ],
     [
      83.9496121,
      27.5232078
     ],
     [
      83.9503066,
      27.5247204
     ],
     [
      83.9507398,
      27.5254992
     ],
     [
      83.9510501,
      27.5259717
     ],
     [
      83.9514776,
      27.526491
     ],
     [
      83.952227,
      27.5273165
     ],
     [
      83.9524963,
      27.5275294
     ],
     [
      83.9528066,
      27.5276903
     ],
     [
      83.9531673,
      27.5277735
     ],
     [
      83.9533921,
      27.5278565
     ],
     [
      83.95381,
      27.5279177
     ],
     [
      83.954206,
      27.5278876
     ],
     [
      83.9546041,
      27.5278046
     ],
     [
      83.9553838,
      27.5274306
     ],
     [
      83.9570339,
      27.5266779
     ],
     [
      83.9582401,
      27.5261171
     ],
     [
      83.9596921,
      27.5255096
     ],
     [
      83.9611134,
      27.5248823
     ],
     [
      83.9618409,
      27.5245491
     ],
     [
      83.9625845,
      27.5241596
     ],
     [
      83.963896,
      27.5234535
     ],
     [
      83.964745,
      27.5229654
     ],
     [
      83.9653363,
      27.5226123
     ],
     [
      83.965834,
      27.5222333
     ],
     [
      83.9662321,
      27.5218179
     ],
     [
      83.966964,
      27.5209196
     ],
     [
      83.9679242,
      27.519689
     ],
     [
      83.9685624,
      27.5188685
     ],
     [
      83.9690367,
      27.5182195
     ],
     [
      83.9693531,
      27.517575
     ],
     [
      83.9695636,
      27.5169265
     ],
     [
      83.96971,
      27.5162515
     ],
     [
      83.9698857,
      27.5154258
     ],
     [
      83.9700906,
      27.5148339
     ],
     [
      83.9701726,
      27.5143302
     ],
     [
      83.9701901,
      27.5138836
     ],
     [
      83.9700028,
      27.5126269
     ],
     [
      83.9697568,
      27.5115883
     ],
     [
      83.9696105,
      27.5110743
     ],
     [
      83.9694934,
      27.5105653
     ],
     [
      83.9693373,
      27.5101056
     ],
     [
      83.9691657,
      27.5096702
     ],
     [
      83.9688948,
      27.5090612
     ],
     [
      83.9686373,
      27.5085878
     ],
     [
      83.9682591,
      27.5080192
     ],
     [
      83.9676154,
      27.5072342
     ],
     [
      83.9668482,
      27.5064206
     ],
     [
      83.9659256,
      27.5056165
     ],
     [
      83.9642733,
      27.504289
     ],
     [
      83.9618647,
      27.5027711
     ],
     [
      83.959955,
      27.5019099
     ],
     [
      83.9575624,
      27.5008678
     ],
     [
      83.9528203,
      27.4988693
     ],
     [
      83.949033,
      27.4973181
     ],
     [
      83.9442587,
      27.4955004
     ],
     [
      83.9419091,
      27.4945963
     ],
     [
      83.9408791,
      27.4940252
     ],
     [
      83.9395702,
      27.492788
     ],
     [
      83.9388299,
      27.4915603
     ],
     [
      83.9385402,
      27.4906466
     ],
     [
      83.93839,
      27.4892285
     ],
     [
      83.938787,
      27.4866587
     ],
     [
      83.9391732,
      27.484679
     ],
     [
      83.9396346,
      27.4831752
     ],
     [
      83.9406752,
      27.4807671
     ],
     [
      83.9422306,
      27.4770714
     ],
     [
      83.9427781,
      27.4755129
     ],
     [
      83.9435617,
      27.4738089
     ],
     [
      83.9439797,
      27.4719624
     ],
     [
      83.9445269,
      27.4696302
     ],
     [
      83.9447737,
      27.4682308
     ],
     [
      83.9447951,
      27.4666316
     ],
     [
      83.9444303,
      27.4646991
     ],
     [
      83.9439475,
      27.4626619
     ],
     [
      83.9429819,
      27.4605961
     ],
     [
      83.9416194,
      27.458416
     ],
     [
      83.9397848,
      27.4564738
     ],
     [
      83.9381862,
      27.4550553
     ],
     [
      83.9363623,
      27.4533892
     ],
     [
      83.9340448,
      27.4516469
     ],
     [
      83.9315772,
      27.4500569
     ],
     [
      83.9292598,
      27.4489144
     ],
     [
      83.9261055,
      27.4472197
     ],
     [
      83.9123404,
      27.4429922
     ],
     [
      83.9064118,
      27.4408988
     ],
     [
      83.9033711,
      27.4391692
     ],
     [
      83.901751,
      27.4384027
     ]
    ]
   },
   "properties": {
    "name": "Narayani",
    "role": "narayani",
    "carries": "the flood, inside Nepal",
    "note": "The Trishuli below Devghat. The story's own channel ends here.",
    "osm_id": "way/44688760",
    "source": "OpenStreetMap via the Overpass API",
    "source_url": "https://www.openstreetmap.org/copyright",
    "licence": "ODbL 1.0, (c) OpenStreetMap contributors",
    "retrieved": "2026-08-28"
   }
  },
  {
   "type": "Feature",
   "geometry": {
    "type": "LineString",
    "coordinates": [
     [
      83.885411,
      27.4333941
     ],
     [
      83.8841128,
      27.4317086
     ],
     [
      83.8821816,
      27.4297565
     ],
     [
      83.8799822,
      27.4279376
     ],
     [
      83.8768816,
      27.4256807
     ],
     [
      83.8738561,
      27.4244046
     ],
     [
      83.8688993,
      27.4233095
     ],
     [
      83.8651228,
      27.4228619
     ],
     [
      83.8629555,
      27.4227285
     ],
     [
      83.8614643,
      27.4224333
     ],
     [
      83.8602412,
      27.4212905
     ],
     [
      83.8597906,
      27.4197382
     ],
     [
      83.8597798,
      27.4181287
     ],
     [
      83.8600373,
      27.4159478
     ],
     [
      83.8605845,
      27.4137763
     ],
     [
      83.8608649,
      27.413216
     ],
     [
      83.8620783,
      27.411371
     ],
     [
      83.8624258,
      27.4106862
     ],
     [
      83.862703,
      27.4094193
     ],
     [
      83.8629553,
      27.4078728
     ],
     [
      83.8634253,
      27.4044597
     ],
     [
      83.8635749,
      27.4035276
     ],
     [
      83.8641419,
      27.402179
     ],
     [
      83.8630827,
      27.4014979
     ],
     [
      83.8617592,
      27.4008817
     ],
     [
      83.8611691,
      27.4006702
     ],
     [
      83.8604544,
      27.4004971
     ],
     [
      83.8596206,
      27.4003722
     ],
     [
      83.8591658,
      27.4003625
     ],
     [
      83.8588301,
      27.4003433
     ],
     [
      83.8584349,
      27.4002712
     ],
     [
      83.8579659,
      27.4001096
     ],
     [
      83.857567,
      27.3999626
     ],
     [
      83.8572659,
      27.3997421
     ],
     [
      83.856867,
      27.3993211
     ],
     [
      83.8562648,
      27.3986595
     ],
     [
      83.8555723,
      27.3981049
     ],
     [
      83.8548441,
      27.3977083
     ],
     [
      83.8540594,
      27.3974099
     ],
     [
      83.853239,
      27.3971292
     ],
     [
      83.8524261,
      27.3968419
     ],
     [
      83.8516208,
      27.3966213
     ],
     [
      83.8503626,
      27.3962464
     ],
     [
      83.8497842,
      27.3960132
     ],
     [
      83.8492122,
      27.3957292
     ],
     [
      83.848723,
      27.3954097
     ],
     [
      83.848117,
      27.3948504
     ],
     [
      83.8475224,
      27.3941654
     ],
     [
      83.847259,
      27.3937578
     ],
     [
      83.8471611,
      27.3935072
     ],
     [
      83.8471385,
      27.3931831
     ],
     [
      83.847195,
      27.3929291
     ],
     [
      83.8473129,
      27.3927262
     ],
     [
      83.8475412,
      27.3924981
     ],
     [
      83.847767,
      27.392351
     ],
     [
      83.8481367,
      27.3922379
     ],
     [
      83.8496186,
      27.3921171
     ],
     [
      83.8499159,
      27.392057
     ],
     [
      83.8502097,
      27.3919641
     ],
     [
      83.850631,
      27.3917228
     ],
     [
      83.8513686,
      27.391235
     ],
     [
      83.8523095,
      27.3906302
     ],
     [
      83.8527159,
      27.390296
     ],
     [
      83.8529647,
      27.3899707
     ],
     [
      83.8531337,
      27.3895575
     ],
     [
      83.8532466,
      27.3889962
     ],
     [
      83.8534799,
      27.3880906
     ],
     [
      83.8536041,
      27.3873989
     ],
     [
      83.8536906,
      27.3867172
     ],
     [
      83.8537762,
      27.3848321
     ],
     [
      83.8537407,
      27.3837264
     ],
     [
      83.8538436,
      27.3829092
     ],
     [
      83.8540151,
      27.3820007
     ],
     [
      83.8545181,
      27.3797268
     ],
     [
      83.8553459,
      27.376956
     ],
     [
      83.857091,
      27.3710813
     ],
     [
      83.8574149,
      27.3700432
     ],
     [
      83.8578233,
      27.3690676
     ],
     [
      83.8584008,
      27.3679294
     ],
     [
      83.8590768,
      27.3666161
     ],
     [
      83.8592177,
      27.3662408
     ],
     [
      83.8593303,
      27.3658031
     ],
     [
      83.8593585,
      27.3649275
     ],
     [
      83.8591811,
      27.3629787
     ],
     [
      83.8589738,
      27.3622422
     ],
     [
      83.8582482,
      27.359951
     ],
     [
      83.8568057,
      27.355547
     ]
    ]
   },
   "properties": {
    "name": "Narayani",
    "role": "narayani",
    "carries": "the flood, inside Nepal",
    "note": "The Trishuli below Devghat. The story's own channel ends here.",
    "osm_id": "way/44689643",
    "source": "OpenStreetMap via the Overpass API",
    "source_url": "https://www.openstreetmap.org/copyright",
    "licence": "ODbL 1.0, (c) OpenStreetMap contributors",
    "retrieved": "2026-08-28"
   }
  },
  {
   "type": "Feature",
   "geometry": {
    "type": "LineString",
    "coordinates": [
     [
      84.5683903,
      26.4847611
     ],
     [
      84.5732002,
      26.4797473
     ],
     [
      84.5754898,
      26.4698122
     ],
     [
      84.5733994,
      26.4597868
     ],
     [
      84.5734799,
      26.448185
     ],
     [
      84.5803013,
      26.4369091
     ],
     [
      84.5895141,
      26.4304094
     ],
     [
      84.5948675,
      26.4275345
     ],
     [
      84.5965298,
      26.4266417
     ],
     [
      84.6059517,
      26.427847
     ],
     [
      84.6196639,
      26.4386191
     ],
     [
      84.6241712,
      26.4488834
     ],
     [
      84.6270668,
      26.4586539
     ],
     [
      84.6335024,
      26.4645397
     ],
     [
      84.6459947,
      26.4679923
     ],
     [
      84.6623641,
      26.4708381
     ],
     [
      84.676586,
      26.4688699
     ],
     [
      84.6870573,
      26.4611863
     ],
     [
      84.6882589,
      26.4531948
     ],
     [
      84.6860273,
      26.4332136
     ],
     [
      84.6889456,
      26.4286021
     ],
     [
      84.696842,
      26.4249127
     ],
     [
      84.7277411,
      26.4229143
     ],
     [
      84.7325476,
      26.4199934
     ],
     [
      84.7354658,
      26.4136902
     ],
     [
      84.7351225,
      26.3832455
     ],
     [
      84.7388991,
      26.3701733
     ],
     [
      84.7673948,
      26.3389479
     ],
     [
      84.7823884,
      26.3251892
     ],
     [
      84.7959952,
      26.3164995
     ],
     [
      84.8134417,
      26.3098499
     ],
     [
      84.8238802,
      26.3010734
     ],
     [
      84.8366437,
      26.2889783
     ],
     [
      84.8414362,
      26.2850979
     ],
     [
      84.8431053,
      26.2767455
     ],
     [
      84.8411444,
      26.265567
     ],
     [
      84.8425825,
      26.2556904
     ],
     [
      84.8445418,
      26.2422797
     ],
     [
      84.8470452,
      26.2360846
     ],
     [
      84.8563154,
      26.2318256
     ],
     [
      84.8863562,
      26.2310556
     ],
     [
      84.9066122,
      26.2224322
     ],
     [
      84.912116,
      26.2181184
     ],
     [
      84.9229201,
      26.20965
     ],
     [
      84.9253233,
      26.2019491
     ],
     [
      84.9224051,
      26.1940937
     ],
     [
      84.901634,
      26.1825407
     ],
     [
      84.8956259,
      26.1753003
     ],
     [
      84.8968275,
      26.1520353
     ],
     [
      84.912277,
      26.1323104
     ],
     [
      84.9363096,
      26.1145859
     ],
     [
      84.9610719,
      26.100561
     ],
     [
      84.9649771,
      26.0803624
     ],
     [
      84.9647241,
      26.0590625
     ],
     [
      84.9665343,
      26.0482435
     ],
     [
      84.969097,
      26.0314763
     ],
     [
      84.9720152,
      26.024535
     ],
     [
      84.9845152,
      26.0135613
     ],
     [
      85.0023519,
      26.0122643
     ],
     [
      85.0113593,
      26.0072993
     ],
     [
      85.0386954,
      25.9923448
     ],
     [
      85.044615,
      25.9900417
     ],
     [
      85.0602492,
      25.9839587
     ],
     [
      85.0708922,
      25.9703787
     ],
     [
      85.071067,
      25.9611993
     ],
     [
      85.0743254,
      25.9421334
     ],
     [
      85.0769003,
      25.9337975
     ],
     [
      85.0796667,
      25.9333976
     ],
     [
      85.0824809,
      25.9274989
     ],
     [
      85.0839009,
      25.9232723
     ],
     [
      85.0842992,
      25.9220866
     ],
     [
      85.0872,
      25.918359
     ],
     [
      85.1126059,
      25.8970505
     ],
     [
      85.1170691,
      25.8848504
     ],
     [
      85.1247938,
      25.8623001
     ],
     [
      85.1276911,
      25.8565887
     ],
     [
      85.1325186,
      25.8525682
     ],
     [
      85.1509677,
      25.8429175
     ],
     [
      85.1599844,
      25.8382006
     ],
     [
      85.1661642,
      25.8289302
     ],
     [
      85.1702841,
      25.8085328
     ],
     [
      85.171213,
      25.7947933
     ],
     [
      85.1726874,
      25.7729836
     ],
     [
      85.1731224,
      25.7632094
     ],
     [
      85.1750906,
      25.7533496
     ],
     [
      85.1774939,
      25.7405163
     ],
     [
      85.1798437,
      25.7346331
     ],
     [
      85.1891668,
      25.7112881
     ],
     [
      85.1934584,
      25.6981408
     ],
     [
      85.1935278,
      25.6930459
     ],
     [
      85.1937219,
      25.6787859
     ],
     [
      85.1938017,
      25.6729249
     ],
     [
      85.1910551,
      25.6560597
     ],
     [
      85.1887923,
      25.6495353
     ],
     [
      85.1876219,
      25.6413588
     ],
     [
      85.188682,
      25.6392665
     ],
     [
      85.2006481,
      25.6289284
     ],
     [
      85.2047958,
      25.6177683
     ]
    ]
   },
   "properties": {
    "name": "Gandak",
    "role": "gandak",
    "carries": "the flood, inside India",
    "note": "The same river across the border, in Bihar.",
    "osm_id": "way/44690664",
    "source": "OpenStreetMap via the Overpass API",
    "source_url": "https://www.openstreetmap.org/copyright",
    "licence": "ODbL 1.0, (c) OpenStreetMap contributors",
    "retrieved": "2026-08-28"
   }
  },
  {
   "type": "Feature",
   "geometry": {
    "type": "LineString",
    "coordinates": [
     [
      84.647212,
      25.7380937
     ],
     [
      84.6501302,
      25.7367794
     ],
     [
      84.6537351,
      25.7363155
     ],
     [
      84.6576404,
      25.7366634
     ],
     [
      84.6607732,
      25.7371659
     ],
     [
      84.6636486,
      25.7367407
     ],
     [
      84.6654939,
      25.735349
     ],
     [
      84.6718025,
      25.7286995
     ],
     [
      84.675107,
      25.72522
     ],
     [
      84.6786689,
      25.7217791
     ],
     [
      84.6854066,
      25.7148969
     ],
     [
      84.6899128,
      25.7091356
     ],
     [
      84.6926164,
      25.7042248
     ],
     [
      84.6937751,
      25.6996231
     ],
     [
      84.6933889,
      25.6932811
     ],
     [
      84.6941864,
      25.6883212
     ],
     [
      84.6960926,
      25.685121
     ],
     [
      84.6986675,
      25.6832839
     ],
     [
      84.7023645,
      25.6814425
     ],
     [
      84.7096501,
      25.6796419
     ],
     [
      84.7148895,
      25.6793969
     ],
     [
      84.71843,
      25.6803252
     ],
     [
      84.7217043,
      25.6819941
     ],
     [
      84.7250119,
      25.6847771
     ],
     [
      84.730854,
      25.690748
     ],
     [
      84.7337079,
      25.695466
     ],
     [
      84.7357249,
      25.7021367
     ],
     [
      84.7379136,
      25.7094256
     ],
     [
      84.7405529,
      25.7143942
     ],
     [
      84.7437501,
      25.7194013
     ],
     [
      84.7464752,
      25.7219337
     ],
     [
      84.7492862,
      25.7233062
     ],
     [
      84.7533202,
      25.7242148
     ],
     [
      84.7596288,
      25.7248141
     ],
     [
      84.7651648,
      25.725162
     ],
     [
      84.7717523,
      25.7261866
     ],
     [
      84.7793054,
      25.7262639
     ],
     [
      84.7891759,
      25.7263026
     ],
     [
      84.7958707,
      25.7267278
     ],
     [
      84.8004627,
      25.7269018
     ],
     [
      84.8053121,
      25.7278297
     ],
     [
      84.8297846,
      25.7273271
     ],
     [
      84.8317265,
      25.7266312
     ],
     [
      84.8520238,
      25.7182881
     ],
     [
      84.8648964,
      25.7131708
     ],
     [
      84.8712675,
      25.710638
     ]
    ]
   },
   "properties": {
    "name": "Ganga",
    "role": "ganga",
    "carries": "the river this one joins",
    "note": "Shown for context. This water is a small part of it.",
    "osm_id": "way/82308491",
    "source": "OpenStreetMap via the Overpass API",
    "source_url": "https://www.openstreetmap.org/copyright",
    "licence": "ODbL 1.0, (c) OpenStreetMap contributors",
    "retrieved": "2026-08-28"
   }
  },
  {
   "type": "Feature",
   "geometry": {
    "type": "LineString",
    "coordinates": [
     [
      84.8712675,
      25.710638
     ],
     [
      84.8751783,
      25.7064289
     ],
     [
      84.8764658,
      25.7039541
     ],
     [
      84.8766374,
      25.702446
     ],
     [
      84.8764658,
      25.6980763
     ],
     [
      84.8766374,
      25.6940932
     ],
     [
      84.8780536,
      25.6903033
     ],
     [
      84.8795557,
      25.6879055
     ],
     [
      84.882431,
      25.6849663
     ],
     [
      84.8870229,
      25.6813308
     ],
     [
      84.8901128,
      25.679629
     ],
     [
      84.8947477,
      25.6771537
     ],
     [
      84.897623,
      25.6755872
     ],
     [
      84.9002738,
      25.6743779
     ],
     [
      84.9041033,
      25.6713906
     ],
     [
      84.9062276,
      25.6701335
     ],
     [
      84.9094677,
      25.6688184
     ],
     [
      84.9125576,
      25.6677933
     ],
     [
      84.915154,
      25.6671551
     ],
     [
      84.9182653,
      25.6664975
     ],
     [
      84.9199605,
      25.6661881
     ],
     [
      84.9270026,
      25.6660221
     ],
     [
      84.9443572,
      25.6689086
     ],
     [
      84.9457399,
      25.6689791
     ],
     [
      84.9536105,
      25.6693807
     ],
     [
      84.9624171,
      25.66983
     ],
     [
      84.9660945,
      25.6703269
     ],
     [
      84.9754934,
      25.6717934
     ],
     [
      84.9773812,
      25.6720868
     ],
     [
      84.9793768,
      25.6722802
     ],
     [
      84.9837541,
      25.6727443
     ],
     [
      84.9865222,
      25.6725316
     ],
     [
      84.9961138,
      25.672783
     ],
     [
      85.0003838,
      25.6730538
     ],
     [
      85.0049543,
      25.672899
     ],
     [
      85.0110268,
      25.6724542
     ],
     [
      85.0179791,
      25.6723189
     ],
     [
      85.0285792,
      25.6708491
     ],
     [
      85.0338149,
      25.6689924
     ],
     [
      85.0360465,
      25.6678127
     ],
     [
      85.0402307,
      25.6655692
     ],
     [
      85.0434279,
      25.6630936
     ],
     [
      85.0457239,
      25.6608693
     ],
     [
      85.0480842,
      25.6570784
     ],
     [
      85.0508737,
      25.6532873
     ],
     [
      85.0549078,
      25.6511789
     ],
     [
      85.0578046,
      25.6500183
     ],
     [
      85.0613665,
      25.6491866
     ],
     [
      85.0649071,
      25.6495347
     ],
     [
      85.0672459,
      25.6500183
     ],
     [
      85.0751209,
      25.6529971
     ],
     [
      85.0771559,
      25.6538561
     ],
     [
      85.0805497,
      25.6553956
     ],
     [
      85.0857212,
      25.6580419
     ],
     [
      85.0865471,
      25.6582824
     ]
    ]
   },
   "properties": {
    "name": "Ganga",
    "role": "ganga",
    "carries": "the river this one joins",
    "note": "Shown for context. This water is a small part of it.",
    "osm_id": "way/82308496",
    "source": "OpenStreetMap via the Overpass API",
    "source_url": "https://www.openstreetmap.org/copyright",
    "licence": "ODbL 1.0, (c) OpenStreetMap contributors",
    "retrieved": "2026-08-28"
   }
  },
  {
   "type": "Feature",
   "geometry": {
    "type": "LineString",
    "coordinates": [
     [
      84.1267522,
      27.5662709
     ],
     [
      84.1257289,
      27.5655492
     ],
     [
      84.1256094,
      27.5654357
     ],
     [
      84.1243082,
      27.5640987
     ],
     [
      84.1234494,
      27.5632273
     ],
     [
      84.1227077,
      27.5625588
     ],
     [
      84.1206246,
      27.5608102
     ],
     [
      84.1201848,
      27.5603928
     ],
     [
      84.1200141,
      27.5601819
     ],
     [
      84.1198951,
      27.559925
     ],
     [
      84.1197864,
      27.5596223
     ],
     [
      84.1196002,
      27.5590031
     ],
     [
      84.1193725,
      27.5581408
     ],
     [
      84.1188897,
      27.5557646
     ],
     [
      84.1188546,
      27.5555333
     ]
    ]
   },
   "properties": {
    "name": "Narayani",
    "role": "narayani",
    "carries": "the flood, inside Nepal",
    "note": "The Trishuli below Devghat. The story's own channel ends here.",
    "osm_id": "way/127655486",
    "source": "OpenStreetMap via the Overpass API",
    "source_url": "https://www.openstreetmap.org/copyright",
    "licence": "ODbL 1.0, (c) OpenStreetMap contributors",
    "retrieved": "2026-08-28"
   }
  },
  {
   "type": "Feature",
   "geometry": {
    "type": "LineString",
    "coordinates": [
     [
      85.0865471,
      25.6582824
     ],
     [
      85.0873625,
      25.6584758
     ],
     [
      85.0970614,
      25.6600957
     ],
     [
      85.0992608,
      25.6604051
     ],
     [
      85.1006192,
      25.6604346
     ],
     [
      85.1041531,
      25.6598442
     ],
     [
      85.1180778,
      25.655655
     ],
     [
      85.1187846,
      25.6551796
     ],
     [
      85.1321534,
      25.6461881
     ],
     [
      85.1497927,
      25.6356426
     ],
     [
      85.1528723,
      25.6311223
     ],
     [
      85.1569821,
      25.628602
     ],
     [
      85.1701181,
      25.6248688
     ],
     [
      85.1772369,
      25.6230846
     ],
     [
      85.1970286,
      25.6197267
     ],
     [
      85.2047958,
      25.6177683
     ]
    ]
   },
   "properties": {
    "name": "Ganga",
    "role": "ganga",
    "carries": "the river this one joins",
    "note": "Shown for context. This water is a small part of it.",
    "osm_id": "way/131485555",
    "source": "OpenStreetMap via the Overpass API",
    "source_url": "https://www.openstreetmap.org/copyright",
    "licence": "ODbL 1.0, (c) OpenStreetMap contributors",
    "retrieved": "2026-08-28"
   }
  },
  {
   "type": "Feature",
   "geometry": {
    "type": "LineString",
    "coordinates": [
     [
      84.1559031,
      27.6046586
     ],
     [
      84.1558018,
      27.6040641
     ],
     [
      84.1551313,
      27.5993839
     ],
     [
      84.1550562,
      27.599013
     ],
     [
      84.154906,
      27.5984093
     ],
     [
      84.1547665,
      27.5976605
     ],
     [
      84.1547611,
      27.596724
     ],
     [
      84.1547263,
      27.5964126
     ],
     [
      84.1546699,
      27.5961463
     ],
     [
      84.1546948,
      27.5958765
     ],
     [
      84.1547061,
      27.5957731
     ],
     [
      84.154686,
      27.5956103
     ],
     [
      84.1546243,
      27.5953048
     ],
     [
      84.1545828,
      27.5950814
     ],
     [
      84.1544151,
      27.5948413
     ],
     [
      84.1540638,
      27.5944871
     ],
     [
      84.1532135,
      27.5940117
     ],
     [
      84.1523351,
      27.5936444
     ],
     [
      84.1515639,
      27.5933806
     ],
     [
      84.1510034,
      27.5932498
     ],
     [
      84.150479,
      27.5931773
     ],
     [
      84.1500203,
      27.5932011
     ],
     [
      84.1494745,
      27.59327
     ],
     [
      84.1490976,
      27.5932819
     ],
     [
      84.147774,
      27.5930799
     ],
     [
      84.1466247,
      27.5929206
     ],
     [
      84.1459058,
      27.5929206
     ],
     [
      84.1454807,
      27.5929788
     ],
     [
      84.1449657,
      27.5930953
     ],
     [
      84.144271,
      27.5933223
     ],
     [
      84.1433885,
      27.5935529
     ],
     [
      84.1429728,
      27.5936005
     ],
     [
      84.1425061,
      27.5936005
     ],
     [
      84.1418141,
      27.5934816
     ],
     [
      84.1410658,
      27.5931821
     ],
     [
      84.1404355,
      27.5929087
     ],
     [
      84.1398883,
      27.5926472
     ],
     [
      84.139494,
      27.592362
     ],
     [
      84.1391131,
      27.5919864
     ],
     [
      84.1387215,
      27.5915466
     ],
     [
      84.1379142,
      27.5905648
     ],
     [
      84.137646,
      27.5900846
     ],
     [
      84.1372356,
      27.5896045
     ]
    ]
   },
   "properties": {
    "name": "Narayani",
    "role": "narayani",
    "carries": "the flood, inside Nepal",
    "note": "The Trishuli below Devghat. The story's own channel ends here.",
    "osm_id": "way/173959994",
    "source": "OpenStreetMap via the Overpass API",
    "source_url": "https://www.openstreetmap.org/copyright",
    "licence": "ODbL 1.0, (c) OpenStreetMap contributors",
    "retrieved": "2026-08-28"
   }
  },
  {
   "type": "Feature",
   "geometry": {
    "type": "LineString",
    "coordinates": [
     [
      84.1861403,
      27.6365847
     ],
     [
      84.1858479,
      27.6368841
     ],
     [
      84.1855851,
      27.6371217
     ],
     [
      84.1853276,
      27.6373296
     ],
     [
      84.1851169,
      27.6374284
     ],
     [
      84.184716,
      27.6375446
     ],
     [
      84.1840401,
      27.6375827
     ],
     [
      84.1835171,
      27.6375375
     ],
     [
      84.1831818,
      27.6374734
     ],
     [
      84.1828278,
      27.6372262
     ],
     [
      84.1825649,
      27.6368056
     ],
     [
      84.1824844,
      27.6364064
     ],
     [
      84.1825461,
      27.635974
     ],
     [
      84.1827366,
      27.635071
     ],
     [
      84.1836537,
      27.632845
     ],
     [
      84.1837451,
      27.6327019
     ],
     [
      84.1838443,
      27.6324096
     ],
     [
      84.1838041,
      27.6321292
     ],
     [
      84.1835788,
      27.6317633
     ],
     [
      84.1830933,
      27.6312524
     ],
     [
      84.1825783,
      27.6307985
     ],
     [
      84.1820982,
      27.6303708
     ],
     [
      84.1815376,
      27.6302163
     ],
     [
      84.1810441,
      27.6302638
     ],
     [
      84.1806391,
      27.6303541
     ],
     [
      84.1802797,
      27.6305228
     ],
     [
      84.1799471,
      27.6307296
     ],
     [
      84.1794455,
      27.6308579
     ],
     [
      84.1789801,
      27.6308852
     ],
     [
      84.1786382,
      27.6307878
     ],
     [
      84.1781969,
      27.6305537
     ],
     [
      84.1778684,
      27.6304302
     ]
    ]
   },
   "properties": {
    "name": "Narayani",
    "role": "narayani",
    "carries": "the flood, inside Nepal",
    "note": "The Trishuli below Devghat. The story's own channel ends here.",
    "osm_id": "way/173959995",
    "source": "OpenStreetMap via the Overpass API",
    "source_url": "https://www.openstreetmap.org/copyright",
    "licence": "ODbL 1.0, (c) OpenStreetMap contributors",
    "retrieved": "2026-08-28"
   }
  },
  {
   "type": "Feature",
   "geometry": {
    "type": "LineString",
    "coordinates": [
     [
      84.0430927,
      27.5512748
     ],
     [
      84.0421808,
      27.5519501
     ],
     [
      84.0419447,
      27.5524543
     ],
     [
      84.0418911,
      27.5540808
     ],
     [
      84.0416658,
      27.5543186
     ],
     [
      84.0412903,
      27.554447
     ],
     [
      84.039929,
      27.5542762
     ],
     [
      84.0381896,
      27.5539572
     ],
     [
      84.0357113,
      27.5535482
     ],
     [
      84.0346706,
      27.5533294
     ],
     [
      84.0338552,
      27.5528538
     ],
     [
      84.0331149,
      27.5521879
     ],
     [
      84.0315699,
      27.5512082
     ],
     [
      84.0297782,
      27.5506184
     ],
     [
      84.0285444,
      27.5503236
     ],
     [
      84.0274823,
      27.5504758
     ],
     [
      84.0267312,
      27.5508943
     ],
     [
      84.0231907,
      27.554623
     ],
     [
      84.022547,
      27.5550986
     ],
     [
      84.0214205,
      27.5554505
     ],
     [
      84.0202081,
      27.555441
     ],
     [
      84.0177083,
      27.5548798
     ],
     [
      84.0150261,
      27.5540523
     ],
     [
      84.0117001,
      27.5528158
     ],
     [
      84.0097046,
      27.5520548
     ],
     [
      84.0083313,
      27.5513033
     ],
     [
      84.0064001,
      27.5509133
     ],
     [
      84.0046406,
      27.551037
     ],
     [
      84.0032029,
      27.551408
     ],
     [
      84.001497,
      27.5524353
     ],
     [
      84.0003168,
      27.5534245
     ],
     [
      83.9989006,
      27.5559832
     ],
     [
      83.99845,
      27.5570295
     ],
     [
      83.9978599,
      27.5579711
     ],
     [
      83.9969802,
      27.5587511
     ],
     [
      83.9961219,
      27.5592457
     ],
     [
      83.9952421,
      27.5594835
     ],
     [
      83.9941263,
      27.5594454
     ],
     [
      83.9930212,
      27.5591886
     ],
     [
      83.9918196,
      27.5588652
     ],
     [
      83.9907896,
      27.5587511
     ],
     [
      83.9889979,
      27.5586465
     ],
     [
      83.9873671,
      27.5584277
     ],
     [
      83.9859939,
      27.5584657
     ],
     [
      83.9846313,
      27.5587226
     ],
     [
      83.9826465,
      27.5588938
     ],
     [
      83.980962,
      27.5587986
     ],
     [
      83.9783335,
      27.5584087
     ],
     [
      83.9761341,
      27.5579046
     ],
     [
      83.9743638,
      27.5573529
     ],
     [
      83.9728618,
      27.556592
     ],
     [
      83.9714992,
      27.5554886
     ],
     [
      83.9692032,
      27.5539096
     ],
     [
      83.9677656,
      27.5532438
     ],
     [
      83.9660221,
      27.5526831
     ]
    ]
   },
   "properties": {
    "name": "Narayani",
    "role": "narayani",
    "carries": "the flood, inside Nepal",
    "note": "The Trishuli below Devghat. The story's own channel ends here.",
    "osm_id": "way/173959996",
    "source": "OpenStreetMap via the Overpass API",
    "source_url": "https://www.openstreetmap.org/copyright",
    "licence": "ODbL 1.0, (c) OpenStreetMap contributors",
    "retrieved": "2026-08-28"
   }
  },
  {
   "type": "Feature",
   "geometry": {
    "type": "LineString",
    "coordinates": [
     [
      84.2740416,
      27.6693142
     ],
     [
      84.2736232,
      27.66615
     ],
     [
      84.2735374,
      27.6654516
     ],
     [
      84.2733496,
      27.6646391
     ],
     [
      84.2730761,
      27.6639787
     ],
     [
      84.2727113,
      27.6635321
     ],
     [
      84.2720944,
      27.6629287
     ],
     [
      84.2713702,
      27.6622207
     ],
     [
      84.2706191,
      27.6613513
     ],
     [
      84.2700773,
      27.6609236
     ],
     [
      84.2694712,
      27.6606528
     ],
     [
      84.2688274,
      27.6605578
     ],
     [
      84.2681998,
      27.6606766
     ],
     [
      84.2677438,
      27.6607621
     ],
     [
      84.2672074,
      27.6606956
     ],
     [
      84.2667782,
      27.6604343
     ],
     [
      84.2654371,
      27.659522
     ],
     [
      84.2646432,
      27.6589851
     ],
     [
      84.2641389,
      27.658586
     ],
     [
      84.2635971,
      27.6578305
     ],
     [
      84.2631841,
      27.6571225
     ],
     [
      84.2627549,
      27.6563005
     ],
     [
      84.2622667,
      27.6558349
     ],
     [
      84.2615157,
      27.6554262
     ],
     [
      84.2609149,
      27.6550936
     ],
     [
      84.260636,
      27.654799
     ],
     [
      84.259901,
      27.653155
     ],
     [
      84.2593861,
      27.6520668
     ],
     [
      84.2587359,
      27.650991
     ],
     [
      84.2583668,
      27.6505748
     ],
     [
      84.2578733,
      27.6503419
     ],
     [
      84.2571598,
      27.6502754
     ],
     [
      84.256323,
      27.6503847
     ],
     [
      84.2555666,
      27.6507221
     ],
     [
      84.2549014,
      27.6512115
     ],
     [
      84.2528951,
      27.6534353
     ],
     [
      84.2522246,
      27.654072
     ],
     [
      84.2515916,
      27.6543856
     ],
     [
      84.2506796,
      27.6544854
     ],
     [
      84.2490113,
      27.6542716
     ],
     [
      84.2475682,
      27.6539105
     ],
     [
      84.2463505,
      27.6535874
     ],
     [
      84.2447305,
      27.6530362
     ],
     [
      84.2440331,
      27.6526608
     ],
     [
      84.243207,
      27.6521714
     ],
     [
      84.2423865,
      27.6515762
     ],
     [
      84.2422309,
      27.6511567
     ],
     [
      84.2419919,
      27.6504322
     ],
     [
      84.2419705,
      27.6498953
     ],
     [
      84.2420912,
      27.6495056
     ],
     [
      84.242287,
      27.6491516
     ],
     [
      84.2427081,
      27.6486313
     ],
     [
      84.2433143,
      27.6480706
     ],
     [
      84.2444247,
      27.6471249
     ],
     [
      84.2447532,
      27.6466633
     ],
     [
      84.2449316,
      27.6462268
     ],
     [
      84.2450067,
      27.6457611
     ],
     [
      84.2450014,
      27.6453192
     ],
     [
      84.2448002,
      27.6447608
     ],
     [
      84.2444354,
      27.6443189
     ],
     [
      84.2439795,
      27.6439815
     ],
     [
      84.2435905,
      27.6438247
     ],
     [
      84.2432365,
      27.6437985
     ],
     [
      84.2423674,
      27.6438793
     ],
     [
      84.2418605,
      27.6438841
     ],
     [
      84.2413777,
      27.6437985
     ],
     [
      84.2410505,
      27.6435776
     ],
     [
      84.2408439,
      27.6432877
     ],
     [
      84.2403316,
      27.6422398
     ],
     [
      84.2400286,
      27.6419024
     ],
     [
      84.2396825,
      27.6416553
     ],
     [
      84.2390268,
      27.6412861
     ],
     [
      84.2385721,
      27.6410447
     ],
     [
      84.238269,
      27.6409829
     ],
     [
      84.2378044,
      27.6409432
     ]
    ]
   },
   "properties": {
    "name": "Narayani",
    "role": "narayani",
    "carries": "the flood, inside Nepal",
    "note": "The Trishuli below Devghat. The story's own channel ends here.",
    "osm_id": "way/173959997",
    "source": "OpenStreetMap via the Overpass API",
    "source_url": "https://www.openstreetmap.org/copyright",
    "licence": "ODbL 1.0, (c) OpenStreetMap contributors",
    "retrieved": "2026-08-28"
   }
  },
  {
   "type": "Feature",
   "geometry": {
    "type": "LineString",
    "coordinates": [
     [
      84.1371041,
      27.5750764
     ],
     [
      84.1374636,
      27.5747863
     ],
     [
      84.1378753,
      27.5744451
     ],
     [
      84.1379893,
      27.574104
     ],
     [
      84.1379879,
      27.5736475
     ],
     [
      84.1379732,
      27.5731553
     ],
     [
      84.1378619,
      27.572511
     ],
     [
      84.137705,
      27.5717716
     ],
     [
      84.13754,
      27.5714435
     ],
     [
      84.137257,
      27.5709905
     ],
     [
      84.1370089,
      27.5707991
     ],
     [
      84.136734,
      27.5707516
     ],
     [
      84.136498,
      27.5708122
     ],
     [
      84.136266,
      27.5710208
     ],
     [
      84.1361406,
      27.5711569
     ],
     [
      84.1359837,
      27.571343
     ],
     [
      84.1359092,
      27.5714366
     ],
     [
      84.135876,
      27.5714589
     ],
     [
      84.1358278,
      27.5714702
     ],
     [
      84.1357124,
      27.5714672
     ],
     [
      84.1356162,
      27.5714741
     ],
     [
      84.1355039,
      27.5715148
     ],
     [
      84.1352886,
      27.5716072
     ],
     [
      84.1351951,
      27.5716616
     ],
     [
      84.1350047,
      27.5717995
     ],
     [
      84.1345158,
      27.5721068
     ]
    ]
   },
   "properties": {
    "name": "Narayani",
    "role": "narayani",
    "carries": "the flood, inside Nepal",
    "note": "The Trishuli below Devghat. The story's own channel ends here.",
    "osm_id": "way/173959999",
    "source": "OpenStreetMap via the Overpass API",
    "source_url": "https://www.openstreetmap.org/copyright",
    "licence": "ODbL 1.0, (c) OpenStreetMap contributors",
    "retrieved": "2026-08-28"
   }
  },
  {
   "type": "Feature",
   "geometry": {
    "type": "LineString",
    "coordinates": [
     [
      84.1913605,
      27.6375841
     ],
     [
      84.1903943,
      27.6365134
     ],
     [
      84.1896218,
      27.6357577
     ],
     [
      84.1892007,
      27.6354061
     ],
     [
      84.1887689,
      27.6352778
     ],
     [
      84.188211,
      27.6352991
     ],
     [
      84.1874894,
      27.6354987
     ],
     [
      84.1870683,
      27.6356389
     ],
     [
      84.1863978,
      27.6361427
     ],
     [
      84.1861403,
      27.6365847
     ],
     [
      84.1860759,
      27.6372928
     ],
     [
      84.1860223,
      27.6381149
     ]
    ]
   },
   "properties": {
    "name": "Narayani",
    "role": "narayani",
    "carries": "the flood, inside Nepal",
    "note": "The Trishuli below Devghat. The story's own channel ends here.",
    "osm_id": "way/173960000",
    "source": "OpenStreetMap via the Overpass API",
    "source_url": "https://www.openstreetmap.org/copyright",
    "licence": "ODbL 1.0, (c) OpenStreetMap contributors",
    "retrieved": "2026-08-28"
   }
  },
  {
   "type": "Feature",
   "geometry": {
    "type": "LineString",
    "coordinates": [
     [
      84.289769,
      27.6752817
     ],
     [
      84.288369,
      27.6745952
     ],
     [
      84.2875,
      27.6739111
     ],
     [
      84.2866599,
      27.6726503
     ],
     [
      84.2860373,
      27.6704411
     ],
     [
      84.2856151,
      27.6680875
     ],
     [
      84.2851763,
      27.6647926
     ],
     [
      84.2849958,
      27.6618264
     ],
     [
      84.2848027,
      27.6599449
     ],
     [
      84.2846524,
      27.6592797
     ],
     [
      84.2839229,
      27.6582533
     ],
     [
      84.282655,
      27.6568782
     ],
     [
      84.2818308,
      27.6562387
     ],
     [
      84.2807016,
      27.6556612
     ],
     [
      84.2789769,
      27.6550223
     ],
     [
      84.2763055,
      27.6540435
     ],
     [
      84.2746787,
      27.6533868
     ],
     [
      84.2733516,
      27.652626
     ],
     [
      84.2717294,
      27.6514969
     ],
     [
      84.2703719,
      27.6505731
     ],
     [
      84.2688821,
      27.649444
     ],
     [
      84.267624,
      27.648095
     ],
     [
      84.2666307,
      27.6464673
     ],
     [
      84.2654554,
      27.644297
     ],
     [
      84.2647436,
      27.6429185
     ],
     [
      84.2639159,
      27.6412028
     ],
     [
      84.2629888,
      27.6405575
     ],
     [
      84.2614659,
      27.6398829
     ],
     [
      84.259678,
      27.639663
     ],
     [
      84.2580392,
      27.6393697
     ],
     [
      84.25645,
      27.638959
     ],
     [
      84.254927,
      27.6382405
     ],
     [
      84.2528578,
      27.6370232
     ],
     [
      84.2516162,
      27.6360113
     ],
     [
      84.2504078,
      27.6345008
     ],
     [
      84.2483054,
      27.6326676
     ],
     [
      84.2462362,
      27.630849
     ],
     [
      84.2449536,
      27.6297505
     ],
     [
      84.2437316,
      27.6287794
     ],
     [
      84.2429709,
      27.6281441
     ],
     [
      84.2423379,
      27.627493
     ],
     [
      84.2417004,
      27.6266838
     ],
     [
      84.2410773,
      27.6256536
     ],
     [
      84.2408574,
      27.6251879
     ],
     [
      84.2407447,
      27.6244607
     ],
     [
      84.2406911,
      27.623705
     ],
     [
      84.2406589,
      27.6230348
     ],
     [
      84.2404926,
      27.6226641
     ],
     [
      84.2401385,
      27.6223171
     ],
     [
      84.2389798,
      27.6217943
     ],
     [
      84.2385185,
      27.6216945
     ],
     [
      84.2377996,
      27.6217135
     ],
     [
      84.2372739,
      27.6216992
     ],
     [
      84.2360187,
      27.6212477
     ],
     [
      84.2340016,
      27.6203493
     ],
     [
      84.2319095,
      27.6194367
     ],
     [
      84.2292504,
      27.6178361
     ],
     [
      84.2270708,
      27.616851
     ],
     [
      84.2257512,
      27.6163091
     ],
     [
      84.2252469,
      27.6157958
     ],
     [
      84.2243242,
      27.6149307
     ],
     [
      84.2225787,
      27.6140824
     ],
     [
      84.2214274,
      27.6136853
     ],
     [
      84.2191529,
      27.6127251
     ],
     [
      84.2174363,
      27.6118267
     ],
     [
      84.2151618,
      27.6103389
     ],
     [
      84.2128014,
      27.6088178
     ],
     [
      84.2097115,
      27.6066881
     ],
     [
      84.2079842,
      27.6056233
     ],
     [
      84.2075872,
      27.6054427
     ],
     [
      84.207083,
      27.6053096
     ],
     [
      84.2063212,
      27.605262
     ],
     [
      84.2057526,
      27.6052145
     ],
     [
      84.2049479,
      27.6050719
     ],
     [
      84.2040467,
      27.6048247
     ],
     [
      84.203403,
      27.6048342
     ],
     [
      84.2026734,
      27.6050338
     ],
     [
      84.2015361,
      27.6052716
     ],
     [
      84.2015675,
      27.6047068
     ],
     [
      84.201546,
      27.6040889
     ],
     [
      84.2013215,
      27.6018012
     ],
     [
      84.2010105,
      27.6001088
     ],
     [
      84.2008817,
      27.5996144
     ],
     [
      84.2007207,
      27.5991131
     ],
     [
      84.1997445,
      27.5972686
     ],
     [
      84.1994226,
      27.5967715
     ],
     [
      84.1989398,
      27.5962486
     ],
     [
      84.1983818,
      27.5957757
     ],
     [
      84.1974276,
      27.5953902
     ],
     [
      84.1967189,
      27.5952338
     ],
     [
      84.1955372,
      27.595061
     ],
     [
      84.1949725,
      27.5949791
     ],
     [
      84.1946439,
      27.5948972
     ],
     [
      84.1941876,
      27.5944767
     ],
     [
      84.1938431,
      27.5940965
     ],
     [
      84.1926418,
      27.5929227
     ],
     [
      84.191995,
      27.5921037
     ],
     [
      84.1915945,
      27.591494
     ],
     [
      84.1908039,
      27.59012
     ],
     [
      84.19027,
      27.5893283
     ],
     [
      84.1898491,
      27.5887914
     ],
     [
      84.1894589,
      27.5883637
     ],
     [
      84.1888737,
      27.5877267
     ],
     [
      84.1884938,
      27.5874446
     ],
     [
      84.1878161,
      27.5872262
     ],
     [
      84.1870974,
      27.5870624
     ],
     [
      84.1864814,
      27.5868531
     ],
     [
      84.1861118,
      27.5866711
     ],
     [
      84.1855163,
      27.5863253
     ],
     [
      84.1847667,
      27.5858885
     ],
     [
      84.1838529,
      27.5853971
     ],
     [
      84.1833601,
      27.5852151
     ],
     [
      84.1825695,
      27.5850149
     ],
     [
      84.1816968,
      27.5846964
     ],
     [
      84.1809267,
      27.5844506
     ],
     [
      84.1797563,
      27.5842231
     ],
     [
      84.1783291,
      27.5840411
     ],
     [
      84.1762859,
      27.5837408
     ],
     [
      84.1756185,
      27.5835952
     ],
     [
      84.1738269,
      27.5829036
     ],
     [
      84.1733597,
      27.5827625
     ],
     [
      84.1729593,
      27.582667
     ],
     [
      84.1721379,
      27.5825532
     ],
     [
      84.1685743,
      27.5822248
     ],
     [
      84.1663524,
      27.5820626
     ],
     [
      84.1646504,
      27.5823941
     ],
     [
      84.1632441,
      27.5828315
     ],
     [
      84.1602301,
      27.5839632
     ],
     [
      84.1586321,
      27.5800127
     ],
     [
      84.1579501,
      27.5781626
     ],
     [
      84.1577913,
      27.5775371
     ],
     [
      84.1577502,
      27.5770212
     ],
     [
      84.1578031,
      27.576599
     ],
     [
      84.1580794,
      27.5750719
     ],
     [
      84.1582441,
      27.5742849
     ],
     [
      84.1584028,
      27.5738836
     ],
     [
      84.1585322,
      27.5736699
     ],
     [
      84.1587615,
      27.5735187
     ],
     [
      84.1589614,
      27.5734458
     ],
     [
      84.1591084,
      27.5732946
     ],
     [
      84.159179,
      27.5730914
     ],
     [
      84.1592025,
      27.572763
     ],
     [
      84.159179,
      27.5724034
     ],
     [
      84.1591555,
      27.5719447
     ],
     [
      84.1591319,
      27.5715799
     ],
     [
      84.1591261,
      27.5708293
     ],
     [
      84.1591437,
      27.5704019
     ],
     [
      84.1590555,
      27.5700631
     ],
     [
      84.1588909,
      27.5698598
     ],
     [
      84.1585439,
      27.5697556
     ],
     [
      84.15825,
      27.5696878
     ],
     [
      84.1578384,
      27.5696045
     ],
     [
      84.1575502,
      27.5694585
     ],
     [
      84.1572901,
      27.5692663
     ],
     [
      84.1571622,
      27.5691354
     ],
     [
      84.1570034,
      27.5688695
     ],
     [
      84.1568153,
      27.5684734
     ],
     [
      84.1564536,
      27.5677296
     ],
     [
      84.1559921,
      27.5668889
     ],
     [
      84.1554805,
      27.5659611
     ],
     [
      84.1549623,
      27.5648858
     ],
     [
      84.1544366,
      27.5639823
     ],
     [
      84.1541576,
      27.5637979
     ],
     [
      84.1539224,
      27.5636937
     ],
     [
      84.1535343,
      27.5635633
     ],
     [
      84.1531933,
      27.563433
     ],
     [
      84.1528925,
      27.563124
     ],
     [
      84.1526288,
      27.5627293
     ],
     [
      84.1523013,
      27.5620408
     ],
     [
      84.1514783,
      27.5614458
     ],
     [
      84.1503412,
      27.5608536
     ],
     [
      84.1493939,
      27.5603298
     ],
     [
      84.1479926,
      27.5594831
     ],
     [
      84.1455197,
      27.5577433
     ],
     [
      84.1443449,
      27.556948
     ],
     [
      84.1449791,
      27.5557169
     ],
     [
      84.1451615,
      27.5553459
     ],
     [
      84.1452044,
      27.5549654
     ],
     [
      84.14514,
      27.5546563
     ],
     [
      84.1450113,
      27.5543947
     ],
     [
      84.1447538,
      27.5541902
     ],
     [
      84.1443729,
      27.5539524
     ],
     [
      84.1430426,
      27.5527301
     ],
     [
      84.1426831,
      27.5524781
     ],
     [
      84.1424096,
      27.5521975
     ],
     [
      84.1421682,
      27.5517884
     ],
     [
      84.1418087,
      27.5514603
     ],
     [
      84.1411114,
      27.5509561
     ],
     [
      84.1404569,
      27.5505471
     ],
     [
      84.1391265,
      27.5499478
     ],
     [
      84.1381288,
      27.5493771
     ],
     [
      84.1370505,
      27.5489776
     ],
     [
      84.1364068,
      27.5486589
     ],
     [
      84.1359401,
      27.5482404
     ],
     [
      84.1352373,
      27.5474508
     ],
     [
      84.1343468,
      27.5467992
     ],
     [
      84.1336441,
      27.5464092
     ],
     [
      84.1329306,
      27.5461714
     ],
     [
      84.1323522,
      27.5460663
     ]
    ]
   },
   "properties": {
    "name": "Narayani",
    "role": "narayani",
    "carries": "the flood, inside Nepal",
    "note": "The Trishuli below Devghat. The story's own channel ends here.",
    "osm_id": "way/173960001",
    "source": "OpenStreetMap via the Overpass API",
    "source_url": "https://www.openstreetmap.org/copyright",
    "licence": "ODbL 1.0, (c) OpenStreetMap contributors",
    "retrieved": "2026-08-28"
   }
  },
  {
   "type": "Feature",
   "geometry": {
    "type": "LineString",
    "coordinates": [
     [
      84.2449536,
      27.6297505
     ],
     [
      84.2420804,
      27.6299501
     ],
     [
      84.2399132,
      27.6301212
     ],
     [
      84.2382932,
      27.6301783
     ],
     [
      84.2367804,
      27.6301117
     ],
     [
      84.2347419,
      27.6297695
     ],
     [
      84.2334545,
      27.6295604
     ],
     [
      84.2322206,
      27.6294939
     ],
     [
      84.2308849,
      27.6296032
     ],
     [
      84.2263144,
      27.6301498
     ],
     [
      84.225601,
      27.6301212
     ],
     [
      84.2248928,
      27.6299644
     ],
     [
      84.223938,
      27.6295034
     ]
    ]
   },
   "properties": {
    "name": "Narayani",
    "role": "narayani",
    "carries": "the flood, inside Nepal",
    "note": "The Trishuli below Devghat. The story's own channel ends here.",
    "osm_id": "way/173960002",
    "source": "OpenStreetMap via the Overpass API",
    "source_url": "https://www.openstreetmap.org/copyright",
    "licence": "ODbL 1.0, (c) OpenStreetMap contributors",
    "retrieved": "2026-08-28"
   }
  },
  {
   "type": "Feature",
   "geometry": {
    "type": "LineString",
    "coordinates": [
     [
      82.9331517,
      25.207135
     ],
     [
      82.9403186,
      25.2082222
     ],
     [
      82.9437089,
      25.2084746
     ],
     [
      82.9528928,
      25.2086687
     ],
     [
      82.9581713,
      25.2084358
     ],
     [
      82.9653811,
      25.2079892
     ],
     [
      82.9737067,
      25.207601
     ],
     [
      82.9785776,
      25.2074845
     ],
     [
      82.9849076,
      25.2070379
     ],
     [
      82.9887914,
      25.2063779
     ],
     [
      82.9926109,
      25.2056789
     ],
     [
      82.9951858,
      25.2054071
     ],
     [
      82.9975462,
      25.2052906
     ],
     [
      82.9994988,
      25.2054654
     ],
     [
      83.0017948,
      25.2059119
     ],
     [
      83.0050993,
      25.2065332
     ],
     [
      83.007398,
      25.2075211
     ],
     [
      83.0097127,
      25.20929
     ],
     [
      83.0114078,
      25.2105519
     ],
     [
      83.0135321,
      25.2123768
     ],
     [
      83.0179695,
      25.2171167
     ],
     [
      83.0208921,
      25.2203555
     ],
     [
      83.0242055,
      25.2241158
     ],
     [
      83.0262343,
      25.2270523
     ],
     [
      83.0280161,
      25.2299059
     ],
     [
      83.0291962,
      25.2338074
     ],
     [
      83.0300975,
      25.2378446
     ],
     [
      83.0303335,
      25.2411054
     ],
     [
      83.0303335,
      25.2439585
     ],
     [
      83.0301655,
      25.2462278
     ],
     [
      83.0300978,
      25.2469222
     ],
     [
      83.0298132,
      25.2478387
     ],
     [
      83.0292656,
      25.249602
     ],
     [
      83.0276942,
      25.2548655
     ],
     [
      83.025999,
      25.260047
     ],
     [
      83.0251407,
      25.2619294
     ],
     [
      83.0204184,
      25.2699291
     ],
     [
      83.0198689,
      25.2709555
     ],
     [
      83.0155599,
      25.2779003
     ],
     [
      83.0128133,
      25.283139
     ],
     [
      83.0124709,
      25.2840302
     ],
     [
      83.0113971,
      25.2868254
     ],
     [
      83.0101011,
      25.2923703
     ],
     [
      83.0095135,
      25.2979328
     ],
     [
      83.0097664,
      25.3007161
     ],
     [
      83.0102214,
      25.3027964
     ],
     [
      83.0116393,
      25.3055108
     ],
     [
      83.0126281,
      25.3074039
     ],
     [
      83.0170167,
      25.3111153
     ],
     [
      83.0239536,
      25.3163623
     ],
     [
      83.0294975,
      25.3196128
     ],
     [
      83.0373801,
      25.3234621
     ],
     [
      83.0420915,
      25.3253457
     ],
     [
      83.0479925,
      25.3269226
     ],
     [
      83.054149,
      25.3285678
     ],
     [
      83.0592809,
      25.3290477
     ],
     [
      83.0741457,
      25.3285678
     ],
     [
      83.0891017,
      25.3304217
     ],
     [
      83.0937816,
      25.3303546
     ],
     [
      83.0952505,
      25.330324
     ],
     [
      83.1050224,
      25.3291789
     ],
     [
      83.1209736,
      25.3276795
     ],
     [
      83.1228102,
      25.3276081
     ],
     [
      83.1245327,
      25.3276189
     ],
     [
      83.1265497,
      25.3278905
     ],
     [
      83.1387269,
      25.3277133
     ],
     [
      83.1461588,
      25.3289427
     ],
     [
      83.1677396,
      25.3505635
     ],
     [
      83.1715894,
      25.3608963
     ],
     [
      83.1735849,
      25.3632424
     ],
     [
      83.1753444,
      25.3660151
     ],
     [
      83.1768894,
      25.3691173
     ],
     [
      83.1782412,
      25.3723163
     ],
     [
      83.1803655,
      25.3775316
     ],
     [
      83.1819749,
      25.3832312
     ],
     [
      83.1833052,
      25.3874186
     ],
     [
      83.1843567,
      25.3908498
     ],
     [
      83.1850433,
      25.3929433
     ],
     [
      83.1856012,
      25.3950562
     ],
     [
      83.1859231,
      25.3968008
     ],
     [
      83.1860805,
      25.3984455
     ],
     [
      83.1861806,
      25.399592
     ],
     [
      83.1858587,
      25.4017242
     ],
     [
      83.1853652,
      25.4040889
     ],
     [
      83.1849575,
      25.4066087
     ],
     [
      83.1840563,
      25.4119581
     ],
     [
      83.1835842,
      25.4150785
     ],
     [
      83.1826186,
      25.418412
     ],
     [
      83.1814599,
      25.4199043
     ],
     [
      83.1806016,
      25.4205632
     ],
     [
      83.1793785,
      25.4214935
     ],
     [
      83.177619,
      25.4225012
     ],
     [
      83.1748724,
      25.4238578
     ],
     [
      83.1685853,
      25.426474
     ],
     [
      83.1657743,
      25.4277918
     ],
     [
      83.1612682,
      25.4299429
     ],
     [
      83.1541872,
      25.4333922
     ],
     [
      83.1488228,
      25.436047
     ],
     [
      83.1435871,
      25.4387211
     ],
     [
      83.1414413,
      25.4400968
     ],
     [
      83.1382501,
      25.442319
     ],
     [
      83.1324104,
      25.4472727
     ],
     [
      83.1300687,
      25.45056
     ],
     [
      83.1292251,
      25.453824
     ],
     [
      83.1296008,
      25.4577019
     ],
     [
      83.131442,
      25.4611772
     ],
     [
      83.133502,
      25.4650131
     ],
     [
      83.1353473,
      25.468539
     ],
     [
      83.1384801,
      25.4724134
     ],
     [
      83.1417417,
      25.4754354
     ],
     [
      83.1463337,
      25.4788447
     ],
     [
      83.1486297,
      25.4803265
     ],
     [
      83.1506896,
      25.4814887
     ],
     [
      83.1518483,
      25.482157
     ],
     [
      83.1541335,
      25.4834161
     ],
     [
      83.1559574,
      25.4843265
     ],
     [
      83.1587684,
      25.4859051
     ],
     [
      83.161,
      25.4873965
     ],
     [
      83.1628239,
      25.4886652
     ],
     [
      83.164401,
      25.4900405
     ],
     [
      83.1657314,
      25.4913769
     ],
     [
      83.1664503,
      25.4923938
     ],
     [
      83.1668794,
      25.4932266
     ],
     [
      83.1681776,
      25.496616
     ],
     [
      83.1687891,
      25.4984366
     ],
     [
      83.1699264,
      25.5015451
     ],
     [
      83.1703126,
      25.5026199
     ],
     [
      83.1712031,
      25.5047116
     ],
     [
      83.1719434,
      25.5062706
     ],
     [
      83.1726051,
      25.5075781
     ],
     [
      83.1750011,
      25.5113832
     ],
     [
      83.1762886,
      25.5144042
     ],
     [
      83.1781768,
      25.5180448
     ],
     [
      83.1797647,
      25.5210656
     ],
     [
      83.1831979,
      25.5255579
     ],
     [
      83.1853866,
      25.5283075
     ],
     [
      83.1885624,
      25.5315217
     ],
     [
      83.1907081,
      25.5333417
     ],
     [
      83.1926822,
      25.5345034
     ],
     [
      83.1944418,
      25.5352779
     ],
     [
      83.1960725,
      25.5357039
     ],
     [
      83.1984172,
      25.5359253
     ],
     [
      83.2052564,
      25.5350068
     ],
     [
      83.2207144,
      25.5319333
     ],
     [
      83.2243109,
      25.5312312
     ],
     [
      83.2289672,
      25.5301663
     ],
     [
      83.2320142,
      25.5290045
     ],
     [
      83.236134,
      25.5271844
     ],
     [
      83.2426577,
      25.5241087
     ],
     [
      83.2475924,
      25.522421
     ],
     [
      83.2530984,
      25.5205954
     ],
     [
      83.2649549,
      25.5154851
     ],
     [
      83.2687282,
      25.5139394
     ],
     [
      83.2739639,
      25.5114025
     ],
     [
      83.2766247,
      25.5098727
     ],
     [
      83.2806587,
      25.5072001
     ],
     [
      83.2855725,
      25.5039078
     ],
     [
      83.290143,
      25.5004411
     ],
     [
      83.2970094,
      25.4947083
     ],
     [
      83.3028674,
      25.4902535
     ],
     [
      83.3061075,
      25.4870576
     ],
     [
      83.3077597,
      25.4833773
     ],
     [
      83.3099913,
      25.4789803
     ],
     [
      83.3105278,
      25.4774112
     ],
     [
      83.3118367,
      25.4747961
     ],
     [
      83.3138108,
      25.4726265
     ],
     [
      83.3159566,
      25.47005
     ],
     [
      83.3189282,
      25.4669257
     ],
     [
      83.3250976,
      25.4625915
     ],
     [
      83.3266532,
      25.4619909
     ],
     [
      83.3279192,
      25.4616228
     ],
     [
      83.3297217,
      25.4615065
     ],
     [
      83.3312237,
      25.4616615
     ],
     [
      83.3335626,
      25.4619715
     ],
     [
      83.3355689,
      25.4624074
     ],
     [
      83.3367598,
      25.4628821
     ],
     [
      83.3387017,
      25.4637054
     ],
     [
      83.3412122,
      25.4651681
     ],
     [
      83.3450317,
      25.4678028
     ],
     [
      83.3498966,
      25.4712393
     ],
     [
      83.355031,
      25.4756678
     ],
     [
      83.3586788,
      25.4785735
     ],
     [
      83.3633565,
      25.4818277
     ],
     [
      83.3705234,
      25.4866315
     ],
     [
      83.3763599,
      25.4901954
     ],
     [
      83.3810377,
      25.4922873
     ],
     [
      83.3862733,
      25.4942628
     ],
     [
      83.3905978,
      25.4955206
     ],
     [
      83.3942556,
      25.4957348
     ],
     [
      83.3976459,
      25.4957348
     ],
     [
      83.4011221,
      25.495115
     ],
     [
      83.403697,
      25.4944178
     ],
     [
      83.406701,
      25.4924422
     ],
     [
      83.4088039,
      25.4901954
     ],
     [
      83.4137392,
      25.4848107
     ],
     [
      83.4198761,
      25.4781086
     ],
     [
      83.4259271,
      25.4712898
     ],
     [
      83.4267425,
      25.4695851
     ],
     [
      83.4273004,
      25.4675703
     ],
     [
      83.4276008,
      25.466253
     ],
     [
      83.4289312,
      25.4627658
     ],
     [
      83.4296178,
      25.4620297
     ],
     [
      83.4316778,
      25.4603635
     ],
     [
      83.4344244,
      25.4580774
     ],
     [
      83.4379005,
      25.4554425
     ],
     [
      83.4415912,
      25.45242
     ],
     [
      83.4456682,
      25.44963
     ],
     [
      83.4522771,
      25.4449798
     ],
     [
      83.4575128,
      25.4412982
     ],
     [
      83.461976,
      25.4379654
     ],
     [
      83.4689648,
      25.4312591
     ],
     [
      83.4707308,
      25.4297491
     ],
     [
      83.473649,
      25.4269779
     ],
     [
      83.4775436,
      25.4234411
     ],
     [
      83.4791422,
      25.4221814
     ],
     [
      83.4830904,
      25.4192066
     ],
     [
      83.4887767,
      25.4151076
     ],
     [
      83.4925854,
      25.4123651
     ],
     [
      83.4944093,
      25.4110859
     ],
     [
      83.5002565,
      25.40688
     ],
     [
      83.5048377,
      25.4040986
     ],
     [
      83.5083997,
      25.4017242
     ],
     [
      83.5133457,
      25.3989136
     ],
     [
      83.5163283,
      25.3971885
     ],
     [
      83.5191178,
      25.3955796
     ],
     [
      83.5205448,
      25.3948236
     ],
     [
      83.5227227,
      25.393835
     ],
     [
      83.5259199,
      25.3926913
     ],
     [
      83.5295248,
      25.3917221
     ],
     [
      83.5309833,
      25.3914816
     ],
     [
      83.5322284,
      25.3912762
     ],
     [
      83.5341167,
      25.3911018
     ],
     [
      83.5358977,
      25.3909467
     ],
     [
      83.5382151,
      25.3909661
     ],
     [
      83.5408115,
      25.391315
     ],
     [
      83.5434508,
      25.3924005
     ],
     [
      83.546133,
      25.3938738
     ],
     [
      83.5479784,
      25.3952307
     ],
     [
      83.55021,
      25.39777
     ],
     [
      83.5514116,
      25.4007938
     ],
     [
      83.5520553,
      25.4030617
     ],
     [
      83.5522055,
      25.405407
     ],
     [
      83.551712,
      25.4088376
     ],
     [
      83.5503816,
      25.4122682
     ],
     [
      83.5502529,
      25.4151754
     ],
     [
      83.5503173,
      25.4171329
     ],
     [
      83.5503602,
      25.4194198
     ],
     [
      83.5500598,
      25.4211059
     ],
     [
      83.548944,
      25.424226
     ],
     [
      83.5475063,
      25.4269197
     ],
     [
      83.5466265,
      25.4279081
     ],
     [
      83.5458112,
      25.4285088
     ],
     [
      83.5446095,
      25.4291096
     ],
     [
      83.5424852,
      25.4299235
     ],
     [
      83.541348,
      25.4307374
     ],
     [
      83.5396099,
      25.4322683
     ],
     [
      83.5389661,
      25.4332372
     ],
     [
      83.5377645,
      25.4348649
     ],
     [
      83.5317993,
      25.4398256
     ],
     [
      83.5288381,
      25.4429259
     ],
     [
      83.5232162,
      25.44901
     ],
     [
      83.5202979,
      25.4531951
     ],
     [
      83.5189246,
      25.4583099
     ],
     [
      83.517208,
      25.4628821
     ],
     [
      83.5166072,
      25.4655169
     ],
     [
      83.5164177,
      25.4693221
     ],
     [
      83.5170364,
      25.474893
     ],
     [
      83.5175513,
      25.4793096
     ],
     [
      83.5178012,
      25.4809017
     ],
     [
      83.5190105,
      25.4886072
     ],
     [
      83.5207271,
      25.4970519
     ],
     [
      83.5217142,
      25.5005767
     ],
     [
      83.5224866,
      25.5025909
     ],
     [
      83.5253191,
      25.5094466
     ],
     [
      83.5264563,
      25.5116349
     ],
     [
      83.5285592,
      25.5154886
     ],
     [
      83.5314073,
      25.5201288
     ],
     [
      83.5325503,
      25.5224404
     ],
     [
      83.5336447,
      25.5239314
     ],
     [
      83.5349965,
      25.5255966
     ],
     [
      83.5359406,
      25.5266035
     ],
     [
      83.536241,
      25.5269521
     ],
     [
      83.5378718,
      25.5287915
     ],
     [
      83.5403394,
      25.5310376
     ],
     [
      83.5436868,
      25.534213
     ],
     [
      83.5482144,
      25.5394018
     ],
     [
      83.5508752,
      25.5424415
     ],
     [
      83.5544801,
      25.5473977
     ],
     [
      83.5571193,
      25.5510179
     ],
     [
      83.5609817,
      25.5551413
     ],
     [
      83.5633421,
      25.5571159
     ],
     [
      83.5664407,
      25.5592942
     ],
     [
      83.569951,
      25.5617618
     ],
     [
      83.5740709,
      25.5643943
     ],
     [
      83.5792129,
      25.5672329
     ],
     [
      83.5849874,
      25.5711817
     ],
     [
      83.586688,
      25.5728337
     ],
     [
      83.5899066,
      25.5762015
     ],
     [
      83.5925674,
      25.5788725
     ],
     [
      83.5966014,
      25.5813886
     ],
     [
      83.601408,
      25.5835562
     ],
     [
      83.6050129,
      25.5852594
     ],
     [
      83.6097765,
      25.5880849
     ],
     [
      83.6149478,
      25.590775
     ],
     [
      83.6180162,
      25.5925361
     ],
     [
      83.6220717,
      25.5940843
     ],
     [
      83.6247754,
      25.5949938
     ],
     [
      83.628273,
      25.5960582
     ],
     [
      83.6330795,
      25.5970645
     ],
     [
      83.636899,
      25.5978385
     ],
     [
      83.639152,
      25.5983997
     ],
     [
      83.6408472,
      25.5991544
     ],
     [
      83.6430144,
      25.6003929
     ],
     [
      83.6454177,
      25.6011476
     ],
     [
      83.6504602,
      25.6014766
     ],
     [
      83.6537218,
      25.6015927
     ],
     [
      83.6580991,
      25.600896
     ],
     [
      83.6603307,
      25.6009735
     ],
     [
      83.6633348,
      25.6014185
     ],
     [
      83.6659527,
      25.6017475
     ],
     [
      83.6680741,
      25.6020126
     ],
     [
      83.6741495,
      25.6026763
     ],
     [
      83.6824,
      25.6036825
     ],
     [
      83.6986219,
      25.605337
     ],
     [
      83.7010788,
      25.6054434
     ],
     [
      83.7038469,
      25.6052693
     ],
     [
      83.7064218,
      25.6043985
     ],
     [
      83.7086749,
      25.6032375
     ]
    ]
   },
   "properties": {
    "name": "Ganga",
    "role": "ganga",
    "carries": "the river this one joins",
    "note": "Shown for context. This water is a small part of it.",
    "osm_id": "way/197594615",
    "source": "OpenStreetMap via the Overpass API",
    "source_url": "https://www.openstreetmap.org/copyright",
    "licence": "ODbL 1.0, (c) OpenStreetMap contributors",
    "retrieved": "2026-08-28"
   }
  },
  {
   "type": "Feature",
   "geometry": {
    "type": "LineString",
    "coordinates": [
     [
      83.7086749,
      25.6032375
     ],
     [
      83.7120437,
      25.6013798
     ],
     [
      83.7171292,
      25.5992512
     ],
     [
      83.7213778,
      25.5976837
     ],
     [
      83.7269139,
      25.5950906
     ],
     [
      83.7310767,
      25.5917426
     ],
     [
      83.7346816,
      25.5902525
     ],
     [
      83.7401533,
      25.5886849
     ],
     [
      83.7441015,
      25.5876011
     ],
     [
      83.749423,
      25.5856851
     ],
     [
      83.7518903,
      25.582867
     ],
     [
      83.7620656,
      25.5726913
     ],
     [
      83.7667109,
      25.5661065
     ],
     [
      83.7740105,
      25.5575258
     ],
     [
      83.7786558,
      25.5495432
     ],
     [
      83.7817526,
      25.5405621
     ],
     [
      83.7838495,
      25.5312826
     ],
     [
      83.7891154,
      25.520398
     ],
     [
      83.7949522,
      25.5141634
     ],
     [
      83.7994271,
      25.5110749
     ],
     [
      83.8027262,
      25.5092503
     ],
     [
      83.807828,
      25.5077456
     ],
     [
      83.8198614,
      25.5081289
     ],
     [
      83.8341599,
      25.5114509
     ],
     [
      83.8452023,
      25.5149005
     ],
     [
      83.8541987,
      25.5182702
     ],
     [
      83.8591228,
      25.5197668
     ],
     [
      83.8642001,
      25.5203104
     ],
     [
      83.8685819,
      25.5200419
     ],
     [
      83.8747381,
      25.5190569
     ],
     [
      83.8778506,
      25.5187951
     ],
     [
      83.8814563,
      25.5187507
     ],
     [
      83.8842794,
      25.5187829
     ],
     [
      83.8896704,
      25.5191872
     ],
     [
      83.8961892,
      25.5206336
     ],
     [
      83.9012857,
      25.5224222
     ],
     [
      83.9060991,
      25.526638
     ],
     [
      83.9083642,
      25.5318757
     ],
     [
      83.9114788,
      25.5386459
     ],
     [
      83.9157258,
      25.5445217
     ],
     [
      83.9184157,
      25.5497586
     ],
     [
      83.9208223,
      25.5535903
     ],
     [
      83.9243616,
      25.5572941
     ],
     [
      83.932431,
      25.5594653
     ],
     [
      83.9450775,
      25.5637156
     ],
     [
      83.9468711,
      25.5643184
     ],
     [
      83.9608865,
      25.5707037
     ],
     [
      83.9661557,
      25.5750607
     ],
     [
      83.9710795,
      25.5791319
     ],
     [
      83.9815557,
      25.5864102
     ],
     [
      83.9844097,
      25.5887399
     ],
     [
      83.988351,
      25.5926667
     ],
     [
      83.9978362,
      25.6003272
     ],
     [
      84.0033574,
      25.6040296
     ],
     [
      84.0096979,
      25.6070316
     ],
     [
      84.0222547,
      25.6123936
     ],
     [
      84.0301271,
      25.6161263
     ],
     [
      84.0388913,
      25.619987
     ],
     [
      84.0478102,
      25.6226677
     ],
     [
      84.0541808,
      25.62688
     ],
     [
      84.0621572,
      25.6334078
     ],
     [
      84.0694812,
      25.6407978
     ],
     [
      84.0759934,
      25.6462857
     ],
     [
      84.0799574,
      25.651901
     ],
     [
      84.0836382,
      25.6571331
     ],
     [
      84.084346,
      25.6638963
     ],
     [
      84.0829303,
      25.6705315
     ],
     [
      84.0789664,
      25.6783147
     ],
     [
      84.077126,
      25.6863524
     ],
     [
      84.0795326,
      25.6910728
     ],
     [
      84.0859033,
      25.7006405
     ],
     [
      84.0922739,
      25.7084217
     ],
     [
      84.0980783,
      25.7141616
     ],
     [
      84.1052245,
      25.7202249
     ],
     [
      84.1137187,
      25.7240512
     ],
     [
      84.1210803,
      25.7260918
     ],
     [
      84.1318396,
      25.7277498
     ],
     [
      84.139223,
      25.7271531
     ],
     [
      84.1496085,
      25.7265346
     ],
     [
      84.1592216,
      25.7263026
     ],
     [
      84.1640281,
      25.725452
     ],
     [
      84.170637,
      25.7239829
     ],
     [
      84.1775035,
      25.7225137
     ],
     [
      84.181795,
      25.7222817
     ],
     [
      84.1885757,
      25.7219724
     ],
     [
      84.1966009,
      25.7197879
     ],
     [
      84.2062354,
      25.7187053
     ],
     [
      84.2100763,
      25.718048
     ],
     [
      84.2150116,
      25.7175261
     ],
     [
      84.2176509,
      25.7168688
     ],
     [
      84.2208266,
      25.7156122
     ],
     [
      84.2273927,
      25.7122676
     ],
     [
      84.2333579,
      25.7097543
     ],
     [
      84.2369199,
      25.7082269
     ],
     [
      84.2385077,
      25.7078016
     ],
     [
      84.2400312,
      25.7064095
     ],
     [
      84.2415762,
      25.7047855
     ],
     [
      84.242413,
      25.7018853
     ],
     [
      84.2429709,
      25.6983277
     ],
     [
      84.2431855,
      25.6970709
     ],
     [
      84.2441296,
      25.6960848
     ],
     [
      84.2468762,
      25.695176
     ],
     [
      84.2497515,
      25.6947506
     ],
     [
      84.2533564,
      25.6946152
     ],
     [
      84.2592358,
      25.6958914
     ],
     [
      84.2696643,
      25.7002998
     ],
     [
      84.2763161,
      25.7025814
     ],
     [
      84.2786121,
      25.703026
     ],
     [
      84.2811012,
      25.7030067
     ],
     [
      84.2824101,
      25.702678
     ],
     [
      84.283998,
      25.7019433
     ],
     [
      84.2879247,
      25.7008799
     ],
     [
      84.2908001,
      25.7006672
     ],
     [
      84.2976451,
      25.7009572
     ],
     [
      84.3051123,
      25.70204
     ],
     [
      84.3099189,
      25.7029487
     ],
     [
      84.317193,
      25.7040121
     ],
     [
      84.320755,
      25.7042635
     ],
     [
      84.3260336,
      25.7049015
     ],
     [
      84.3296814,
      25.7056942
     ],
     [
      84.3347668,
      25.7081689
     ],
     [
      84.3370414,
      25.7096576
     ],
     [
      84.3402815,
      25.7128282
     ],
     [
      84.3456459,
      25.718802
     ],
     [
      84.3525338,
      25.7266698
     ],
     [
      84.3556881,
      25.7314831
     ],
     [
      84.3602371,
      25.7365861
     ],
     [
      84.3630266,
      25.7403745
     ],
     [
      84.3659019,
      25.7447813
     ],
     [
      84.3683481,
      25.7493039
     ],
     [
      84.370923,
      25.7544834
     ],
     [
      84.3748712,
      25.7624842
     ],
     [
      84.3803215,
      25.7684748
     ],
     [
      84.3841409,
      25.7718757
     ],
     [
      84.3894624,
      25.7748515
     ],
     [
      84.3939685,
      25.7755471
     ],
     [
      84.3989467,
      25.7757403
     ],
     [
      84.4022083,
      25.7748901
     ],
     [
      84.4068002,
      25.7734989
     ],
     [
      84.4103193,
      25.7714892
     ],
     [
      84.411993,
      25.7690931
     ],
     [
      84.4137525,
      25.765808
     ],
     [
      84.4147825,
      25.7617112
     ],
     [
      84.4158124,
      25.7562228
     ],
     [
      84.4162416,
      25.7522029
     ],
     [
      84.4163703,
      25.7465981
     ],
     [
      84.4164562,
      25.7394081
     ],
     [
      84.4168853,
      25.7297821
     ],
     [
      84.4183444,
      25.7204259
     ],
     [
      84.4201469,
      25.7153996
     ],
     [
      84.4237517,
      25.708517
     ],
     [
      84.4264125,
      25.7061196
     ],
     [
      84.4320773,
      25.7029488
     ],
     [
      84.4370555,
      25.7006286
     ],
     [
      84.4408321,
      25.6995458
     ],
     [
      84.447441,
      25.6985404
     ],
     [
      84.4516038,
      25.6987724
     ],
     [
      84.45508,
      25.6999325
     ],
     [
      84.4584703,
      25.7017887
     ],
     [
      84.4649505,
      25.7048435
     ],
     [
      84.4677829,
      25.7053075
     ],
     [
      84.4701862,
      25.7052302
     ],
     [
      84.472289,
      25.7046115
     ],
     [
      84.4776535,
      25.7011699
     ],
     [
      84.4877386,
      25.6941705
     ],
     [
      84.4954633,
      25.6883696
     ],
     [
      84.5019865,
      25.6831485
     ],
     [
      84.5043897,
      25.6805959
     ],
     [
      84.5081234,
      25.6752198
     ],
     [
      84.5101404,
      25.6712745
     ],
     [
      84.5130349,
      25.6676192
     ],
     [
      84.5231218,
      25.6612391
     ],
     [
      84.5305542,
      25.6585274
     ],
     [
      84.5403949,
      25.6590828
     ],
     [
      84.545633,
      25.6602312
     ],
     [
      84.5515789,
      25.6638042
     ],
     [
      84.5569586,
      25.668653
     ],
     [
      84.5571622,
      25.6688106
     ],
     [
      84.568001,
      25.6772018
     ],
     [
      84.57423,
      25.6829432
     ],
     [
      84.5845646,
      25.6907256
     ],
     [
      84.5940498,
      25.6979971
     ],
     [
      84.6011283,
      25.7050131
     ],
     [
      84.6079015,
      25.7111463
     ],
     [
      84.6120643,
      25.7166755
     ],
     [
      84.6172571,
      25.7244081
     ],
     [
      84.6220636,
      25.7302846
     ],
     [
      84.6271276,
      25.7345372
     ],
     [
      84.6319341,
      25.7388669
     ],
     [
      84.635539,
      25.740877
     ],
     [
      84.6376848,
      25.7415729
     ],
     [
      84.6397018,
      25.7416115
     ],
     [
      84.6428775,
      25.7402585
     ],
     [
      84.647212,
      25.7380937
     ]
    ]
   },
   "properties": {
    "name": "Ganga",
    "role": "ganga",
    "carries": "the river this one joins",
    "note": "Shown for context. This water is a small part of it.",
    "osm_id": "way/206113622",
    "source": "OpenStreetMap via the Overpass API",
    "source_url": "https://www.openstreetmap.org/copyright",
    "licence": "ODbL 1.0, (c) OpenStreetMap contributors",
    "retrieved": "2026-08-28"
   }
  },
  {
   "type": "Feature",
   "geometry": {
    "type": "LineString",
    "coordinates": [
     [
      84.3025095,
      27.6794218
     ],
     [
      84.3002863,
      27.6766911
     ],
     [
      84.2985463,
      27.6743691
     ],
     [
      84.297432,
      27.6729971
     ]
    ]
   },
   "properties": {
    "name": "Narayani",
    "role": "narayani",
    "carries": "the flood, inside Nepal",
    "note": "The Trishuli below Devghat. The story's own channel ends here.",
    "osm_id": "way/327783735",
    "source": "OpenStreetMap via the Overpass API",
    "source_url": "https://www.openstreetmap.org/copyright",
    "licence": "ODbL 1.0, (c) OpenStreetMap contributors",
    "retrieved": "2026-08-28"
   }
  },
  {
   "type": "Feature",
   "geometry": {
    "type": "LineString",
    "coordinates": [
     [
      84.1805506,
      27.6421876
     ],
     [
      84.1816495,
      27.6421762
     ],
     [
      84.1828034,
      27.6418693
     ],
     [
      84.1831899,
      27.6415389
     ],
     [
      84.1835922,
      27.6411564
     ],
     [
      84.1839221,
      27.6409829
     ],
     [
      84.1844612,
      27.640914
     ],
     [
      84.1851881,
      27.6409116
     ],
     [
      84.1857192,
      27.6408166
     ],
     [
      84.18658,
      27.6405387
     ],
     [
      84.1871086,
      27.64008
     ],
     [
      84.1876718,
      27.6397164
     ],
     [
      84.1883182,
      27.6394408
     ],
     [
      84.1894287,
      27.6391105
     ],
     [
      84.1903889,
      27.6389632
     ],
     [
      84.1915315,
      27.63888
     ],
     [
      84.1923791,
      27.6388444
     ],
     [
      84.1934922,
      27.638861
     ]
    ]
   },
   "properties": {
    "name": "Narayani",
    "role": "narayani",
    "carries": "the flood, inside Nepal",
    "note": "The Trishuli below Devghat. The story's own channel ends here.",
    "osm_id": "way/328272594",
    "source": "OpenStreetMap via the Overpass API",
    "source_url": "https://www.openstreetmap.org/copyright",
    "licence": "ODbL 1.0, (c) OpenStreetMap contributors",
    "retrieved": "2026-08-28"
   }
  },
  {
   "type": "Feature",
   "geometry": {
    "type": "LineString",
    "coordinates": [
     [
      84.289769,
      27.6752817
     ],
     [
      84.2853401,
      27.6746991
     ],
     [
      84.2839229,
      27.6743691
     ],
     [
      84.2831719,
      27.674141
     ],
     [
      84.2826677,
      27.6738085
     ],
     [
      84.2805111,
      27.6720982
     ],
     [
      84.2795026,
      27.6714331
     ],
     [
      84.2778118,
      27.6706045
     ],
     [
      84.2740416,
      27.6693142
     ],
     [
      84.2716169,
      27.6692571
     ],
     [
      84.2704046,
      27.6693047
     ],
     [
      84.2695999,
      27.6692571
     ],
     [
      84.2685699,
      27.6689626
     ],
     [
      84.2674327,
      27.6685825
     ],
     [
      84.2664027,
      27.6684115
     ],
     [
      84.2653727,
      27.668383
     ],
     [
      84.2636669,
      27.668516
     ],
     [
      84.2626727,
      27.668569
     ],
     [
      84.2609246,
      27.6678563
     ],
     [
      84.2599523,
      27.6672275
     ],
     [
      84.259004,
      27.6662678
     ],
     [
      84.2588952,
      27.66572
     ],
     [
      84.2589194,
      27.6653874
     ],
     [
      84.2589494,
      27.6650464
     ],
     [
      84.2588469,
      27.6647484
     ],
     [
      84.2585164,
      27.6643079
     ],
     [
      84.2580208,
      27.6638124
     ],
     [
      84.2576373,
      27.6632969
     ],
     [
      84.2574763,
      27.6625866
     ],
     [
      84.2571706,
      27.6607288
     ],
     [
      84.2567682,
      27.6593509
     ],
     [
      84.2566073,
      27.6589898
     ],
     [
      84.2562693,
      27.658643
     ],
     [
      84.2558026,
      27.6584054
     ],
     [
      84.2553413,
      27.6583199
     ],
     [
      84.2543489,
      27.6584387
     ],
     [
      84.2516935,
      27.6590801
     ],
     [
      84.2510229,
      27.6591276
     ],
     [
      84.2503237,
      27.6590551
     ],
     [
      84.2490679,
      27.6586756
     ],
     [
      84.2486143,
      27.6585337
     ],
     [
      84.2481154,
      27.6582819
     ],
     [
      84.2474234,
      27.6575739
     ],
     [
      84.2470962,
      27.6572461
     ],
     [
      84.2466026,
      27.6570132
     ],
     [
      84.2441297,
      27.656272
     ],
     [
      84.2430997,
      27.6560202
     ],
     [
      84.2410154,
      27.655863
     ],
     [
      84.2387974,
      27.6558491
     ],
     [
      84.2376119,
      27.6559299
     ],
     [
      84.2365766,
      27.6560748
     ],
     [
      84.2357504,
      27.656253
     ],
     [
      84.2339802,
      27.6570441
     ],
     [
      84.2332555,
      27.657373
     ],
     [
      84.2316641,
      27.6584488
     ],
     [
      84.2306234,
      27.6593877
     ],
     [
      84.230234,
      27.6598861
     ],
     [
      84.2297235,
      27.6616173
     ],
     [
      84.2295921,
      27.6625961
     ],
     [
      84.2295116,
      27.663171
     ],
     [
      84.2294125,
      27.663642
     ],
     [
      84.2291708,
      27.6640895
     ],
     [
      84.2278279,
      27.6643534
     ],
     [
      84.2272235,
      27.6644269
     ],
     [
      84.224972,
      27.6654351
     ],
     [
      84.2243806,
      27.6656226
     ],
     [
      84.2242476,
      27.6656388
     ],
     [
      84.2236,
      27.6657176
     ],
     [
      84.2231441,
      27.6656962
     ],
     [
      84.2224252,
      27.665644
     ],
     [
      84.2216393,
      27.6654587
     ],
     [
      84.2212343,
      27.6652686
     ],
     [
      84.2209098,
      27.6650786
     ],
     [
      84.2206496,
      27.664879
     ],
     [
      84.2204645,
      27.6645607
     ],
     [
      84.2203002,
      27.6642168
     ],
     [
      84.2201386,
      27.663968
     ],
     [
      84.2200226,
      27.66375
     ],
     [
      84.2199502,
      27.6635861
     ],
     [
      84.2199167,
      27.663465
     ],
     [
      84.21991,
      27.6633533
     ],
     [
      84.2198872,
      27.6631603
     ],
     [
      84.2198758,
      27.6630718
     ],
     [
      84.2198423,
      27.6629946
     ],
     [
      84.2198174,
      27.6628877
     ],
     [
      84.2198195,
      27.6627897
     ],
     [
      84.2198342,
      27.6627238
     ],
     [
      84.2198476,
      27.6626739
     ],
     [
      84.2198818,
      27.662646
     ],
     [
      84.2199334,
      27.6626198
     ],
     [
      84.2199495,
      27.6625961
     ],
     [
      84.2199589,
      27.6625628
     ],
     [
      84.2199723,
      27.6624939
     ],
     [
      84.2199844,
      27.6623716
     ],
     [
      84.220036,
      27.6621198
     ],
     [
      84.2200669,
      27.6620265
     ],
     [
      84.2201011,
      27.6619665
     ],
     [
      84.2201708,
      27.6617884
     ],
     [
      84.2202761,
      27.6615075
     ],
     [
      84.2203894,
      27.6612117
     ],
     [
      84.2205202,
      27.6608625
     ],
     [
      84.2205933,
      27.6606665
     ],
     [
      84.2206516,
      27.6604568
     ],
     [
      84.2206912,
      27.6602282
     ],
     [
      84.2206992,
      27.6600619
     ],
     [
      84.2206731,
      27.6598659
     ],
     [
      84.2206241,
      27.6597548
     ],
     [
      84.2205121,
      27.6596319
     ],
     [
      84.2204082,
      27.6595018
     ],
     [
      84.2203539,
      27.6593682
     ],
     [
      84.2203458,
      27.659307
     ],
     [
      84.2203619,
      27.6592369
     ],
     [
      84.2204317,
      27.659073
     ],
     [
      84.2204867,
      27.6588621
     ],
     [
      84.2205504,
      27.6586905
     ],
     [
      84.2206462,
      27.6585117
     ],
     [
      84.2206992,
      27.6583888
     ],
     [
      84.2207706,
      27.6581586
     ],
     [
      84.2208092,
      27.6580027
     ],
     [
      84.2207354,
      27.6579113
     ],
     [
      84.2206657,
      27.6578483
     ],
     [
      84.2206335,
      27.6577747
     ],
     [
      84.2206107,
      27.6575763
     ],
     [
      84.2205758,
      27.6573031
     ],
     [
      84.220553,
      27.6568374
     ],
     [
      84.2205208,
      27.6560962
     ],
     [
      84.2203599,
      27.6553692
     ],
     [
      84.219979,
      27.6545709
     ],
     [
      84.2193782,
      27.6540103
     ],
     [
      84.2187971,
      27.6535683
     ],
     [
      84.217895,
      27.653029
     ],
     [
      84.2169026,
      27.6523329
     ],
     [
      84.2162883,
      27.6517651
     ],
     [
      84.2153522,
      27.6507506
     ],
     [
      84.214679,
      27.6499404
     ],
     [
      84.2141801,
      27.6491255
     ],
     [
      84.2136222,
      27.6482012
     ],
     [
      84.2134458,
      27.6478585
     ],
     [
      84.2130885,
      27.6473506
     ],
     [
      84.2128819,
      27.6471107
     ],
     [
      84.2125466,
      27.6468778
     ],
     [
      84.2119807,
      27.6464525
     ],
     [
      84.2113209,
      27.6457088
     ],
     [
      84.210408,
      27.6444766
     ],
     [
      84.2100589,
      27.6440353
     ],
     [
      84.2089283,
      27.6423111
     ],
     [
      84.208172,
      27.6412229
     ],
     [
      84.2073137,
      27.6402392
     ],
     [
      84.2068952,
      27.6396547
     ],
     [
      84.2062139,
      27.6390321
     ],
     [
      84.2049748,
      27.6385569
     ],
     [
      84.203403,
      27.6381815
     ],
     [
      84.2024803,
      27.6381672
     ],
     [
      84.201681,
      27.6382765
     ],
     [
      84.2009058,
      27.6386163
     ],
     [
      84.1993797,
      27.6394075
     ],
     [
      84.1982505,
      27.6398032
     ],
     [
      84.1973036,
      27.6399541
     ],
     [
      84.1960376,
      27.6398828
     ],
     [
      84.1949004,
      27.6395121
     ],
     [
      84.1934922,
      27.638861
     ],
     [
      84.1913605,
      27.6375841
     ],
     [
      84.1903782,
      27.6374829
     ],
     [
      84.1893804,
      27.6374353
     ],
     [
      84.1885114,
      27.6375209
     ],
     [
      84.1872346,
      27.6376587
     ],
     [
      84.1860223,
      27.6381149
     ],
     [
      84.1847509,
      27.6390891
     ],
     [
      84.1838121,
      27.6398685
     ],
     [
      84.1824013,
      27.6411326
     ],
     [
      84.1805506,
      27.6421876
     ],
     [
      84.1794321,
      27.6422018
     ],
     [
      84.1783109,
      27.6420807
     ],
     [
      84.1775572,
      27.6418335
     ],
     [
      84.1770342,
      27.6415246
     ],
     [
      84.1759586,
      27.6406954
     ],
     [
      84.1751432,
      27.6396119
     ],
     [
      84.1750038,
      27.638842
     ],
     [
      84.1749877,
      27.638267
     ],
     [
      84.1751003,
      27.6370932
     ],
     [
      84.1757816,
      27.6361641
     ],
     [
      84.1764441,
      27.6352207
     ],
     [
      84.1769484,
      27.6342393
     ],
     [
      84.1773319,
      27.6332698
     ],
     [
      84.177576,
      27.6323526
     ],
     [
      84.1777289,
      27.631585
     ],
     [
      84.1778684,
      27.6304302
     ],
     [
      84.177745,
      27.6298551
     ],
     [
      84.1774499,
      27.6291327
     ],
     [
      84.1770476,
      27.6285196
     ],
     [
      84.1764602,
      27.6280158
     ],
     [
      84.1756475,
      27.6275619
     ],
     [
      84.1747248,
      27.6271223
     ],
     [
      84.1739094,
      27.6267302
     ],
     [
      84.1736439,
      27.6265591
     ],
     [
      84.1735232,
      27.6263618
     ],
     [
      84.1734427,
      27.6259198
     ],
     [
      84.1732711,
      27.6251594
     ],
     [
      84.1730565,
      27.6245842
     ],
     [
      84.1728204,
      27.6239569
     ],
     [
      84.1726944,
      27.6234198
     ],
     [
      84.1725346,
      27.6220514
     ],
     [
      84.1728195,
      27.6209135
     ],
     [
      84.1726934,
      27.6197922
     ],
     [
      84.1722894,
      27.6181391
     ],
     [
      84.1717744,
      27.6166324
     ],
     [
      84.1715142,
      27.6162093
     ],
     [
      84.1713935,
      27.6160905
     ],
     [
      84.1711521,
      27.6159788
     ],
     [
      84.1707525,
      27.6159503
     ],
     [
      84.1698741,
      27.6159379
     ],
     [
      84.1689071,
      27.6159004
     ],
     [
      84.1680676,
      27.61581
     ],
     [
      84.1676572,
      27.6157316
     ],
     [
      84.1672817,
      27.6155391
     ],
     [
      84.1666031,
      27.6150828
     ],
     [
      84.1655436,
      27.6143223
     ],
     [
      84.1644895,
      27.6135071
     ],
     [
      84.1635615,
      27.6127964
     ],
     [
      84.1626415,
      27.6118838
     ],
     [
      84.1613406,
      27.610365
     ],
     [
      84.1603482,
      27.6091814
     ],
     [
      84.1592672,
      27.6079573
     ],
     [
      84.1586396,
      27.6073156
     ],
     [
      84.1570508,
      27.6056364
     ],
     [
      84.1559031,
      27.6046586
     ],
     [
      84.152956,
      27.6025761
     ],
     [
      84.1511428,
      27.6015873
     ],
     [
      84.1497427,
      27.6010168
     ],
     [
      84.1482568,
      27.6008077
     ],
     [
      84.1469769,
      27.6005266
     ],
     [
      84.1454106,
      27.600045
     ],
     [
      84.1446702,
      27.5996648
     ],
     [
      84.1424804,
      27.5984792
     ],
     [
      84.1409384,
      27.5977036
     ],
     [
      84.1378863,
      27.5965414
     ],
     [
      84.1360953,
      27.59588
     ],
     [
      84.1355753,
      27.5955735
     ],
     [
      84.1350281,
      27.5950553
     ],
     [
      84.134438,
      27.594247
     ],
     [
      84.1341966,
      27.5934246
     ],
     [
      84.1342449,
      27.5925926
     ],
     [
      84.134438,
      27.5919175
     ],
     [
      84.1350335,
      27.5912709
     ],
     [
      84.1358891,
      27.5905292
     ],
     [
      84.1372356,
      27.5896045
     ],
     [
      84.1374019,
      27.5892835
     ],
     [
      84.137603,
      27.5888509
     ],
     [
      84.1376406,
      27.5884277
     ],
     [
      84.1376513,
      27.5879808
     ],
     [
      84.1376191,
      27.5870703
     ],
     [
      84.137595,
      27.586785
     ],
     [
      84.1375601,
      27.5863072
     ],
     [
      84.1375011,
      27.5853135
     ],
     [
      84.1373616,
      27.5838538
     ],
     [
      84.1370666,
      27.5823846
     ],
     [
      84.1367769,
      27.5806206
     ],
     [
      84.136734,
      27.579546
     ],
     [
      84.1368091,
      27.5783335
     ],
     [
      84.1369647,
      27.5771496
     ],
     [
      84.1370505,
      27.5762414
     ],
     [
      84.1371041,
      27.5750764
     ],
     [
      84.1367018,
      27.5741919
     ],
     [
      84.1360849,
      27.5732314
     ],
     [
      84.1354465,
      27.5726846
     ],
     [
      84.1345158,
      27.5721068
     ],
     [
      84.1339982,
      27.5718904
     ],
     [
      84.1328394,
      27.5713198
     ],
     [
      84.1318497,
      27.5707183
     ],
     [
      84.1309351,
      27.5698504
     ],
     [
      84.1301411,
      27.5689565
     ],
     [
      84.1296637,
      27.5683501
     ],
     [
      84.1295236,
      27.5681951
     ],
     [
      84.1291219,
      27.567751
     ],
     [
      84.128682,
      27.5673943
     ],
     [
      84.1279766,
      27.5669533
     ],
     [
      84.1274871,
      27.5667
     ],
     [
      84.1267522,
      27.5662709
     ]
    ]
   },
   "properties": {
    "name": "Narayani",
    "role": "narayani",
    "carries": "the flood, inside Nepal",
    "note": "The Trishuli below Devghat. The story's own channel ends here.",
    "osm_id": "way/340871068",
    "source": "OpenStreetMap via the Overpass API",
    "source_url": "https://www.openstreetmap.org/copyright",
    "licence": "ODbL 1.0, (c) OpenStreetMap contributors",
    "retrieved": "2026-08-28"
   }
  },
  {
   "type": "Feature",
   "geometry": {
    "type": "LineString",
    "coordinates": [
     [
      84.1376406,
      27.5884277
     ],
     [
      84.1373284,
      27.5883062
     ],
     [
      84.1368311,
      27.5881116
     ],
     [
      84.1360765,
      27.5876917
     ],
     [
      84.1358659,
      27.5874701
     ],
     [
      84.1355808,
      27.587159
     ],
     [
      84.1354316,
      27.586984
     ],
     [
      84.1341024,
      27.5856932
     ],
     [
      84.13369,
      27.5848261
     ],
     [
      84.1335338,
      27.5833602
     ],
     [
      84.1332794,
      27.5825437
     ],
     [
      84.1331917,
      27.5819993
     ],
     [
      84.1331134,
      27.5814179
     ],
     [
      84.1328199,
      27.5796254
     ],
     [
      84.132787,
      27.5788438
     ],
     [
      84.1329459,
      27.5767514
     ],
     [
      84.1329733,
      27.5756833
     ],
     [
      84.1324803,
      27.5749017
     ],
     [
      84.13173,
      27.5742754
     ],
     [
      84.1313521,
      27.5739598
     ],
     [
      84.1309139,
      27.5736394
     ],
     [
      84.1296761,
      27.5727655
     ],
     [
      84.129331,
      27.5721295
     ],
     [
      84.1291119,
      27.5708138
     ],
     [
      84.1290826,
      27.5702117
     ],
     [
      84.1290681,
      27.5699156
     ],
     [
      84.1290252,
      27.5695658
     ],
     [
      84.1288966,
      27.569023
     ],
     [
      84.1288684,
      27.5687169
     ],
     [
      84.1287953,
      27.5684827
     ]
    ]
   },
   "properties": {
    "name": "Narayani",
    "role": "narayani",
    "carries": "the flood, inside Nepal",
    "note": "The Trishuli below Devghat. The story's own channel ends here.",
    "osm_id": "way/343020307",
    "source": "OpenStreetMap via the Overpass API",
    "source_url": "https://www.openstreetmap.org/copyright",
    "licence": "ODbL 1.0, (c) OpenStreetMap contributors",
    "retrieved": "2026-08-28"
   }
  },
  {
   "type": "Feature",
   "geometry": {
    "type": "LineString",
    "coordinates": [
     [
      84.1375011,
      27.5853135
     ],
     [
      84.1368172,
      27.5846966
     ],
     [
      84.1364658,
      27.5842865
     ],
     [
      84.1361493,
      27.583735
     ],
     [
      84.135873,
      27.5833142
     ],
     [
      84.1356906,
      27.5830574
     ],
     [
      84.1355914,
      27.582929
     ],
     [
      84.1354439,
      27.5826984
     ],
     [
      84.1352159,
      27.58233
     ],
     [
      84.1350415,
      27.5821089
     ],
     [
      84.1349074,
      27.5817832
     ],
     [
      84.1348645,
      27.5815169
     ],
     [
      84.1349933,
      27.5809962
     ],
     [
      84.1360581,
      27.5786164
     ],
     [
      84.1361466,
      27.578469
     ],
     [
      84.1362769,
      27.5782819
     ],
     [
      84.1369647,
      27.5771496
     ]
    ]
   },
   "properties": {
    "name": "Narayani",
    "role": "narayani",
    "carries": "the flood, inside Nepal",
    "note": "The Trishuli below Devghat. The story's own channel ends here.",
    "osm_id": "way/343020308",
    "source": "OpenStreetMap via the Overpass API",
    "source_url": "https://www.openstreetmap.org/copyright",
    "licence": "ODbL 1.0, (c) OpenStreetMap contributors",
    "retrieved": "2026-08-28"
   }
  },
  {
   "type": "Feature",
   "geometry": {
    "type": "LineString",
    "coordinates": [
     [
      84.1409384,
      27.5977036
     ],
     [
      84.1407667,
      27.5978542
     ],
     [
      84.140019,
      27.598399
     ],
     [
      84.1399473,
      27.5986213
     ],
     [
      84.1397368,
      27.598788
     ],
     [
      84.139262,
      27.5990659
     ],
     [
      84.1390739,
      27.598923
     ],
     [
      84.1389574,
      27.5986253
     ],
     [
      84.1388813,
      27.5984308
     ],
     [
      84.1386663,
      27.5981728
     ],
     [
      84.1385274,
      27.5980577
     ],
     [
      84.1380571,
      27.5978671
     ],
     [
      84.1377436,
      27.59776
     ],
     [
      84.1373136,
      27.5976647
     ],
     [
      84.1370807,
      27.5975099
     ],
     [
      84.1368836,
      27.5971923
     ],
     [
      84.1366999,
      27.5969502
     ],
     [
      84.1364846,
      27.5965796
     ],
     [
      84.1360953,
      27.59588
     ]
    ]
   },
   "properties": {
    "name": "Narayani",
    "role": "narayani",
    "carries": "the flood, inside Nepal",
    "note": "The Trishuli below Devghat. The story's own channel ends here.",
    "osm_id": "way/343020309",
    "source": "OpenStreetMap via the Overpass API",
    "source_url": "https://www.openstreetmap.org/copyright",
    "licence": "ODbL 1.0, (c) OpenStreetMap contributors",
    "retrieved": "2026-08-28"
   }
  },
  {
   "type": "Feature",
   "geometry": {
    "type": "LineString",
    "coordinates": [
     [
      84.1443449,
      27.556948
     ],
     [
      84.1374804,
      27.5564116
     ],
     [
      84.1354523,
      27.5565767
     ],
     [
      84.1338381,
      27.5565951
     ],
     [
      84.1322653,
      27.5564667
     ],
     [
      84.1309823,
      27.5562648
     ],
     [
      84.1291818,
      27.5559896
     ],
     [
      84.1271283,
      27.555811
     ],
     [
      84.1265329,
      27.5558841
     ],
     [
      84.1259793,
      27.5559896
     ],
     [
      84.1252757,
      27.5561731
     ],
     [
      84.1247532,
      27.5563382
     ],
     [
      84.1243082,
      27.5565171
     ],
     [
      84.1238835,
      27.5567018
     ],
     [
      84.1235063,
      27.5568198
     ],
     [
      84.1230872,
      27.5568565
     ],
     [
      84.1225595,
      27.5568657
     ],
     [
      84.1222077,
      27.5568198
     ],
     [
      84.1218766,
      27.5567235
     ],
     [
      84.1214368,
      27.5565492
     ],
     [
      84.1208729,
      27.5563428
     ],
     [
      84.1201848,
      27.556063
     ],
     [
      84.1196215,
      27.55585
     ],
     [
      84.1188546,
      27.5555333
     ],
     [
      84.1183854,
      27.555226
     ],
     [
      84.1176474,
      27.5548989
     ]
    ]
   },
   "properties": {
    "name": "Narayani",
    "role": "narayani",
    "carries": "the flood, inside Nepal",
    "note": "The Trishuli below Devghat. The story's own channel ends here.",
    "osm_id": "way/343020310",
    "source": "OpenStreetMap via the Overpass API",
    "source_url": "https://www.openstreetmap.org/copyright",
    "licence": "ODbL 1.0, (c) OpenStreetMap contributors",
    "retrieved": "2026-08-28"
   }
  },
  {
   "type": "Feature",
   "geometry": {
    "type": "LineString",
    "coordinates": [
     [
      84.1367018,
      27.5741919
     ],
     [
      84.1358328,
      27.5740469
     ],
     [
      84.1352347,
      27.5738995
     ],
     [
      84.1346472,
      27.5737117
     ],
     [
      84.1342556,
      27.573531
     ],
     [
      84.1335878,
      27.5730483
     ],
     [
      84.1328368,
      27.5723303
     ],
     [
      84.1323325,
      27.5717074
     ],
     [
      84.1321152,
      27.5713388
     ],
     [
      84.1318497,
      27.5707183
     ]
    ]
   },
   "properties": {
    "name": "Narayani",
    "role": "narayani",
    "carries": "the flood, inside Nepal",
    "note": "The Trishuli below Devghat. The story's own channel ends here.",
    "osm_id": "way/343020311",
    "source": "OpenStreetMap via the Overpass API",
    "source_url": "https://www.openstreetmap.org/copyright",
    "licence": "ODbL 1.0, (c) OpenStreetMap contributors",
    "retrieved": "2026-08-28"
   }
  },
  {
   "type": "Feature",
   "geometry": {
    "type": "LineString",
    "coordinates": [
     [
      84.1404355,
      27.5929087
     ],
     [
      84.1403979,
      27.5927126
     ],
     [
      84.1402316,
      27.5910664
     ],
     [
      84.1400921,
      27.5904864
     ],
     [
      84.1398883,
      27.59003
     ],
     [
      84.1394278,
      27.5892113
     ],
     [
      84.1389468,
      27.5884467
     ],
     [
      84.1385445,
      27.5879523
     ],
     [
      84.1380778,
      27.5874721
     ],
     [
      84.1376191,
      27.5870703
     ]
    ]
   },
   "properties": {
    "name": "Narayani",
    "role": "narayani",
    "carries": "the flood, inside Nepal",
    "note": "The Trishuli below Devghat. The story's own channel ends here.",
    "osm_id": "way/343020312",
    "source": "OpenStreetMap via the Overpass API",
    "source_url": "https://www.openstreetmap.org/copyright",
    "licence": "ODbL 1.0, (c) OpenStreetMap contributors",
    "retrieved": "2026-08-28"
   }
  },
  {
   "type": "Feature",
   "geometry": {
    "type": "LineString",
    "coordinates": [
     [
      84.1301411,
      27.5689565
     ],
     [
      84.1297495,
      27.5688566
     ],
     [
      84.1294934,
      27.5687948
     ],
     [
      84.1290508,
      27.5686533
     ],
     [
      84.1287953,
      27.5684827
     ],
     [
      84.1286478,
      27.5683371
     ],
     [
      84.1285271,
      27.5682711
     ],
     [
      84.1284131,
      27.5682253
     ],
     [
      84.1283032,
      27.5681926
     ],
     [
      84.1282026,
      27.5681742
     ],
     [
      84.1281302,
      27.5681558
     ],
     [
      84.1280323,
      27.5681171
     ],
     [
      84.1278344,
      27.5679769
     ],
     [
      84.1275796,
      27.5677973
     ],
     [
      84.1271974,
      27.5674383
     ],
     [
      84.1269966,
      27.5672855
     ],
     [
      84.1269097,
      27.5672261
     ],
     [
      84.1268464,
      27.5671934
     ],
     [
      84.1267357,
      27.5671619
     ],
     [
      84.1266526,
      27.5671493
     ],
     [
      84.1265949,
      27.5671518
     ],
     [
      84.1265383,
      27.5671509
     ],
     [
      84.1264987,
      27.5671409
     ],
     [
      84.1264725,
      27.5671245
     ],
     [
      84.1264216,
      27.5670787
     ],
     [
      84.1263465,
      27.5669705
     ],
     [
      84.126256,
      27.5668522
     ],
     [
      84.1261728,
      27.5667416
     ],
     [
      84.1259757,
      27.5663933
     ],
     [
      84.1258711,
      27.566039
     ],
     [
      84.1257289,
      27.5655492
     ]
    ]
   },
   "properties": {
    "name": "Narayani",
    "role": "narayani",
    "carries": "the flood, inside Nepal",
    "note": "The Trishuli below Devghat. The story's own channel ends here.",
    "osm_id": "way/343020313",
    "source": "OpenStreetMap via the Overpass API",
    "source_url": "https://www.openstreetmap.org/copyright",
    "licence": "ODbL 1.0, (c) OpenStreetMap contributors",
    "retrieved": "2026-08-28"
   }
  },
  {
   "type": "Feature",
   "geometry": {
    "type": "LineString",
    "coordinates": [
     [
      84.2198758,
      27.6647044
     ],
     [
      84.2193782,
      27.6638445
     ],
     [
      84.2192146,
      27.6635713
     ],
     [
      84.2190617,
      27.663323
     ],
     [
      84.2188351,
      27.6630843
     ],
     [
      84.2186151,
      27.6626745
     ],
     [
      84.218308,
      27.662096
     ],
     [
      84.2181498,
      27.6619321
     ],
     [
      84.2179821,
      27.6617919
     ]
    ]
   },
   "properties": {
    "name": "Narayani",
    "role": "narayani",
    "carries": "the flood, inside Nepal",
    "note": "The Trishuli below Devghat. The story's own channel ends here.",
    "osm_id": "way/343723364",
    "source": "OpenStreetMap via the Overpass API",
    "source_url": "https://www.openstreetmap.org/copyright",
    "licence": "ODbL 1.0, (c) OpenStreetMap contributors",
    "retrieved": "2026-08-28"
   }
  },
  {
   "type": "Feature",
   "geometry": {
    "type": "LineString",
    "coordinates": [
     [
      84.2351153,
      27.6612759
     ],
     [
      84.2351322,
      27.6613608
     ],
     [
      84.2351295,
      27.6614879
     ],
     [
      84.2351054,
      27.6616066
     ],
     [
      84.2350531,
      27.6616969
     ],
     [
      84.2349552,
      27.6617931
     ],
     [
      84.2348492,
      27.6619143
     ],
     [
      84.2347862,
      27.6620295
     ],
     [
      84.2347527,
      27.6621305
     ],
     [
      84.2347473,
      27.6622433
     ],
     [
      84.2347258,
      27.6623645
     ],
     [
      84.2346494,
      27.6624452
     ],
     [
      84.2345461,
      27.6625011
     ],
     [
      84.2344348,
      27.6625201
     ],
     [
      84.2340311,
      27.6625236
     ],
     [
      84.2338313,
      27.662526
     ],
     [
      84.233669,
      27.6624856
     ]
    ]
   },
   "properties": {
    "name": "Narayani",
    "role": "narayani",
    "carries": "the flood, inside Nepal",
    "note": "The Trishuli below Devghat. The story's own channel ends here.",
    "osm_id": "way/343723366",
    "source": "OpenStreetMap via the Overpass API",
    "source_url": "https://www.openstreetmap.org/copyright",
    "licence": "ODbL 1.0, (c) OpenStreetMap contributors",
    "retrieved": "2026-08-28"
   }
  },
  {
   "type": "Feature",
   "geometry": {
    "type": "LineString",
    "coordinates": [
     [
      84.2128819,
      27.6471107
     ],
     [
      84.2131019,
      27.646866
     ],
     [
      84.2132038,
      27.6467258
     ],
     [
      84.2133245,
      27.646424
     ],
     [
      84.2133969,
      27.6461983
     ],
     [
      84.2134237,
      27.6458906
     ],
     [
      84.213472,
      27.6449295
     ],
     [
      84.2132735,
      27.6442452
     ],
     [
      84.2130777,
      27.6436821
     ],
     [
      84.2128712,
      27.6432568
     ],
     [
      84.2125601,
      27.6425725
     ],
     [
      84.2121309,
      27.6420783
     ],
     [
      84.2115059,
      27.6413607
     ],
     [
      84.2108917,
      27.640933
     ],
     [
      84.2101166,
      27.6405219
     ],
     [
      84.2090893,
      27.6401204
     ],
     [
      84.2078206,
      27.6396499
     ],
     [
      84.2062139,
      27.6390321
     ]
    ]
   },
   "properties": {
    "name": "Narayani",
    "role": "narayani",
    "carries": "the flood, inside Nepal",
    "note": "The Trishuli below Devghat. The story's own channel ends here.",
    "osm_id": "way/343728141",
    "source": "OpenStreetMap via the Overpass API",
    "source_url": "https://www.openstreetmap.org/copyright",
    "licence": "ODbL 1.0, (c) OpenStreetMap contributors",
    "retrieved": "2026-08-28"
   }
  },
  {
   "type": "Feature",
   "geometry": {
    "type": "LineString",
    "coordinates": [
     [
      83.901751,
      27.4384027
     ],
     [
      83.8973737,
      27.4371553
     ],
     [
      83.8910329,
      27.4351081
     ],
     [
      83.8879323,
      27.4343368
     ],
     [
      83.885411,
      27.4333941
     ]
    ]
   },
   "properties": {
    "name": "Narayani",
    "role": "narayani",
    "carries": "the flood, inside Nepal",
    "note": "The Trishuli below Devghat. The story's own channel ends here.",
    "osm_id": "way/656598864",
    "source": "OpenStreetMap via the Overpass API",
    "source_url": "https://www.openstreetmap.org/copyright",
    "licence": "ODbL 1.0, (c) OpenStreetMap contributors",
    "retrieved": "2026-08-28"
   }
  },
  {
   "type": "Feature",
   "geometry": {
    "type": "LineString",
    "coordinates": [
     [
      84.43278,
      26.6928743
     ],
     [
      84.4305429,
      26.6876951
     ],
     [
      84.4297309,
      26.6822311
     ],
     [
      84.4309822,
      26.6740572
     ],
     [
      84.432421,
      26.6684617
     ],
     [
      84.4358735,
      26.6606671
     ],
     [
      84.4425581,
      26.651969
     ],
     [
      84.4500261,
      26.6476276
     ],
     [
      84.4565398,
      26.6391224
     ],
     [
      84.4586884,
      26.6218891
     ],
     [
      84.4586735,
      26.6137511
     ],
     [
      84.4539129,
      26.6063064
     ],
     [
      84.4519704,
      26.6017421
     ],
     [
      84.4540499,
      26.5951206
     ],
     [
      84.4487913,
      26.5825275
     ],
     [
      84.4475698,
      26.5763227
     ]
    ]
   },
   "properties": {
    "name": "Gandak",
    "role": "gandak",
    "carries": "the flood, inside India",
    "note": "The same river across the border, in Bihar.",
    "osm_id": "way/656598922",
    "source": "OpenStreetMap via the Overpass API",
    "source_url": "https://www.openstreetmap.org/copyright",
    "licence": "ODbL 1.0, (c) OpenStreetMap contributors",
    "retrieved": "2026-08-28"
   }
  },
  {
   "type": "Feature",
   "geometry": {
    "type": "LineString",
    "coordinates": [
     [
      83.9640242,
      27.1822366
     ],
     [
      83.9670896,
      27.1789507
     ],
     [
      83.9697074,
      27.1747893
     ],
     [
      83.9737844,
      27.171506
     ],
     [
      83.9782047,
      27.1688334
     ],
     [
      83.9822387,
      27.1692534
     ],
     [
      83.9858436,
      27.1715441
     ],
     [
      83.9882898,
      27.1746748
     ],
     [
      83.9931821,
      27.1762401
     ],
     [
      84.0019798,
      27.1773091
     ],
     [
      84.0042618,
      27.1767452
     ],
     [
      84.0058422,
      27.1763546
     ],
     [
      84.0112495,
      27.1750184
     ],
     [
      84.0183305,
      27.1728422
     ],
     [
      84.0234804,
      27.1721168
     ],
     [
      84.0281581,
      27.1716969
     ],
     [
      84.033308,
      27.1703606
     ],
     [
      84.035017,
      27.1680518
     ],
     [
      84.0356254,
      27.1672298
     ],
     [
      84.0401744,
      27.1637171
     ],
     [
      84.044981,
      27.161808
     ],
     [
      84.0450629,
      27.1615288
     ],
     [
      84.046483,
      27.1566914
     ],
     [
      84.0474271,
      27.1498562
     ],
     [
      84.0474647,
      27.1492944
     ],
     [
      84.0476417,
      27.1466484
     ],
     [
      84.0492725,
      27.142715
     ],
     [
      84.0506458,
      27.1396216
     ],
     [
      84.0497446,
      27.1342367
     ],
     [
      84.0469551,
      27.1299209
     ],
     [
      84.0466948,
      27.1252641
     ],
     [
      84.0466582,
      27.1246098
     ],
     [
      84.0465259,
      27.1222437
     ],
     [
      84.042406,
      27.1142223
     ],
     [
      84.0414619,
      27.1102495
     ],
     [
      84.0389728,
      27.1049778
     ],
     [
      84.0393161,
      27.0944335
     ],
     [
      84.0450667,
      27.0864864
     ],
     [
      84.051504,
      27.0832004
     ],
     [
      84.0654086,
      27.0835825
     ],
     [
      84.0780257,
      27.0883204
     ],
     [
      84.0871667,
      27.0893902
     ],
     [
      84.0911348,
      27.0878147
     ],
     [
      84.1030454,
      27.0830858
     ],
     [
      84.1105556,
      27.0803347
     ],
     [
      84.1170787,
      27.0780803
     ],
     [
      84.1251468,
      27.0714313
     ],
     [
      84.1284942,
      27.0620304
     ],
     [
      84.1291808,
      27.0556862
     ],
     [
      84.1291808,
      27.0485008
     ],
     [
      84.1298674,
      27.0340523
     ],
     [
      84.1339873,
      27.0245718
     ],
     [
      84.1405104,
      27.0176903
     ],
     [
      84.1474887,
      27.0075451
     ],
     [
      84.1494368,
      27.0001023
     ],
     [
      84.1490029,
      26.9884555
     ],
     [
      84.1495657,
      26.9862592
     ],
     [
      84.1535139,
      26.9817465
     ],
     [
      84.153304,
      26.9776898
     ],
     [
      84.1541147,
      26.9708082
     ],
     [
      84.1541147,
      26.9647266
     ],
     [
      84.155447,
      26.9633214
     ],
     [
      84.1566896,
      26.9620108
     ],
     [
      84.1644994,
      26.9595145
     ],
     [
      84.1721391,
      26.9516826
     ],
     [
      84.1792201,
      26.9477042
     ],
     [
      84.1885756,
      26.9428839
     ],
     [
      84.1932104,
      26.9323244
     ],
     [
      84.1926954,
      26.9240598
     ],
     [
      84.1944121,
      26.9125801
     ],
     [
      84.1956137,
      26.9047733
     ],
     [
      84.1947554,
      26.8986499
     ],
     [
      84.1895836,
      26.8898792
     ],
     [
      84.1920429,
      26.8817077
     ],
     [
      84.1950987,
      26.8732342
     ],
     [
      84.1984891,
      26.8656543
     ],
     [
      84.2031669,
      26.8612133
     ],
     [
      84.2135953,
      26.8564276
     ],
     [
      84.2173843,
      26.8512601
     ],
     [
      84.2248024,
      26.8402196
     ],
     [
      84.2299785,
      26.8354044
     ],
     [
      84.2323618,
      26.834478
     ],
     [
      84.2360117,
      26.834815
     ],
     [
      84.2423057,
      26.8319981
     ],
     [
      84.2548799,
      26.823391
     ],
     [
      84.2556952,
      26.8214667
     ],
     [
      84.2639349,
      26.8085977
     ],
     [
      84.2777967,
      26.7885252
     ],
     [
      84.2850493,
      26.7820891
     ],
     [
      84.2887574,
      26.7767489
     ],
     [
      84.2957642,
      26.7680886
     ],
     [
      84.324703,
      26.7523554
     ],
     [
      84.3302405,
      26.7502448
     ],
     [
      84.33301,
      26.7477716
     ],
     [
      84.3343572,
      26.7402244
     ],
     [
      84.3346269,
      26.7347998
     ],
     [
      84.3316109,
      26.7254928
     ],
     [
      84.3290406,
      26.7221621
     ],
     [
      84.3219151,
      26.7176484
     ],
     [
      84.3183924,
      26.7171202
     ],
     [
      84.3173401,
      26.7100438
     ],
     [
      84.3162949,
      26.7068818
     ],
     [
      84.316635,
      26.704213
     ],
     [
      84.3169804,
      26.7038798
     ],
     [
      84.3187808,
      26.7021428
     ],
     [
      84.3229007,
      26.6998424
     ],
     [
      84.330368,
      26.6948582
     ],
     [
      84.3396377,
      26.6881867
     ],
     [
      84.3458175,
      26.6832786
     ],
     [
      84.3556022,
      26.6783703
     ],
     [
      84.3581771,
      26.6765297
     ],
     [
      84.3627261,
      26.6720813
     ],
     [
      84.3689918,
      26.664488
     ],
     [
      84.3737125,
      26.6599625
     ],
     [
      84.3793773,
      26.651678
     ],
     [
      84.3801498,
      26.6488396
     ],
     [
      84.3801498,
      26.6472286
     ],
     [
      84.3758582,
      26.6364881
     ],
     [
      84.3756007,
      26.6333425
     ],
     [
      84.3758582,
      26.6317313
     ],
     [
      84.3771457,
      26.6289692
     ],
     [
      84.3802356,
      26.6257466
     ],
     [
      84.3805253,
      26.6222458
     ],
     [
      84.3808364,
      26.6215648
     ],
     [
      84.3819952,
      26.6204906
     ],
     [
      84.3830251,
      26.6192629
     ],
     [
      84.3840551,
      26.6181886
     ],
     [
      84.3882608,
      26.613009
     ],
     [
      84.3901491,
      26.6117044
     ],
     [
      84.3909645,
      26.6112056
     ],
     [
      84.3923807,
      26.6102848
     ],
     [
      84.3930244,
      26.6097859
     ],
     [
      84.393711,
      26.6094406
     ],
     [
      84.3943119,
      26.6089802
     ],
     [
      84.3949126,
      26.6083279
     ],
     [
      84.3953847,
      26.6077523
     ],
     [
      84.3967151,
      26.6057954
     ],
     [
      84.3976593,
      26.6046443
     ],
     [
      84.3997621,
      26.6025339
     ],
     [
      84.4009208,
      26.6014594
     ],
     [
      84.4028091,
      26.5994257
     ],
     [
      84.4034099,
      26.5990036
     ],
     [
      84.4047832,
      26.5979675
     ],
     [
      84.4068861,
      26.5965477
     ],
     [
      84.4088602,
      26.5954348
     ],
     [
      84.4117784,
      26.5941301
     ],
     [
      84.415555,
      26.5929404
     ],
     [
      84.4187307,
      26.5922113
     ],
     [
      84.4212627,
      26.5912135
     ],
     [
      84.4215,
      26.5910071
     ],
     [
      84.4222927,
      26.5907146
     ],
     [
      84.4229793,
      26.5902925
     ],
     [
      84.4244813,
      26.589525
     ],
     [
      84.4272279,
      26.5878748
     ],
     [
      84.4295024,
      26.5866467
     ],
     [
      84.4301891,
      26.5863397
     ],
     [
      84.4309616,
      26.5861478
     ],
     [
      84.4319057,
      26.5859559
     ],
     [
      84.4328928,
      26.5856489
     ],
     [
      84.435811,
      26.5842673
     ],
     [
      84.4391155,
      26.5831927
     ],
     [
      84.4402742,
      26.5826554
     ],
     [
      84.441905,
      26.5818111
     ],
     [
      84.4426345,
      26.5813505
     ],
     [
      84.4452095,
      26.5794315
     ],
     [
      84.4457674,
      26.5788558
     ],
     [
      84.4463253,
      26.5782801
     ],
     [
      84.4468402,
      26.5777044
     ],
     [
      84.4473123,
      26.5770136
     ],
     [
      84.4475698,
      26.5763227
     ]
    ]
   },
   "properties": {
    "name": "Gandak",
    "role": "gandak",
    "carries": "the flood, inside India",
    "note": "The same river across the border, in Bihar.",
    "osm_id": "way/656598926",
    "source": "OpenStreetMap via the Overpass API",
    "source_url": "https://www.openstreetmap.org/copyright",
    "licence": "ODbL 1.0, (c) OpenStreetMap contributors",
    "retrieved": "2026-08-28"
   }
  },
  {
   "type": "Feature",
   "geometry": {
    "type": "LineString",
    "coordinates": [
     [
      83.8416035,
      27.3028101
     ],
     [
      83.8409989,
      27.3002693
     ],
     [
      83.8407898,
      27.2993907
     ],
     [
      83.8406825,
      27.2966449
     ],
     [
      83.8414057,
      27.2940452
     ],
     [
      83.8416405,
      27.2932012
     ],
     [
      83.8418573,
      27.292302
     ],
     [
      83.8420129,
      27.2919778
     ],
     [
      83.8422275,
      27.2915678
     ],
     [
      83.8428122,
      27.2908813
     ],
     [
      83.8436007,
      27.2900852
     ],
     [
      83.8439441,
      27.2897753
     ],
     [
      83.8441318,
      27.2894607
     ],
     [
      83.8441533,
      27.2892032
     ],
     [
      83.8440031,
      27.2886168
     ],
     [
      83.8429141,
      27.2850126
     ],
     [
      83.8419056,
      27.2830674
     ],
     [
      83.8421631,
      27.2820758
     ],
     [
      83.8438582,
      27.2820758
     ],
     [
      83.8456392,
      27.2817325
     ],
     [
      83.8464331,
      27.2800924
     ],
     [
      83.8482356,
      27.27973
     ],
     [
      83.8506388,
      27.2802068
     ],
     [
      83.8517546,
      27.2794631
     ],
     [
      83.8519049,
      27.2791627
     ],
     [
      83.8519531,
      27.2787622
     ],
     [
      83.8520122,
      27.2780232
     ],
     [
      83.8521516,
      27.2777132
     ],
     [
      83.8523984,
      27.2774415
     ],
     [
      83.8529241,
      27.2770982
     ],
     [
      83.8533693,
      27.2769027
     ],
     [
      83.8536912,
      27.2766929
     ],
     [
      83.8541043,
      27.2763115
     ],
     [
      83.8548177,
      27.2758061
     ],
     [
      83.8553703,
      27.2755724
     ],
     [
      83.856191,
      27.2751958
     ],
     [
      83.8567167,
      27.274781
     ],
     [
      83.8572746,
      27.2741707
     ],
     [
      83.8579398,
      27.2737558
     ],
     [
      83.8582188,
      27.2736939
     ],
     [
      83.8587338,
      27.2737415
     ],
     [
      83.8590771,
      27.2738846
     ],
     [
      83.8597047,
      27.2741516
     ],
     [
      83.8610297,
      27.274514
     ],
     [
      83.8616788,
      27.2745855
     ],
     [
      83.8619256,
      27.2745616
     ],
     [
      83.8623387,
      27.2744949
     ],
     [
      83.8626498,
      27.2743757
     ],
     [
      83.8641036,
      27.2731837
     ],
     [
      83.8648063,
      27.2725638
     ],
     [
      83.8656056,
      27.2717008
     ],
     [
      83.8664478,
      27.2710285
     ],
     [
      83.866893,
      27.2706756
     ],
     [
      83.867231,
      27.270647
     ],
     [
      83.8674992,
      27.270709
     ],
     [
      83.8677782,
      27.2708378
     ],
     [
      83.8678962,
      27.2709474
     ],
     [
      83.8680893,
      27.2712001
     ],
     [
      83.8684863,
      27.2714624
     ],
     [
      83.8688403,
      27.271491
     ],
     [
      83.8693714,
      27.2713575
     ],
     [
      83.8698542,
      27.2711143
     ],
     [
      83.8701653,
      27.2708473
     ],
     [
      83.8703048,
      27.2705231
     ],
     [
      83.870337,
      27.2702131
     ],
     [
      83.8703102,
      27.2693596
     ],
     [
      83.8702244,
      27.2691355
     ],
     [
      83.8699722,
      27.2684489
     ],
     [
      83.8699561,
      27.268096
     ],
     [
      83.8700205,
      27.2677527
     ],
     [
      83.8701653,
      27.2675954
     ],
     [
      83.8704604,
      27.2673665
     ],
     [
      83.8708466,
      27.2672854
     ],
     [
      83.8714153,
      27.2672902
     ],
     [
      83.871839,
      27.2673426
     ],
     [
      83.8724184,
      27.2673569
     ],
     [
      83.8726169,
      27.2673331
     ],
     [
      83.8730192,
      27.2671519
     ],
     [
      83.8734591,
      27.2668324
     ],
     [
      83.8738346,
      27.2664557
     ],
     [
      83.8738722,
      27.2660409
     ],
     [
      83.8738185,
      27.2657548
     ],
     [
      83.8735664,
      27.2650061
     ],
     [
      83.8735878,
      27.2644816
     ],
     [
      83.8738024,
      27.2632132
     ],
     [
      83.8741243,
      27.2617731
     ],
     [
      83.8742316,
      27.2604188
     ],
     [
      83.8742101,
      27.2588738
     ],
     [
      83.8738453,
      27.2580727
     ],
     [
      83.873502,
      27.2575672
     ],
     [
      83.8718605,
      27.2560507
     ],
     [
      83.8709378,
      27.2556883
     ],
     [
      83.8681912,
      27.2555547
     ],
     [
      83.8674402,
      27.2555738
     ],
     [
      83.8666677,
      27.2555643
     ],
     [
      83.8666034,
      27.2555071
     ],
     [
      83.8663137,
      27.2554212
     ],
     [
      83.865627,
      27.2549062
     ],
     [
      83.8646936,
      27.2539333
     ],
     [
      83.8642323,
      27.2533801
     ],
     [
      83.8640606,
      27.2530272
     ],
     [
      83.864243,
      27.2522356
     ],
     [
      83.8645005,
      27.2517873
     ],
     [
      83.8644254,
      27.2515584
     ],
     [
      83.864243,
      27.2512818
     ],
     [
      83.8638353,
      27.2507477
     ],
     [
      83.863256,
      27.2501849
     ],
     [
      83.8628161,
      27.2494409
     ],
     [
      83.8626337,
      27.2484299
     ],
     [
      83.8623762,
      27.2466367
     ],
     [
      83.8628697,
      27.2451487
     ],
     [
      83.8645005,
      27.242745
     ],
     [
      83.865745,
      27.2415049
     ],
     [
      83.8669681,
      27.2405892
     ],
     [
      83.8696074,
      27.239559
     ],
     [
      83.8714742,
      27.2389485
     ],
     [
      83.8737917,
      27.2378801
     ],
     [
      83.8768387,
      27.2358769
     ],
     [
      83.8792848,
      27.2348275
     ],
     [
      83.8805079,
      27.2341598
     ],
     [
      83.8815379,
      27.2332249
     ],
     [
      83.8828039,
      27.2302867
     ],
     [
      83.8835334,
      27.2289893
     ],
     [
      83.8841557,
      27.2285313
     ],
     [
      83.8856578,
      27.2281497
     ],
     [
      83.8880825,
      27.2276918
     ],
     [
      83.8894558,
      27.22773
     ],
     [
      83.8922667,
      27.2285122
     ],
     [
      83.8951206,
      27.2295044
     ],
     [
      83.895936,
      27.2296189
     ],
     [
      83.8972235,
      27.2295616
     ],
     [
      83.9005279,
      27.2287794
     ],
     [
      83.9014935,
      27.2289892
     ],
     [
      83.9027059,
      27.2293995
     ],
     [
      83.9039826,
      27.2302103
     ],
     [
      83.9048517,
      27.2311262
     ],
     [
      83.905431,
      27.2317844
     ],
     [
      83.9059138,
      27.2319847
     ],
     [
      83.9067614,
      27.2319657
     ],
     [
      83.9082634,
      27.23146
     ],
     [
      83.9090466,
      27.2309258
     ],
     [
      83.9099264,
      27.2299528
     ],
     [
      83.9109886,
      27.2285122
     ],
     [
      83.9123297,
      27.2275105
     ],
     [
      83.9139068,
      27.2265279
     ],
     [
      83.9161384,
      27.2257838
     ],
     [
      83.9182091,
      27.2252877
     ],
     [
      83.9191103,
      27.2250969
     ],
     [
      83.9259875,
      27.2236658
     ],
     [
      83.9277577,
      27.2227881
     ],
     [
      83.9288306,
      27.2220344
     ],
     [
      83.9291739,
      27.2216146
     ],
     [
      83.9300751,
      27.2203076
     ],
     [
      83.9313841,
      27.2183803
     ],
     [
      83.9320211,
      27.2171371
     ],
     [
      83.9328217,
      27.2153272
     ],
     [
      83.9335513,
      27.2139342
     ],
     [
      83.9347958,
      27.2125794
     ],
     [
      83.93574,
      27.2117588
     ],
     [
      83.9379287,
      27.2107092
     ],
     [
      83.939023,
      27.2104039
     ],
     [
      83.9427137,
      27.2097933
     ],
     [
      83.9439368,
      27.2094689
     ],
     [
      83.9450741,
      27.2089154
     ],
     [
      83.9461899,
      27.2080185
     ],
     [
      83.9466405,
      27.2075414
     ],
     [
      83.947134,
      27.2069308
     ],
     [
      83.9488292,
      27.2055949
     ],
     [
      83.9497304,
      27.2050224
     ],
     [
      83.951211,
      27.2044499
     ],
     [
      83.9524555,
      27.2043163
     ],
     [
      83.9541077,
      27.204488
     ],
     [
      83.9570689,
      27.2046598
     ],
     [
      83.9588713,
      27.2042781
     ],
     [
      83.9598799,
      27.2036293
     ],
     [
      83.9607167,
      27.2024842
     ],
     [
      83.9611673,
      27.2012628
     ],
     [
      83.9611888,
      27.2005948
     ],
     [
      83.9606094,
      27.1996788
     ],
     [
      83.9592361,
      27.19861
     ],
     [
      83.9586139,
      27.1978848
     ],
     [
      83.9584422,
      27.197255
     ],
     [
      83.9583993,
      27.1967015
     ],
     [
      83.9584422,
      27.1959762
     ],
     [
      83.958807,
      27.1951365
     ],
     [
      83.9599657,
      27.1942776
     ],
     [
      83.9603472,
      27.1938003
     ],
     [
      83.9606523,
      27.1934187
     ],
     [
      83.9606952,
      27.1909948
     ],
     [
      83.9607167,
      27.1897924
     ],
     [
      83.9608669,
      27.1885899
     ],
     [
      83.9614677,
      27.1876547
     ],
     [
      83.9640242,
      27.1822366
     ]
    ]
   },
   "properties": {
    "name": "Gandak",
    "role": "gandak",
    "carries": "the flood, inside India",
    "note": "The same river across the border, in Bihar.",
    "osm_id": "way/656611399",
    "source": "OpenStreetMap via the Overpass API",
    "source_url": "https://www.openstreetmap.org/copyright",
    "licence": "ODbL 1.0, (c) OpenStreetMap contributors",
    "retrieved": "2026-08-28"
   }
  },
  {
   "type": "Feature",
   "geometry": {
    "type": "LineString",
    "coordinates": [
     [
      85.2450656,
      25.6013992
     ],
     [
      85.2511325,
      25.5966135
     ],
     [
      85.2635493,
      25.5862292
     ],
     [
      85.2755158,
      25.5754343
     ],
     [
      85.2775127,
      25.5734178
     ],
     [
      85.2786899,
      25.5717014
     ],
     [
      85.2795911,
      25.5698238
     ],
     [
      85.2799988,
      25.5677624
     ],
     [
      85.2804387,
      25.5647815
     ],
     [
      85.2812433,
      25.560639
     ],
     [
      85.2818119,
      25.5584225
     ],
     [
      85.2819407,
      25.5577644
     ],
     [
      85.2820909,
      25.556477
     ],
     [
      85.2821982,
      25.5554994
     ],
     [
      85.2821982,
      25.5548025
     ],
     [
      85.2820158,
      25.5524698
     ],
     [
      85.2821177,
      25.551105
     ],
     [
      85.2821821,
      25.5499047
     ],
     [
      85.2824074,
      25.5490771
     ],
     [
      85.283153,
      25.5475719
     ],
     [
      85.2852559,
      25.5437967
     ],
     [
      85.2871871,
      25.5405635
     ],
     [
      85.2883351,
      25.5386952
     ],
     [
      85.2907276,
      25.5344453
     ],
     [
      85.2924871,
      25.531328
     ],
     [
      85.29356,
      25.5293337
     ],
     [
      85.2941394,
      25.5283075
     ],
     [
      85.2958989,
      25.526255
     ],
     [
      85.296843,
      25.5253256
     ],
     [
      85.2999759,
      25.5225178
     ],
     [
      85.3018212,
      25.5210462
     ],
     [
      85.3033876,
      25.520078
     ],
     [
      85.3046751,
      25.519439
     ],
     [
      85.30622,
      25.518858
     ],
     [
      85.3075075,
      25.5186063
     ],
     [
      85.3101468,
      25.5185869
     ],
     [
      85.3128505,
      25.5184514
     ],
     [
      85.3158545,
      25.5178317
     ],
     [
      85.3175711,
      25.5170184
     ],
     [
      85.322442,
      25.5150045
     ],
     [
      85.3261757,
      25.5134165
     ],
     [
      85.3294801,
      25.5119641
     ],
     [
      85.3319049,
      25.5108797
     ],
     [
      85.3336429,
      25.5104536
     ],
     [
      85.3358102,
      25.5100469
     ],
     [
      85.3392648,
      25.509892
     ],
     [
      85.3443503,
      25.510105
     ],
     [
      85.3490281,
      25.5105505
     ],
     [
      85.356405,
      25.5117093
     ],
     [
      85.3587913,
      25.5121578
     ],
     [
      85.3623699,
      25.5135111
     ],
     [
      85.3641639,
      25.5143563
     ],
     [
      85.3673959,
      25.5162245
     ],
     [
      85.3747344,
      25.5201942
     ],
     [
      85.3780603,
      25.5218595
     ],
     [
      85.3806352,
      25.5230019
     ],
     [
      85.3836393,
      25.5238927
     ],
     [
      85.3860211,
      25.5242799
     ],
     [
      85.389626,
      25.5245898
     ],
     [
      85.3955912,
      25.5252384
     ],
     [
      85.3975868,
      25.5254611
     ],
     [
      85.4013955,
      25.5258387
     ],
     [
      85.4044533,
      25.5258871
     ],
     [
      85.4073822,
      25.5256257
     ],
     [
      85.4093671,
      25.5253352
     ],
     [
      85.4133046,
      25.5242509
     ],
     [
      85.4155469,
      25.5233311
     ],
     [
      85.4173815,
      25.5223048
     ],
     [
      85.4191196,
      25.5204362
     ],
     [
      85.4255692,
      25.5115853
     ],
     [
      85.4293875,
      25.5068986
     ],
     [
      85.4371977,
      25.4997439
     ],
     [
      85.4402017,
      25.497168
     ],
     [
      85.4439568,
      25.4945921
     ],
     [
      85.4470253,
      25.4926746
     ],
     [
      85.4511237,
      25.4909508
     ],
     [
      85.4541063,
      25.4902148
     ],
     [
      85.4590201,
      25.4892851
     ],
     [
      85.4658437,
      25.4882972
     ],
     [
      85.4710793,
      25.4875999
     ],
     [
      85.4732895,
      25.4873481
     ],
     [
      85.4752901,
      25.4872581
     ],
     [
      85.4812932,
      25.4875999
     ],
     [
      85.4857242,
      25.4880067
     ],
     [
      85.488342,
      25.4881229
     ],
     [
      85.4913783,
      25.488152
     ],
     [
      85.4931915,
      25.4881229
     ],
     [
      85.496968,
      25.4879873
     ],
     [
      85.4979873,
      25.4879873
     ],
     [
      85.4995751,
      25.4880357
     ],
     [
      85.5008037,
      25.4884251
     ],
     [
      85.5023432,
      25.4892463
     ],
     [
      85.5038237,
      25.4905247
     ],
     [
      85.5056262,
      25.4920161
     ],
     [
      85.5074501,
      25.4933331
     ],
     [
      85.5091023,
      25.4941272
     ],
     [
      85.511291,
      25.4947083
     ],
     [
      85.514102,
      25.4950763
     ],
     [
      85.5162477,
      25.4954636
     ],
     [
      85.5190158,
      25.4960641
     ],
     [
      85.521698,
      25.4963158
     ],
     [
      85.5241871,
      25.4962771
     ],
     [
      85.526483,
      25.4960834
     ],
     [
      85.5293584,
      25.4952312
     ],
     [
      85.5318689,
      25.494166
     ],
     [
      85.5349374,
      25.4922485
     ],
     [
      85.5381775,
      25.489808
     ],
     [
      85.5419784,
      25.4867442
     ],
     [
      85.5451083,
      25.4846364
     ],
     [
      85.547018,
      25.4833386
     ],
     [
      85.5489921,
      25.4824088
     ],
     [
      85.5511808,
      25.4820214
     ],
     [
      85.5532837,
      25.4819246
     ],
     [
      85.5548286,
      25.4819246
     ],
     [
      85.5568456,
      25.4820989
     ],
     [
      85.5586052,
      25.4822539
     ],
     [
      85.5603862,
      25.4824863
     ],
     [
      85.5618882,
      25.4834548
     ],
     [
      85.5637765,
      25.4854499
     ],
     [
      85.5656862,
      25.4880067
     ],
     [
      85.5675101,
      25.4911057
     ],
     [
      85.5692696,
      25.4950957
     ],
     [
      85.5699992,
      25.4972261
     ],
     [
      85.5705786,
      25.4984076
     ],
     [
      85.5722952,
      25.5002668
     ],
     [
      85.5744838,
      25.5017
     ],
     [
      85.5766511,
      25.5022617
     ],
     [
      85.5782604,
      25.5026296
     ],
     [
      85.579462,
      25.503017
     ],
     [
      85.5806207,
      25.503811
     ],
     [
      85.5810714,
      25.5044695
     ],
     [
      85.5825949,
      25.5072582
     ],
     [
      85.583303,
      25.5088656
     ],
     [
      85.5836892,
      25.5094079
     ],
     [
      85.5844402,
      25.5099695
     ],
     [
      85.5860281,
      25.510686
     ],
     [
      85.587337,
      25.5110346
     ],
     [
      85.5890827,
      25.5112909
     ],
     [
      85.5924439,
      25.5113832
     ],
     [
      85.5941605,
      25.5110152
     ],
     [
      85.5963707,
      25.5104924
     ]
    ]
   },
   "properties": {
    "name": "Ganga",
    "role": "ganga",
    "carries": "the river this one joins",
    "note": "Shown for context. This water is a small part of it.",
    "osm_id": "way/729102325",
    "source": "OpenStreetMap via the Overpass API",
    "source_url": "https://www.openstreetmap.org/copyright",
    "licence": "ODbL 1.0, (c) OpenStreetMap contributors",
    "retrieved": "2026-08-28"
   }
  },
  {
   "type": "Feature",
   "geometry": {
    "type": "LineString",
    "coordinates": [
     [
      84.4475698,
      26.5763227
     ],
     [
      84.4477415,
      26.5755935
     ],
     [
      84.4479131,
      26.5741734
     ],
     [
      84.4479131,
      26.5734057
     ],
     [
      84.4482135,
      26.5702968
     ],
     [
      84.4482564,
      26.5695675
     ],
     [
      84.4486856,
      26.5671493
     ],
     [
      84.4486856,
      26.5642321
     ],
     [
      84.4488143,
      26.563426
     ],
     [
      84.4492006,
      26.5626583
     ],
     [
      84.4497156,
      26.5611997
     ],
     [
      84.4503164,
      26.5597794
     ],
     [
      84.4507026,
      26.5592036
     ],
     [
      84.4534492,
      26.555672
     ],
     [
      84.4549711,
      26.5544307
     ],
     [
      84.4562816,
      26.553599
     ],
     [
      84.457569,
      26.5527545
     ],
     [
      84.460121,
      26.5512061
     ],
     [
      84.4614314,
      26.5502208
     ],
     [
      84.4640063,
      26.5486084
     ],
     [
      84.465208,
      26.547687
     ],
     [
      84.4664096,
      26.5467657
     ],
     [
      84.4708728,
      26.542389
     ],
     [
      84.4717365,
      26.541023
     ],
     [
      84.4730186,
      26.5402391
     ],
     [
      84.4740485,
      26.539164
     ],
     [
      84.4752502,
      26.5380122
     ],
     [
      84.476366,
      26.5367836
     ],
     [
      84.4773101,
      26.5357086
     ],
     [
      84.4782542,
      26.5346335
     ],
     [
      84.4803142,
      26.5324066
     ],
     [
      84.4842624,
      26.5277991
     ],
     [
      84.4856357,
      26.5266471
     ],
     [
      84.4871806,
      26.5248808
     ],
     [
      84.4892406,
      26.5227305
     ],
     [
      84.4912147,
      26.5204266
     ],
     [
      84.4919871,
      26.5191978
     ],
     [
      84.4926738,
      26.517969
     ],
     [
      84.4935321,
      26.5166634
     ],
     [
      84.4967937,
      26.510135
     ],
     [
      84.4979095,
      26.5066019
     ],
     [
      84.4985103,
      26.5051425
     ],
     [
      84.4992828,
      26.5039136
     ],
     [
      84.5018577,
      26.5003034
     ],
     [
      84.5052051,
      26.4971541
     ],
     [
      84.5078658,
      26.4956178
     ],
     [
      84.5094108,
      26.4947728
     ],
     [
      84.5141315,
      26.4928524
     ],
     [
      84.5156764,
      26.4923915
     ],
     [
      84.5172214,
      26.492161
     ],
     [
      84.5188521,
      26.4925451
     ],
     [
      84.5203971,
      26.4932365
     ],
     [
      84.5218562,
      26.4940046
     ],
     [
      84.5232295,
      26.4945423
     ],
     [
      84.5246886,
      26.4953873
     ],
     [
      84.5258903,
      26.4963091
     ],
     [
      84.5265769,
      26.497615
     ],
     [
      84.5302676,
      26.4999962
     ],
     [
      84.5318126,
      26.5004571
     ],
     [
      84.5349025,
      26.5015324
     ],
     [
      84.5364474,
      26.501686
     ],
     [
      84.5397948,
      26.501686
     ],
     [
      84.5431422,
      26.5006875
     ],
     [
      84.5446014,
      26.4999194
     ],
     [
      84.5461463,
      26.4993049
     ],
     [
      84.5476913,
      26.4985367
     ],
     [
      84.5490646,
      26.4976918
     ],
     [
      84.550352,
      26.4968468
     ],
     [
      84.5516395,
      26.4960018
     ],
     [
      84.5527553,
      26.4951569
     ],
     [
      84.5683903,
      26.4847611
     ]
    ]
   },
   "properties": {
    "name": "Gandak",
    "role": "gandak",
    "carries": "the flood, inside India",
    "note": "The same river across the border, in Bihar.",
    "osm_id": "way/878061921",
    "source": "OpenStreetMap via the Overpass API",
    "source_url": "https://www.openstreetmap.org/copyright",
    "licence": "ODbL 1.0, (c) OpenStreetMap contributors",
    "retrieved": "2026-08-28"
   }
  },
  {
   "type": "Feature",
   "geometry": {
    "type": "LineString",
    "coordinates": [
     [
      84.2548799,
      26.823391
     ],
     [
      84.2597723,
      26.8257128
     ],
     [
      84.2617893,
      26.8294132
     ],
     [
      84.2649149,
      26.8303282
     ],
     [
      84.2694282,
      26.8292026
     ],
     [
      84.2753409,
      26.8273868
     ],
     [
      84.2783546,
      26.8259857
     ],
     [
      84.2824832,
      26.8223729
     ],
     [
      84.2831515,
      26.8214883
     ],
     [
      84.2859935,
      26.8190154
     ],
     [
      84.2888204,
      26.818353
     ],
     [
      84.2918183,
      26.8163351
     ],
     [
      84.2915626,
      26.8140417
     ],
     [
      84.2896413,
      26.8116618
     ],
     [
      84.2878389,
      26.8069122
     ],
     [
      84.2895869,
      26.8012258
     ],
     [
      84.2915787,
      26.7994566
     ],
     [
      84.2941043,
      26.7990143
     ],
     [
      84.2958899,
      26.8008689
     ],
     [
      84.2980406,
      26.8023973
     ],
     [
      84.3005597,
      26.8028823
     ],
     [
      84.3040678,
      26.802262
     ],
     [
      84.3051317,
      26.8014536
     ],
     [
      84.3053809,
      26.800378
     ],
     [
      84.3044075,
      26.7979221
     ],
     [
      84.3026818,
      26.7963172
     ],
     [
      84.3013637,
      26.7944238
     ],
     [
      84.3020649,
      26.7933979
     ],
     [
      84.3033813,
      26.7925798
     ],
     [
      84.306035,
      26.7913409
     ],
     [
      84.3108984,
      26.7894634
     ],
     [
      84.3147468,
      26.789004
     ],
     [
      84.3193809,
      26.7893379
     ],
     [
      84.3227196,
      26.788656
     ],
     [
      84.325699,
      26.787355
     ],
     [
      84.3264374,
      26.786816
     ],
     [
      84.3281983,
      26.7854459
     ],
     [
      84.3294789,
      26.7840127
     ],
     [
      84.3311835,
      26.7816742
     ],
     [
      84.332205,
      26.779248
     ],
     [
      84.3329222,
      26.778359
     ],
     [
      84.3334399,
      26.7770246
     ],
     [
      84.3342004,
      26.7735654
     ],
     [
      84.3344664,
      26.7700202
     ],
     [
      84.3336771,
      26.7688106
     ],
     [
      84.3352818,
      26.7627208
     ],
     [
      84.3367322,
      26.758226
     ],
     [
      84.3402815,
      26.7571837
     ],
     [
      84.3442297,
      26.7576627
     ],
     [
      84.3492508,
      26.7573753
     ],
     [
      84.3531775,
      26.7563023
     ],
     [
      84.3606,
      26.7564321
     ],
     [
      84.3617318,
      26.7553816
     ],
     [
      84.3633506,
      26.7546969
     ],
     [
      84.3651598,
      26.7547682
     ],
     [
      84.3662389,
      26.7554019
     ],
     [
      84.3673603,
      26.7569805
     ],
     [
      84.3672119,
      26.7581812
     ],
     [
      84.3662799,
      26.7613209
     ],
     [
      84.3662737,
      26.7638268
     ],
     [
      84.3681988,
      26.7662338
     ],
     [
      84.3698931,
      26.7672805
     ],
     [
      84.37294,
      26.7654413
     ],
     [
      84.3789482,
      26.760345
     ],
     [
      84.3832397,
      26.7543288
     ],
     [
      84.3871665,
      26.7486571
     ],
     [
      84.389162,
      26.7471625
     ],
     [
      84.3901491,
      26.7436367
     ],
     [
      84.3935823,
      26.7385969
     ],
     [
      84.396522,
      26.736853
     ],
     [
      84.3980026,
      26.736144
     ],
     [
      84.4007706,
      26.7361823
     ],
     [
      84.4029164,
      26.7341126
     ],
     [
      84.4046759,
      26.7295515
     ],
     [
      84.4065428,
      26.7265235
     ],
     [
      84.407916,
      26.7248369
     ],
     [
      84.4089246,
      26.7234953
     ],
     [
      84.4098902,
      26.7220387
     ],
     [
      84.4102978,
      26.7184738
     ],
     [
      84.4105768,
      26.7137971
     ],
     [
      84.4105983,
      26.7102894
     ],
     [
      84.4146538,
      26.7061682
     ],
     [
      84.4232368,
      26.7029478
     ],
     [
      84.4301033,
      26.7003025
     ],
     [
      84.4326353,
      26.6988456
     ],
     [
      84.4333219,
      26.6955866
     ],
     [
      84.43278,
      26.6928743
     ]
    ]
   },
   "properties": {
    "name": "Gandak",
    "role": "gandak",
    "carries": "the flood, inside India",
    "note": "The same river across the border, in Bihar.",
    "osm_id": "way/878737697",
    "source": "OpenStreetMap via the Overpass API",
    "source_url": "https://www.openstreetmap.org/copyright",
    "licence": "ODbL 1.0, (c) OpenStreetMap contributors",
    "retrieved": "2026-08-28"
   }
  },
  {
   "type": "Feature",
   "geometry": {
    "type": "LineString",
    "coordinates": [
     [
      84.1295236,
      27.5681951
     ],
     [
      84.1296371,
      27.5670891
     ],
     [
      84.1296682,
      27.5663277
     ],
     [
      84.1296423,
      27.5655985
     ],
     [
      84.1295388,
      27.5651399
     ],
     [
      84.1292905,
      27.5646445
     ],
     [
      84.1288921,
      27.5641217
     ],
     [
      84.1282144,
      27.5633833
     ],
     [
      84.1275067,
      27.5625794
     ],
     [
      84.1271589,
      27.5622963
     ],
     [
      84.1267709,
      27.5621357
     ],
     [
      84.1263674,
      27.5620027
     ],
     [
      84.1259586,
      27.5618743
     ],
     [
      84.1255499,
      27.561755
     ],
     [
      84.1251205,
      27.5616037
     ],
     [
      84.1247635,
      27.5613102
     ],
     [
      84.1246549,
      27.5609662
     ],
     [
      84.1244169,
      27.5604616
     ],
     [
      84.1241892,
      27.5597461
     ],
     [
      84.1239564,
      27.5594388
     ],
     [
      84.1234649,
      27.5588563
     ],
     [
      84.1231493,
      27.558283
     ],
     [
      84.1225595,
      27.5568657
     ]
    ]
   },
   "properties": {
    "name": "Narayani",
    "role": "narayani",
    "carries": "the flood, inside Nepal",
    "note": "The Trishuli below Devghat. The story's own channel ends here.",
    "osm_id": "way/1036478420",
    "source": "OpenStreetMap via the Overpass API",
    "source_url": "https://www.openstreetmap.org/copyright",
    "licence": "ODbL 1.0, (c) OpenStreetMap contributors",
    "retrieved": "2026-08-28"
   }
  }
 ]
}
