{
 "type": "FeatureCollection",
 "crs": {
  "type": "name",
  "properties": {
   "name": "urn:ogc:def:crs:OGC:1.3:CRS84"
  }
 },
 "description": "Schools and health facilities within 3 km of the flood path.",
 "retrieved": "2026-08-28",
 "features": [
  {
   "type": "Feature",
   "geometry": {
    "type": "Point",
    "coordinates": [
     85.3518991,
     28.2286148
    ]
   },
   "properties": {
    "name": "Shree Arunodaya Primary School",
    "name_local": "Shree Arunodaya Primary School",
    "kind": "school",
    "what_it_is": "a school within 3 km of the river",
    "exposed_not_damaged": "This is something the flood could reach, not something reported damaged. No located damage assessment had been published.",
    "osm_id": "node/4968022376",
    "source": "OpenStreetMap via the Overpass API",
    "source_url": "https://www.openstreetmap.org/copyright",
    "licence": "ODbL 1.0, (c) OpenStreetMap contributors",
    "retrieved": "2026-08-28",
    "km_downstream": 16.5,
    "km_from_channel": 0.88,
    "reach": "Steep gorge"
   }
  },
  {
   "type": "Feature",
   "geometry": {
    "type": "Point",
    "coordinates": [
     85.3589142,
     28.2145853
    ]
   },
   "properties": {
    "name": "Shree Lingling Pra Vi",
    "name_local": "Shree Lingling Pra Vi",
    "kind": "school",
    "what_it_is": "a school within 3 km of the river",
    "exposed_not_damaged": "This is something the flood could reach, not something reported damaged. No located damage assessment had been published.",
    "osm_id": "way/342634651",
    "source": "OpenStreetMap via the Overpass API",
    "source_url": "https://www.openstreetmap.org/copyright",
    "licence": "ODbL 1.0, (c) OpenStreetMap contributors",
    "retrieved": "2026-08-28",
    "km_downstream": 18.6,
    "km_from_channel": 0.4,
    "reach": "Steep gorge"
   }
  },
  {
   "type": "Feature",
   "geometry": {
    "type": "Point",
    "coordinates": [
     85.3353898,
     28.2099231
    ]
   },
   "properties": {
    "name": "Shree Nepal Rastriya Ni Ma Vi",
    "name_local": "Shree Nepal Rastriya Ni Ma Vi",
    "kind": "school",
    "what_it_is": "a school within 3 km of the river",
    "exposed_not_damaged": "This is something the flood could reach, not something reported damaged. No located damage assessment had been published.",
    "osm_id": "way/507265088",
    "source": "OpenStreetMap via the Overpass API",
    "source_url": "https://www.openstreetmap.org/copyright",
    "licence": "ODbL 1.0, (c) OpenStreetMap contributors",
    "retrieved": "2026-08-28",
    "km_downstream": 19.0,
    "km_from_channel": 1.84,
    "reach": "Steep gorge"
   }
  },
  {
   "type": "Feature",
   "geometry": {
    "type": "Point",
    "coordinates": [
     85.3449613,
     28.1969461
    ]
   },
   "properties": {
    "name": "Shree Nepal Rastriya Pra Vi",
    "name_local": "Shree Nepal Rastriya Pra Vi",
    "kind": "school",
    "what_it_is": "a school within 3 km of the river",
    "exposed_not_damaged": "This is something the flood could reach, not something reported damaged. No located damage assessment had been published.",
    "osm_id": "node/4968032717",
    "source": "OpenStreetMap via the Overpass API",
    "source_url": "https://www.openstreetmap.org/copyright",
    "licence": "ODbL 1.0, (c) OpenStreetMap contributors",
    "retrieved": "2026-08-28",
    "km_downstream": 20.8,
    "km_from_channel": 0.55,
    "reach": "Middle valley"
   }
  },
  {
   "type": "Feature",
   "geometry": {
    "type": "Point",
    "coordinates": [
     85.3275155,
     28.1848623
    ]
   },
   "properties": {
    "name": "Shree Pajung Pra Vi",
    "name_local": "Shree Pajung Pra Vi",
    "kind": "school",
    "what_it_is": "a school within 3 km of the river",
    "exposed_not_damaged": "This is something the flood could reach, not something reported damaged. No located damage assessment had been published.",
    "osm_id": "node/4967769238",
    "source": "OpenStreetMap via the Overpass API",
    "source_url": "https://www.openstreetmap.org/copyright",
    "licence": "ODbL 1.0, (c) OpenStreetMap contributors",
    "retrieved": "2026-08-28",
    "km_downstream": 22.6,
    "km_from_channel": 1.55,
    "reach": "Middle valley"
   }
  },
  {
   "type": "Feature",
   "geometry": {
    "type": "Point",
    "coordinates": [
     85.3576983,
     28.1732483
    ]
   },
   "properties": {
    "name": "Shree Nepal Rastriya Pra Vi",
    "name_local": "Shree Nepal Rastriya Pra Vi",
    "kind": "school",
    "what_it_is": "a school within 3 km of the river",
    "exposed_not_damaged": "This is something the flood could reach, not something reported damaged. No located damage assessment had been published.",
    "osm_id": "way/507267874",
    "source": "OpenStreetMap via the Overpass API",
    "source_url": "https://www.openstreetmap.org/copyright",
    "licence": "ODbL 1.0, (c) OpenStreetMap contributors",
    "retrieved": "2026-08-28",
    "km_downstream": 23.4,
    "km_from_channel": 1.44,
    "reach": "Middle valley"
   }
  },
  {
   "type": "Feature",
   "geometry": {
    "type": "Point",
    "coordinates": [
     85.3599503,
     28.1421203
    ]
   },
   "properties": {
    "name": "Shree Nepal Rashtriya Basic School",
    "name_local": "Shree Nepal Rashtriya Basic School",
    "kind": "school",
    "what_it_is": "a school within 3 km of the river",
    "exposed_not_damaged": "This is something the flood could reach, not something reported damaged. No located damage assessment had been published.",
    "osm_id": "node/10046431951",
    "source": "OpenStreetMap via the Overpass API",
    "source_url": "https://www.openstreetmap.org/copyright",
    "licence": "ODbL 1.0, (c) OpenStreetMap contributors",
    "retrieved": "2026-08-28",
    "km_downstream": 25.3,
    "km_from_channel": 2.95,
    "reach": "Middle valley"
   }
  },
  {
   "type": "Feature",
   "geometry": {
    "type": "Point",
    "coordinates": [
     85.3321695,
     28.1616696
    ]
   },
   "properties": {
    "name": "Shree komin Pra.V",
    "name_local": "Shree komin Pra.V",
    "kind": "school",
    "what_it_is": "a school within 3 km of the river",
    "exposed_not_damaged": "This is something the flood could reach, not something reported damaged. No located damage assessment had been published.",
    "osm_id": "node/4967982080",
    "source": "OpenStreetMap via the Overpass API",
    "source_url": "https://www.openstreetmap.org/copyright",
    "licence": "ODbL 1.0, (c) OpenStreetMap contributors",
    "retrieved": "2026-08-28",
    "km_downstream": 25.7,
    "km_from_channel": 0.38,
    "reach": "Middle valley"
   }
  },
  {
   "type": "Feature",
   "geometry": {
    "type": "Point",
    "coordinates": [
     85.3133673,
     28.1680765
    ]
   },
   "properties": {
    "name": "Parwatikunda Secondary School",
    "name_local": "Parwatikunda Secondary School",
    "kind": "school",
    "what_it_is": "a school within 3 km of the river",
    "exposed_not_damaged": "This is something the flood could reach, not something reported damaged. No located damage assessment had been published.",
    "osm_id": "way/258144119",
    "source": "OpenStreetMap via the Overpass API",
    "source_url": "https://www.openstreetmap.org/copyright",
    "licence": "ODbL 1.0, (c) OpenStreetMap contributors",
    "retrieved": "2026-08-28",
    "km_downstream": 26.3,
    "km_from_channel": 2.13,
    "reach": "Middle valley"
   }
  },
  {
   "type": "Feature",
   "geometry": {
    "type": "Point",
    "coordinates": [
     85.3139986,
     28.1685394
    ]
   },
   "properties": {
    "name": "unnamed",
    "name_local": "",
    "kind": "school",
    "what_it_is": "a school within 3 km of the river",
    "exposed_not_damaged": "This is something the flood could reach, not something reported damaged. No located damage assessment had been published.",
    "osm_id": "way/506988616",
    "source": "OpenStreetMap via the Overpass API",
    "source_url": "https://www.openstreetmap.org/copyright",
    "licence": "ODbL 1.0, (c) OpenStreetMap contributors",
    "retrieved": "2026-08-28",
    "km_downstream": 26.3,
    "km_from_channel": 2.13,
    "reach": "Middle valley"
   }
  },
  {
   "type": "Feature",
   "geometry": {
    "type": "Point",
    "coordinates": [
     85.3364796,
     28.1421939
    ]
   },
   "properties": {
    "name": "unnamed",
    "name_local": "",
    "kind": "health",
    "what_it_is": "a hospital, clinic or health post within 3 km of the river",
    "exposed_not_damaged": "This is something the flood could reach, not something reported damaged. No located damage assessment had been published.",
    "osm_id": "node/3494711409",
    "source": "OpenStreetMap via the Overpass API",
    "source_url": "https://www.openstreetmap.org/copyright",
    "licence": "ODbL 1.0, (c) OpenStreetMap contributors",
    "retrieved": "2026-08-28",
    "km_downstream": 26.7,
    "km_from_channel": 1.47,
    "reach": "Middle valley"
   }
  },
  {
   "type": "Feature",
   "geometry": {
    "type": "Point",
    "coordinates": [
     85.3161558,
     28.1314878
    ]
   },
   "properties": {
    "name": "Shree Bhimsen Lower Secondary School",
    "name_local": "Shree Bhimsen Lower Secondary School",
    "kind": "school",
    "what_it_is": "a school within 3 km of the river",
    "exposed_not_damaged": "This is something the flood could reach, not something reported damaged. No located damage assessment had been published.",
    "osm_id": "way/507260502",
    "source": "OpenStreetMap via the Overpass API",
    "source_url": "https://www.openstreetmap.org/copyright",
    "licence": "ODbL 1.0, (c) OpenStreetMap contributors",
    "retrieved": "2026-08-28",
    "km_downstream": 28.8,
    "km_from_channel": 1.14,
    "reach": "Middle valley"
   }
  },
  {
   "type": "Feature",
   "geometry": {
    "type": "Point",
    "coordinates": [
     85.2950862,
     28.1435043
    ]
   },
   "properties": {
    "name": "Shree Grey Ni Ma Vi",
    "name_local": "Shree Grey Ni Ma Vi",
    "kind": "school",
    "what_it_is": "a school within 3 km of the river",
    "exposed_not_damaged": "This is something the flood could reach, not something reported damaged. No located damage assessment had been published.",
    "osm_id": "node/4967575269",
    "source": "OpenStreetMap via the Overpass API",
    "source_url": "https://www.openstreetmap.org/copyright",
    "licence": "ODbL 1.0, (c) OpenStreetMap contributors",
    "retrieved": "2026-08-28",
    "km_downstream": 29.8,
    "km_from_channel": 1.15,
    "reach": "Middle valley"
   }
  },
  {
   "type": "Feature",
   "geometry": {
    "type": "Point",
    "coordinates": [
     85.2818803,
     28.1295092
    ]
   },
   "properties": {
    "name": "Shree Pabarti kunda Pra.V",
    "name_local": "Shree Pabarti kunda Pra.V",
    "kind": "school",
    "what_it_is": "a school within 3 km of the river",
    "exposed_not_damaged": "This is something the flood could reach, not something reported damaged. No located damage assessment had been published.",
    "osm_id": "node/4967924593",
    "source": "OpenStreetMap via the Overpass API",
    "source_url": "https://www.openstreetmap.org/copyright",
    "licence": "ODbL 1.0, (c) OpenStreetMap contributors",
    "retrieved": "2026-08-28",
    "km_downstream": 32.1,
    "km_from_channel": 1.23,
    "reach": "Middle valley"
   }
  },
  {
   "type": "Feature",
   "geometry": {
    "type": "Point",
    "coordinates": [
     85.2997237,
     28.1114088
    ]
   },
   "properties": {
    "name": "Highland HS School",
    "name_local": "Highland HS School",
    "kind": "school",
    "what_it_is": "a school within 3 km of the river",
    "exposed_not_damaged": "This is something the flood could reach, not something reported damaged. No located damage assessment had been published.",
    "osm_id": "node/5653611291",
    "source": "OpenStreetMap via the Overpass API",
    "source_url": "https://www.openstreetmap.org/copyright",
    "licence": "ODbL 1.0, (c) OpenStreetMap contributors",
    "retrieved": "2026-08-28",
    "km_downstream": 32.3,
    "km_from_channel": 1.4,
    "reach": "Middle valley"
   }
  },
  {
   "type": "Feature",
   "geometry": {
    "type": "Point",
    "coordinates": [
     85.2981392,
     28.1123718
    ]
   },
   "properties": {
    "name": "Rasuwa Higher Secondary School",
    "name_local": "Rasuwa Higher Secondary School",
    "kind": "school",
    "what_it_is": "a school within 3 km of the river",
    "exposed_not_damaged": "This is something the flood could reach, not something reported damaged. No located damage assessment had been published.",
    "osm_id": "way/240340105",
    "source": "OpenStreetMap via the Overpass API",
    "source_url": "https://www.openstreetmap.org/copyright",
    "licence": "ODbL 1.0, (c) OpenStreetMap contributors",
    "retrieved": "2026-08-28",
    "km_downstream": 32.3,
    "km_from_channel": 1.22,
    "reach": "Middle valley"
   }
  },
  {
   "type": "Feature",
   "geometry": {
    "type": "Point",
    "coordinates": [
     85.2964836,
     28.1104436
    ]
   },
   "properties": {
    "name": "Rasuwa District Hospital",
    "name_local": "Rasuwa District Hospital",
    "kind": "health",
    "what_it_is": "a hospital, clinic or health post within 3 km of the river",
    "exposed_not_damaged": "This is something the flood could reach, not something reported damaged. No located damage assessment had been published.",
    "osm_id": "node/5651307969",
    "source": "OpenStreetMap via the Overpass API",
    "source_url": "https://www.openstreetmap.org/copyright",
    "licence": "ODbL 1.0, (c) OpenStreetMap contributors",
    "retrieved": "2026-08-28",
    "km_downstream": 32.6,
    "km_from_channel": 1.25,
    "reach": "Middle valley"
   }
  },
  {
   "type": "Feature",
   "geometry": {
    "type": "Point",
    "coordinates": [
     85.2952257,
     28.1128378
    ]
   },
   "properties": {
    "name": "Shree Rasuwa Secondary School",
    "name_local": "Shree Rasuwa Secondary School",
    "kind": "school",
    "what_it_is": "a school within 3 km of the river",
    "exposed_not_damaged": "This is something the flood could reach, not something reported damaged. No located damage assessment had been published.",
    "osm_id": "node/5651350813",
    "source": "OpenStreetMap via the Overpass API",
    "source_url": "https://www.openstreetmap.org/copyright",
    "licence": "ODbL 1.0, (c) OpenStreetMap contributors",
    "retrieved": "2026-08-28",
    "km_downstream": 32.6,
    "km_from_channel": 0.97,
    "reach": "Middle valley"
   }
  },
  {
   "type": "Feature",
   "geometry": {
    "type": "Point",
    "coordinates": [
     85.2990727,
     28.1109009
    ]
   },
   "properties": {
    "name": "Shree Rasuwa Ucha Ma V",
    "name_local": "Shree Rasuwa Ucha Ma V",
    "kind": "school",
    "what_it_is": "a school within 3 km of the river",
    "exposed_not_damaged": "This is something the flood could reach, not something reported damaged. No located damage assessment had been published.",
    "osm_id": "way/507229985",
    "source": "OpenStreetMap via the Overpass API",
    "source_url": "https://www.openstreetmap.org/copyright",
    "licence": "ODbL 1.0, (c) OpenStreetMap contributors",
    "retrieved": "2026-08-28",
    "km_downstream": 32.6,
    "km_from_channel": 1.4,
    "reach": "Middle valley"
   }
  },
  {
   "type": "Feature",
   "geometry": {
    "type": "Point",
    "coordinates": [
     85.2966703,
     28.1100125
    ]
   },
   "properties": {
    "name": "Rasuwa District Hospital",
    "name_local": "Rasuwa District Hospital",
    "kind": "health",
    "what_it_is": "a hospital, clinic or health post within 3 km of the river",
    "exposed_not_damaged": "This is something the flood could reach, not something reported damaged. No located damage assessment had been published.",
    "osm_id": "way/787451283",
    "source": "OpenStreetMap via the Overpass API",
    "source_url": "https://www.openstreetmap.org/copyright",
    "licence": "ODbL 1.0, (c) OpenStreetMap contributors",
    "retrieved": "2026-08-28",
    "km_downstream": 32.6,
    "km_from_channel": 1.29,
    "reach": "Middle valley"
   }
  },
  {
   "type": "Feature",
   "geometry": {
    "type": "Point",
    "coordinates": [
     85.2690487,
     28.123152
    ]
   },
   "properties": {
    "name": "Shree Gosaikunda Pra.Vi",
    "name_local": "Shree Gosaikunda Pra.Vi",
    "kind": "school",
    "what_it_is": "a school within 3 km of the river",
    "exposed_not_damaged": "This is something the flood could reach, not something reported damaged. No located damage assessment had been published.",
    "osm_id": "node/4967842659",
    "source": "OpenStreetMap via the Overpass API",
    "source_url": "https://www.openstreetmap.org/copyright",
    "licence": "ODbL 1.0, (c) OpenStreetMap contributors",
    "retrieved": "2026-08-28",
    "km_downstream": 33.2,
    "km_from_channel": 1.56,
    "reach": "Middle valley"
   }
  },
  {
   "type": "Feature",
   "geometry": {
    "type": "Point",
    "coordinates": [
     85.2794174,
     28.1146281
    ]
   },
   "properties": {
    "name": "Shree Haku Besi Ni.Ma.V",
    "name_local": "Shree Haku Besi Ni.Ma.V",
    "kind": "school",
    "what_it_is": "a school within 3 km of the river",
    "exposed_not_damaged": "This is something the flood could reach, not something reported damaged. No located damage assessment had been published.",
    "osm_id": "node/4967821159",
    "source": "OpenStreetMap via the Overpass API",
    "source_url": "https://www.openstreetmap.org/copyright",
    "licence": "ODbL 1.0, (c) OpenStreetMap contributors",
    "retrieved": "2026-08-28",
    "km_downstream": 33.7,
    "km_from_channel": 0.23,
    "reach": "Middle valley"
   }
  },
  {
   "type": "Feature",
   "geometry": {
    "type": "Point",
    "coordinates": [
     85.2635703,
     28.1151302
    ]
   },
   "properties": {
    "name": "Shree Haku Ma.V",
    "name_local": "Shree Haku Ma.V",
    "kind": "school",
    "what_it_is": "a school within 3 km of the river",
    "exposed_not_damaged": "This is something the flood could reach, not something reported damaged. No located damage assessment had been published.",
    "osm_id": "node/4967829177",
    "source": "OpenStreetMap via the Overpass API",
    "source_url": "https://www.openstreetmap.org/copyright",
    "licence": "ODbL 1.0, (c) OpenStreetMap contributors",
    "retrieved": "2026-08-28",
    "km_downstream": 34.9,
    "km_from_channel": 1.27,
    "reach": "Middle valley"
   }
  },
  {
   "type": "Feature",
   "geometry": {
    "type": "Point",
    "coordinates": [
     85.2784599,
     28.1001074
    ]
   },
   "properties": {
    "name": "Shree Bhimali Pra.V",
    "name_local": "Shree Bhimali Pra.V",
    "kind": "school",
    "what_it_is": "a school within 3 km of the river",
    "exposed_not_damaged": "This is something the flood could reach, not something reported damaged. No located damage assessment had been published.",
    "osm_id": "node/4967801446",
    "source": "OpenStreetMap via the Overpass API",
    "source_url": "https://www.openstreetmap.org/copyright",
    "licence": "ODbL 1.0, (c) OpenStreetMap contributors",
    "retrieved": "2026-08-28",
    "km_downstream": 35.2,
    "km_from_channel": 0.87,
    "reach": "Middle valley"
   }
  },
  {
   "type": "Feature",
   "geometry": {
    "type": "Point",
    "coordinates": [
     85.2661445,
     28.0840307
    ]
   },
   "properties": {
    "name": "Shree Gaun Pharka Rastria Pra.V",
    "name_local": "Shree Gaun Pharka Rastria Pra.V",
    "kind": "school",
    "what_it_is": "a school within 3 km of the river",
    "exposed_not_damaged": "This is something the flood could reach, not something reported damaged. No located damage assessment had been published.",
    "osm_id": "node/4967796007",
    "source": "OpenStreetMap via the Overpass API",
    "source_url": "https://www.openstreetmap.org/copyright",
    "licence": "ODbL 1.0, (c) OpenStreetMap contributors",
    "retrieved": "2026-08-28",
    "km_downstream": 36.7,
    "km_from_channel": 1.44,
    "reach": "Middle valley"
   }
  },
  {
   "type": "Feature",
   "geometry": {
    "type": "Point",
    "coordinates": [
     85.2445333,
     28.0771377
    ]
   },
   "properties": {
    "name": "Shree Saraswoti Ni.Ma.V",
    "name_local": "Shree Saraswoti Ni.Ma.V",
    "kind": "school",
    "what_it_is": "a school within 3 km of the river",
    "exposed_not_damaged": "This is something the flood could reach, not something reported damaged. No located damage assessment had been published.",
    "osm_id": "node/4967793925",
    "source": "OpenStreetMap via the Overpass API",
    "source_url": "https://www.openstreetmap.org/copyright",
    "licence": "ODbL 1.0, (c) OpenStreetMap contributors",
    "retrieved": "2026-08-28",
    "km_downstream": 38.7,
    "km_from_channel": 1.63,
    "reach": "Middle valley"
   }
  },
  {
   "type": "Feature",
   "geometry": {
    "type": "Point",
    "coordinates": [
     85.2220017,
     28.0877364
    ]
   },
   "properties": {
    "name": "Shree kalika Pra Vi",
    "name_local": "Shree kalika Pra Vi",
    "kind": "school",
    "what_it_is": "a school within 3 km of the river",
    "exposed_not_damaged": "This is something the flood could reach, not something reported damaged. No located damage assessment had been published.",
    "osm_id": "node/4969588205",
    "source": "OpenStreetMap via the Overpass API",
    "source_url": "https://www.openstreetmap.org/copyright",
    "licence": "ODbL 1.0, (c) OpenStreetMap contributors",
    "retrieved": "2026-08-28",
    "km_downstream": 40.7,
    "km_from_channel": 0.51,
    "reach": "Middle valley"
   }
  },
  {
   "type": "Feature",
   "geometry": {
    "type": "Point",
    "coordinates": [
     85.2095633,
     28.0907167
    ]
   },
   "properties": {
    "name": "Shree Tiru Pra Vi",
    "name_local": "Shree Tiru Pra Vi",
    "kind": "school",
    "what_it_is": "a school within 3 km of the river",
    "exposed_not_damaged": "This is something the flood could reach, not something reported damaged. No located damage assessment had been published.",
    "osm_id": "node/4969584086",
    "source": "OpenStreetMap via the Overpass API",
    "source_url": "https://www.openstreetmap.org/copyright",
    "licence": "ODbL 1.0, (c) OpenStreetMap contributors",
    "retrieved": "2026-08-28",
    "km_downstream": 41.3,
    "km_from_channel": 1.45,
    "reach": "Middle valley"
   }
  },
  {
   "type": "Feature",
   "geometry": {
    "type": "Point",
    "coordinates": [
     85.1911185,
     28.0870815
    ]
   },
   "properties": {
    "name": "Shree karumaryang Ni Ma Vi",
    "name_local": "Shree karumaryang Ni Ma Vi",
    "kind": "school",
    "what_it_is": "a school within 3 km of the river",
    "exposed_not_damaged": "This is something the flood could reach, not something reported damaged. No located damage assessment had been published.",
    "osm_id": "node/4969577858",
    "source": "OpenStreetMap via the Overpass API",
    "source_url": "https://www.openstreetmap.org/copyright",
    "licence": "ODbL 1.0, (c) OpenStreetMap contributors",
    "retrieved": "2026-08-28",
    "km_downstream": 42.6,
    "km_from_channel": 2.28,
    "reach": "Middle valley"
   }
  },
  {
   "type": "Feature",
   "geometry": {
    "type": "Point",
    "coordinates": [
     85.1991346,
     28.0712845
    ]
   },
   "properties": {
    "name": "Shree Ganesh Pra Vi",
    "name_local": "Shree Ganesh Pra Vi",
    "kind": "school",
    "what_it_is": "a school within 3 km of the river",
    "exposed_not_damaged": "This is something the flood could reach, not something reported damaged. No located damage assessment had been published.",
    "osm_id": "node/4969571096",
    "source": "OpenStreetMap via the Overpass API",
    "source_url": "https://www.openstreetmap.org/copyright",
    "licence": "ODbL 1.0, (c) OpenStreetMap contributors",
    "retrieved": "2026-08-28",
    "km_downstream": 43.4,
    "km_from_channel": 0.66,
    "reach": "Middle valley"
   }
  },
  {
   "type": "Feature",
   "geometry": {
    "type": "Point",
    "coordinates": [
     85.1956963,
     28.0615115
    ]
   },
   "properties": {
    "name": "Shree Panchelinge Ni.Ma.V",
    "name_local": "Shree Panchelinge Ni.Ma.V",
    "kind": "school",
    "what_it_is": "a school within 3 km of the river",
    "exposed_not_damaged": "This is something the flood could reach, not something reported damaged. No located damage assessment had been published.",
    "osm_id": "node/4969568423",
    "source": "OpenStreetMap via the Overpass API",
    "source_url": "https://www.openstreetmap.org/copyright",
    "licence": "ODbL 1.0, (c) OpenStreetMap contributors",
    "retrieved": "2026-08-28",
    "km_downstream": 43.7,
    "km_from_channel": 1.09,
    "reach": "Middle valley"
   }
  },
  {
   "type": "Feature",
   "geometry": {
    "type": "Point",
    "coordinates": [
     85.2257659,
     28.0571261
    ]
   },
   "properties": {
    "name": "Shree Grang Pra Vi",
    "name_local": "Shree Grang Pra Vi",
    "kind": "school",
    "what_it_is": "a school within 3 km of the river",
    "exposed_not_damaged": "This is something the flood could reach, not something reported damaged. No located damage assessment had been published.",
    "osm_id": "node/4968049792",
    "source": "OpenStreetMap via the Overpass API",
    "source_url": "https://www.openstreetmap.org/copyright",
    "licence": "ODbL 1.0, (c) OpenStreetMap contributors",
    "retrieved": "2026-08-28",
    "km_downstream": 44.7,
    "km_from_channel": 1.67,
    "reach": "Middle valley"
   }
  },
  {
   "type": "Feature",
   "geometry": {
    "type": "Point",
    "coordinates": [
     85.2081762,
     28.0563867
    ]
   },
   "properties": {
    "name": "Shree Chipleti Pra Vi",
    "name_local": "Shree Chipleti Pra Vi",
    "kind": "school",
    "what_it_is": "a school within 3 km of the river",
    "exposed_not_damaged": "This is something the flood could reach, not something reported damaged. No located damage assessment had been published.",
    "osm_id": "node/4969579345",
    "source": "OpenStreetMap via the Overpass API",
    "source_url": "https://www.openstreetmap.org/copyright",
    "licence": "ODbL 1.0, (c) OpenStreetMap contributors",
    "retrieved": "2026-08-28",
    "km_downstream": 44.8,
    "km_from_channel": 0.06,
    "reach": "Middle valley"
   }
  },
  {
   "type": "Feature",
   "geometry": {
    "type": "Point",
    "coordinates": [
     85.2190338,
     28.0476612
    ]
   },
   "properties": {
    "name": "Shree Palep pra vi",
    "name_local": "Shree Palep pra vi",
    "kind": "school",
    "what_it_is": "a school within 3 km of the river",
    "exposed_not_damaged": "This is something the flood could reach, not something reported damaged. No located damage assessment had been published.",
    "osm_id": "node/4968111253",
    "source": "OpenStreetMap via the Overpass API",
    "source_url": "https://www.openstreetmap.org/copyright",
    "licence": "ODbL 1.0, (c) OpenStreetMap contributors",
    "retrieved": "2026-08-28",
    "km_downstream": 45.2,
    "km_from_channel": 1.32,
    "reach": "Middle valley"
   }
  },
  {
   "type": "Feature",
   "geometry": {
    "type": "Point",
    "coordinates": [
     85.2197922,
     28.039293
    ]
   },
   "properties": {
    "name": "Setibhumi Secondary School",
    "name_local": "Setibhumi Secondary School",
    "kind": "school",
    "what_it_is": "a school within 3 km of the river",
    "exposed_not_damaged": "This is something the flood could reach, not something reported damaged. No located damage assessment had been published.",
    "osm_id": "way/258863038",
    "source": "OpenStreetMap via the Overpass API",
    "source_url": "https://www.openstreetmap.org/copyright",
    "licence": "ODbL 1.0, (c) OpenStreetMap contributors",
    "retrieved": "2026-08-28",
    "km_downstream": 45.3,
    "km_from_channel": 1.94,
    "reach": "Middle valley"
   }
  },
  {
   "type": "Feature",
   "geometry": {
    "type": "Point",
    "coordinates": [
     85.2207639,
     28.0311899
    ]
   },
   "properties": {
    "name": "Shree Temrang Pra Vi",
    "name_local": "Shree Temrang Pra Vi",
    "kind": "school",
    "what_it_is": "a school within 3 km of the river",
    "exposed_not_damaged": "This is something the flood could reach, not something reported damaged. No located damage assessment had been published.",
    "osm_id": "node/4968107787",
    "source": "OpenStreetMap via the Overpass API",
    "source_url": "https://www.openstreetmap.org/copyright",
    "licence": "ODbL 1.0, (c) OpenStreetMap contributors",
    "retrieved": "2026-08-28",
    "km_downstream": 46.3,
    "km_from_channel": 2.51,
    "reach": "Middle valley"
   }
  },
  {
   "type": "Feature",
   "geometry": {
    "type": "Point",
    "coordinates": [
     85.1894642,
     28.0473961
    ]
   },
   "properties": {
    "name": "Shree Dipendra Pra Vi",
    "name_local": "Shree Dipendra Pra Vi",
    "kind": "school",
    "what_it_is": "a school within 3 km of the river",
    "exposed_not_damaged": "This is something the flood could reach, not something reported damaged. No located damage assessment had been published.",
    "osm_id": "node/4969565986",
    "source": "OpenStreetMap via the Overpass API",
    "source_url": "https://www.openstreetmap.org/copyright",
    "licence": "ODbL 1.0, (c) OpenStreetMap contributors",
    "retrieved": "2026-08-28",
    "km_downstream": 47.0,
    "km_from_channel": 0.87,
    "reach": "Middle valley"
   }
  },
  {
   "type": "Feature",
   "geometry": {
    "type": "Point",
    "coordinates": [
     85.1851894,
     28.0378925
    ]
   },
   "properties": {
    "name": "Shree Danda Gaun Ucha Ma. V",
    "name_local": "Shree Danda Gaun Ucha Ma. V",
    "kind": "school",
    "what_it_is": "a school within 3 km of the river",
    "exposed_not_damaged": "This is something the flood could reach, not something reported damaged. No located damage assessment had been published.",
    "osm_id": "node/4969563549",
    "source": "OpenStreetMap via the Overpass API",
    "source_url": "https://www.openstreetmap.org/copyright",
    "licence": "ODbL 1.0, (c) OpenStreetMap contributors",
    "retrieved": "2026-08-28",
    "km_downstream": 47.5,
    "km_from_channel": 0.82,
    "reach": "Middle valley"
   }
  },
  {
   "type": "Feature",
   "geometry": {
    "type": "Point",
    "coordinates": [
     85.1907891,
     28.0297555
    ]
   },
   "properties": {
    "name": "Shree Simle Pra Vi",
    "name_local": "Shree Simle Pra Vi",
    "kind": "school",
    "what_it_is": "a school within 3 km of the river",
    "exposed_not_damaged": "This is something the flood could reach, not something reported damaged. No located damage assessment had been published.",
    "osm_id": "node/4969595164",
    "source": "OpenStreetMap via the Overpass API",
    "source_url": "https://www.openstreetmap.org/copyright",
    "licence": "ODbL 1.0, (c) OpenStreetMap contributors",
    "retrieved": "2026-08-28",
    "km_downstream": 48.5,
    "km_from_channel": 0.16,
    "reach": "Middle valley"
   }
  },
  {
   "type": "Feature",
   "geometry": {
    "type": "Point",
    "coordinates": [
     85.1795711,
     28.0276758
    ]
   },
   "properties": {
    "name": "Shree Saraswoti Ni Ma V",
    "name_local": "Shree Saraswoti Ni Ma V",
    "kind": "school",
    "what_it_is": "a school within 3 km of the river",
    "exposed_not_damaged": "This is something the flood could reach, not something reported damaged. No located damage assessment had been published.",
    "osm_id": "node/4969555362",
    "source": "OpenStreetMap via the Overpass API",
    "source_url": "https://www.openstreetmap.org/copyright",
    "licence": "ODbL 1.0, (c) OpenStreetMap contributors",
    "retrieved": "2026-08-28",
    "km_downstream": 49.4,
    "km_from_channel": 0.8,
    "reach": "Middle valley"
   }
  },
  {
   "type": "Feature",
   "geometry": {
    "type": "Point",
    "coordinates": [
     85.1735088,
     28.0252778
    ]
   },
   "properties": {
    "name": "Bhumedevi Secondary School",
    "name_local": "Bhumedevi Secondary School",
    "kind": "school",
    "what_it_is": "a school within 3 km of the river",
    "exposed_not_damaged": "This is something the flood could reach, not something reported damaged. No located damage assessment had been published.",
    "osm_id": "way/248662685",
    "source": "OpenStreetMap via the Overpass API",
    "source_url": "https://www.openstreetmap.org/copyright",
    "licence": "ODbL 1.0, (c) OpenStreetMap contributors",
    "retrieved": "2026-08-28",
    "km_downstream": 49.5,
    "km_from_channel": 1.27,
    "reach": "Middle valley"
   }
  },
  {
   "type": "Feature",
   "geometry": {
    "type": "Point",
    "coordinates": [
     85.2084512,
     28.0109397
    ]
   },
   "properties": {
    "name": "Shree kavre Pra Vi",
    "name_local": "Shree kavre Pra Vi",
    "kind": "school",
    "what_it_is": "a school within 3 km of the river",
    "exposed_not_damaged": "This is something the flood could reach, not something reported damaged. No located damage assessment had been published.",
    "osm_id": "node/4968177547",
    "source": "OpenStreetMap via the Overpass API",
    "source_url": "https://www.openstreetmap.org/copyright",
    "licence": "ODbL 1.0, (c) OpenStreetMap contributors",
    "retrieved": "2026-08-28",
    "km_downstream": 50.3,
    "km_from_channel": 2.16,
    "reach": "Middle valley"
   }
  },
  {
   "type": "Feature",
   "geometry": {
    "type": "Point",
    "coordinates": [
     85.1999603,
     28.0089647
    ]
   },
   "properties": {
    "name": "Shree Bhubaneshwari Pra.V",
    "name_local": "Shree Bhubaneshwari Pra.V",
    "kind": "school",
    "what_it_is": "a school within 3 km of the river",
    "exposed_not_damaged": "This is something the flood could reach, not something reported damaged. No located damage assessment had been published.",
    "osm_id": "node/4967973279",
    "source": "OpenStreetMap via the Overpass API",
    "source_url": "https://www.openstreetmap.org/copyright",
    "licence": "ODbL 1.0, (c) OpenStreetMap contributors",
    "retrieved": "2026-08-28",
    "km_downstream": 50.4,
    "km_from_channel": 1.48,
    "reach": "Middle valley"
   }
  },
  {
   "type": "Feature",
   "geometry": {
    "type": "Point",
    "coordinates": [
     85.1944665,
     28.0126784
    ]
   },
   "properties": {
    "name": "Shree Nawa Vijayee Mahendra Ma.V",
    "name_local": "Shree Nawa Vijayee Mahendra Ma.V",
    "kind": "school",
    "what_it_is": "a school within 3 km of the river",
    "exposed_not_damaged": "This is something the flood could reach, not something reported damaged. No located damage assessment had been published.",
    "osm_id": "way/507254682",
    "source": "OpenStreetMap via the Overpass API",
    "source_url": "https://www.openstreetmap.org/copyright",
    "licence": "ODbL 1.0, (c) OpenStreetMap contributors",
    "retrieved": "2026-08-28",
    "km_downstream": 50.4,
    "km_from_channel": 0.8,
    "reach": "Middle valley"
   }
  },
  {
   "type": "Feature",
   "geometry": {
    "type": "Point",
    "coordinates": [
     85.2136328,
     28.0056548
    ]
   },
   "properties": {
    "name": "Shree Narayansthan Ni Ma Vi",
    "name_local": "Shree Narayansthan Ni Ma Vi",
    "kind": "school",
    "what_it_is": "a school within 3 km of the river",
    "exposed_not_damaged": "This is something the flood could reach, not something reported damaged. No located damage assessment had been published.",
    "osm_id": "way/507279323",
    "source": "OpenStreetMap via the Overpass API",
    "source_url": "https://www.openstreetmap.org/copyright",
    "licence": "ODbL 1.0, (c) OpenStreetMap contributors",
    "retrieved": "2026-08-28",
    "km_downstream": 50.4,
    "km_from_channel": 2.84,
    "reach": "Middle valley"
   }
  },
  {
   "type": "Feature",
   "geometry": {
    "type": "Point",
    "coordinates": [
     85.1782975,
     28.0181595
    ]
   },
   "properties": {
    "name": "Shree Tribhuwan Ma Vi",
    "name_local": "Shree Tribhuwan Ma Vi",
    "kind": "school",
    "what_it_is": "a school within 3 km of the river",
    "exposed_not_damaged": "This is something the flood could reach, not something reported damaged. No located damage assessment had been published.",
    "osm_id": "node/5019534984",
    "source": "OpenStreetMap via the Overpass API",
    "source_url": "https://www.openstreetmap.org/copyright",
    "licence": "ODbL 1.0, (c) OpenStreetMap contributors",
    "retrieved": "2026-08-28",
    "km_downstream": 50.6,
    "km_from_channel": 0.79,
    "reach": "Middle valley"
   }
  },
  {
   "type": "Feature",
   "geometry": {
    "type": "Point",
    "coordinates": [
     85.169186,
     28.016812
    ]
   },
   "properties": {
    "name": "unnamed",
    "name_local": "",
    "kind": "health",
    "what_it_is": "a hospital, clinic or health post within 3 km of the river",
    "exposed_not_damaged": "This is something the flood could reach, not something reported damaged. No located damage assessment had been published.",
    "osm_id": "node/4811279924",
    "source": "OpenStreetMap via the Overpass API",
    "source_url": "https://www.openstreetmap.org/copyright",
    "licence": "ODbL 1.0, (c) OpenStreetMap contributors",
    "retrieved": "2026-08-28",
    "km_downstream": 50.9,
    "km_from_channel": 1.54,
    "reach": "Middle valley"
   }
  },
  {
   "type": "Feature",
   "geometry": {
    "type": "Point",
    "coordinates": [
     85.1628037,
     28.0179558
    ]
   },
   "properties": {
    "name": "Shree Kalika Ni Ma Vi",
    "name_local": "Shree Kalika Ni Ma Vi",
    "kind": "school",
    "what_it_is": "a school within 3 km of the river",
    "exposed_not_damaged": "This is something the flood could reach, not something reported damaged. No located damage assessment had been published.",
    "osm_id": "way/513533984",
    "source": "OpenStreetMap via the Overpass API",
    "source_url": "https://www.openstreetmap.org/copyright",
    "licence": "ODbL 1.0, (c) OpenStreetMap contributors",
    "retrieved": "2026-08-28",
    "km_downstream": 51.0,
    "km_from_channel": 2.17,
    "reach": "Middle valley"
   }
  },
  {
   "type": "Feature",
   "geometry": {
    "type": "Point",
    "coordinates": [
     85.1657977,
     28.0027662
    ]
   },
   "properties": {
    "name": "Shree Gyanjyoti Ucha Ma Vi",
    "name_local": "Shree Gyanjyoti Ucha Ma Vi",
    "kind": "school",
    "what_it_is": "a school within 3 km of the river",
    "exposed_not_damaged": "This is something the flood could reach, not something reported damaged. No located damage assessment had been published.",
    "osm_id": "node/5045818995",
    "source": "OpenStreetMap via the Overpass API",
    "source_url": "https://www.openstreetmap.org/copyright",
    "licence": "ODbL 1.0, (c) OpenStreetMap contributors",
    "retrieved": "2026-08-28",
    "km_downstream": 52.1,
    "km_from_channel": 1.77,
    "reach": "Middle valley"
   }
  },
  {
   "type": "Feature",
   "geometry": {
    "type": "Point",
    "coordinates": [
     85.1731958,
     27.9997192
    ]
   },
   "properties": {
    "name": "Shree Jaya Buddha Manetar Pra Vi",
    "name_local": "Shree Jaya Buddha Manetar Pra Vi",
    "kind": "school",
    "what_it_is": "a school within 3 km of the river",
    "exposed_not_damaged": "This is something the flood could reach, not something reported damaged. No located damage assessment had been published.",
    "osm_id": "way/516955196",
    "source": "OpenStreetMap via the Overpass API",
    "source_url": "https://www.openstreetmap.org/copyright",
    "licence": "ODbL 1.0, (c) OpenStreetMap contributors",
    "retrieved": "2026-08-28",
    "km_downstream": 52.1,
    "km_from_channel": 1.06,
    "reach": "Middle valley"
   }
  },
  {
   "type": "Feature",
   "geometry": {
    "type": "Point",
    "coordinates": [
     85.2034632,
     27.9938874
    ]
   },
   "properties": {
    "name": "Kalika Community Hospital",
    "name_local": "Kalika Community Hospital",
    "kind": "health",
    "what_it_is": "a hospital, clinic or health post within 3 km of the river",
    "exposed_not_damaged": "This is something the flood could reach, not something reported damaged. No located damage assessment had been published.",
    "osm_id": "node/4407834159",
    "source": "OpenStreetMap via the Overpass API",
    "source_url": "https://www.openstreetmap.org/copyright",
    "licence": "ODbL 1.0, (c) OpenStreetMap contributors",
    "retrieved": "2026-08-28",
    "km_downstream": 52.7,
    "km_from_channel": 1.73,
    "reach": "Middle valley"
   }
  },
  {
   "type": "Feature",
   "geometry": {
    "type": "Point",
    "coordinates": [
     85.2097209,
     28.0007307
    ]
   },
   "properties": {
    "name": "Shree Sila Devi Pra.Vi",
    "name_local": "Shree Sila Devi Pra.Vi",
    "kind": "school",
    "what_it_is": "a school within 3 km of the river",
    "exposed_not_damaged": "This is something the flood could reach, not something reported damaged. No located damage assessment had been published.",
    "osm_id": "node/4967930629",
    "source": "OpenStreetMap via the Overpass API",
    "source_url": "https://www.openstreetmap.org/copyright",
    "licence": "ODbL 1.0, (c) OpenStreetMap contributors",
    "retrieved": "2026-08-28",
    "km_downstream": 52.7,
    "km_from_channel": 2.35,
    "reach": "Middle valley"
   }
  },
  {
   "type": "Feature",
   "geometry": {
    "type": "Point",
    "coordinates": [
     85.2096853,
     27.984982
    ]
   },
   "properties": {
    "name": "Shree Sundhara Uchha Ma Vi",
    "name_local": "Shree Sundhara Uchha Ma Vi",
    "kind": "school",
    "what_it_is": "a school within 3 km of the river",
    "exposed_not_damaged": "This is something the flood could reach, not something reported damaged. No located damage assessment had been published.",
    "osm_id": "node/4968196786",
    "source": "OpenStreetMap via the Overpass API",
    "source_url": "https://www.openstreetmap.org/copyright",
    "licence": "ODbL 1.0, (c) OpenStreetMap contributors",
    "retrieved": "2026-08-28",
    "km_downstream": 52.7,
    "km_from_channel": 2.65,
    "reach": "Middle valley"
   }
  },
  {
   "type": "Feature",
   "geometry": {
    "type": "Point",
    "coordinates": [
     85.1982729,
     27.9911028
    ]
   },
   "properties": {
    "name": "Shree Manakamana Pra.V",
    "name_local": "Shree Manakamana Pra.V",
    "kind": "school",
    "what_it_is": "a school within 3 km of the river",
    "exposed_not_damaged": "This is something the flood could reach, not something reported damaged. No located damage assessment had been published.",
    "osm_id": "node/4969619829",
    "source": "OpenStreetMap via the Overpass API",
    "source_url": "https://www.openstreetmap.org/copyright",
    "licence": "ODbL 1.0, (c) OpenStreetMap contributors",
    "retrieved": "2026-08-28",
    "km_downstream": 52.7,
    "km_from_channel": 1.35,
    "reach": "Middle valley"
   }
  },
  {
   "type": "Feature",
   "geometry": {
    "type": "Point",
    "coordinates": [
     85.2044658,
     27.9967822
    ]
   },
   "properties": {
    "name": "Kalika Himalaya Campus कालीका हीमालय क्याम्पस",
    "name_local": "",
    "kind": "school",
    "what_it_is": "a school within 3 km of the river",
    "exposed_not_damaged": "This is something the flood could reach, not something reported damaged. No located damage assessment had been published.",
    "osm_id": "node/6167759585",
    "source": "OpenStreetMap via the Overpass API",
    "source_url": "https://www.openstreetmap.org/copyright",
    "licence": "ODbL 1.0, (c) OpenStreetMap contributors",
    "retrieved": "2026-08-28",
    "km_downstream": 52.7,
    "km_from_channel": 1.8,
    "reach": "Middle valley"
   }
  },
  {
   "type": "Feature",
   "geometry": {
    "type": "Point",
    "coordinates": [
     85.2034611,
     27.9937784
    ]
   },
   "properties": {
    "name": "Kalika Community Hospital कालिका सामुदायिक अस्पताल",
    "name_local": "",
    "kind": "health",
    "what_it_is": "a hospital, clinic or health post within 3 km of the river",
    "exposed_not_damaged": "This is something the flood could reach, not something reported damaged. No located damage assessment had been published.",
    "osm_id": "node/7130537185",
    "source": "OpenStreetMap via the Overpass API",
    "source_url": "https://www.openstreetmap.org/copyright",
    "licence": "ODbL 1.0, (c) OpenStreetMap contributors",
    "retrieved": "2026-08-28",
    "km_downstream": 52.7,
    "km_from_channel": 1.73,
    "reach": "Middle valley"
   }
  },
  {
   "type": "Feature",
   "geometry": {
    "type": "Point",
    "coordinates": [
     85.2042813,
     27.9948335
    ]
   },
   "properties": {
    "name": "Green Garden Boarding School",
    "name_local": "Green Garden Boarding School",
    "kind": "school",
    "what_it_is": "a school within 3 km of the river",
    "exposed_not_damaged": "This is something the flood could reach, not something reported damaged. No located damage assessment had been published.",
    "osm_id": "way/443154112",
    "source": "OpenStreetMap via the Overpass API",
    "source_url": "https://www.openstreetmap.org/copyright",
    "licence": "ODbL 1.0, (c) OpenStreetMap contributors",
    "retrieved": "2026-08-28",
    "km_downstream": 52.7,
    "km_from_channel": 1.79,
    "reach": "Middle valley"
   }
  },
  {
   "type": "Feature",
   "geometry": {
    "type": "Point",
    "coordinates": [
     85.1883746,
     27.9880137
    ]
   },
   "properties": {
    "name": "Shree Barahi Pra.V",
    "name_local": "Shree Barahi Pra.V",
    "kind": "school",
    "what_it_is": "a school within 3 km of the river",
    "exposed_not_damaged": "This is something the flood could reach, not something reported damaged. No located damage assessment had been published.",
    "osm_id": "node/4967980711",
    "source": "OpenStreetMap via the Overpass API",
    "source_url": "https://www.openstreetmap.org/copyright",
    "licence": "ODbL 1.0, (c) OpenStreetMap contributors",
    "retrieved": "2026-08-28",
    "km_downstream": 53.6,
    "km_from_channel": 0.59,
    "reach": "Middle valley"
   }
  },
  {
   "type": "Feature",
   "geometry": {
    "type": "Point",
    "coordinates": [
     85.1948205,
     27.9881958
    ]
   },
   "properties": {
    "name": "Shree Amarjyoti Pra.V",
    "name_local": "Shree Amarjyoti Pra.V",
    "kind": "school",
    "what_it_is": "a school within 3 km of the river",
    "exposed_not_damaged": "This is something the flood could reach, not something reported damaged. No located damage assessment had been published.",
    "osm_id": "node/4969629202",
    "source": "OpenStreetMap via the Overpass API",
    "source_url": "https://www.openstreetmap.org/copyright",
    "licence": "ODbL 1.0, (c) OpenStreetMap contributors",
    "retrieved": "2026-08-28",
    "km_downstream": 53.6,
    "km_from_channel": 1.19,
    "reach": "Middle valley"
   }
  },
  {
   "type": "Feature",
   "geometry": {
    "type": "Point",
    "coordinates": [
     85.2023368,
     27.9837354
    ]
   },
   "properties": {
    "name": "Shree Bachala Devi Ni Ma Vi",
    "name_local": "Shree Bachala Devi Ni Ma Vi",
    "kind": "school",
    "what_it_is": "a school within 3 km of the river",
    "exposed_not_damaged": "This is something the flood could reach, not something reported damaged. No located damage assessment had been published.",
    "osm_id": "way/507289842",
    "source": "OpenStreetMap via the Overpass API",
    "source_url": "https://www.openstreetmap.org/copyright",
    "licence": "ODbL 1.0, (c) OpenStreetMap contributors",
    "retrieved": "2026-08-28",
    "km_downstream": 53.6,
    "km_from_channel": 2.04,
    "reach": "Middle valley"
   }
  },
  {
   "type": "Feature",
   "geometry": {
    "type": "Point",
    "coordinates": [
     85.1931431,
     27.9850371
    ]
   },
   "properties": {
    "name": "Shree Bhimsensthan Pra.V",
    "name_local": "Shree Bhimsensthan Pra.V",
    "kind": "school",
    "what_it_is": "a school within 3 km of the river",
    "exposed_not_damaged": "This is something the flood could reach, not something reported damaged. No located damage assessment had been published.",
    "osm_id": "node/4969629203",
    "source": "OpenStreetMap via the Overpass API",
    "source_url": "https://www.openstreetmap.org/copyright",
    "licence": "ODbL 1.0, (c) OpenStreetMap contributors",
    "retrieved": "2026-08-28",
    "km_downstream": 53.7,
    "km_from_channel": 1.15,
    "reach": "Middle valley"
   }
  },
  {
   "type": "Feature",
   "geometry": {
    "type": "Point",
    "coordinates": [
     85.1742004,
     27.9882565
    ]
   },
   "properties": {
    "name": "Shree Karki Manakamana Nima Vi",
    "name_local": "Shree Karki Manakamana Nima Vi",
    "kind": "school",
    "what_it_is": "a school within 3 km of the river",
    "exposed_not_damaged": "This is something the flood could reach, not something reported damaged. No located damage assessment had been published.",
    "osm_id": "node/5045819002",
    "source": "OpenStreetMap via the Overpass API",
    "source_url": "https://www.openstreetmap.org/copyright",
    "licence": "ODbL 1.0, (c) OpenStreetMap contributors",
    "retrieved": "2026-08-28",
    "km_downstream": 54.0,
    "km_from_channel": 0.58,
    "reach": "Middle valley"
   }
  },
  {
   "type": "Feature",
   "geometry": {
    "type": "Point",
    "coordinates": [
     85.1514245,
     27.9915462
    ]
   },
   "properties": {
    "name": "Shree Chandrajyoti Pra Vi",
    "name_local": "Shree Chandrajyoti Pra Vi",
    "kind": "school",
    "what_it_is": "a school within 3 km of the river",
    "exposed_not_damaged": "This is something the flood could reach, not something reported damaged. No located damage assessment had been published.",
    "osm_id": "way/345644252",
    "source": "OpenStreetMap via the Overpass API",
    "source_url": "https://www.openstreetmap.org/copyright",
    "licence": "ODbL 1.0, (c) OpenStreetMap contributors",
    "retrieved": "2026-08-28",
    "km_downstream": 54.0,
    "km_from_channel": 2.85,
    "reach": "Middle valley"
   }
  },
  {
   "type": "Feature",
   "geometry": {
    "type": "Point",
    "coordinates": [
     85.1913123,
     27.9835489
    ]
   },
   "properties": {
    "name": "Shree Sivalaya Ni Ma.V",
    "name_local": "Shree Sivalaya Ni Ma.V",
    "kind": "school",
    "what_it_is": "a school within 3 km of the river",
    "exposed_not_damaged": "This is something the flood could reach, not something reported damaged. No located damage assessment had been published.",
    "osm_id": "node/4969611375",
    "source": "OpenStreetMap via the Overpass API",
    "source_url": "https://www.openstreetmap.org/copyright",
    "licence": "ODbL 1.0, (c) OpenStreetMap contributors",
    "retrieved": "2026-08-28",
    "km_downstream": 54.4,
    "km_from_channel": 1.06,
    "reach": "Middle valley"
   }
  },
  {
   "type": "Feature",
   "geometry": {
    "type": "Point",
    "coordinates": [
     85.1840744,
     27.9785677
    ]
   },
   "properties": {
    "name": "Shree Neelkanta Higher Sec School",
    "name_local": "Shree Neelkanta Higher Sec School",
    "kind": "school",
    "what_it_is": "a school within 3 km of the river",
    "exposed_not_damaged": "This is something the flood could reach, not something reported damaged. No located damage assessment had been published.",
    "osm_id": "node/4706138525",
    "source": "OpenStreetMap via the Overpass API",
    "source_url": "https://www.openstreetmap.org/copyright",
    "licence": "ODbL 1.0, (c) OpenStreetMap contributors",
    "retrieved": "2026-08-28",
    "km_downstream": 55.1,
    "km_from_channel": 0.24,
    "reach": "Middle valley"
   }
  },
  {
   "type": "Feature",
   "geometry": {
    "type": "Point",
    "coordinates": [
     85.1769728,
     27.9762731
    ]
   },
   "properties": {
    "name": "Shree Sundaradevi Pra Vi",
    "name_local": "Shree Sundaradevi Pra Vi",
    "kind": "school",
    "what_it_is": "a school within 3 km of the river",
    "exposed_not_damaged": "This is something the flood could reach, not something reported damaged. No located damage assessment had been published.",
    "osm_id": "node/5063441826",
    "source": "OpenStreetMap via the Overpass API",
    "source_url": "https://www.openstreetmap.org/copyright",
    "licence": "ODbL 1.0, (c) OpenStreetMap contributors",
    "retrieved": "2026-08-28",
    "km_downstream": 55.3,
    "km_from_channel": 0.5,
    "reach": "Middle valley"
   }
  },
  {
   "type": "Feature",
   "geometry": {
    "type": "Point",
    "coordinates": [
     85.2118821,
     27.9800475
    ]
   },
   "properties": {
    "name": "Shree kakara Devi Pra Vi",
    "name_local": "Shree kakara Devi Pra Vi",
    "kind": "school",
    "what_it_is": "a school within 3 km of the river",
    "exposed_not_damaged": "This is something the flood could reach, not something reported damaged. No located damage assessment had been published.",
    "osm_id": "node/4968217334",
    "source": "OpenStreetMap via the Overpass API",
    "source_url": "https://www.openstreetmap.org/copyright",
    "licence": "ODbL 1.0, (c) OpenStreetMap contributors",
    "retrieved": "2026-08-28",
    "km_downstream": 55.9,
    "km_from_channel": 2.84,
    "reach": "Middle valley"
   }
  },
  {
   "type": "Feature",
   "geometry": {
    "type": "Point",
    "coordinates": [
     85.1992939,
     27.9712671
    ]
   },
   "properties": {
    "name": "Shree Keraghari Pra Vi",
    "name_local": "Shree Keraghari Pra Vi",
    "kind": "school",
    "what_it_is": "a school within 3 km of the river",
    "exposed_not_damaged": "This is something the flood could reach, not something reported damaged. No located damage assessment had been published.",
    "osm_id": "way/516999255",
    "source": "OpenStreetMap via the Overpass API",
    "source_url": "https://www.openstreetmap.org/copyright",
    "licence": "ODbL 1.0, (c) OpenStreetMap contributors",
    "retrieved": "2026-08-28",
    "km_downstream": 55.9,
    "km_from_channel": 1.46,
    "reach": "Middle valley"
   }
  },
  {
   "type": "Feature",
   "geometry": {
    "type": "Point",
    "coordinates": [
     85.1845926,
     27.9709111
    ]
   },
   "properties": {
    "name": "Shree Ramchandra Ni Ma Vi",
    "name_local": "Shree Ramchandra Ni Ma Vi",
    "kind": "school",
    "what_it_is": "a school within 3 km of the river",
    "exposed_not_damaged": "This is something the flood could reach, not something reported damaged. No located damage assessment had been published.",
    "osm_id": "way/516998502",
    "source": "OpenStreetMap via the Overpass API",
    "source_url": "https://www.openstreetmap.org/copyright",
    "licence": "ODbL 1.0, (c) OpenStreetMap contributors",
    "retrieved": "2026-08-28",
    "km_downstream": 56.0,
    "km_from_channel": 0.06,
    "reach": "Middle valley"
   }
  },
  {
   "type": "Feature",
   "geometry": {
    "type": "Point",
    "coordinates": [
     85.1957258,
     27.9534575
    ]
   },
   "properties": {
    "name": "Seti Devi Ma Vi",
    "name_local": "Seti Devi Ma Vi",
    "kind": "school",
    "what_it_is": "a school within 3 km of the river",
    "exposed_not_damaged": "This is something the flood could reach, not something reported damaged. No located damage assessment had been published.",
    "osm_id": "node/5046103334",
    "source": "OpenStreetMap via the Overpass API",
    "source_url": "https://www.openstreetmap.org/copyright",
    "licence": "ODbL 1.0, (c) OpenStreetMap contributors",
    "retrieved": "2026-08-28",
    "km_downstream": 56.1,
    "km_from_channel": 2.24,
    "reach": "Middle valley"
   }
  },
  {
   "type": "Feature",
   "geometry": {
    "type": "Point",
    "coordinates": [
     85.1713294,
     27.9718986
    ]
   },
   "properties": {
    "name": "Shree Sundara Devi English School",
    "name_local": "Shree Sundara Devi English School",
    "kind": "school",
    "what_it_is": "a school within 3 km of the river",
    "exposed_not_damaged": "This is something the flood could reach, not something reported damaged. No located damage assessment had been published.",
    "osm_id": "node/5063447261",
    "source": "OpenStreetMap via the Overpass API",
    "source_url": "https://www.openstreetmap.org/copyright",
    "licence": "ODbL 1.0, (c) OpenStreetMap contributors",
    "retrieved": "2026-08-28",
    "km_downstream": 56.7,
    "km_from_channel": 0.77,
    "reach": "Middle valley"
   }
  },
  {
   "type": "Feature",
   "geometry": {
    "type": "Point",
    "coordinates": [
     85.195088,
     27.9493674
    ]
   },
   "properties": {
    "name": "Shree Siddheshwor Pra Vi",
    "name_local": "Shree Siddheshwor Pra Vi",
    "kind": "school",
    "what_it_is": "a school within 3 km of the river",
    "exposed_not_damaged": "This is something the flood could reach, not something reported damaged. No located damage assessment had been published.",
    "osm_id": "node/5063622342",
    "source": "OpenStreetMap via the Overpass API",
    "source_url": "https://www.openstreetmap.org/copyright",
    "licence": "ODbL 1.0, (c) OpenStreetMap contributors",
    "retrieved": "2026-08-28",
    "km_downstream": 57.1,
    "km_from_channel": 2.53,
    "reach": "Middle valley"
   }
  },
  {
   "type": "Feature",
   "geometry": {
    "type": "Point",
    "coordinates": [
     85.1693966,
     27.964749
    ]
   },
   "properties": {
    "name": "Shree Pioneer Secondary Boarding School",
    "name_local": "",
    "kind": "school",
    "what_it_is": "a school within 3 km of the river",
    "exposed_not_damaged": "This is something the flood could reach, not something reported damaged. No located damage assessment had been published.",
    "osm_id": "node/7940743986",
    "source": "OpenStreetMap via the Overpass API",
    "source_url": "https://www.openstreetmap.org/copyright",
    "licence": "ODbL 1.0, (c) OpenStreetMap contributors",
    "retrieved": "2026-08-28",
    "km_downstream": 57.7,
    "km_from_channel": 0.22,
    "reach": "Middle valley"
   }
  },
  {
   "type": "Feature",
   "geometry": {
    "type": "Point",
    "coordinates": [
     85.1685284,
     27.9671603
    ]
   },
   "properties": {
    "name": "community health services",
    "name_local": "",
    "kind": "health",
    "what_it_is": "a hospital, clinic or health post within 3 km of the river",
    "exposed_not_damaged": "This is something the flood could reach, not something reported damaged. No located damage assessment had been published.",
    "osm_id": "node/8719151117",
    "source": "OpenStreetMap via the Overpass API",
    "source_url": "https://www.openstreetmap.org/copyright",
    "licence": "ODbL 1.0, (c) OpenStreetMap contributors",
    "retrieved": "2026-08-28",
    "km_downstream": 57.7,
    "km_from_channel": 0.5,
    "reach": "Middle valley"
   }
  },
  {
   "type": "Feature",
   "geometry": {
    "type": "Point",
    "coordinates": [
     85.1614837,
     27.9764835
    ]
   },
   "properties": {
    "name": "Shree Sacherta Pra Vi",
    "name_local": "Shree Sacherta Pra Vi",
    "kind": "school",
    "what_it_is": "a school within 3 km of the river",
    "exposed_not_damaged": "This is something the flood could reach, not something reported damaged. No located damage assessment had been published.",
    "osm_id": "way/512486860",
    "source": "OpenStreetMap via the Overpass API",
    "source_url": "https://www.openstreetmap.org/copyright",
    "licence": "ODbL 1.0, (c) OpenStreetMap contributors",
    "retrieved": "2026-08-28",
    "km_downstream": 57.7,
    "km_from_channel": 1.74,
    "reach": "Middle valley"
   }
  },
  {
   "type": "Feature",
   "geometry": {
    "type": "Point",
    "coordinates": [
     85.1687318,
     27.9644831
    ]
   },
   "properties": {
    "name": "Shree Chandeswori Uchha Ma.Vi.",
    "name_local": "Shree Chandeswori Uchha Ma.Vi.",
    "kind": "school",
    "what_it_is": "a school within 3 km of the river",
    "exposed_not_damaged": "This is something the flood could reach, not something reported damaged. No located damage assessment had been published.",
    "osm_id": "way/341049859",
    "source": "OpenStreetMap via the Overpass API",
    "source_url": "https://www.openstreetmap.org/copyright",
    "licence": "ODbL 1.0, (c) OpenStreetMap contributors",
    "retrieved": "2026-08-28",
    "km_downstream": 57.8,
    "km_from_channel": 0.23,
    "reach": "Middle valley"
   }
  },
  {
   "type": "Feature",
   "geometry": {
    "type": "Point",
    "coordinates": [
     85.1561814,
     27.9664889
    ]
   },
   "properties": {
    "name": "Shree Bachchala Devi Ma Vi",
    "name_local": "Shree Bachchala Devi Ma Vi",
    "kind": "school",
    "what_it_is": "a school within 3 km of the river",
    "exposed_not_damaged": "This is something the flood could reach, not something reported damaged. No located damage assessment had been published.",
    "osm_id": "node/5063630818",
    "source": "OpenStreetMap via the Overpass API",
    "source_url": "https://www.openstreetmap.org/copyright",
    "licence": "ODbL 1.0, (c) OpenStreetMap contributors",
    "retrieved": "2026-08-28",
    "km_downstream": 57.9,
    "km_from_channel": 1.37,
    "reach": "Middle valley"
   }
  },
  {
   "type": "Feature",
   "geometry": {
    "type": "Point",
    "coordinates": [
     85.1805257,
     27.950529
    ]
   },
   "properties": {
    "name": "Shree Kalika Ma Vi",
    "name_local": "Shree Kalika Ma Vi",
    "kind": "school",
    "what_it_is": "a school within 3 km of the river",
    "exposed_not_damaged": "This is something the flood could reach, not something reported damaged. No located damage assessment had been published.",
    "osm_id": "node/5046101813",
    "source": "OpenStreetMap via the Overpass API",
    "source_url": "https://www.openstreetmap.org/copyright",
    "licence": "ODbL 1.0, (c) OpenStreetMap contributors",
    "retrieved": "2026-08-28",
    "km_downstream": 58.5,
    "km_from_channel": 1.5,
    "reach": "Middle valley"
   }
  },
  {
   "type": "Feature",
   "geometry": {
    "type": "Point",
    "coordinates": [
     85.1464615,
     27.9584805
    ]
   },
   "properties": {
    "name": "Shree Bhairam Ma Vi",
    "name_local": "Shree Bhairam Ma Vi",
    "kind": "school",
    "what_it_is": "a school within 3 km of the river",
    "exposed_not_damaged": "This is something the flood could reach, not something reported damaged. No located damage assessment had been published.",
    "osm_id": "way/248664068",
    "source": "OpenStreetMap via the Overpass API",
    "source_url": "https://www.openstreetmap.org/copyright",
    "licence": "ODbL 1.0, (c) OpenStreetMap contributors",
    "retrieved": "2026-08-28",
    "km_downstream": 59.0,
    "km_from_channel": 1.57,
    "reach": "Middle valley"
   }
  },
  {
   "type": "Feature",
   "geometry": {
    "type": "Point",
    "coordinates": [
     85.1406695,
     27.9741079
    ]
   },
   "properties": {
    "name": "Shree Ratna Ma. V",
    "name_local": "Shree Ratna Ma. V",
    "kind": "school",
    "what_it_is": "a school within 3 km of the river",
    "exposed_not_damaged": "This is something the flood could reach, not something reported damaged. No located damage assessment had been published.",
    "osm_id": "way/512486634",
    "source": "OpenStreetMap via the Overpass API",
    "source_url": "https://www.openstreetmap.org/copyright",
    "licence": "ODbL 1.0, (c) OpenStreetMap contributors",
    "retrieved": "2026-08-28",
    "km_downstream": 59.0,
    "km_from_channel": 2.99,
    "reach": "Middle valley"
   }
  },
  {
   "type": "Feature",
   "geometry": {
    "type": "Point",
    "coordinates": [
     85.1529455,
     27.9571365
    ]
   },
   "properties": {
    "name": "Shree Janasakti Prathamik Vidhyalaya",
    "name_local": "Shree Janasakti Prathamik Vidhyalaya",
    "kind": "school",
    "what_it_is": "a school within 3 km of the river",
    "exposed_not_damaged": "This is something the flood could reach, not something reported damaged. No located damage assessment had been published.",
    "osm_id": "way/512487645",
    "source": "OpenStreetMap via the Overpass API",
    "source_url": "https://www.openstreetmap.org/copyright",
    "licence": "ODbL 1.0, (c) OpenStreetMap contributors",
    "retrieved": "2026-08-28",
    "km_downstream": 59.0,
    "km_from_channel": 0.92,
    "reach": "Middle valley"
   }
  },
  {
   "type": "Feature",
   "geometry": {
    "type": "Point",
    "coordinates": [
     85.1314325,
     27.9558883
    ]
   },
   "properties": {
    "name": "Shree Bhumedevi Pra.Vi.",
    "name_local": "Shree Bhumedevi Pra.Vi.",
    "kind": "school",
    "what_it_is": "a school within 3 km of the river",
    "exposed_not_damaged": "This is something the flood could reach, not something reported damaged. No located damage assessment had been published.",
    "osm_id": "way/512483067",
    "source": "OpenStreetMap via the Overpass API",
    "source_url": "https://www.openstreetmap.org/copyright",
    "licence": "ODbL 1.0, (c) OpenStreetMap contributors",
    "retrieved": "2026-08-28",
    "km_downstream": 59.1,
    "km_from_channel": 3.0,
    "reach": "Middle valley"
   }
  },
  {
   "type": "Feature",
   "geometry": {
    "type": "Point",
    "coordinates": [
     85.182764,
     27.9373854
    ]
   },
   "properties": {
    "name": "Shree Mahakali Pra Vi",
    "name_local": "Shree Mahakali Pra Vi",
    "kind": "school",
    "what_it_is": "a school within 3 km of the river",
    "exposed_not_damaged": "This is something the flood could reach, not something reported damaged. No located damage assessment had been published.",
    "osm_id": "node/5063612351",
    "source": "OpenStreetMap via the Overpass API",
    "source_url": "https://www.openstreetmap.org/copyright",
    "licence": "ODbL 1.0, (c) OpenStreetMap contributors",
    "retrieved": "2026-08-28",
    "km_downstream": 59.9,
    "km_from_channel": 2.24,
    "reach": "Middle valley"
   }
  },
  {
   "type": "Feature",
   "geometry": {
    "type": "Point",
    "coordinates": [
     85.1584666,
     27.9475845
    ]
   },
   "properties": {
    "name": "Shree Sulakshyana Ma Vi",
    "name_local": "Shree Sulakshyana Ma Vi",
    "kind": "school",
    "what_it_is": "a school within 3 km of the river",
    "exposed_not_damaged": "This is something the flood could reach, not something reported damaged. No located damage assessment had been published.",
    "osm_id": "node/5047244078",
    "source": "OpenStreetMap via the Overpass API",
    "source_url": "https://www.openstreetmap.org/copyright",
    "licence": "ODbL 1.0, (c) OpenStreetMap contributors",
    "retrieved": "2026-08-28",
    "km_downstream": 60.2,
    "km_from_channel": 0.35,
    "reach": "Open valley"
   }
  },
  {
   "type": "Feature",
   "geometry": {
    "type": "Point",
    "coordinates": [
     85.1417138,
     27.95097
    ]
   },
   "properties": {
    "name": "Shree Bhag Bhairam Pra Vi",
    "name_local": "Shree Bhag Bhairam Pra Vi",
    "kind": "school",
    "what_it_is": "a school within 3 km of the river",
    "exposed_not_damaged": "This is something the flood could reach, not something reported damaged. No located damage assessment had been published.",
    "osm_id": "node/5047241367",
    "source": "OpenStreetMap via the Overpass API",
    "source_url": "https://www.openstreetmap.org/copyright",
    "licence": "ODbL 1.0, (c) OpenStreetMap contributors",
    "retrieved": "2026-08-28",
    "km_downstream": 60.4,
    "km_from_channel": 1.98,
    "reach": "Open valley"
   }
  },
  {
   "type": "Feature",
   "geometry": {
    "type": "Point",
    "coordinates": [
     85.1503276,
     27.9447
    ]
   },
   "properties": {
    "name": "Shree Trishuli Pra.Vi.",
    "name_local": "Shree Trishuli Pra.Vi.",
    "kind": "school",
    "what_it_is": "a school within 3 km of the river",
    "exposed_not_damaged": "This is something the flood could reach, not something reported damaged. No located damage assessment had been published.",
    "osm_id": "node/5063390385",
    "source": "OpenStreetMap via the Overpass API",
    "source_url": "https://www.openstreetmap.org/copyright",
    "licence": "ODbL 1.0, (c) OpenStreetMap contributors",
    "retrieved": "2026-08-28",
    "km_downstream": 60.4,
    "km_from_channel": 0.97,
    "reach": "Open valley"
   }
  },
  {
   "type": "Feature",
   "geometry": {
    "type": "Point",
    "coordinates": [
     85.1610007,
     27.9366383
    ]
   },
   "properties": {
    "name": "Sundarikyurini Uchha Ma Vi",
    "name_local": "Sundarikyurini Uchha Ma Vi",
    "kind": "school",
    "what_it_is": "a school within 3 km of the river",
    "exposed_not_damaged": "This is something the flood could reach, not something reported damaged. No located damage assessment had been published.",
    "osm_id": "node/5046101814",
    "source": "OpenStreetMap via the Overpass API",
    "source_url": "https://www.openstreetmap.org/copyright",
    "licence": "ODbL 1.0, (c) OpenStreetMap contributors",
    "retrieved": "2026-08-28",
    "km_downstream": 60.9,
    "km_from_channel": 0.38,
    "reach": "Open valley"
   }
  },
  {
   "type": "Feature",
   "geometry": {
    "type": "Point",
    "coordinates": [
     85.1801878,
     27.9199786
    ]
   },
   "properties": {
    "name": "Sri Vidhya Niketan Pra Vi",
    "name_local": "Sri Vidhya Niketan Pra Vi",
    "kind": "school",
    "what_it_is": "a school within 3 km of the river",
    "exposed_not_damaged": "This is something the flood could reach, not something reported damaged. No located damage assessment had been published.",
    "osm_id": "way/512499069",
    "source": "OpenStreetMap via the Overpass API",
    "source_url": "https://www.openstreetmap.org/copyright",
    "licence": "ODbL 1.0, (c) OpenStreetMap contributors",
    "retrieved": "2026-08-28",
    "km_downstream": 61.8,
    "km_from_channel": 2.82,
    "reach": "Open valley"
   }
  },
  {
   "type": "Feature",
   "geometry": {
    "type": "Point",
    "coordinates": [
     85.1349337,
     27.9408739
    ]
   },
   "properties": {
    "name": "Shree Parijat Pra.Vi.",
    "name_local": "Shree Parijat Pra.Vi.",
    "kind": "school",
    "what_it_is": "a school within 3 km of the river",
    "exposed_not_damaged": "This is something the flood could reach, not something reported damaged. No located damage assessment had been published.",
    "osm_id": "node/5063384303",
    "source": "OpenStreetMap via the Overpass API",
    "source_url": "https://www.openstreetmap.org/copyright",
    "licence": "ODbL 1.0, (c) OpenStreetMap contributors",
    "retrieved": "2026-08-28",
    "km_downstream": 62.4,
    "km_from_channel": 1.73,
    "reach": "Open valley"
   }
  },
  {
   "type": "Feature",
   "geometry": {
    "type": "Point",
    "coordinates": [
     85.1679073,
     27.916846
    ]
   },
   "properties": {
    "name": "Shree Bhairavi Uchha Madhyamik Vidhyalaya",
    "name_local": "Shree Bhairavi Uchha Madhyamik Vidhyalaya",
    "kind": "school",
    "what_it_is": "a school within 3 km of the river",
    "exposed_not_damaged": "This is something the flood could reach, not something reported damaged. No located damage assessment had been published.",
    "osm_id": "node/5010841421",
    "source": "OpenStreetMap via the Overpass API",
    "source_url": "https://www.openstreetmap.org/copyright",
    "licence": "ODbL 1.0, (c) OpenStreetMap contributors",
    "retrieved": "2026-08-28",
    "km_downstream": 63.7,
    "km_from_channel": 1.77,
    "reach": "Open valley"
   }
  },
  {
   "type": "Feature",
   "geometry": {
    "type": "Point",
    "coordinates": [
     85.1451878,
     27.9178928
    ]
   },
   "properties": {
    "name": "Dibyaratna boarding school",
    "name_local": "",
    "kind": "school",
    "what_it_is": "a school within 3 km of the river",
    "exposed_not_damaged": "This is something the flood could reach, not something reported damaged. No located damage assessment had been published.",
    "osm_id": "node/4563086889",
    "source": "OpenStreetMap via the Overpass API",
    "source_url": "https://www.openstreetmap.org/copyright",
    "licence": "ODbL 1.0, (c) OpenStreetMap contributors",
    "retrieved": "2026-08-28",
    "km_downstream": 64.4,
    "km_from_channel": 0.29,
    "reach": "Open valley"
   }
  },
  {
   "type": "Feature",
   "geometry": {
    "type": "Point",
    "coordinates": [
     85.1406005,
     27.9222514
    ]
   },
   "properties": {
    "name": "Panchakanaya star English Sec. boarding school",
    "name_local": "",
    "kind": "school",
    "what_it_is": "a school within 3 km of the river",
    "exposed_not_damaged": "This is something the flood could reach, not something reported damaged. No located damage assessment had been published.",
    "osm_id": "node/4367679495",
    "source": "OpenStreetMap via the Overpass API",
    "source_url": "https://www.openstreetmap.org/copyright",
    "licence": "ODbL 1.0, (c) OpenStreetMap contributors",
    "retrieved": "2026-08-28",
    "km_downstream": 64.6,
    "km_from_channel": 0.32,
    "reach": "Open valley"
   }
  },
  {
   "type": "Feature",
   "geometry": {
    "type": "Point",
    "coordinates": [
     85.1300874,
     27.9327019
    ]
   },
   "properties": {
    "name": "Shree Shanti Bidhya Mandir Pra Vi",
    "name_local": "Shree Shanti Bidhya Mandir Pra Vi",
    "kind": "school",
    "what_it_is": "a school within 3 km of the river",
    "exposed_not_damaged": "This is something the flood could reach, not something reported damaged. No located damage assessment had been published.",
    "osm_id": "node/5046121002",
    "source": "OpenStreetMap via the Overpass API",
    "source_url": "https://www.openstreetmap.org/copyright",
    "licence": "ODbL 1.0, (c) OpenStreetMap contributors",
    "retrieved": "2026-08-28",
    "km_downstream": 64.6,
    "km_from_channel": 1.88,
    "reach": "Open valley"
   }
  },
  {
   "type": "Feature",
   "geometry": {
    "type": "Point",
    "coordinates": [
     85.1396261,
     27.9229547
    ]
   },
   "properties": {
    "name": "Shree Bhairum Higher Secondary School",
    "name_local": "Shree Bhairum Higher Secondary School",
    "kind": "school",
    "what_it_is": "a school within 3 km of the river",
    "exposed_not_damaged": "This is something the flood could reach, not something reported damaged. No located damage assessment had been published.",
    "osm_id": "way/246153293",
    "source": "OpenStreetMap via the Overpass API",
    "source_url": "https://www.openstreetmap.org/copyright",
    "licence": "ODbL 1.0, (c) OpenStreetMap contributors",
    "retrieved": "2026-08-28",
    "km_downstream": 64.6,
    "km_from_channel": 0.44,
    "reach": "Open valley"
   }
  },
  {
   "type": "Feature",
   "geometry": {
    "type": "Point",
    "coordinates": [
     85.1409632,
     27.9246498
    ]
   },
   "properties": {
    "name": "Trishuli Hospital",
    "name_local": "Trishuli Hospital",
    "kind": "health",
    "what_it_is": "a hospital, clinic or health post within 3 km of the river",
    "exposed_not_damaged": "This is something the flood could reach, not something reported damaged. No located damage assessment had been published.",
    "osm_id": "relation/10953586",
    "source": "OpenStreetMap via the Overpass API",
    "source_url": "https://www.openstreetmap.org/copyright",
    "licence": "ODbL 1.0, (c) OpenStreetMap contributors",
    "retrieved": "2026-08-28",
    "km_downstream": 64.6,
    "km_from_channel": 0.52,
    "reach": "Open valley"
   }
  },
  {
   "type": "Feature",
   "geometry": {
    "type": "Point",
    "coordinates": [
     85.1424913,
     27.9142129
    ]
   },
   "properties": {
    "name": "Nari Chetana Bal Bikash Kendra",
    "name_local": "Nari Chetana Bal Bikash Kendra",
    "kind": "school",
    "what_it_is": "a school within 3 km of the river",
    "exposed_not_damaged": "This is something the flood could reach, not something reported damaged. No located damage assessment had been published.",
    "osm_id": "node/5010622731",
    "source": "OpenStreetMap via the Overpass API",
    "source_url": "https://www.openstreetmap.org/copyright",
    "licence": "ODbL 1.0, (c) OpenStreetMap contributors",
    "retrieved": "2026-08-28",
    "km_downstream": 65.0,
    "km_from_channel": 0.4,
    "reach": "Open valley"
   }
  },
  {
   "type": "Feature",
   "geometry": {
    "type": "Point",
    "coordinates": [
     85.141572,
     27.9139771
    ]
   },
   "properties": {
    "name": "Shr Prithibi Ma Vi",
    "name_local": "Shr Prithibi Ma Vi",
    "kind": "school",
    "what_it_is": "a school within 3 km of the river",
    "exposed_not_damaged": "This is something the flood could reach, not something reported damaged. No located damage assessment had been published.",
    "osm_id": "node/5010981070",
    "source": "OpenStreetMap via the Overpass API",
    "source_url": "https://www.openstreetmap.org/copyright",
    "licence": "ODbL 1.0, (c) OpenStreetMap contributors",
    "retrieved": "2026-08-28",
    "km_downstream": 65.1,
    "km_from_channel": 0.38,
    "reach": "Open valley"
   }
  },
  {
   "type": "Feature",
   "geometry": {
    "type": "Point",
    "coordinates": [
     85.1192484,
     27.9347325
    ]
   },
   "properties": {
    "name": "Shree Ajingare Uchha Ma V",
    "name_local": "Shree Ajingare Uchha Ma V",
    "kind": "school",
    "what_it_is": "a school within 3 km of the river",
    "exposed_not_damaged": "This is something the flood could reach, not something reported damaged. No located damage assessment had been published.",
    "osm_id": "node/5057911357",
    "source": "OpenStreetMap via the Overpass API",
    "source_url": "https://www.openstreetmap.org/copyright",
    "licence": "ODbL 1.0, (c) OpenStreetMap contributors",
    "retrieved": "2026-08-28",
    "km_downstream": 65.6,
    "km_from_channel": 2.61,
    "reach": "Open valley"
   }
  },
  {
   "type": "Feature",
   "geometry": {
    "type": "Point",
    "coordinates": [
     85.1246661,
     27.9194349
    ]
   },
   "properties": {
    "name": "Shree Naya Nepal Pra Vi",
    "name_local": "Shree Naya Nepal Pra Vi",
    "kind": "school",
    "what_it_is": "a school within 3 km of the river",
    "exposed_not_damaged": "This is something the flood could reach, not something reported damaged. No located damage assessment had been published.",
    "osm_id": "node/5053266732",
    "source": "OpenStreetMap via the Overpass API",
    "source_url": "https://www.openstreetmap.org/copyright",
    "licence": "ODbL 1.0, (c) OpenStreetMap contributors",
    "retrieved": "2026-08-28",
    "km_downstream": 65.7,
    "km_from_channel": 1.06,
    "reach": "Open valley"
   }
  },
  {
   "type": "Feature",
   "geometry": {
    "type": "Point",
    "coordinates": [
     85.1147598,
     27.9167984
    ]
   },
   "properties": {
    "name": "Shri Tindhare Pipaldanda Ma Vi",
    "name_local": "Shri Tindhare Pipaldanda Ma Vi",
    "kind": "school",
    "what_it_is": "a school within 3 km of the river",
    "exposed_not_damaged": "This is something the flood could reach, not something reported damaged. No located damage assessment had been published.",
    "osm_id": "node/5053271930",
    "source": "OpenStreetMap via the Overpass API",
    "source_url": "https://www.openstreetmap.org/copyright",
    "licence": "ODbL 1.0, (c) OpenStreetMap contributors",
    "retrieved": "2026-08-28",
    "km_downstream": 65.7,
    "km_from_channel": 1.91,
    "reach": "Open valley"
   }
  },
  {
   "type": "Feature",
   "geometry": {
    "type": "Point",
    "coordinates": [
     85.110187,
     27.9134221
    ]
   },
   "properties": {
    "name": "Shri Bageshwari Pra V",
    "name_local": "Shri Bageshwari Pra V",
    "kind": "school",
    "what_it_is": "a school within 3 km of the river",
    "exposed_not_damaged": "This is something the flood could reach, not something reported damaged. No located damage assessment had been published.",
    "osm_id": "node/5053282537",
    "source": "OpenStreetMap via the Overpass API",
    "source_url": "https://www.openstreetmap.org/copyright",
    "licence": "ODbL 1.0, (c) OpenStreetMap contributors",
    "retrieved": "2026-08-28",
    "km_downstream": 65.7,
    "km_from_channel": 2.35,
    "reach": "Open valley"
   }
  },
  {
   "type": "Feature",
   "geometry": {
    "type": "Point",
    "coordinates": [
     85.1103897,
     27.9299255
    ]
   },
   "properties": {
    "name": "Shri Srijanshil Pra V",
    "name_local": "Shri Srijanshil Pra V",
    "kind": "school",
    "what_it_is": "a school within 3 km of the river",
    "exposed_not_damaged": "This is something the flood could reach, not something reported damaged. No located damage assessment had been published.",
    "osm_id": "node/5057917882",
    "source": "OpenStreetMap via the Overpass API",
    "source_url": "https://www.openstreetmap.org/copyright",
    "licence": "ODbL 1.0, (c) OpenStreetMap contributors",
    "retrieved": "2026-08-28",
    "km_downstream": 65.7,
    "km_from_channel": 2.86,
    "reach": "Open valley"
   }
  },
  {
   "type": "Feature",
   "geometry": {
    "type": "Point",
    "coordinates": [
     85.1194421,
     27.9107074
    ]
   },
   "properties": {
    "name": "Shri Sansari Devi Pra Vi",
    "name_local": "Shri Sansari Devi Pra Vi",
    "kind": "school",
    "what_it_is": "a school within 3 km of the river",
    "exposed_not_damaged": "This is something the flood could reach, not something reported damaged. No located damage assessment had been published.",
    "osm_id": "node/5053263672",
    "source": "OpenStreetMap via the Overpass API",
    "source_url": "https://www.openstreetmap.org/copyright",
    "licence": "ODbL 1.0, (c) OpenStreetMap contributors",
    "retrieved": "2026-08-28",
    "km_downstream": 65.8,
    "km_from_channel": 1.5,
    "reach": "Open valley"
   }
  },
  {
   "type": "Feature",
   "geometry": {
    "type": "Point",
    "coordinates": [
     85.1329416,
     27.9054717
    ]
   },
   "properties": {
    "name": "Shr Mahendra Ma Vi",
    "name_local": "Shr Mahendra Ma Vi",
    "kind": "school",
    "what_it_is": "a school within 3 km of the river",
    "exposed_not_damaged": "This is something the flood could reach, not something reported damaged. No located damage assessment had been published.",
    "osm_id": "node/5053261618",
    "source": "OpenStreetMap via the Overpass API",
    "source_url": "https://www.openstreetmap.org/copyright",
    "licence": "ODbL 1.0, (c) OpenStreetMap contributors",
    "retrieved": "2026-08-28",
    "km_downstream": 66.7,
    "km_from_channel": 0.63,
    "reach": "Open valley"
   }
  },
  {
   "type": "Feature",
   "geometry": {
    "type": "Point",
    "coordinates": [
     85.1457841,
     27.9015088
    ]
   },
   "properties": {
    "name": "Panchakanaya Community Hospital",
    "name_local": "",
    "kind": "health",
    "what_it_is": "a hospital, clinic or health post within 3 km of the river",
    "exposed_not_damaged": "This is something the flood could reach, not something reported damaged. No located damage assessment had been published.",
    "osm_id": "node/4367705591",
    "source": "OpenStreetMap via the Overpass API",
    "source_url": "https://www.openstreetmap.org/copyright",
    "licence": "ODbL 1.0, (c) OpenStreetMap contributors",
    "retrieved": "2026-08-28",
    "km_downstream": 67.2,
    "km_from_channel": 0.52,
    "reach": "Open valley"
   }
  },
  {
   "type": "Feature",
   "geometry": {
    "type": "Point",
    "coordinates": [
     85.1457805,
     27.9026442
    ]
   },
   "properties": {
    "name": "Bhagwati Memorial Hospital",
    "name_local": "",
    "kind": "health",
    "what_it_is": "a hospital, clinic or health post within 3 km of the river",
    "exposed_not_damaged": "This is something the flood could reach, not something reported damaged. No located damage assessment had been published.",
    "osm_id": "node/4833882821",
    "source": "OpenStreetMap via the Overpass API",
    "source_url": "https://www.openstreetmap.org/copyright",
    "licence": "ODbL 1.0, (c) OpenStreetMap contributors",
    "retrieved": "2026-08-28",
    "km_downstream": 67.2,
    "km_from_channel": 0.49,
    "reach": "Open valley"
   }
  },
  {
   "type": "Feature",
   "geometry": {
    "type": "Point",
    "coordinates": [
     85.1666901,
     27.8990974
    ]
   },
   "properties": {
    "name": "Shree Annapurna Panchakanya Pra Vi",
    "name_local": "Shree Annapurna Panchakanya Pra Vi",
    "kind": "school",
    "what_it_is": "a school within 3 km of the river",
    "exposed_not_damaged": "This is something the flood could reach, not something reported damaged. No located damage assessment had been published.",
    "osm_id": "node/5046113807",
    "source": "OpenStreetMap via the Overpass API",
    "source_url": "https://www.openstreetmap.org/copyright",
    "licence": "ODbL 1.0, (c) OpenStreetMap contributors",
    "retrieved": "2026-08-28",
    "km_downstream": 67.2,
    "km_from_channel": 2.58,
    "reach": "Open valley"
   }
  },
  {
   "type": "Feature",
   "geometry": {
    "type": "Point",
    "coordinates": [
     85.1467498,
     27.9026236
    ]
   },
   "properties": {
    "name": "Souvenir Boarding Schoolसुभेन",
    "name_local": "",
    "kind": "school",
    "what_it_is": "a school within 3 km of the river",
    "exposed_not_damaged": "This is something the flood could reach, not something reported damaged. No located damage assessment had been published.",
    "osm_id": "node/6917885286",
    "source": "OpenStreetMap via the Overpass API",
    "source_url": "https://www.openstreetmap.org/copyright",
    "licence": "ODbL 1.0, (c) OpenStreetMap contributors",
    "retrieved": "2026-08-28",
    "km_downstream": 67.2,
    "km_from_channel": 0.58,
    "reach": "Open valley"
   }
  },
  {
   "type": "Feature",
   "geometry": {
    "type": "Point",
    "coordinates": [
     85.1458909,
     27.8987595
    ]
   },
   "properties": {
    "name": "Nuwakot Adarsa Multiple Campus",
    "name_local": "Nuwakot Adarsa Multiple Campus",
    "kind": "school",
    "what_it_is": "a school within 3 km of the river",
    "exposed_not_damaged": "This is something the flood could reach, not something reported damaged. No located damage assessment had been published.",
    "osm_id": "node/4367704293",
    "source": "OpenStreetMap via the Overpass API",
    "source_url": "https://www.openstreetmap.org/copyright",
    "licence": "ODbL 1.0, (c) OpenStreetMap contributors",
    "retrieved": "2026-08-28",
    "km_downstream": 67.4,
    "km_from_channel": 0.65,
    "reach": "Open valley"
   }
  },
  {
   "type": "Feature",
   "geometry": {
    "type": "Point",
    "coordinates": [
     85.1438057,
     27.8994811
    ]
   },
   "properties": {
    "name": "Shri United Ni.Ma.Vi.",
    "name_local": "Shri United Ni.Ma.Vi.",
    "kind": "school",
    "what_it_is": "a school within 3 km of the river",
    "exposed_not_damaged": "This is something the flood could reach, not something reported damaged. No located damage assessment had been published.",
    "osm_id": "node/5063397417",
    "source": "OpenStreetMap via the Overpass API",
    "source_url": "https://www.openstreetmap.org/copyright",
    "licence": "ODbL 1.0, (c) OpenStreetMap contributors",
    "retrieved": "2026-08-28",
    "km_downstream": 67.4,
    "km_from_channel": 0.44,
    "reach": "Open valley"
   }
  },
  {
   "type": "Feature",
   "geometry": {
    "type": "Point",
    "coordinates": [
     85.1460541,
     27.8992606
    ]
   },
   "properties": {
    "name": "Sanjivani Hospital",
    "name_local": "Sanjivani Hospital",
    "kind": "health",
    "what_it_is": "a hospital, clinic or health post within 3 km of the river",
    "exposed_not_damaged": "This is something the flood could reach, not something reported damaged. No located damage assessment had been published.",
    "osm_id": "node/10712349307",
    "source": "OpenStreetMap via the Overpass API",
    "source_url": "https://www.openstreetmap.org/copyright",
    "licence": "ODbL 1.0, (c) OpenStreetMap contributors",
    "retrieved": "2026-08-28",
    "km_downstream": 67.4,
    "km_from_channel": 0.64,
    "reach": "Open valley"
   }
  },
  {
   "type": "Feature",
   "geometry": {
    "type": "Point",
    "coordinates": [
     85.1477997,
     27.8940399
    ]
   },
   "properties": {
    "name": "Sri Bhimsen Ma. Vi",
    "name_local": "Sri Bhimsen Ma. Vi",
    "kind": "school",
    "what_it_is": "a school within 3 km of the river",
    "exposed_not_damaged": "This is something the flood could reach, not something reported damaged. No located damage assessment had been published.",
    "osm_id": "way/246148826",
    "source": "OpenStreetMap via the Overpass API",
    "source_url": "https://www.openstreetmap.org/copyright",
    "licence": "ODbL 1.0, (c) OpenStreetMap contributors",
    "retrieved": "2026-08-28",
    "km_downstream": 68.9,
    "km_from_channel": 1.13,
    "reach": "Open valley"
   }
  },
  {
   "type": "Feature",
   "geometry": {
    "type": "Point",
    "coordinates": [
     85.1367303,
     27.8863114
    ]
   },
   "properties": {
    "name": "Shri Mahalaxmi Pra.Vi.",
    "name_local": "Shri Mahalaxmi Pra.Vi.",
    "kind": "school",
    "what_it_is": "a school within 3 km of the river",
    "exposed_not_damaged": "This is something the flood could reach, not something reported damaged. No located damage assessment had been published.",
    "osm_id": "node/5063398787",
    "source": "OpenStreetMap via the Overpass API",
    "source_url": "https://www.openstreetmap.org/copyright",
    "licence": "ODbL 1.0, (c) OpenStreetMap contributors",
    "retrieved": "2026-08-28",
    "km_downstream": 69.3,
    "km_from_channel": 0.24,
    "reach": "Open valley"
   }
  },
  {
   "type": "Feature",
   "geometry": {
    "type": "Point",
    "coordinates": [
     85.1418586,
     27.8791241
    ]
   },
   "properties": {
    "name": "Chowadi Higher Secondary School",
    "name_local": "Chowadi Higher Secondary School",
    "kind": "school",
    "what_it_is": "a school within 3 km of the river",
    "exposed_not_damaged": "This is something the flood could reach, not something reported damaged. No located damage assessment had been published.",
    "osm_id": "way/414459447",
    "source": "OpenStreetMap via the Overpass API",
    "source_url": "https://www.openstreetmap.org/copyright",
    "licence": "ODbL 1.0, (c) OpenStreetMap contributors",
    "retrieved": "2026-08-28",
    "km_downstream": 69.5,
    "km_from_channel": 1.17,
    "reach": "Open valley"
   }
  },
  {
   "type": "Feature",
   "geometry": {
    "type": "Point",
    "coordinates": [
     85.1298955,
     27.8864849
    ]
   },
   "properties": {
    "name": "Shree Mandredhunga Pra V",
    "name_local": "Shree Mandredhunga Pra V",
    "kind": "school",
    "what_it_is": "a school within 3 km of the river",
    "exposed_not_damaged": "This is something the flood could reach, not something reported damaged. No located damage assessment had been published.",
    "osm_id": "node/5055871471",
    "source": "OpenStreetMap via the Overpass API",
    "source_url": "https://www.openstreetmap.org/copyright",
    "licence": "ODbL 1.0, (c) OpenStreetMap contributors",
    "retrieved": "2026-08-28",
    "km_downstream": 69.9,
    "km_from_channel": 0.21,
    "reach": "Open valley"
   }
  },
  {
   "type": "Feature",
   "geometry": {
    "type": "Point",
    "coordinates": [
     85.1136303,
     27.8972462
    ]
   },
   "properties": {
    "name": "Shri Mulabari Pra Vi",
    "name_local": "Shri Mulabari Pra Vi",
    "kind": "school",
    "what_it_is": "a school within 3 km of the river",
    "exposed_not_damaged": "This is something the flood could reach, not something reported damaged. No located damage assessment had been published.",
    "osm_id": "node/5053285356",
    "source": "OpenStreetMap via the Overpass API",
    "source_url": "https://www.openstreetmap.org/copyright",
    "licence": "ODbL 1.0, (c) OpenStreetMap contributors",
    "retrieved": "2026-08-28",
    "km_downstream": 70.2,
    "km_from_channel": 2.14,
    "reach": "Open valley"
   }
  },
  {
   "type": "Feature",
   "geometry": {
    "type": "Point",
    "coordinates": [
     85.1315096,
     27.8730113
    ]
   },
   "properties": {
    "name": "Shri Raktakali Primary School",
    "name_local": "Shri Raktakali Primary School",
    "kind": "school",
    "what_it_is": "a school within 3 km of the river",
    "exposed_not_damaged": "This is something the flood could reach, not something reported damaged. No located damage assessment had been published.",
    "osm_id": "node/5055227421",
    "source": "OpenStreetMap via the Overpass API",
    "source_url": "https://www.openstreetmap.org/copyright",
    "licence": "ODbL 1.0, (c) OpenStreetMap contributors",
    "retrieved": "2026-08-28",
    "km_downstream": 71.1,
    "km_from_channel": 0.62,
    "reach": "Open valley"
   }
  },
  {
   "type": "Feature",
   "geometry": {
    "type": "Point",
    "coordinates": [
     85.1215103,
     27.8681912
    ]
   },
   "properties": {
    "name": "Chandra Jyoti Secondary School",
    "name_local": "Chandra Jyoti Secondary School",
    "kind": "school",
    "what_it_is": "a school within 3 km of the river",
    "exposed_not_damaged": "This is something the flood could reach, not something reported damaged. No located damage assessment had been published.",
    "osm_id": "way/341444140",
    "source": "OpenStreetMap via the Overpass API",
    "source_url": "https://www.openstreetmap.org/copyright",
    "licence": "ODbL 1.0, (c) OpenStreetMap contributors",
    "retrieved": "2026-08-28",
    "km_downstream": 71.9,
    "km_from_channel": 0.48,
    "reach": "Open valley"
   }
  },
  {
   "type": "Feature",
   "geometry": {
    "type": "Point",
    "coordinates": [
     85.1084175,
     27.8843639
    ]
   },
   "properties": {
    "name": "Shri Sundaradevi Pra V",
    "name_local": "Shri Sundaradevi Pra V",
    "kind": "school",
    "what_it_is": "a school within 3 km of the river",
    "exposed_not_damaged": "This is something the flood could reach, not something reported damaged. No located damage assessment had been published.",
    "osm_id": "node/5056002082",
    "source": "OpenStreetMap via the Overpass API",
    "source_url": "https://www.openstreetmap.org/copyright",
    "licence": "ODbL 1.0, (c) OpenStreetMap contributors",
    "retrieved": "2026-08-28",
    "km_downstream": 72.1,
    "km_from_channel": 1.72,
    "reach": "Open valley"
   }
  },
  {
   "type": "Feature",
   "geometry": {
    "type": "Point",
    "coordinates": [
     85.1014537,
     27.8893968
    ]
   },
   "properties": {
    "name": "Shri Birendra Ma V",
    "name_local": "Shri Birendra Ma V",
    "kind": "school",
    "what_it_is": "a school within 3 km of the river",
    "exposed_not_damaged": "This is something the flood could reach, not something reported damaged. No located damage assessment had been published.",
    "osm_id": "node/5055999567",
    "source": "OpenStreetMap via the Overpass API",
    "source_url": "https://www.openstreetmap.org/copyright",
    "licence": "ODbL 1.0, (c) OpenStreetMap contributors",
    "retrieved": "2026-08-28",
    "km_downstream": 72.4,
    "km_from_channel": 2.54,
    "reach": "Open valley"
   }
  },
  {
   "type": "Feature",
   "geometry": {
    "type": "Point",
    "coordinates": [
     85.0951637,
     27.8861254
    ]
   },
   "properties": {
    "name": "Pragatishil Higher Secondary School",
    "name_local": "Pragatishil Higher Secondary School",
    "kind": "school",
    "what_it_is": "a school within 3 km of the river",
    "exposed_not_damaged": "This is something the flood could reach, not something reported damaged. No located damage assessment had been published.",
    "osm_id": "way/246155375",
    "source": "OpenStreetMap via the Overpass API",
    "source_url": "https://www.openstreetmap.org/copyright",
    "licence": "ODbL 1.0, (c) OpenStreetMap contributors",
    "retrieved": "2026-08-28",
    "km_downstream": 72.4,
    "km_from_channel": 2.63,
    "reach": "Open valley"
   }
  },
  {
   "type": "Feature",
   "geometry": {
    "type": "Point",
    "coordinates": [
     85.1039396,
     27.8722838
    ]
   },
   "properties": {
    "name": "Shri Jalapadevi Pra V",
    "name_local": "Shri Jalapadevi Pra V",
    "kind": "school",
    "what_it_is": "a school within 3 km of the river",
    "exposed_not_damaged": "This is something the flood could reach, not something reported damaged. No located damage assessment had been published.",
    "osm_id": "node/5057923620",
    "source": "OpenStreetMap via the Overpass API",
    "source_url": "https://www.openstreetmap.org/copyright",
    "licence": "ODbL 1.0, (c) OpenStreetMap contributors",
    "retrieved": "2026-08-28",
    "km_downstream": 72.6,
    "km_from_channel": 1.02,
    "reach": "Open valley"
   }
  },
  {
   "type": "Feature",
   "geometry": {
    "type": "Point",
    "coordinates": [
     85.1133535,
     27.8635974
    ]
   },
   "properties": {
    "name": "Shri Sahid J P Jang Shah Sanskrit Ma V",
    "name_local": "Shri Sahid J P Jang Shah Sanskrit Ma V",
    "kind": "school",
    "what_it_is": "a school within 3 km of the river",
    "exposed_not_damaged": "This is something the flood could reach, not something reported damaged. No located damage assessment had been published.",
    "osm_id": "way/278201422",
    "source": "OpenStreetMap via the Overpass API",
    "source_url": "https://www.openstreetmap.org/copyright",
    "licence": "ODbL 1.0, (c) OpenStreetMap contributors",
    "retrieved": "2026-08-28",
    "km_downstream": 73.1,
    "km_from_channel": 0.21,
    "reach": "Open valley"
   }
  },
  {
   "type": "Feature",
   "geometry": {
    "type": "Point",
    "coordinates": [
     85.1320118,
     27.8465846
    ]
   },
   "properties": {
    "name": "Shree Mahamaya Ni.Ma.Vi.",
    "name_local": "Shree Mahamaya Ni.Ma.Vi.",
    "kind": "school",
    "what_it_is": "a school within 3 km of the river",
    "exposed_not_damaged": "This is something the flood could reach, not something reported damaged. No located damage assessment had been published.",
    "osm_id": "node/5055534391",
    "source": "OpenStreetMap via the Overpass API",
    "source_url": "https://www.openstreetmap.org/copyright",
    "licence": "ODbL 1.0, (c) OpenStreetMap contributors",
    "retrieved": "2026-08-28",
    "km_downstream": 73.4,
    "km_from_channel": 2.72,
    "reach": "Open valley"
   }
  },
  {
   "type": "Feature",
   "geometry": {
    "type": "Point",
    "coordinates": [
     85.1308337,
     27.8461618
    ]
   },
   "properties": {
    "name": "unnamed",
    "name_local": "",
    "kind": "health",
    "what_it_is": "a hospital, clinic or health post within 3 km of the river",
    "exposed_not_damaged": "This is something the flood could reach, not something reported damaged. No located damage assessment had been published.",
    "osm_id": "way/925120543",
    "source": "OpenStreetMap via the Overpass API",
    "source_url": "https://www.openstreetmap.org/copyright",
    "licence": "ODbL 1.0, (c) OpenStreetMap contributors",
    "retrieved": "2026-08-28",
    "km_downstream": 73.4,
    "km_from_channel": 2.66,
    "reach": "Open valley"
   }
  },
  {
   "type": "Feature",
   "geometry": {
    "type": "Point",
    "coordinates": [
     85.1076937,
     27.8623487
    ]
   },
   "properties": {
    "name": "Shri Rana Bhuwaneswari Uccha Madhyamik Prabidhik Bidyalaya",
    "name_local": "Shri Rana Bhuwaneswari Uccha Madhyamik Prabidhik Bidyalaya",
    "kind": "school",
    "what_it_is": "a school within 3 km of the river",
    "exposed_not_damaged": "This is something the flood could reach, not something reported damaged. No located damage assessment had been published.",
    "osm_id": "way/341439784",
    "source": "OpenStreetMap via the Overpass API",
    "source_url": "https://www.openstreetmap.org/copyright",
    "licence": "ODbL 1.0, (c) OpenStreetMap contributors",
    "retrieved": "2026-08-28",
    "km_downstream": 73.5,
    "km_from_channel": 0.19,
    "reach": "Open valley"
   }
  },
  {
   "type": "Feature",
   "geometry": {
    "type": "Point",
    "coordinates": [
     85.1202494,
     27.8423888
    ]
   },
   "properties": {
    "name": "Shree Janasahabhagita Pra.Vi.",
    "name_local": "Shree Janasahabhagita Pra.Vi.",
    "kind": "school",
    "what_it_is": "a school within 3 km of the river",
    "exposed_not_damaged": "This is something the flood could reach, not something reported damaged. No located damage assessment had been published.",
    "osm_id": "node/5055550836",
    "source": "OpenStreetMap via the Overpass API",
    "source_url": "https://www.openstreetmap.org/copyright",
    "licence": "ODbL 1.0, (c) OpenStreetMap contributors",
    "retrieved": "2026-08-28",
    "km_downstream": 73.9,
    "km_from_channel": 2.26,
    "reach": "Open valley"
   }
  },
  {
   "type": "Feature",
   "geometry": {
    "type": "Point",
    "coordinates": [
     85.106917,
     27.8492569
    ]
   },
   "properties": {
    "name": "Shree Kalyanidevi Higher Secondary School",
    "name_local": "Shree Kalyanidevi Higher Secondary School",
    "kind": "school",
    "what_it_is": "a school within 3 km of the river",
    "exposed_not_damaged": "This is something the flood could reach, not something reported damaged. No located damage assessment had been published.",
    "osm_id": "node/5055243254",
    "source": "OpenStreetMap via the Overpass API",
    "source_url": "https://www.openstreetmap.org/copyright",
    "licence": "ODbL 1.0, (c) OpenStreetMap contributors",
    "retrieved": "2026-08-28",
    "km_downstream": 74.1,
    "km_from_channel": 1.01,
    "reach": "Open valley"
   }
  },
  {
   "type": "Feature",
   "geometry": {
    "type": "Point",
    "coordinates": [
     85.0990593,
     27.8486187
    ]
   },
   "properties": {
    "name": "Shree Bageswori Pra Bi",
    "name_local": "Shree Bageswori Pra Bi",
    "kind": "school",
    "what_it_is": "a school within 3 km of the river",
    "exposed_not_damaged": "This is something the flood could reach, not something reported damaged. No located damage assessment had been published.",
    "osm_id": "node/5055250731",
    "source": "OpenStreetMap via the Overpass API",
    "source_url": "https://www.openstreetmap.org/copyright",
    "licence": "ODbL 1.0, (c) OpenStreetMap contributors",
    "retrieved": "2026-08-28",
    "km_downstream": 74.4,
    "km_from_channel": 1.09,
    "reach": "Open valley"
   }
  },
  {
   "type": "Feature",
   "geometry": {
    "type": "Point",
    "coordinates": [
     85.0982875,
     27.8383918
    ]
   },
   "properties": {
    "name": "Shree Jana Sahayogi Pra. Vi.",
    "name_local": "Shree Jana Sahayogi Pra. Vi.",
    "kind": "school",
    "what_it_is": "a school within 3 km of the river",
    "exposed_not_damaged": "This is something the flood could reach, not something reported damaged. No located damage assessment had been published.",
    "osm_id": "node/5055552653",
    "source": "OpenStreetMap via the Overpass API",
    "source_url": "https://www.openstreetmap.org/copyright",
    "licence": "ODbL 1.0, (c) OpenStreetMap contributors",
    "retrieved": "2026-08-28",
    "km_downstream": 74.4,
    "km_from_channel": 2.22,
    "reach": "Open valley"
   }
  },
  {
   "type": "Feature",
   "geometry": {
    "type": "Point",
    "coordinates": [
     85.0950712,
     27.8633151
    ]
   },
   "properties": {
    "name": "Shri Chhetrapal Lower Secondary School",
    "name_local": "Shri Chhetrapal Lower Secondary School",
    "kind": "school",
    "what_it_is": "a school within 3 km of the river",
    "exposed_not_damaged": "This is something the flood could reach, not something reported damaged. No located damage assessment had been published.",
    "osm_id": "way/341442325",
    "source": "OpenStreetMap via the Overpass API",
    "source_url": "https://www.openstreetmap.org/copyright",
    "licence": "ODbL 1.0, (c) OpenStreetMap contributors",
    "retrieved": "2026-08-28",
    "km_downstream": 75.2,
    "km_from_channel": 0.35,
    "reach": "Open valley"
   }
  },
  {
   "type": "Feature",
   "geometry": {
    "type": "Point",
    "coordinates": [
     85.0904072,
     27.8777165
    ]
   },
   "properties": {
    "name": "Shri Chandeshwari Pra V",
    "name_local": "Shri Chandeshwari Pra V",
    "kind": "school",
    "what_it_is": "a school within 3 km of the river",
    "exposed_not_damaged": "This is something the flood could reach, not something reported damaged. No located damage assessment had been published.",
    "osm_id": "node/5057932148",
    "source": "OpenStreetMap via the Overpass API",
    "source_url": "https://www.openstreetmap.org/copyright",
    "licence": "ODbL 1.0, (c) OpenStreetMap contributors",
    "retrieved": "2026-08-28",
    "km_downstream": 75.5,
    "km_from_channel": 1.92,
    "reach": "Open valley"
   }
  },
  {
   "type": "Feature",
   "geometry": {
    "type": "Point",
    "coordinates": [
     85.0873968,
     27.8625042
    ]
   },
   "properties": {
    "name": "Shri Seti Devi Pra Bi",
    "name_local": "Shri Seti Devi Pra Bi",
    "kind": "school",
    "what_it_is": "a school within 3 km of the river",
    "exposed_not_damaged": "This is something the flood could reach, not something reported damaged. No located damage assessment had been published.",
    "osm_id": "node/5055224610",
    "source": "OpenStreetMap via the Overpass API",
    "source_url": "https://www.openstreetmap.org/copyright",
    "licence": "ODbL 1.0, (c) OpenStreetMap contributors",
    "retrieved": "2026-08-28",
    "km_downstream": 75.7,
    "km_from_channel": 0.31,
    "reach": "Open valley"
   }
  },
  {
   "type": "Feature",
   "geometry": {
    "type": "Point",
    "coordinates": [
     85.0897009,
     27.8536836
    ]
   },
   "properties": {
    "name": "Shri Janasewa Lower Secondary School",
    "name_local": "Shri Janasewa Lower Secondary School",
    "kind": "school",
    "what_it_is": "a school within 3 km of the river",
    "exposed_not_damaged": "This is something the flood could reach, not something reported damaged. No located damage assessment had been published.",
    "osm_id": "node/5055255859",
    "source": "OpenStreetMap via the Overpass API",
    "source_url": "https://www.openstreetmap.org/copyright",
    "licence": "ODbL 1.0, (c) OpenStreetMap contributors",
    "retrieved": "2026-08-28",
    "km_downstream": 76.1,
    "km_from_channel": 0.41,
    "reach": "Open valley"
   }
  },
  {
   "type": "Feature",
   "geometry": {
    "type": "Point",
    "coordinates": [
     85.0806347,
     27.8576473
    ]
   },
   "properties": {
    "name": "Shri Chandi Ni.Ma.Vi.",
    "name_local": "Shri Chandi Ni.Ma.Vi.",
    "kind": "school",
    "what_it_is": "a school within 3 km of the river",
    "exposed_not_damaged": "This is something the flood could reach, not something reported damaged. No located damage assessment had been published.",
    "osm_id": "node/5055300883",
    "source": "OpenStreetMap via the Overpass API",
    "source_url": "https://www.openstreetmap.org/copyright",
    "licence": "ODbL 1.0, (c) OpenStreetMap contributors",
    "retrieved": "2026-08-28",
    "km_downstream": 76.8,
    "km_from_channel": 0.17,
    "reach": "Open valley"
   }
  },
  {
   "type": "Feature",
   "geometry": {
    "type": "Point",
    "coordinates": [
     85.079304,
     27.8660329
    ]
   },
   "properties": {
    "name": "Shree Vaisnabee Pra Bi",
    "name_local": "Shree Vaisnabee Pra Bi",
    "kind": "school",
    "what_it_is": "a school within 3 km of the river",
    "exposed_not_damaged": "This is something the flood could reach, not something reported damaged. No located damage assessment had been published.",
    "osm_id": "node/5055281479",
    "source": "OpenStreetMap via the Overpass API",
    "source_url": "https://www.openstreetmap.org/copyright",
    "licence": "ODbL 1.0, (c) OpenStreetMap contributors",
    "retrieved": "2026-08-28",
    "km_downstream": 77.0,
    "km_from_channel": 1.1,
    "reach": "Open valley"
   }
  },
  {
   "type": "Feature",
   "geometry": {
    "type": "Point",
    "coordinates": [
     85.0801866,
     27.8366401
    ]
   },
   "properties": {
    "name": "Shree Utpaneswor Pra Bi",
    "name_local": "Shree Utpaneswor Pra Bi",
    "kind": "school",
    "what_it_is": "a school within 3 km of the river",
    "exposed_not_damaged": "This is something the flood could reach, not something reported damaged. No located damage assessment had been published.",
    "osm_id": "node/5055225686",
    "source": "OpenStreetMap via the Overpass API",
    "source_url": "https://www.openstreetmap.org/copyright",
    "licence": "ODbL 1.0, (c) OpenStreetMap contributors",
    "retrieved": "2026-08-28",
    "km_downstream": 77.5,
    "km_from_channel": 1.94,
    "reach": "Open valley"
   }
  },
  {
   "type": "Feature",
   "geometry": {
    "type": "Point",
    "coordinates": [
     85.079971,
     27.8305431
    ]
   },
   "properties": {
    "name": "Shree Malika Madyamik School",
    "name_local": "Shree Malika Madyamik School",
    "kind": "school",
    "what_it_is": "a school within 3 km of the river",
    "exposed_not_damaged": "This is something the flood could reach, not something reported damaged. No located damage assessment had been published.",
    "osm_id": "node/5055229415",
    "source": "OpenStreetMap via the Overpass API",
    "source_url": "https://www.openstreetmap.org/copyright",
    "licence": "ODbL 1.0, (c) OpenStreetMap contributors",
    "retrieved": "2026-08-28",
    "km_downstream": 77.5,
    "km_from_channel": 2.6,
    "reach": "Open valley"
   }
  },
  {
   "type": "Feature",
   "geometry": {
    "type": "Point",
    "coordinates": [
     85.0761647,
     27.8472004
    ]
   },
   "properties": {
    "name": "Shree Saraswati Ni.Ma.Vi",
    "name_local": "Shree Saraswati Ni.Ma.Vi",
    "kind": "school",
    "what_it_is": "a school within 3 km of the river",
    "exposed_not_damaged": "This is something the flood could reach, not something reported damaged. No located damage assessment had been published.",
    "osm_id": "node/5057844529",
    "source": "OpenStreetMap via the Overpass API",
    "source_url": "https://www.openstreetmap.org/copyright",
    "licence": "ODbL 1.0, (c) OpenStreetMap contributors",
    "retrieved": "2026-08-28",
    "km_downstream": 77.5,
    "km_from_channel": 0.71,
    "reach": "Open valley"
   }
  },
  {
   "type": "Feature",
   "geometry": {
    "type": "Point",
    "coordinates": [
     85.0636687,
     27.842552
    ]
   },
   "properties": {
    "name": "Shree Jana Samudayik Pra V",
    "name_local": "Shree Jana Samudayik Pra V",
    "kind": "school",
    "what_it_is": "a school within 3 km of the river",
    "exposed_not_damaged": "This is something the flood could reach, not something reported damaged. No located damage assessment had been published.",
    "osm_id": "node/5055840858",
    "source": "OpenStreetMap via the Overpass API",
    "source_url": "https://www.openstreetmap.org/copyright",
    "licence": "ODbL 1.0, (c) OpenStreetMap contributors",
    "retrieved": "2026-08-28",
    "km_downstream": 77.9,
    "km_from_channel": 1.42,
    "reach": "Open valley"
   }
  },
  {
   "type": "Feature",
   "geometry": {
    "type": "Point",
    "coordinates": [
     85.056981,
     27.8710966
    ]
   },
   "properties": {
    "name": "Shree Chakreswor Pra Bi",
    "name_local": "Shree Chakreswor Pra Bi",
    "kind": "school",
    "what_it_is": "a school within 3 km of the river",
    "exposed_not_damaged": "This is something the flood could reach, not something reported damaged. No located damage assessment had been published.",
    "osm_id": "node/5055215239",
    "source": "OpenStreetMap via the Overpass API",
    "source_url": "https://www.openstreetmap.org/copyright",
    "licence": "ODbL 1.0, (c) OpenStreetMap contributors",
    "retrieved": "2026-08-28",
    "km_downstream": 79.2,
    "km_from_channel": 1.26,
    "reach": "Open valley"
   }
  },
  {
   "type": "Feature",
   "geometry": {
    "type": "Point",
    "coordinates": [
     85.0711935,
     27.8813474
    ]
   },
   "properties": {
    "name": "Shree Nawa Jyoti Pra V",
    "name_local": "Shree Nawa Jyoti Pra V",
    "kind": "school",
    "what_it_is": "a school within 3 km of the river",
    "exposed_not_damaged": "This is something the flood could reach, not something reported damaged. No located damage assessment had been published.",
    "osm_id": "node/5057857080",
    "source": "OpenStreetMap via the Overpass API",
    "source_url": "https://www.openstreetmap.org/copyright",
    "licence": "ODbL 1.0, (c) OpenStreetMap contributors",
    "retrieved": "2026-08-28",
    "km_downstream": 79.2,
    "km_from_channel": 2.59,
    "reach": "Open valley"
   }
  },
  {
   "type": "Feature",
   "geometry": {
    "type": "Point",
    "coordinates": [
     85.0506117,
     27.8841576
    ]
   },
   "properties": {
    "name": "Shree Bhumedevi Pra V",
    "name_local": "Shree Bhumedevi Pra V",
    "kind": "school",
    "what_it_is": "a school within 3 km of the river",
    "exposed_not_damaged": "This is something the flood could reach, not something reported damaged. No located damage assessment had been published.",
    "osm_id": "node/5057849364",
    "source": "OpenStreetMap via the Overpass API",
    "source_url": "https://www.openstreetmap.org/copyright",
    "licence": "ODbL 1.0, (c) OpenStreetMap contributors",
    "retrieved": "2026-08-28",
    "km_downstream": 79.3,
    "km_from_channel": 2.83,
    "reach": "Open valley"
   }
  },
  {
   "type": "Feature",
   "geometry": {
    "type": "Point",
    "coordinates": [
     85.0494947,
     27.8670735
    ]
   },
   "properties": {
    "name": "Shree Annapurna Pra Bi",
    "name_local": "Shree Annapurna Pra Bi",
    "kind": "school",
    "what_it_is": "a school within 3 km of the river",
    "exposed_not_damaged": "This is something the flood could reach, not something reported damaged. No located damage assessment had been published.",
    "osm_id": "node/5055214876",
    "source": "OpenStreetMap via the Overpass API",
    "source_url": "https://www.openstreetmap.org/copyright",
    "licence": "ODbL 1.0, (c) OpenStreetMap contributors",
    "retrieved": "2026-08-28",
    "km_downstream": 79.5,
    "km_from_channel": 1.24,
    "reach": "Open valley"
   }
  },
  {
   "type": "Feature",
   "geometry": {
    "type": "Point",
    "coordinates": [
     85.0603241,
     27.8522932
    ]
   },
   "properties": {
    "name": "Mahadev Multiple Campus",
    "name_local": "Mahadev Multiple Campus",
    "kind": "school",
    "what_it_is": "a school within 3 km of the river",
    "exposed_not_damaged": "This is something the flood could reach, not something reported damaged. No located damage assessment had been published.",
    "osm_id": "node/5055601519",
    "source": "OpenStreetMap via the Overpass API",
    "source_url": "https://www.openstreetmap.org/copyright",
    "licence": "ODbL 1.0, (c) OpenStreetMap contributors",
    "retrieved": "2026-08-28",
    "km_downstream": 79.9,
    "km_from_channel": 0.51,
    "reach": "Open valley"
   }
  },
  {
   "type": "Feature",
   "geometry": {
    "type": "Point",
    "coordinates": [
     85.061131,
     27.8365893
    ]
   },
   "properties": {
    "name": "Kamarudevi Higher Secondary School",
    "name_local": "Kamarudevi Higher Secondary School",
    "kind": "school",
    "what_it_is": "a school within 3 km of the river",
    "exposed_not_damaged": "This is something the flood could reach, not something reported damaged. No located damage assessment had been published.",
    "osm_id": "way/248664802",
    "source": "OpenStreetMap via the Overpass API",
    "source_url": "https://www.openstreetmap.org/copyright",
    "licence": "ODbL 1.0, (c) OpenStreetMap contributors",
    "retrieved": "2026-08-28",
    "km_downstream": 80.2,
    "km_from_channel": 2.04,
    "reach": "Open valley"
   }
  },
  {
   "type": "Feature",
   "geometry": {
    "type": "Point",
    "coordinates": [
     85.0550338,
     27.8422408
    ]
   },
   "properties": {
    "name": "Shree Ganesh Ba.Bi. Kendra",
    "name_local": "Shree Ganesh Ba.Bi. Kendra",
    "kind": "school",
    "what_it_is": "a school within 3 km of the river",
    "exposed_not_damaged": "This is something the flood could reach, not something reported damaged. No located damage assessment had been published.",
    "osm_id": "node/5057844489",
    "source": "OpenStreetMap via the Overpass API",
    "source_url": "https://www.openstreetmap.org/copyright",
    "licence": "ODbL 1.0, (c) OpenStreetMap contributors",
    "retrieved": "2026-08-28",
    "km_downstream": 80.4,
    "km_from_channel": 1.26,
    "reach": "Open valley"
   }
  },
  {
   "type": "Feature",
   "geometry": {
    "type": "Point",
    "coordinates": [
     85.0423178,
     27.8514602
    ]
   },
   "properties": {
    "name": "Shri Sila Devi Ma. Vi",
    "name_local": "Shri Sila Devi Ma. Vi",
    "kind": "school",
    "what_it_is": "a school within 3 km of the river",
    "exposed_not_damaged": "This is something the flood could reach, not something reported damaged. No located damage assessment had been published.",
    "osm_id": "node/5046072853",
    "source": "OpenStreetMap via the Overpass API",
    "source_url": "https://www.openstreetmap.org/copyright",
    "licence": "ODbL 1.0, (c) OpenStreetMap contributors",
    "retrieved": "2026-08-28",
    "km_downstream": 81.2,
    "km_from_channel": 0.5,
    "reach": "Open valley"
   }
  },
  {
   "type": "Feature",
   "geometry": {
    "type": "Point",
    "coordinates": [
     85.0420043,
     27.8699957
    ]
   },
   "properties": {
    "name": "Shree Chandi Ma. Bi.",
    "name_local": "Shree Chandi Ma. Bi.",
    "kind": "school",
    "what_it_is": "a school within 3 km of the river",
    "exposed_not_damaged": "This is something the flood could reach, not something reported damaged. No located damage assessment had been published.",
    "osm_id": "node/5055213382",
    "source": "OpenStreetMap via the Overpass API",
    "source_url": "https://www.openstreetmap.org/copyright",
    "licence": "ODbL 1.0, (c) OpenStreetMap contributors",
    "retrieved": "2026-08-28",
    "km_downstream": 81.5,
    "km_from_channel": 1.47,
    "reach": "Open valley"
   }
  },
  {
   "type": "Feature",
   "geometry": {
    "type": "Point",
    "coordinates": [
     85.0452653,
     27.8697362
    ]
   },
   "properties": {
    "name": "Chandi Secondary School",
    "name_local": "Chandi Secondary School",
    "kind": "school",
    "what_it_is": "a school within 3 km of the river",
    "exposed_not_damaged": "This is something the flood could reach, not something reported damaged. No located damage assessment had been published.",
    "osm_id": "way/246154350",
    "source": "OpenStreetMap via the Overpass API",
    "source_url": "https://www.openstreetmap.org/copyright",
    "licence": "ODbL 1.0, (c) OpenStreetMap contributors",
    "retrieved": "2026-08-28",
    "km_downstream": 81.5,
    "km_from_channel": 1.47,
    "reach": "Open valley"
   }
  },
  {
   "type": "Feature",
   "geometry": {
    "type": "Point",
    "coordinates": [
     85.0217986,
     27.8770549
    ]
   },
   "properties": {
    "name": "Shree Saraswoti Ni Ma Vi",
    "name_local": "Shree Saraswoti Ni Ma Vi",
    "kind": "school",
    "what_it_is": "a school within 3 km of the river",
    "exposed_not_damaged": "This is something the flood could reach, not something reported damaged. No located damage assessment had been published.",
    "osm_id": "node/5055213421",
    "source": "OpenStreetMap via the Overpass API",
    "source_url": "https://www.openstreetmap.org/copyright",
    "licence": "ODbL 1.0, (c) OpenStreetMap contributors",
    "retrieved": "2026-08-28",
    "km_downstream": 82.6,
    "km_from_channel": 2.71,
    "reach": "Open valley"
   }
  },
  {
   "type": "Feature",
   "geometry": {
    "type": "Point",
    "coordinates": [
     85.0122024,
     27.8663133
    ]
   },
   "properties": {
    "name": "Taruka Shri Krishna Campus",
    "name_local": "Taruka Shri Krishna Campus",
    "kind": "school",
    "what_it_is": "a school within 3 km of the river",
    "exposed_not_damaged": "This is something the flood could reach, not something reported damaged. No located damage assessment had been published.",
    "osm_id": "node/5055204026",
    "source": "OpenStreetMap via the Overpass API",
    "source_url": "https://www.openstreetmap.org/copyright",
    "licence": "ODbL 1.0, (c) OpenStreetMap contributors",
    "retrieved": "2026-08-28",
    "km_downstream": 82.7,
    "km_from_channel": 2.32,
    "reach": "Open valley"
   }
  },
  {
   "type": "Feature",
   "geometry": {
    "type": "Point",
    "coordinates": [
     85.0066926,
     27.8685866
    ]
   },
   "properties": {
    "name": "Shri Namuna Janajagriti Pra Vi",
    "name_local": "Shri Namuna Janajagriti Pra Vi",
    "kind": "school",
    "what_it_is": "a school within 3 km of the river",
    "exposed_not_damaged": "This is something the flood could reach, not something reported damaged. No located damage assessment had been published.",
    "osm_id": "node/5055212679",
    "source": "OpenStreetMap via the Overpass API",
    "source_url": "https://www.openstreetmap.org/copyright",
    "licence": "ODbL 1.0, (c) OpenStreetMap contributors",
    "retrieved": "2026-08-28",
    "km_downstream": 82.7,
    "km_from_channel": 2.91,
    "reach": "Open valley"
   }
  },
  {
   "type": "Feature",
   "geometry": {
    "type": "Point",
    "coordinates": [
     85.0137685,
     27.8636423
    ]
   },
   "properties": {
    "name": "Krishna Higher Secondary School",
    "name_local": "Krishna Higher Secondary School",
    "kind": "school",
    "what_it_is": "a school within 3 km of the river",
    "exposed_not_damaged": "This is something the flood could reach, not something reported damaged. No located damage assessment had been published.",
    "osm_id": "way/246153777",
    "source": "OpenStreetMap via the Overpass API",
    "source_url": "https://www.openstreetmap.org/copyright",
    "licence": "ODbL 1.0, (c) OpenStreetMap contributors",
    "retrieved": "2026-08-28",
    "km_downstream": 82.7,
    "km_from_channel": 2.03,
    "reach": "Open valley"
   }
  },
  {
   "type": "Feature",
   "geometry": {
    "type": "Point",
    "coordinates": [
     85.0276701,
     27.8491356
    ]
   },
   "properties": {
    "name": "Shri Ganeshman Singh Memorial Primary School",
    "name_local": "Shri Ganeshman Singh Memorial Primary School",
    "kind": "school",
    "what_it_is": "a school within 3 km of the river",
    "exposed_not_damaged": "This is something the flood could reach, not something reported damaged. No located damage assessment had been published.",
    "osm_id": "node/5055276919",
    "source": "OpenStreetMap via the Overpass API",
    "source_url": "https://www.openstreetmap.org/copyright",
    "licence": "ODbL 1.0, (c) OpenStreetMap contributors",
    "retrieved": "2026-08-28",
    "km_downstream": 83.4,
    "km_from_channel": 0.14,
    "reach": "Open valley"
   }
  },
  {
   "type": "Feature",
   "geometry": {
    "type": "Point",
    "coordinates": [
     85.0388808,
     27.842588
    ]
   },
   "properties": {
    "name": "Shree Bhairab Kunda Pra Bi",
    "name_local": "Shree Bhairab Kunda Pra Bi",
    "kind": "school",
    "what_it_is": "a school within 3 km of the river",
    "exposed_not_damaged": "This is something the flood could reach, not something reported damaged. No located damage assessment had been published.",
    "osm_id": "node/5055287476",
    "source": "OpenStreetMap via the Overpass API",
    "source_url": "https://www.openstreetmap.org/copyright",
    "licence": "ODbL 1.0, (c) OpenStreetMap contributors",
    "retrieved": "2026-08-28",
    "km_downstream": 83.4,
    "km_from_channel": 1.18,
    "reach": "Open valley"
   }
  },
  {
   "type": "Feature",
   "geometry": {
    "type": "Point",
    "coordinates": [
     84.9973831,
     27.85279
    ]
   },
   "properties": {
    "name": "Shree Annapurna Pra Vi",
    "name_local": "Shree Annapurna Pra Vi",
    "kind": "school",
    "what_it_is": "a school within 3 km of the river",
    "exposed_not_damaged": "This is something the flood could reach, not something reported damaged. No located damage assessment had been published.",
    "osm_id": "node/4938159044",
    "source": "OpenStreetMap via the Overpass API",
    "source_url": "https://www.openstreetmap.org/copyright",
    "licence": "ODbL 1.0, (c) OpenStreetMap contributors",
    "retrieved": "2026-08-28",
    "km_downstream": 84.5,
    "km_from_channel": 2.41,
    "reach": "Open valley"
   }
  },
  {
   "type": "Feature",
   "geometry": {
    "type": "Point",
    "coordinates": [
     85.0051275,
     27.8526659
    ]
   },
   "properties": {
    "name": "Shri Shahid Prashansha Pra Vi.",
    "name_local": "Shri Shahid Prashansha Pra Vi.",
    "kind": "school",
    "what_it_is": "a school within 3 km of the river",
    "exposed_not_damaged": "This is something the flood could reach, not something reported damaged. No located damage assessment had been published.",
    "osm_id": "node/5055278965",
    "source": "OpenStreetMap via the Overpass API",
    "source_url": "https://www.openstreetmap.org/copyright",
    "licence": "ODbL 1.0, (c) OpenStreetMap contributors",
    "retrieved": "2026-08-28",
    "km_downstream": 84.5,
    "km_from_channel": 1.75,
    "reach": "Open valley"
   }
  },
  {
   "type": "Feature",
   "geometry": {
    "type": "Point",
    "coordinates": [
     85.0192998,
     27.8390414
    ]
   },
   "properties": {
    "name": "Shree Pimaltar Uchcha Ma.Vi.",
    "name_local": "Shree Pimaltar Uchcha Ma.Vi.",
    "kind": "school",
    "what_it_is": "a school within 3 km of the river",
    "exposed_not_damaged": "This is something the flood could reach, not something reported damaged. No located damage assessment had been published.",
    "osm_id": "node/5055527657",
    "source": "OpenStreetMap via the Overpass API",
    "source_url": "https://www.openstreetmap.org/copyright",
    "licence": "ODbL 1.0, (c) OpenStreetMap contributors",
    "retrieved": "2026-08-28",
    "km_downstream": 84.9,
    "km_from_channel": 0.13,
    "reach": "Open valley"
   }
  },
  {
   "type": "Feature",
   "geometry": {
    "type": "Point",
    "coordinates": [
     85.0456871,
     27.8289329
    ]
   },
   "properties": {
    "name": "Shree Indreshwor Ni Ma V",
    "name_local": "Shree Indreshwor Ni Ma V",
    "kind": "school",
    "what_it_is": "a school within 3 km of the river",
    "exposed_not_damaged": "This is something the flood could reach, not something reported damaged. No located damage assessment had been published.",
    "osm_id": "node/5057815963",
    "source": "OpenStreetMap via the Overpass API",
    "source_url": "https://www.openstreetmap.org/copyright",
    "licence": "ODbL 1.0, (c) OpenStreetMap contributors",
    "retrieved": "2026-08-28",
    "km_downstream": 85.7,
    "km_from_channel": 2.28,
    "reach": "Open valley"
   }
  },
  {
   "type": "Feature",
   "geometry": {
    "type": "Point",
    "coordinates": [
     85.0319758,
     27.8296539
    ]
   },
   "properties": {
    "name": "Shree Ganesh Sthan Pra V",
    "name_local": "Shree Ganesh Sthan Pra V",
    "kind": "school",
    "what_it_is": "a school within 3 km of the river",
    "exposed_not_damaged": "This is something the flood could reach, not something reported damaged. No located damage assessment had been published.",
    "osm_id": "node/5057823335",
    "source": "OpenStreetMap via the Overpass API",
    "source_url": "https://www.openstreetmap.org/copyright",
    "licence": "ODbL 1.0, (c) OpenStreetMap contributors",
    "retrieved": "2026-08-28",
    "km_downstream": 85.8,
    "km_from_channel": 0.97,
    "reach": "Open valley"
   }
  },
  {
   "type": "Feature",
   "geometry": {
    "type": "Point",
    "coordinates": [
     85.0129471,
     27.8327407
    ]
   },
   "properties": {
    "name": "Shree ChiuriBhanjyang primary School",
    "name_local": "Shree ChiuriBhanjyang primary School",
    "kind": "school",
    "what_it_is": "a school within 3 km of the river",
    "exposed_not_damaged": "This is something the flood could reach, not something reported damaged. No located damage assessment had been published.",
    "osm_id": "way/355674068",
    "source": "OpenStreetMap via the Overpass API",
    "source_url": "https://www.openstreetmap.org/copyright",
    "licence": "ODbL 1.0, (c) OpenStreetMap contributors",
    "retrieved": "2026-08-28",
    "km_downstream": 86.4,
    "km_from_channel": 0.73,
    "reach": "Open valley"
   }
  },
  {
   "type": "Feature",
   "geometry": {
    "type": "Point",
    "coordinates": [
     85.0051374,
     27.8287506
    ]
   },
   "properties": {
    "name": "Shree Bhairabi Pra Vi",
    "name_local": "Shree Bhairabi Pra Vi",
    "kind": "school",
    "what_it_is": "a school within 3 km of the river",
    "exposed_not_damaged": "This is something the flood could reach, not something reported damaged. No located damage assessment had been published.",
    "osm_id": "node/4938197962",
    "source": "OpenStreetMap via the Overpass API",
    "source_url": "https://www.openstreetmap.org/copyright",
    "licence": "ODbL 1.0, (c) OpenStreetMap contributors",
    "retrieved": "2026-08-28",
    "km_downstream": 86.7,
    "km_from_channel": 1.23,
    "reach": "Open valley"
   }
  },
  {
   "type": "Feature",
   "geometry": {
    "type": "Point",
    "coordinates": [
     84.9949712,
     27.8309949
    ]
   },
   "properties": {
    "name": "Shree Jalpa Devi Pra Vi",
    "name_local": "Shree Jalpa Devi Pra Vi",
    "kind": "school",
    "what_it_is": "a school within 3 km of the river",
    "exposed_not_damaged": "This is something the flood could reach, not something reported damaged. No located damage assessment had been published.",
    "osm_id": "node/4938226817",
    "source": "OpenStreetMap via the Overpass API",
    "source_url": "https://www.openstreetmap.org/copyright",
    "licence": "ODbL 1.0, (c) OpenStreetMap contributors",
    "retrieved": "2026-08-28",
    "km_downstream": 86.7,
    "km_from_channel": 2.26,
    "reach": "Open valley"
   }
  },
  {
   "type": "Feature",
   "geometry": {
    "type": "Point",
    "coordinates": [
     84.9917137,
     27.8330648
    ]
   },
   "properties": {
    "name": "Groud",
    "name_local": "",
    "kind": "school",
    "what_it_is": "a school within 3 km of the river",
    "exposed_not_damaged": "This is something the flood could reach, not something reported damaged. No located damage assessment had been published.",
    "osm_id": "node/6411587085",
    "source": "OpenStreetMap via the Overpass API",
    "source_url": "https://www.openstreetmap.org/copyright",
    "licence": "ODbL 1.0, (c) OpenStreetMap contributors",
    "retrieved": "2026-08-28",
    "km_downstream": 86.7,
    "km_from_channel": 2.63,
    "reach": "Open valley"
   }
  },
  {
   "type": "Feature",
   "geometry": {
    "type": "Point",
    "coordinates": [
     85.0328762,
     27.8182902
    ]
   },
   "properties": {
    "name": "Shree Jwalamukhi Pra V",
    "name_local": "Shree Jwalamukhi Pra V",
    "kind": "school",
    "what_it_is": "a school within 3 km of the river",
    "exposed_not_damaged": "This is something the flood could reach, not something reported damaged. No located damage assessment had been published.",
    "osm_id": "node/5046051858",
    "source": "OpenStreetMap via the Overpass API",
    "source_url": "https://www.openstreetmap.org/copyright",
    "licence": "ODbL 1.0, (c) OpenStreetMap contributors",
    "retrieved": "2026-08-28",
    "km_downstream": 87.4,
    "km_from_channel": 1.57,
    "reach": "Open valley"
   }
  },
  {
   "type": "Feature",
   "geometry": {
    "type": "Point",
    "coordinates": [
     84.9976547,
     27.8207063
    ]
   },
   "properties": {
    "name": "Shree Saraswati Ma V",
    "name_local": "Shree Saraswati Ma V",
    "kind": "school",
    "what_it_is": "a school within 3 km of the river",
    "exposed_not_damaged": "This is something the flood could reach, not something reported damaged. No located damage assessment had been published.",
    "osm_id": "node/4936632610",
    "source": "OpenStreetMap via the Overpass API",
    "source_url": "https://www.openstreetmap.org/copyright",
    "licence": "ODbL 1.0, (c) OpenStreetMap contributors",
    "retrieved": "2026-08-28",
    "km_downstream": 88.3,
    "km_from_channel": 1.69,
    "reach": "Open valley"
   }
  },
  {
   "type": "Feature",
   "geometry": {
    "type": "Point",
    "coordinates": [
     85.0058159,
     27.818219
    ]
   },
   "properties": {
    "name": "Shree Suntar Pra V",
    "name_local": "Shree Suntar Pra V",
    "kind": "school",
    "what_it_is": "a school within 3 km of the river",
    "exposed_not_damaged": "This is something the flood could reach, not something reported damaged. No located damage assessment had been published.",
    "osm_id": "way/503330237",
    "source": "OpenStreetMap via the Overpass API",
    "source_url": "https://www.openstreetmap.org/copyright",
    "licence": "ODbL 1.0, (c) OpenStreetMap contributors",
    "retrieved": "2026-08-28",
    "km_downstream": 88.3,
    "km_from_channel": 0.87,
    "reach": "Open valley"
   }
  },
  {
   "type": "Feature",
   "geometry": {
    "type": "Point",
    "coordinates": [
     85.014091,
     27.8105267
    ]
   },
   "properties": {
    "name": "Shree Mahadev Uchha Ma V",
    "name_local": "Shree Mahadev Uchha Ma V",
    "kind": "school",
    "what_it_is": "a school within 3 km of the river",
    "exposed_not_damaged": "This is something the flood could reach, not something reported damaged. No located damage assessment had been published.",
    "osm_id": "node/5057829568",
    "source": "OpenStreetMap via the Overpass API",
    "source_url": "https://www.openstreetmap.org/copyright",
    "licence": "ODbL 1.0, (c) OpenStreetMap contributors",
    "retrieved": "2026-08-28",
    "km_downstream": 88.8,
    "km_from_channel": 0.15,
    "reach": "Open valley"
   }
  },
  {
   "type": "Feature",
   "geometry": {
    "type": "Point",
    "coordinates": [
     85.0331531,
     27.7924162
    ]
   },
   "properties": {
    "name": "Shree Janasewa Ni Ma V",
    "name_local": "Shree Janasewa Ni Ma V",
    "kind": "school",
    "what_it_is": "a school within 3 km of the river",
    "exposed_not_damaged": "This is something the flood could reach, not something reported damaged. No located damage assessment had been published.",
    "osm_id": "way/503172483",
    "source": "OpenStreetMap via the Overpass API",
    "source_url": "https://www.openstreetmap.org/copyright",
    "licence": "ODbL 1.0, (c) OpenStreetMap contributors",
    "retrieved": "2026-08-28",
    "km_downstream": 89.0,
    "km_from_channel": 2.52,
    "reach": "Open valley"
   }
  },
  {
   "type": "Feature",
   "geometry": {
    "type": "Point",
    "coordinates": [
     85.0187289,
     27.8018256
    ]
   },
   "properties": {
    "name": "Shree Jwaladevi Pra V",
    "name_local": "Shree Jwaladevi Pra V",
    "kind": "school",
    "what_it_is": "a school within 3 km of the river",
    "exposed_not_damaged": "This is something the flood could reach, not something reported damaged. No located damage assessment had been published.",
    "osm_id": "node/4935203352",
    "source": "OpenStreetMap via the Overpass API",
    "source_url": "https://www.openstreetmap.org/copyright",
    "licence": "ODbL 1.0, (c) OpenStreetMap contributors",
    "retrieved": "2026-08-28",
    "km_downstream": 89.1,
    "km_from_channel": 0.78,
    "reach": "Open valley"
   }
  },
  {
   "type": "Feature",
   "geometry": {
    "type": "Point",
    "coordinates": [
     85.0037684,
     27.8055049
    ]
   },
   "properties": {
    "name": "Shree Barahi Pra Vi",
    "name_local": "Shree Barahi Pra Vi",
    "kind": "school",
    "what_it_is": "a school within 3 km of the river",
    "exposed_not_damaged": "This is something the flood could reach, not something reported damaged. No located damage assessment had been published.",
    "osm_id": "way/503534896",
    "source": "OpenStreetMap via the Overpass API",
    "source_url": "https://www.openstreetmap.org/copyright",
    "licence": "ODbL 1.0, (c) OpenStreetMap contributors",
    "retrieved": "2026-08-28",
    "km_downstream": 90.1,
    "km_from_channel": 0.23,
    "reach": "Open valley"
   }
  },
  {
   "type": "Feature",
   "geometry": {
    "type": "Point",
    "coordinates": [
     85.0059501,
     27.786964
    ]
   },
   "properties": {
    "name": "Shree Balkumari Ni Ma V",
    "name_local": "Shree Balkumari Ni Ma V",
    "kind": "school",
    "what_it_is": "a school within 3 km of the river",
    "exposed_not_damaged": "This is something the flood could reach, not something reported damaged. No located damage assessment had been published.",
    "osm_id": "node/4940064231",
    "source": "OpenStreetMap via the Overpass API",
    "source_url": "https://www.openstreetmap.org/copyright",
    "licence": "ODbL 1.0, (c) OpenStreetMap contributors",
    "retrieved": "2026-08-28",
    "km_downstream": 90.5,
    "km_from_channel": 1.74,
    "reach": "Open valley"
   }
  },
  {
   "type": "Feature",
   "geometry": {
    "type": "Point",
    "coordinates": [
     85.0061916,
     27.7871289
    ]
   },
   "properties": {
    "name": "Shree Balkumari Ni Ma V",
    "name_local": "Shree Balkumari Ni Ma V",
    "kind": "school",
    "what_it_is": "a school within 3 km of the river",
    "exposed_not_damaged": "This is something the flood could reach, not something reported damaged. No located damage assessment had been published.",
    "osm_id": "way/503727992",
    "source": "OpenStreetMap via the Overpass API",
    "source_url": "https://www.openstreetmap.org/copyright",
    "licence": "ODbL 1.0, (c) OpenStreetMap contributors",
    "retrieved": "2026-08-28",
    "km_downstream": 90.5,
    "km_from_channel": 1.73,
    "reach": "Open valley"
   }
  },
  {
   "type": "Feature",
   "geometry": {
    "type": "Point",
    "coordinates": [
     84.9946206,
     27.7990996
    ]
   },
   "properties": {
    "name": "The Rising Village Higher Secondary School",
    "name_local": "The Rising Village Higher Secondary School",
    "kind": "school",
    "what_it_is": "a school within 3 km of the river",
    "exposed_not_damaged": "This is something the flood could reach, not something reported damaged. No located damage assessment had been published.",
    "osm_id": "node/9519236617",
    "source": "OpenStreetMap via the Overpass API",
    "source_url": "https://www.openstreetmap.org/copyright",
    "licence": "ODbL 1.0, (c) OpenStreetMap contributors",
    "retrieved": "2026-08-28",
    "km_downstream": 91.0,
    "km_from_channel": 0.5,
    "reach": "Open valley"
   }
  },
  {
   "type": "Feature",
   "geometry": {
    "type": "Point",
    "coordinates": [
     84.9873403,
     27.8012475
    ]
   },
   "properties": {
    "name": "Shree Bageswori Secondary School",
    "name_local": "श्री बागेश्‍वरी मा.वि.",
    "kind": "school",
    "what_it_is": "a school within 3 km of the river",
    "exposed_not_damaged": "This is something the flood could reach, not something reported damaged. No located damage assessment had been published.",
    "osm_id": "way/503954323",
    "source": "OpenStreetMap via the Overpass API",
    "source_url": "https://www.openstreetmap.org/copyright",
    "licence": "ODbL 1.0, (c) OpenStreetMap contributors",
    "retrieved": "2026-08-28",
    "km_downstream": 91.6,
    "km_from_channel": 0.4,
    "reach": "Open valley"
   }
  },
  {
   "type": "Feature",
   "geometry": {
    "type": "Point",
    "coordinates": [
     84.98784,
     27.8011734
    ]
   },
   "properties": {
    "name": "Baireni Hospital",
    "name_local": "बैरेनी अस्पताल",
    "kind": "health",
    "what_it_is": "a hospital, clinic or health post within 3 km of the river",
    "exposed_not_damaged": "This is something the flood could reach, not something reported damaged. No located damage assessment had been published.",
    "osm_id": "way/1096865403",
    "source": "OpenStreetMap via the Overpass API",
    "source_url": "https://www.openstreetmap.org/copyright",
    "licence": "ODbL 1.0, (c) OpenStreetMap contributors",
    "retrieved": "2026-08-28",
    "km_downstream": 91.6,
    "km_from_channel": 0.36,
    "reach": "Open valley"
   }
  },
  {
   "type": "Feature",
   "geometry": {
    "type": "Point",
    "coordinates": [
     84.9935902,
     27.8210177
    ]
   },
   "properties": {
    "name": "Saraswati Secondary School, Galchhi 1",
    "name_local": "",
    "kind": "school",
    "what_it_is": "a school within 3 km of the river",
    "exposed_not_damaged": "This is something the flood could reach, not something reported damaged. No located damage assessment had been published.",
    "osm_id": "node/5502417921",
    "source": "OpenStreetMap via the Overpass API",
    "source_url": "https://www.openstreetmap.org/copyright",
    "licence": "ODbL 1.0, (c) OpenStreetMap contributors",
    "retrieved": "2026-08-28",
    "km_downstream": 91.8,
    "km_from_channel": 1.8,
    "reach": "Open valley"
   }
  },
  {
   "type": "Feature",
   "geometry": {
    "type": "Point",
    "coordinates": [
     84.9864874,
     27.7923913
    ]
   },
   "properties": {
    "name": "Shree Bageshwori Pra V",
    "name_local": "Shree Bageshwori Pra V",
    "kind": "school",
    "what_it_is": "a school within 3 km of the river",
    "exposed_not_damaged": "This is something the flood could reach, not something reported damaged. No located damage assessment had been published.",
    "osm_id": "way/503726270",
    "source": "OpenStreetMap via the Overpass API",
    "source_url": "https://www.openstreetmap.org/copyright",
    "licence": "ODbL 1.0, (c) OpenStreetMap contributors",
    "retrieved": "2026-08-28",
    "km_downstream": 92.6,
    "km_from_channel": 1.21,
    "reach": "Open valley"
   }
  },
  {
   "type": "Feature",
   "geometry": {
    "type": "Point",
    "coordinates": [
     84.9766483,
     27.8043976
    ]
   },
   "properties": {
    "name": "Shri Kali Devi Pra Vi",
    "name_local": "Shri Kali Devi Pra Vi",
    "kind": "school",
    "what_it_is": "a school within 3 km of the river",
    "exposed_not_damaged": "This is something the flood could reach, not something reported damaged. No located damage assessment had been published.",
    "osm_id": "way/503534980",
    "source": "OpenStreetMap via the Overpass API",
    "source_url": "https://www.openstreetmap.org/copyright",
    "licence": "ODbL 1.0, (c) OpenStreetMap contributors",
    "retrieved": "2026-08-28",
    "km_downstream": 93.2,
    "km_from_channel": 0.32,
    "reach": "Open valley"
   }
  },
  {
   "type": "Feature",
   "geometry": {
    "type": "Point",
    "coordinates": [
     84.9721026,
     27.7899271
    ]
   },
   "properties": {
    "name": "Shree Amaleshwor Pra V",
    "name_local": "Shree Amaleshwor Pra V",
    "kind": "school",
    "what_it_is": "a school within 3 km of the river",
    "exposed_not_damaged": "This is something the flood could reach, not something reported damaged. No located damage assessment had been published.",
    "osm_id": "node/4940154688",
    "source": "OpenStreetMap via the Overpass API",
    "source_url": "https://www.openstreetmap.org/copyright",
    "licence": "ODbL 1.0, (c) OpenStreetMap contributors",
    "retrieved": "2026-08-28",
    "km_downstream": 93.4,
    "km_from_channel": 1.33,
    "reach": "Open valley"
   }
  },
  {
   "type": "Feature",
   "geometry": {
    "type": "Point",
    "coordinates": [
     84.9554246,
     27.7866928
    ]
   },
   "properties": {
    "name": "Shree Bageswori Pra Vi",
    "name_local": "Shree Bageswori Pra Vi",
    "kind": "school",
    "what_it_is": "a school within 3 km of the river",
    "exposed_not_damaged": "This is something the flood could reach, not something reported damaged. No located damage assessment had been published.",
    "osm_id": "node/4940118891",
    "source": "OpenStreetMap via the Overpass API",
    "source_url": "https://www.openstreetmap.org/copyright",
    "licence": "ODbL 1.0, (c) OpenStreetMap contributors",
    "retrieved": "2026-08-28",
    "km_downstream": 93.7,
    "km_from_channel": 2.39,
    "reach": "Open valley"
   }
  },
  {
   "type": "Feature",
   "geometry": {
    "type": "Point",
    "coordinates": [
     84.9576445,
     27.7989839
    ]
   },
   "properties": {
    "name": "Shree Panchakanya Pra V",
    "name_local": "Shree Panchakanya Pra V",
    "kind": "school",
    "what_it_is": "a school within 3 km of the river",
    "exposed_not_damaged": "This is something the flood could reach, not something reported damaged. No located damage assessment had been published.",
    "osm_id": "way/503723726",
    "source": "OpenStreetMap via the Overpass API",
    "source_url": "https://www.openstreetmap.org/copyright",
    "licence": "ODbL 1.0, (c) OpenStreetMap contributors",
    "retrieved": "2026-08-28",
    "km_downstream": 94.3,
    "km_from_channel": 1.44,
    "reach": "Open valley"
   }
  },
  {
   "type": "Feature",
   "geometry": {
    "type": "Point",
    "coordinates": [
     84.9673198,
     27.8129605
    ]
   },
   "properties": {
    "name": "Shree Rakta Bachchhala Ni Ma Vi",
    "name_local": "Shree Rakta Bachchhala Ni Ma Vi",
    "kind": "school",
    "what_it_is": "a school within 3 km of the river",
    "exposed_not_damaged": "This is something the flood could reach, not something reported damaged. No located damage assessment had been published.",
    "osm_id": "way/448813338",
    "source": "OpenStreetMap via the Overpass API",
    "source_url": "https://www.openstreetmap.org/copyright",
    "licence": "ODbL 1.0, (c) OpenStreetMap contributors",
    "retrieved": "2026-08-28",
    "km_downstream": 95.0,
    "km_from_channel": 0.12,
    "reach": "Open valley"
   }
  },
  {
   "type": "Feature",
   "geometry": {
    "type": "Point",
    "coordinates": [
     84.9607132,
     27.8109771
    ]
   },
   "properties": {
    "name": "Shree Janakalyan Higher Secondary School",
    "name_local": "Shree Janakalyan Higher Secondary School",
    "kind": "school",
    "what_it_is": "a school within 3 km of the river",
    "exposed_not_damaged": "This is something the flood could reach, not something reported damaged. No located damage assessment had been published.",
    "osm_id": "way/448804361",
    "source": "OpenStreetMap via the Overpass API",
    "source_url": "https://www.openstreetmap.org/copyright",
    "licence": "ODbL 1.0, (c) OpenStreetMap contributors",
    "retrieved": "2026-08-28",
    "km_downstream": 95.3,
    "km_from_channel": 0.43,
    "reach": "Open valley"
   }
  },
  {
   "type": "Feature",
   "geometry": {
    "type": "Point",
    "coordinates": [
     84.9585297,
     27.8272741
    ]
   },
   "properties": {
    "name": "Shree Tinkanya Pra Vi",
    "name_local": "Shree Tinkanya Pra Vi",
    "kind": "school",
    "what_it_is": "a school within 3 km of the river",
    "exposed_not_damaged": "This is something the flood could reach, not something reported damaged. No located damage assessment had been published.",
    "osm_id": "node/4938220377",
    "source": "OpenStreetMap via the Overpass API",
    "source_url": "https://www.openstreetmap.org/copyright",
    "licence": "ODbL 1.0, (c) OpenStreetMap contributors",
    "retrieved": "2026-08-28",
    "km_downstream": 96.4,
    "km_from_channel": 1.03,
    "reach": "Open valley"
   }
  },
  {
   "type": "Feature",
   "geometry": {
    "type": "Point",
    "coordinates": [
     84.9631456,
     27.8366508
    ]
   },
   "properties": {
    "name": "Dharmadwar Primary School",
    "name_local": "Dharmadwar Primary School",
    "kind": "school",
    "what_it_is": "a school within 3 km of the river",
    "exposed_not_damaged": "This is something the flood could reach, not something reported damaged. No located damage assessment had been published.",
    "osm_id": "way/448801018",
    "source": "OpenStreetMap via the Overpass API",
    "source_url": "https://www.openstreetmap.org/copyright",
    "licence": "ODbL 1.0, (c) OpenStreetMap contributors",
    "retrieved": "2026-08-28",
    "km_downstream": 96.4,
    "km_from_channel": 2.12,
    "reach": "Open valley"
   }
  },
  {
   "type": "Feature",
   "geometry": {
    "type": "Point",
    "coordinates": [
     84.9519693,
     27.8379326
    ]
   },
   "properties": {
    "name": "Shree kalleri Ma Vi",
    "name_local": "Shree kalleri Ma Vi",
    "kind": "school",
    "what_it_is": "a school within 3 km of the river",
    "exposed_not_damaged": "This is something the flood could reach, not something reported damaged. No located damage assessment had been published.",
    "osm_id": "node/4938222071",
    "source": "OpenStreetMap via the Overpass API",
    "source_url": "https://www.openstreetmap.org/copyright",
    "licence": "ODbL 1.0, (c) OpenStreetMap contributors",
    "retrieved": "2026-08-28",
    "km_downstream": 96.6,
    "km_from_channel": 2.3,
    "reach": "Open valley"
   }
  },
  {
   "type": "Feature",
   "geometry": {
    "type": "Point",
    "coordinates": [
     84.9469214,
     27.8291513
    ]
   },
   "properties": {
    "name": "Shree Bhakta Bachala Pra Vi",
    "name_local": "Shree Bhakta Bachala Pra Vi",
    "kind": "school",
    "what_it_is": "a school within 3 km of the river",
    "exposed_not_damaged": "This is something the flood could reach, not something reported damaged. No located damage assessment had been published.",
    "osm_id": "node/4936638275",
    "source": "OpenStreetMap via the Overpass API",
    "source_url": "https://www.openstreetmap.org/copyright",
    "licence": "ODbL 1.0, (c) OpenStreetMap contributors",
    "retrieved": "2026-08-28",
    "km_downstream": 97.4,
    "km_from_channel": 1.41,
    "reach": "Open valley"
   }
  },
  {
   "type": "Feature",
   "geometry": {
    "type": "Point",
    "coordinates": [
     84.9247711,
     27.8293502
    ]
   },
   "properties": {
    "name": "Shree Shiwalaya Pra V",
    "name_local": "Shree Shiwalaya Pra V",
    "kind": "school",
    "what_it_is": "a school within 3 km of the river",
    "exposed_not_damaged": "This is something the flood could reach, not something reported damaged. No located damage assessment had been published.",
    "osm_id": "node/4936630463",
    "source": "OpenStreetMap via the Overpass API",
    "source_url": "https://www.openstreetmap.org/copyright",
    "licence": "ODbL 1.0, (c) OpenStreetMap contributors",
    "retrieved": "2026-08-28",
    "km_downstream": 97.8,
    "km_from_channel": 2.64,
    "reach": "Open valley"
   }
  },
  {
   "type": "Feature",
   "geometry": {
    "type": "Point",
    "coordinates": [
     84.9322363,
     27.8293495
    ]
   },
   "properties": {
    "name": "Shree Panchakanya Pra V",
    "name_local": "Shree Panchakanya Pra V",
    "kind": "school",
    "what_it_is": "a school within 3 km of the river",
    "exposed_not_damaged": "This is something the flood could reach, not something reported damaged. No located damage assessment had been published.",
    "osm_id": "way/503331715",
    "source": "OpenStreetMap via the Overpass API",
    "source_url": "https://www.openstreetmap.org/copyright",
    "licence": "ODbL 1.0, (c) OpenStreetMap contributors",
    "retrieved": "2026-08-28",
    "km_downstream": 97.8,
    "km_from_channel": 2.09,
    "reach": "Open valley"
   }
  },
  {
   "type": "Feature",
   "geometry": {
    "type": "Point",
    "coordinates": [
     84.9442606,
     27.8147716
    ]
   },
   "properties": {
    "name": "Shri Belinitar Pra Vi",
    "name_local": "Shri Belinitar Pra Vi",
    "kind": "school",
    "what_it_is": "a school within 3 km of the river",
    "exposed_not_damaged": "This is something the flood could reach, not something reported damaged. No located damage assessment had been published.",
    "osm_id": "node/4936634947",
    "source": "OpenStreetMap via the Overpass API",
    "source_url": "https://www.openstreetmap.org/copyright",
    "licence": "ODbL 1.0, (c) OpenStreetMap contributors",
    "retrieved": "2026-08-28",
    "km_downstream": 97.9,
    "km_from_channel": 0.17,
    "reach": "Open valley"
   }
  },
  {
   "type": "Feature",
   "geometry": {
    "type": "Point",
    "coordinates": [
     84.9346731,
     27.8176978
    ]
   },
   "properties": {
    "name": "Shree Simaldanda Balbikash Kendra",
    "name_local": "Shree Simaldanda Balbikash Kendra",
    "kind": "school",
    "what_it_is": "a school within 3 km of the river",
    "exposed_not_damaged": "This is something the flood could reach, not something reported damaged. No located damage assessment had been published.",
    "osm_id": "node/4938226551",
    "source": "OpenStreetMap via the Overpass API",
    "source_url": "https://www.openstreetmap.org/copyright",
    "licence": "ODbL 1.0, (c) OpenStreetMap contributors",
    "retrieved": "2026-08-28",
    "km_downstream": 98.4,
    "km_from_channel": 1.15,
    "reach": "Open valley"
   }
  },
  {
   "type": "Feature",
   "geometry": {
    "type": "Point",
    "coordinates": [
     84.9377771,
     27.810738
    ]
   },
   "properties": {
    "name": "Shri Satyawati Uchha Ma V",
    "name_local": "Shri Satyawati Uchha Ma V",
    "kind": "school",
    "what_it_is": "a school within 3 km of the river",
    "exposed_not_damaged": "This is something the flood could reach, not something reported damaged. No located damage assessment had been published.",
    "osm_id": "node/4934948633",
    "source": "OpenStreetMap via the Overpass API",
    "source_url": "https://www.openstreetmap.org/copyright",
    "licence": "ODbL 1.0, (c) OpenStreetMap contributors",
    "retrieved": "2026-08-28",
    "km_downstream": 98.7,
    "km_from_channel": 0.54,
    "reach": "Open valley"
   }
  },
  {
   "type": "Feature",
   "geometry": {
    "type": "Point",
    "coordinates": [
     84.9402208,
     27.8086848
    ]
   },
   "properties": {
    "name": "shree satyawati higher secondary school",
    "name_local": "shree satyawati higher secondary school",
    "kind": "school",
    "what_it_is": "a school within 3 km of the river",
    "exposed_not_damaged": "This is something the flood could reach, not something reported damaged. No located damage assessment had been published.",
    "osm_id": "way/639113707",
    "source": "OpenStreetMap via the Overpass API",
    "source_url": "https://www.openstreetmap.org/copyright",
    "licence": "ODbL 1.0, (c) OpenStreetMap contributors",
    "retrieved": "2026-08-28",
    "km_downstream": 98.7,
    "km_from_channel": 0.22,
    "reach": "Open valley"
   }
  },
  {
   "type": "Feature",
   "geometry": {
    "type": "Point",
    "coordinates": [
     84.9439006,
     27.8050001
    ]
   },
   "properties": {
    "name": "Shri Indrayani Ni Ma Vi",
    "name_local": "Shri Indrayani Ni Ma Vi",
    "kind": "school",
    "what_it_is": "a school within 3 km of the river",
    "exposed_not_damaged": "This is something the flood could reach, not something reported damaged. No located damage assessment had been published.",
    "osm_id": "node/4940185637",
    "source": "OpenStreetMap via the Overpass API",
    "source_url": "https://www.openstreetmap.org/copyright",
    "licence": "ODbL 1.0, (c) OpenStreetMap contributors",
    "retrieved": "2026-08-28",
    "km_downstream": 98.9,
    "km_from_channel": 0.33,
    "reach": "Open valley"
   }
  },
  {
   "type": "Feature",
   "geometry": {
    "type": "Point",
    "coordinates": [
     84.9340328,
     27.7933024
    ]
   },
   "properties": {
    "name": "Shree Santaneswor Pra Vi",
    "name_local": "Shree Santaneswor Pra Vi",
    "kind": "school",
    "what_it_is": "a school within 3 km of the river",
    "exposed_not_damaged": "This is something the flood could reach, not something reported damaged. No located damage assessment had been published.",
    "osm_id": "way/503749641",
    "source": "OpenStreetMap via the Overpass API",
    "source_url": "https://www.openstreetmap.org/copyright",
    "licence": "ODbL 1.0, (c) OpenStreetMap contributors",
    "retrieved": "2026-08-28",
    "km_downstream": 100.5,
    "km_from_channel": 0.91,
    "reach": "Open valley"
   }
  },
  {
   "type": "Feature",
   "geometry": {
    "type": "Point",
    "coordinates": [
     84.9362268,
     27.7830367
    ]
   },
   "properties": {
    "name": "Shree Bhairabi Pra V",
    "name_local": "Shree Bhairabi Pra V",
    "kind": "school",
    "what_it_is": "a school within 3 km of the river",
    "exposed_not_damaged": "This is something the flood could reach, not something reported damaged. No located damage assessment had been published.",
    "osm_id": "node/4940049202",
    "source": "OpenStreetMap via the Overpass API",
    "source_url": "https://www.openstreetmap.org/copyright",
    "licence": "ODbL 1.0, (c) OpenStreetMap contributors",
    "retrieved": "2026-08-28",
    "km_downstream": 100.9,
    "km_from_channel": 1.99,
    "reach": "Open valley"
   }
  },
  {
   "type": "Feature",
   "geometry": {
    "type": "Point",
    "coordinates": [
     84.9244485,
     27.7716813
    ]
   },
   "properties": {
    "name": "Shree Panchakanya Ni Ma Vi",
    "name_local": "Shree Panchakanya Ni Ma Vi",
    "kind": "school",
    "what_it_is": "a school within 3 km of the river",
    "exposed_not_damaged": "This is something the flood could reach, not something reported damaged. No located damage assessment had been published.",
    "osm_id": "node/4939986050",
    "source": "OpenStreetMap via the Overpass API",
    "source_url": "https://www.openstreetmap.org/copyright",
    "licence": "ODbL 1.0, (c) OpenStreetMap contributors",
    "retrieved": "2026-08-28",
    "km_downstream": 101.1,
    "km_from_channel": 2.86,
    "reach": "Open valley"
   }
  },
  {
   "type": "Feature",
   "geometry": {
    "type": "Point",
    "coordinates": [
     84.9187844,
     27.7880128
    ]
   },
   "properties": {
    "name": "Shree Bhanu Bhakta Ma Vi",
    "name_local": "Shree Bhanu Bhakta Ma Vi",
    "kind": "school",
    "what_it_is": "a school within 3 km of the river",
    "exposed_not_damaged": "This is something the flood could reach, not something reported damaged. No located damage assessment had been published.",
    "osm_id": "node/4940180031",
    "source": "OpenStreetMap via the Overpass API",
    "source_url": "https://www.openstreetmap.org/copyright",
    "licence": "ODbL 1.0, (c) OpenStreetMap contributors",
    "retrieved": "2026-08-28",
    "km_downstream": 101.1,
    "km_from_channel": 1.12,
    "reach": "Open valley"
   }
  },
  {
   "type": "Feature",
   "geometry": {
    "type": "Point",
    "coordinates": [
     84.9243278,
     27.7819654
    ]
   },
   "properties": {
    "name": "Shree Janachcetana Pra V",
    "name_local": "Shree Janachcetana Pra V",
    "kind": "school",
    "what_it_is": "a school within 3 km of the river",
    "exposed_not_damaged": "This is something the flood could reach, not something reported damaged. No located damage assessment had been published.",
    "osm_id": "way/503927631",
    "source": "OpenStreetMap via the Overpass API",
    "source_url": "https://www.openstreetmap.org/copyright",
    "licence": "ODbL 1.0, (c) OpenStreetMap contributors",
    "retrieved": "2026-08-28",
    "km_downstream": 101.1,
    "km_from_channel": 1.72,
    "reach": "Open valley"
   }
  },
  {
   "type": "Feature",
   "geometry": {
    "type": "Point",
    "coordinates": [
     84.9086033,
     27.7801772
    ]
   },
   "properties": {
    "name": "Shree Mahadev Pra V",
    "name_local": "Shree Mahadev Pra V",
    "kind": "school",
    "what_it_is": "a school within 3 km of the river",
    "exposed_not_damaged": "This is something the flood could reach, not something reported damaged. No located damage assessment had been published.",
    "osm_id": "node/4941868578",
    "source": "OpenStreetMap via the Overpass API",
    "source_url": "https://www.openstreetmap.org/copyright",
    "licence": "ODbL 1.0, (c) OpenStreetMap contributors",
    "retrieved": "2026-08-28",
    "km_downstream": 101.3,
    "km_from_channel": 2.34,
    "reach": "Open valley"
   }
  },
  {
   "type": "Feature",
   "geometry": {
    "type": "Point",
    "coordinates": [
     84.9068915,
     27.7876491
    ]
   },
   "properties": {
    "name": "Shree Bagh Sundar Pra Vi",
    "name_local": "Shree Bagh Sundar Pra Vi",
    "kind": "school",
    "what_it_is": "a school within 3 km of the river",
    "exposed_not_damaged": "This is something the flood could reach, not something reported damaged. No located damage assessment had been published.",
    "osm_id": "node/4941660864",
    "source": "OpenStreetMap via the Overpass API",
    "source_url": "https://www.openstreetmap.org/copyright",
    "licence": "ODbL 1.0, (c) OpenStreetMap contributors",
    "retrieved": "2026-08-28",
    "km_downstream": 102.0,
    "km_from_channel": 1.73,
    "reach": "Open valley"
   }
  },
  {
   "type": "Feature",
   "geometry": {
    "type": "Point",
    "coordinates": [
     84.9230934,
     27.8135783
    ]
   },
   "properties": {
    "name": "Shree Kalika Pra V",
    "name_local": "Shree Kalika Pra V",
    "kind": "school",
    "what_it_is": "a school within 3 km of the river",
    "exposed_not_damaged": "This is something the flood could reach, not something reported damaged. No located damage assessment had been published.",
    "osm_id": "node/4934947447",
    "source": "OpenStreetMap via the Overpass API",
    "source_url": "https://www.openstreetmap.org/copyright",
    "licence": "ODbL 1.0, (c) OpenStreetMap contributors",
    "retrieved": "2026-08-28",
    "km_downstream": 102.5,
    "km_from_channel": 1.34,
    "reach": "Open valley"
   }
  },
  {
   "type": "Feature",
   "geometry": {
    "type": "Point",
    "coordinates": [
     84.9230585,
     27.8259677
    ]
   },
   "properties": {
    "name": "Shree Bhumeshwor Pra V",
    "name_local": "Shree Bhumeshwor Pra V",
    "kind": "school",
    "what_it_is": "a school within 3 km of the river",
    "exposed_not_damaged": "This is something the flood could reach, not something reported damaged. No located damage assessment had been published.",
    "osm_id": "node/4934948164",
    "source": "OpenStreetMap via the Overpass API",
    "source_url": "https://www.openstreetmap.org/copyright",
    "licence": "ODbL 1.0, (c) OpenStreetMap contributors",
    "retrieved": "2026-08-28",
    "km_downstream": 102.5,
    "km_from_channel": 2.51,
    "reach": "Open valley"
   }
  },
  {
   "type": "Feature",
   "geometry": {
    "type": "Point",
    "coordinates": [
     84.9113795,
     27.8074479
    ]
   },
   "properties": {
    "name": "Shree Mahakali Ma V",
    "name_local": "Shree Mahakali Ma V",
    "kind": "school",
    "what_it_is": "a school within 3 km of the river",
    "exposed_not_damaged": "This is something the flood could reach, not something reported damaged. No located damage assessment had been published.",
    "osm_id": "way/503155978",
    "source": "OpenStreetMap via the Overpass API",
    "source_url": "https://www.openstreetmap.org/copyright",
    "licence": "ODbL 1.0, (c) OpenStreetMap contributors",
    "retrieved": "2026-08-28",
    "km_downstream": 102.6,
    "km_from_channel": 0.27,
    "reach": "Open valley"
   }
  },
  {
   "type": "Feature",
   "geometry": {
    "type": "Point",
    "coordinates": [
     84.9022552,
     27.7988753
    ]
   },
   "properties": {
    "name": "Shri Sarashwati Pra Vi",
    "name_local": "Shri Sarashwati Pra Vi",
    "kind": "school",
    "what_it_is": "a school within 3 km of the river",
    "exposed_not_damaged": "This is something the flood could reach, not something reported damaged. No located damage assessment had been published.",
    "osm_id": "node/4940188938",
    "source": "OpenStreetMap via the Overpass API",
    "source_url": "https://www.openstreetmap.org/copyright",
    "licence": "ODbL 1.0, (c) OpenStreetMap contributors",
    "retrieved": "2026-08-28",
    "km_downstream": 103.1,
    "km_from_channel": 0.76,
    "reach": "Open valley"
   }
  },
  {
   "type": "Feature",
   "geometry": {
    "type": "Point",
    "coordinates": [
     84.9119095,
     27.8131417
    ]
   },
   "properties": {
    "name": "Shree Bachala Paropakar Bal Bikash Kendra",
    "name_local": "Shree Bachala Paropakar Bal Bikash Kendra",
    "kind": "school",
    "what_it_is": "a school within 3 km of the river",
    "exposed_not_damaged": "This is something the flood could reach, not something reported damaged. No located damage assessment had been published.",
    "osm_id": "way/503156073",
    "source": "OpenStreetMap via the Overpass API",
    "source_url": "https://www.openstreetmap.org/copyright",
    "licence": "ODbL 1.0, (c) OpenStreetMap contributors",
    "retrieved": "2026-08-28",
    "km_downstream": 103.5,
    "km_from_channel": 0.8,
    "reach": "Open valley"
   }
  },
  {
   "type": "Feature",
   "geometry": {
    "type": "Point",
    "coordinates": [
     84.9063127,
     27.8209047
    ]
   },
   "properties": {
    "name": "Shree Jalpa Ni Ma V",
    "name_local": "Shree Jalpa Ni Ma V",
    "kind": "school",
    "what_it_is": "a school within 3 km of the river",
    "exposed_not_damaged": "This is something the flood could reach, not something reported damaged. No located damage assessment had been published.",
    "osm_id": "node/4934946863",
    "source": "OpenStreetMap via the Overpass API",
    "source_url": "https://www.openstreetmap.org/copyright",
    "licence": "ODbL 1.0, (c) OpenStreetMap contributors",
    "retrieved": "2026-08-28",
    "km_downstream": 103.6,
    "km_from_channel": 1.44,
    "reach": "Open valley"
   }
  },
  {
   "type": "Feature",
   "geometry": {
    "type": "Point",
    "coordinates": [
     84.9023954,
     27.8143522
    ]
   },
   "properties": {
    "name": "Shree Kunnesori Pra V",
    "name_local": "Shree Kunnesori Pra V",
    "kind": "school",
    "what_it_is": "a school within 3 km of the river",
    "exposed_not_damaged": "This is something the flood could reach, not something reported damaged. No located damage assessment had been published.",
    "osm_id": "node/4934943520",
    "source": "OpenStreetMap via the Overpass API",
    "source_url": "https://www.openstreetmap.org/copyright",
    "licence": "ODbL 1.0, (c) OpenStreetMap contributors",
    "retrieved": "2026-08-28",
    "km_downstream": 103.7,
    "km_from_channel": 0.77,
    "reach": "Open valley"
   }
  },
  {
   "type": "Feature",
   "geometry": {
    "type": "Point",
    "coordinates": [
     84.891335,
     27.7881495
    ]
   },
   "properties": {
    "name": "Shri Manebhanjhyang Pra Vi",
    "name_local": "Shri Manebhanjhyang Pra Vi",
    "kind": "school",
    "what_it_is": "a school within 3 km of the river",
    "exposed_not_damaged": "This is something the flood could reach, not something reported damaged. No located damage assessment had been published.",
    "osm_id": "way/503748848",
    "source": "OpenStreetMap via the Overpass API",
    "source_url": "https://www.openstreetmap.org/copyright",
    "licence": "ODbL 1.0, (c) OpenStreetMap contributors",
    "retrieved": "2026-08-28",
    "km_downstream": 104.3,
    "km_from_channel": 2.14,
    "reach": "Open valley"
   }
  },
  {
   "type": "Feature",
   "geometry": {
    "type": "Point",
    "coordinates": [
     84.8921742,
     27.8142603
    ]
   },
   "properties": {
    "name": "Shree Kalika Pra V",
    "name_local": "Shree Kalika Pra V",
    "kind": "school",
    "what_it_is": "a school within 3 km of the river",
    "exposed_not_damaged": "This is something the flood could reach, not something reported damaged. No located damage assessment had been published.",
    "osm_id": "way/503156194",
    "source": "OpenStreetMap via the Overpass API",
    "source_url": "https://www.openstreetmap.org/copyright",
    "licence": "ODbL 1.0, (c) OpenStreetMap contributors",
    "retrieved": "2026-08-28",
    "km_downstream": 105.3,
    "km_from_channel": 0.6,
    "reach": "Open valley"
   }
  },
  {
   "type": "Feature",
   "geometry": {
    "type": "Point",
    "coordinates": [
     84.8948427,
     27.8261898
    ]
   },
   "properties": {
    "name": "Shree Pancha Kanya Pra V",
    "name_local": "Shree Pancha Kanya Pra V",
    "kind": "school",
    "what_it_is": "a school within 3 km of the river",
    "exposed_not_damaged": "This is something the flood could reach, not something reported damaged. No located damage assessment had been published.",
    "osm_id": "way/503156288",
    "source": "OpenStreetMap via the Overpass API",
    "source_url": "https://www.openstreetmap.org/copyright",
    "licence": "ODbL 1.0, (c) OpenStreetMap contributors",
    "retrieved": "2026-08-28",
    "km_downstream": 105.3,
    "km_from_channel": 1.94,
    "reach": "Open valley"
   }
  },
  {
   "type": "Feature",
   "geometry": {
    "type": "Point",
    "coordinates": [
     84.8842549,
     27.8005379
    ]
   },
   "properties": {
    "name": "Shri Jibanjyoti Bal Bikash Kendra",
    "name_local": "Shri Jibanjyoti Bal Bikash Kendra",
    "kind": "school",
    "what_it_is": "a school within 3 km of the river",
    "exposed_not_damaged": "This is something the flood could reach, not something reported damaged. No located damage assessment had been published.",
    "osm_id": "node/4941848995",
    "source": "OpenStreetMap via the Overpass API",
    "source_url": "https://www.openstreetmap.org/copyright",
    "licence": "ODbL 1.0, (c) OpenStreetMap contributors",
    "retrieved": "2026-08-28",
    "km_downstream": 106.0,
    "km_from_channel": 0.85,
    "reach": "Open valley"
   }
  },
  {
   "type": "Feature",
   "geometry": {
    "type": "Point",
    "coordinates": [
     84.8803342,
     27.8318508
    ]
   },
   "properties": {
    "name": "Shree Chuwa Kharka Bal Bikash Kendra",
    "name_local": "Shree Chuwa Kharka Bal Bikash Kendra",
    "kind": "school",
    "what_it_is": "a school within 3 km of the river",
    "exposed_not_damaged": "This is something the flood could reach, not something reported damaged. No located damage assessment had been published.",
    "osm_id": "node/4934938046",
    "source": "OpenStreetMap via the Overpass API",
    "source_url": "https://www.openstreetmap.org/copyright",
    "licence": "ODbL 1.0, (c) OpenStreetMap contributors",
    "retrieved": "2026-08-28",
    "km_downstream": 106.3,
    "km_from_channel": 2.46,
    "reach": "Open valley"
   }
  },
  {
   "type": "Feature",
   "geometry": {
    "type": "Point",
    "coordinates": [
     84.8766435,
     27.8160176
    ]
   },
   "properties": {
    "name": "Shri Danda Gaun Balbikash Kendra",
    "name_local": "Shri Danda Gaun Balbikash Kendra",
    "kind": "school",
    "what_it_is": "a school within 3 km of the river",
    "exposed_not_damaged": "This is something the flood could reach, not something reported damaged. No located damage assessment had been published.",
    "osm_id": "node/4934938155",
    "source": "OpenStreetMap via the Overpass API",
    "source_url": "https://www.openstreetmap.org/copyright",
    "licence": "ODbL 1.0, (c) OpenStreetMap contributors",
    "retrieved": "2026-08-28",
    "km_downstream": 106.3,
    "km_from_channel": 0.81,
    "reach": "Open valley"
   }
  },
  {
   "type": "Feature",
   "geometry": {
    "type": "Point",
    "coordinates": [
     84.8799835,
     27.8064806
    ]
   },
   "properties": {
    "name": "Primary Health Center, Gajuri",
    "name_local": "Primary Health Center, Gajuri",
    "kind": "health",
    "what_it_is": "a hospital, clinic or health post within 3 km of the river",
    "exposed_not_damaged": "This is something the flood could reach, not something reported damaged. No located damage assessment had been published.",
    "osm_id": "node/5633699314",
    "source": "OpenStreetMap via the Overpass API",
    "source_url": "https://www.openstreetmap.org/copyright",
    "licence": "ODbL 1.0, (c) OpenStreetMap contributors",
    "retrieved": "2026-08-28",
    "km_downstream": 106.4,
    "km_from_channel": 0.3,
    "reach": "Open valley"
   }
  },
  {
   "type": "Feature",
   "geometry": {
    "type": "Point",
    "coordinates": [
     84.8800304,
     27.8064557
    ]
   },
   "properties": {
    "name": "unnamed",
    "name_local": "",
    "kind": "health",
    "what_it_is": "a hospital, clinic or health post within 3 km of the river",
    "exposed_not_damaged": "This is something the flood could reach, not something reported damaged. No located damage assessment had been published.",
    "osm_id": "way/589973190",
    "source": "OpenStreetMap via the Overpass API",
    "source_url": "https://www.openstreetmap.org/copyright",
    "licence": "ODbL 1.0, (c) OpenStreetMap contributors",
    "retrieved": "2026-08-28",
    "km_downstream": 106.4,
    "km_from_channel": 0.3,
    "reach": "Open valley"
   }
  },
  {
   "type": "Feature",
   "geometry": {
    "type": "Point",
    "coordinates": [
     84.8793907,
     27.8076858
    ]
   },
   "properties": {
    "name": "Shree Aadarsha HS School",
    "name_local": "Shree Aadarsha HS School",
    "kind": "school",
    "what_it_is": "a school within 3 km of the river",
    "exposed_not_damaged": "This is something the flood could reach, not something reported damaged. No located damage assessment had been published.",
    "osm_id": "way/590141153",
    "source": "OpenStreetMap via the Overpass API",
    "source_url": "https://www.openstreetmap.org/copyright",
    "licence": "ODbL 1.0, (c) OpenStreetMap contributors",
    "retrieved": "2026-08-28",
    "km_downstream": 106.4,
    "km_from_channel": 0.17,
    "reach": "Open valley"
   }
  },
  {
   "type": "Feature",
   "geometry": {
    "type": "Point",
    "coordinates": [
     84.8793615,
     27.8052449
    ]
   },
   "properties": {
    "name": "Gajuri Hospital",
    "name_local": "Gajuri Hospital",
    "kind": "health",
    "what_it_is": "a hospital, clinic or health post within 3 km of the river",
    "exposed_not_damaged": "This is something the flood could reach, not something reported damaged. No located damage assessment had been published.",
    "osm_id": "node/3408491510",
    "source": "OpenStreetMap via the Overpass API",
    "source_url": "https://www.openstreetmap.org/copyright",
    "licence": "ODbL 1.0, (c) OpenStreetMap contributors",
    "retrieved": "2026-08-28",
    "km_downstream": 106.7,
    "km_from_channel": 0.39,
    "reach": "Open valley"
   }
  },
  {
   "type": "Feature",
   "geometry": {
    "type": "Point",
    "coordinates": [
     84.8793261,
     27.807585
    ]
   },
   "properties": {
    "name": "Shri Adarsha Uchha Ma V",
    "name_local": "Shri Adarsha Uchha Ma V",
    "kind": "school",
    "what_it_is": "a school within 3 km of the river",
    "exposed_not_damaged": "This is something the flood could reach, not something reported damaged. No located damage assessment had been published.",
    "osm_id": "node/4941743504",
    "source": "OpenStreetMap via the Overpass API",
    "source_url": "https://www.openstreetmap.org/copyright",
    "licence": "ODbL 1.0, (c) OpenStreetMap contributors",
    "retrieved": "2026-08-28",
    "km_downstream": 106.7,
    "km_from_channel": 0.18,
    "reach": "Open valley"
   }
  },
  {
   "type": "Feature",
   "geometry": {
    "type": "Point",
    "coordinates": [
     84.8793393,
     27.8052902
    ]
   },
   "properties": {
    "name": "Gajuri Hospital",
    "name_local": "Gajuri Hospital",
    "kind": "health",
    "what_it_is": "a hospital, clinic or health post within 3 km of the river",
    "exposed_not_damaged": "This is something the flood could reach, not something reported damaged. No located damage assessment had been published.",
    "osm_id": "way/589964037",
    "source": "OpenStreetMap via the Overpass API",
    "source_url": "https://www.openstreetmap.org/copyright",
    "licence": "ODbL 1.0, (c) OpenStreetMap contributors",
    "retrieved": "2026-08-28",
    "km_downstream": 106.7,
    "km_from_channel": 0.39,
    "reach": "Open valley"
   }
  },
  {
   "type": "Feature",
   "geometry": {
    "type": "Point",
    "coordinates": [
     84.8773408,
     27.8070838
    ]
   },
   "properties": {
    "name": "Shri Aadarsha Bahumukhi Campus",
    "name_local": "Shri Aadarsha Bahumukhi Campus",
    "kind": "school",
    "what_it_is": "a school within 3 km of the river",
    "exposed_not_damaged": "This is something the flood could reach, not something reported damaged. No located damage assessment had been published.",
    "osm_id": "node/4941869402",
    "source": "OpenStreetMap via the Overpass API",
    "source_url": "https://www.openstreetmap.org/copyright",
    "licence": "ODbL 1.0, (c) OpenStreetMap contributors",
    "retrieved": "2026-08-28",
    "km_downstream": 106.8,
    "km_from_channel": 0.17,
    "reach": "Open valley"
   }
  },
  {
   "type": "Feature",
   "geometry": {
    "type": "Point",
    "coordinates": [
     84.8771444,
     27.8052718
    ]
   },
   "properties": {
    "name": "Munal Academy",
    "name_local": "Munal Academy",
    "kind": "school",
    "what_it_is": "a school within 3 km of the river",
    "exposed_not_damaged": "This is something the flood could reach, not something reported damaged. No located damage assessment had been published.",
    "osm_id": "node/5634837379",
    "source": "OpenStreetMap via the Overpass API",
    "source_url": "https://www.openstreetmap.org/copyright",
    "licence": "ODbL 1.0, (c) OpenStreetMap contributors",
    "retrieved": "2026-08-28",
    "km_downstream": 106.8,
    "km_from_channel": 0.34,
    "reach": "Open valley"
   }
  },
  {
   "type": "Feature",
   "geometry": {
    "type": "Point",
    "coordinates": [
     84.8771393,
     27.8053
    ]
   },
   "properties": {
    "name": "unnamed",
    "name_local": "",
    "kind": "school",
    "what_it_is": "a school within 3 km of the river",
    "exposed_not_damaged": "This is something the flood could reach, not something reported damaged. No located damage assessment had been published.",
    "osm_id": "way/590141152",
    "source": "OpenStreetMap via the Overpass API",
    "source_url": "https://www.openstreetmap.org/copyright",
    "licence": "ODbL 1.0, (c) OpenStreetMap contributors",
    "retrieved": "2026-08-28",
    "km_downstream": 106.8,
    "km_from_channel": 0.33,
    "reach": "Open valley"
   }
  },
  {
   "type": "Feature",
   "geometry": {
    "type": "Point",
    "coordinates": [
     84.8683414,
     27.8156541
    ]
   },
   "properties": {
    "name": "Shri Sundari Ni Ma V",
    "name_local": "Shri Sundari Ni Ma V",
    "kind": "school",
    "what_it_is": "a school within 3 km of the river",
    "exposed_not_damaged": "This is something the flood could reach, not something reported damaged. No located damage assessment had been published.",
    "osm_id": "way/503155829",
    "source": "OpenStreetMap via the Overpass API",
    "source_url": "https://www.openstreetmap.org/copyright",
    "licence": "ODbL 1.0, (c) OpenStreetMap contributors",
    "retrieved": "2026-08-28",
    "km_downstream": 107.2,
    "km_from_channel": 1.0,
    "reach": "Open valley"
   }
  },
  {
   "type": "Feature",
   "geometry": {
    "type": "Point",
    "coordinates": [
     84.8758338,
     27.7973141
    ]
   },
   "properties": {
    "name": "Shri Sundar Pra Vi",
    "name_local": "Shri Sundar Pra Vi",
    "kind": "school",
    "what_it_is": "a school within 3 km of the river",
    "exposed_not_damaged": "This is something the flood could reach, not something reported damaged. No located damage assessment had been published.",
    "osm_id": "node/4941705184",
    "source": "OpenStreetMap via the Overpass API",
    "source_url": "https://www.openstreetmap.org/copyright",
    "licence": "ODbL 1.0, (c) OpenStreetMap contributors",
    "retrieved": "2026-08-28",
    "km_downstream": 107.8,
    "km_from_channel": 0.76,
    "reach": "Open valley"
   }
  },
  {
   "type": "Feature",
   "geometry": {
    "type": "Point",
    "coordinates": [
     84.8789854,
     27.7924749
    ]
   },
   "properties": {
    "name": "Shri Pattalini Ni Ma Vi",
    "name_local": "Shri Pattalini Ni Ma Vi",
    "kind": "school",
    "what_it_is": "a school within 3 km of the river",
    "exposed_not_damaged": "This is something the flood could reach, not something reported damaged. No located damage assessment had been published.",
    "osm_id": "way/503952283",
    "source": "OpenStreetMap via the Overpass API",
    "source_url": "https://www.openstreetmap.org/copyright",
    "licence": "ODbL 1.0, (c) OpenStreetMap contributors",
    "retrieved": "2026-08-28",
    "km_downstream": 107.8,
    "km_from_channel": 1.38,
    "reach": "Open valley"
   }
  },
  {
   "type": "Feature",
   "geometry": {
    "type": "Point",
    "coordinates": [
     84.8672055,
     27.800446
    ]
   },
   "properties": {
    "name": "Shree Bageshwori Pra V",
    "name_local": "Shree Bageshwori Pra V",
    "kind": "school",
    "what_it_is": "a school within 3 km of the river",
    "exposed_not_damaged": "This is something the flood could reach, not something reported damaged. No located damage assessment had been published.",
    "osm_id": "way/503947539",
    "source": "OpenStreetMap via the Overpass API",
    "source_url": "https://www.openstreetmap.org/copyright",
    "licence": "ODbL 1.0, (c) OpenStreetMap contributors",
    "retrieved": "2026-08-28",
    "km_downstream": 108.3,
    "km_from_channel": 0.13,
    "reach": "Open valley"
   }
  },
  {
   "type": "Feature",
   "geometry": {
    "type": "Point",
    "coordinates": [
     84.8570546,
     27.7833093
    ]
   },
   "properties": {
    "name": "Shree Belbhanjyang Pra V",
    "name_local": "Shree Belbhanjyang Pra V",
    "kind": "school",
    "what_it_is": "a school within 3 km of the river",
    "exposed_not_damaged": "This is something the flood could reach, not something reported damaged. No located damage assessment had been published.",
    "osm_id": "way/503935449",
    "source": "OpenStreetMap via the Overpass API",
    "source_url": "https://www.openstreetmap.org/copyright",
    "licence": "ODbL 1.0, (c) OpenStreetMap contributors",
    "retrieved": "2026-08-28",
    "km_downstream": 108.6,
    "km_from_channel": 2.17,
    "reach": "Open valley"
   }
  },
  {
   "type": "Feature",
   "geometry": {
    "type": "Point",
    "coordinates": [
     84.8631513,
     27.8191721
    ]
   },
   "properties": {
    "name": "Shri Mahankali Mai Bal Bikash Kendra",
    "name_local": "Shri Mahankali Mai Bal Bikash Kendra",
    "kind": "school",
    "what_it_is": "a school within 3 km of the river",
    "exposed_not_damaged": "This is something the flood could reach, not something reported damaged. No located damage assessment had been published.",
    "osm_id": "node/4934936445",
    "source": "OpenStreetMap via the Overpass API",
    "source_url": "https://www.openstreetmap.org/copyright",
    "licence": "ODbL 1.0, (c) OpenStreetMap contributors",
    "retrieved": "2026-08-28",
    "km_downstream": 109.4,
    "km_from_channel": 1.37,
    "reach": "Open valley"
   }
  },
  {
   "type": "Feature",
   "geometry": {
    "type": "Point",
    "coordinates": [
     84.8624453,
     27.8098329
    ]
   },
   "properties": {
    "name": "Shri Samitar Pra V",
    "name_local": "Shri Samitar Pra V",
    "kind": "school",
    "what_it_is": "a school within 3 km of the river",
    "exposed_not_damaged": "This is something the flood could reach, not something reported damaged. No located damage assessment had been published.",
    "osm_id": "way/503155928",
    "source": "OpenStreetMap via the Overpass API",
    "source_url": "https://www.openstreetmap.org/copyright",
    "licence": "ODbL 1.0, (c) OpenStreetMap contributors",
    "retrieved": "2026-08-28",
    "km_downstream": 109.4,
    "km_from_channel": 0.39,
    "reach": "Open valley"
   }
  },
  {
   "type": "Feature",
   "geometry": {
    "type": "Point",
    "coordinates": [
     84.8570513,
     27.8198873
    ]
   },
   "properties": {
    "name": "Shri Kalika Pra V",
    "name_local": "Shri Kalika Pra V",
    "kind": "school",
    "what_it_is": "a school within 3 km of the river",
    "exposed_not_damaged": "This is something the flood could reach, not something reported damaged. No located damage assessment had been published.",
    "osm_id": "node/4934940649",
    "source": "OpenStreetMap via the Overpass API",
    "source_url": "https://www.openstreetmap.org/copyright",
    "licence": "ODbL 1.0, (c) OpenStreetMap contributors",
    "retrieved": "2026-08-28",
    "km_downstream": 110.2,
    "km_from_channel": 1.37,
    "reach": "Open valley"
   }
  },
  {
   "type": "Feature",
   "geometry": {
    "type": "Point",
    "coordinates": [
     84.8398576,
     27.7868583
    ]
   },
   "properties": {
    "name": "Shri Janjagriti Pra Vi",
    "name_local": "Shri Janjagriti Pra Vi",
    "kind": "school",
    "what_it_is": "a school within 3 km of the river",
    "exposed_not_damaged": "This is something the flood could reach, not something reported damaged. No located damage assessment had been published.",
    "osm_id": "node/4940197826",
    "source": "OpenStreetMap via the Overpass API",
    "source_url": "https://www.openstreetmap.org/copyright",
    "licence": "ODbL 1.0, (c) OpenStreetMap contributors",
    "retrieved": "2026-08-28",
    "km_downstream": 111.6,
    "km_from_channel": 1.67,
    "reach": "Open valley"
   }
  },
  {
   "type": "Feature",
   "geometry": {
    "type": "Point",
    "coordinates": [
     84.8359122,
     27.8070887
    ]
   },
   "properties": {
    "name": "Shree Bhadrakali Gurukul Saskriti Bidhyalaya",
    "name_local": "Shree Bhadrakali Gurukul Saskriti Bidhyalaya",
    "kind": "school",
    "what_it_is": "a school within 3 km of the river",
    "exposed_not_damaged": "This is something the flood could reach, not something reported damaged. No located damage assessment had been published.",
    "osm_id": "way/594084567",
    "source": "OpenStreetMap via the Overpass API",
    "source_url": "https://www.openstreetmap.org/copyright",
    "licence": "ODbL 1.0, (c) OpenStreetMap contributors",
    "retrieved": "2026-08-28",
    "km_downstream": 112.5,
    "km_from_channel": 0.13,
    "reach": "Open valley"
   }
  },
  {
   "type": "Feature",
   "geometry": {
    "type": "Point",
    "coordinates": [
     84.8334747,
     27.8111146
    ]
   },
   "properties": {
    "name": "Highway Community Hospital",
    "name_local": "Rajmarga Samudayak Hospital",
    "kind": "health",
    "what_it_is": "a hospital, clinic or health post within 3 km of the river",
    "exposed_not_damaged": "This is something the flood could reach, not something reported damaged. No located damage assessment had been published.",
    "osm_id": "node/3408490712",
    "source": "OpenStreetMap via the Overpass API",
    "source_url": "https://www.openstreetmap.org/copyright",
    "licence": "ODbL 1.0, (c) OpenStreetMap contributors",
    "retrieved": "2026-08-28",
    "km_downstream": 113.0,
    "km_from_channel": 0.19,
    "reach": "Open valley"
   }
  },
  {
   "type": "Feature",
   "geometry": {
    "type": "Point",
    "coordinates": [
     84.8379473,
     27.8124431
    ]
   },
   "properties": {
    "name": "Shri Golma Rani Pra V",
    "name_local": "Shri Golma Rani Pra V",
    "kind": "school",
    "what_it_is": "a school within 3 km of the river",
    "exposed_not_damaged": "This is something the flood could reach, not something reported damaged. No located damage assessment had been published.",
    "osm_id": "node/4934940717",
    "source": "OpenStreetMap via the Overpass API",
    "source_url": "https://www.openstreetmap.org/copyright",
    "licence": "ODbL 1.0, (c) OpenStreetMap contributors",
    "retrieved": "2026-08-28",
    "km_downstream": 113.2,
    "km_from_channel": 0.26,
    "reach": "Open valley"
   }
  },
  {
   "type": "Feature",
   "geometry": {
    "type": "Point",
    "coordinates": [
     84.8309087,
     27.8251368
    ]
   },
   "properties": {
    "name": "Shri Chakra Mahakali Pra Vi",
    "name_local": "Shri Chakra Mahakali Pra Vi",
    "kind": "school",
    "what_it_is": "a school within 3 km of the river",
    "exposed_not_damaged": "This is something the flood could reach, not something reported damaged. No located damage assessment had been published.",
    "osm_id": "way/503523818",
    "source": "OpenStreetMap via the Overpass API",
    "source_url": "https://www.openstreetmap.org/copyright",
    "licence": "ODbL 1.0, (c) OpenStreetMap contributors",
    "retrieved": "2026-08-28",
    "km_downstream": 114.2,
    "km_from_channel": 0.72,
    "reach": "Open valley"
   }
  },
  {
   "type": "Feature",
   "geometry": {
    "type": "Point",
    "coordinates": [
     84.825357,
     27.833121
    ]
   },
   "properties": {
    "name": "Shri Kali Devi Ma V",
    "name_local": "Shri Kali Devi Ma V",
    "kind": "school",
    "what_it_is": "a school within 3 km of the river",
    "exposed_not_damaged": "This is something the flood could reach, not something reported damaged. No located damage assessment had been published.",
    "osm_id": "node/4936640813",
    "source": "OpenStreetMap via the Overpass API",
    "source_url": "https://www.openstreetmap.org/copyright",
    "licence": "ODbL 1.0, (c) OpenStreetMap contributors",
    "retrieved": "2026-08-28",
    "km_downstream": 114.4,
    "km_from_channel": 1.55,
    "reach": "Open valley"
   }
  },
  {
   "type": "Feature",
   "geometry": {
    "type": "Point",
    "coordinates": [
     84.8254924,
     27.842647
    ]
   },
   "properties": {
    "name": "Shree Jaldevi Primary School",
    "name_local": "Shree Jaldevi Primary School",
    "kind": "school",
    "what_it_is": "a school within 3 km of the river",
    "exposed_not_damaged": "This is something the flood could reach, not something reported damaged. No located damage assessment had been published.",
    "osm_id": "way/503180890",
    "source": "OpenStreetMap via the Overpass API",
    "source_url": "https://www.openstreetmap.org/copyright",
    "licence": "ODbL 1.0, (c) OpenStreetMap contributors",
    "retrieved": "2026-08-28",
    "km_downstream": 114.4,
    "km_from_channel": 2.6,
    "reach": "Open valley"
   }
  },
  {
   "type": "Feature",
   "geometry": {
    "type": "Point",
    "coordinates": [
     84.8253925,
     27.7951271
    ]
   },
   "properties": {
    "name": "Shri Tinkanya Pra V",
    "name_local": "Shri Tinkanya Pra V",
    "kind": "school",
    "what_it_is": "a school within 3 km of the river",
    "exposed_not_damaged": "This is something the flood could reach, not something reported damaged. No located damage assessment had been published.",
    "osm_id": "node/4941675875",
    "source": "OpenStreetMap via the Overpass API",
    "source_url": "https://www.openstreetmap.org/copyright",
    "licence": "ODbL 1.0, (c) OpenStreetMap contributors",
    "retrieved": "2026-08-28",
    "km_downstream": 116.0,
    "km_from_channel": 1.47,
    "reach": "Open valley"
   }
  },
  {
   "type": "Feature",
   "geometry": {
    "type": "Point",
    "coordinates": [
     84.8132485,
     27.7863467
    ]
   },
   "properties": {
    "name": "Shree Harkpur Secondary School",
    "name_local": "Shree Harkpur Secondary School",
    "kind": "school",
    "what_it_is": "a school within 3 km of the river",
    "exposed_not_damaged": "This is something the flood could reach, not something reported damaged. No located damage assessment had been published.",
    "osm_id": "node/4941779140",
    "source": "OpenStreetMap via the Overpass API",
    "source_url": "https://www.openstreetmap.org/copyright",
    "licence": "ODbL 1.0, (c) OpenStreetMap contributors",
    "retrieved": "2026-08-28",
    "km_downstream": 116.2,
    "km_from_channel": 2.44,
    "reach": "Open valley"
   }
  },
  {
   "type": "Feature",
   "geometry": {
    "type": "Point",
    "coordinates": [
     84.813629,
     27.8352231
    ]
   },
   "properties": {
    "name": "Shri Malika Pra Vi.",
    "name_local": "Shri Malika Pra Vi.",
    "kind": "school",
    "what_it_is": "a school within 3 km of the river",
    "exposed_not_damaged": "This is something the flood could reach, not something reported damaged. No located damage assessment had been published.",
    "osm_id": "node/4938236035",
    "source": "OpenStreetMap via the Overpass API",
    "source_url": "https://www.openstreetmap.org/copyright",
    "licence": "ODbL 1.0, (c) OpenStreetMap contributors",
    "retrieved": "2026-08-28",
    "km_downstream": 117.9,
    "km_from_channel": 2.01,
    "reach": "Open valley"
   }
  },
  {
   "type": "Feature",
   "geometry": {
    "type": "Point",
    "coordinates": [
     84.8001912,
     27.8050109
    ]
   },
   "properties": {
    "name": "Shri Bhumisthan Pra Vi",
    "name_local": "Shri Bhumisthan Pra Vi",
    "kind": "school",
    "what_it_is": "a school within 3 km of the river",
    "exposed_not_damaged": "This is something the flood could reach, not something reported damaged. No located damage assessment had been published.",
    "osm_id": "node/4941663765",
    "source": "OpenStreetMap via the Overpass API",
    "source_url": "https://www.openstreetmap.org/copyright",
    "licence": "ODbL 1.0, (c) OpenStreetMap contributors",
    "retrieved": "2026-08-28",
    "km_downstream": 118.8,
    "km_from_channel": 1.06,
    "reach": "Open valley"
   }
  },
  {
   "type": "Feature",
   "geometry": {
    "type": "Point",
    "coordinates": [
     84.7987338,
     27.8097729
    ]
   },
   "properties": {
    "name": "Shri Orbang Pra V",
    "name_local": "Shri Orbang Pra V",
    "kind": "school",
    "what_it_is": "a school within 3 km of the river",
    "exposed_not_damaged": "This is something the flood could reach, not something reported damaged. No located damage assessment had been published.",
    "osm_id": "node/4941787232",
    "source": "OpenStreetMap via the Overpass API",
    "source_url": "https://www.openstreetmap.org/copyright",
    "licence": "ODbL 1.0, (c) OpenStreetMap contributors",
    "retrieved": "2026-08-28",
    "km_downstream": 119.0,
    "km_from_channel": 0.54,
    "reach": "Open valley"
   }
  },
  {
   "type": "Feature",
   "geometry": {
    "type": "Point",
    "coordinates": [
     84.7936593,
     27.8308256
    ]
   },
   "properties": {
    "name": "Shri Pancha Mukhi Ma Vi",
    "name_local": "Shri Pancha Mukhi Ma Vi",
    "kind": "school",
    "what_it_is": "a school within 3 km of the river",
    "exposed_not_damaged": "This is something the flood could reach, not something reported damaged. No located damage assessment had been published.",
    "osm_id": "way/544268791",
    "source": "OpenStreetMap via the Overpass API",
    "source_url": "https://www.openstreetmap.org/copyright",
    "licence": "ODbL 1.0, (c) OpenStreetMap contributors",
    "retrieved": "2026-08-28",
    "km_downstream": 120.1,
    "km_from_channel": 1.86,
    "reach": "Open valley"
   }
  },
  {
   "type": "Feature",
   "geometry": {
    "type": "Point",
    "coordinates": [
     84.7843423,
     27.8406681
    ]
   },
   "properties": {
    "name": "Shree Barah Pra Vi",
    "name_local": "Shree Barah Pra Vi",
    "kind": "school",
    "what_it_is": "a school within 3 km of the river",
    "exposed_not_damaged": "This is something the flood could reach, not something reported damaged. No located damage assessment had been published.",
    "osm_id": "way/501303128",
    "source": "OpenStreetMap via the Overpass API",
    "source_url": "https://www.openstreetmap.org/copyright",
    "licence": "ODbL 1.0, (c) OpenStreetMap contributors",
    "retrieved": "2026-08-28",
    "km_downstream": 120.2,
    "km_from_channel": 2.9,
    "reach": "Open valley"
   }
  },
  {
   "type": "Feature",
   "geometry": {
    "type": "Point",
    "coordinates": [
     84.7816236,
     27.8121655
    ]
   },
   "properties": {
    "name": "Shri Chandrodaya Ma Vi",
    "name_local": "Shri Chandrodaya Ma Vi",
    "kind": "school",
    "what_it_is": "a school within 3 km of the river",
    "exposed_not_damaged": "This is something the flood could reach, not something reported damaged. No located damage assessment had been published.",
    "osm_id": "node/4939797039",
    "source": "OpenStreetMap via the Overpass API",
    "source_url": "https://www.openstreetmap.org/copyright",
    "licence": "ODbL 1.0, (c) OpenStreetMap contributors",
    "retrieved": "2026-08-28",
    "km_downstream": 120.8,
    "km_from_channel": 0.15,
    "reach": "Open valley"
   }
  },
  {
   "type": "Feature",
   "geometry": {
    "type": "Point",
    "coordinates": [
     84.7800149,
     27.8106241
    ]
   },
   "properties": {
    "name": "Benighat Health Cllinic",
    "name_local": "Benighat Health Cllinic",
    "kind": "health",
    "what_it_is": "a hospital, clinic or health post within 3 km of the river",
    "exposed_not_damaged": "This is something the flood could reach, not something reported damaged. No located damage assessment had been published.",
    "osm_id": "node/9510297618",
    "source": "OpenStreetMap via the Overpass API",
    "source_url": "https://www.openstreetmap.org/copyright",
    "licence": "ODbL 1.0, (c) OpenStreetMap contributors",
    "retrieved": "2026-08-28",
    "km_downstream": 121.1,
    "km_from_channel": 0.23,
    "reach": "Open valley"
   }
  },
  {
   "type": "Feature",
   "geometry": {
    "type": "Point",
    "coordinates": [
     84.7744286,
     27.8126299
    ]
   },
   "properties": {
    "name": "Shree Chitra Devi Ni Ma V",
    "name_local": "Shree Chitra Devi Ni Ma V",
    "kind": "school",
    "what_it_is": "a school within 3 km of the river",
    "exposed_not_damaged": "This is something the flood could reach, not something reported damaged. No located damage assessment had been published.",
    "osm_id": "way/500101810",
    "source": "OpenStreetMap via the Overpass API",
    "source_url": "https://www.openstreetmap.org/copyright",
    "licence": "ODbL 1.0, (c) OpenStreetMap contributors",
    "retrieved": "2026-08-28",
    "km_downstream": 121.3,
    "km_from_channel": 0.35,
    "reach": "Open valley"
   }
  },
  {
   "type": "Feature",
   "geometry": {
    "type": "Point",
    "coordinates": [
     84.7849381,
     27.7946332
    ]
   },
   "properties": {
    "name": "Shri Janagaun Pra Vi",
    "name_local": "Shri Janagaun Pra Vi",
    "kind": "school",
    "what_it_is": "a school within 3 km of the river",
    "exposed_not_damaged": "This is something the flood could reach, not something reported damaged. No located damage assessment had been published.",
    "osm_id": "node/4939802452",
    "source": "OpenStreetMap via the Overpass API",
    "source_url": "https://www.openstreetmap.org/copyright",
    "licence": "ODbL 1.0, (c) OpenStreetMap contributors",
    "retrieved": "2026-08-28",
    "km_downstream": 121.6,
    "km_from_channel": 1.85,
    "reach": "Open valley"
   }
  },
  {
   "type": "Feature",
   "geometry": {
    "type": "Point",
    "coordinates": [
     84.7747509,
     27.8097682
    ]
   },
   "properties": {
    "name": "Madrassa Islamiyafaijul Ulum",
    "name_local": "Madrassa Islamiyafaijul Ulum",
    "kind": "school",
    "what_it_is": "a school within 3 km of the river",
    "exposed_not_damaged": "This is something the flood could reach, not something reported damaged. No located damage assessment had been published.",
    "osm_id": "way/497989248",
    "source": "OpenStreetMap via the Overpass API",
    "source_url": "https://www.openstreetmap.org/copyright",
    "licence": "ODbL 1.0, (c) OpenStreetMap contributors",
    "retrieved": "2026-08-28",
    "km_downstream": 121.6,
    "km_from_channel": 0.11,
    "reach": "Open valley"
   }
  },
  {
   "type": "Feature",
   "geometry": {
    "type": "Point",
    "coordinates": [
     84.7812646,
     27.7831272
    ]
   },
   "properties": {
    "name": "Shree Sidhha Bageswori Pra Vi",
    "name_local": "Shree Sidhha Bageswori Pra Vi",
    "kind": "school",
    "what_it_is": "a school within 3 km of the river",
    "exposed_not_damaged": "This is something the flood could reach, not something reported damaged. No located damage assessment had been published.",
    "osm_id": "way/503706558",
    "source": "OpenStreetMap via the Overpass API",
    "source_url": "https://www.openstreetmap.org/copyright",
    "licence": "ODbL 1.0, (c) OpenStreetMap contributors",
    "retrieved": "2026-08-28",
    "km_downstream": 121.6,
    "km_from_channel": 2.91,
    "reach": "Open valley"
   }
  },
  {
   "type": "Feature",
   "geometry": {
    "type": "Point",
    "coordinates": [
     84.7660292,
     27.8004086
    ]
   },
   "properties": {
    "name": "Shri Basanta Pra Vi",
    "name_local": "Shri Basanta Pra Vi",
    "kind": "school",
    "what_it_is": "a school within 3 km of the river",
    "exposed_not_damaged": "This is something the flood could reach, not something reported damaged. No located damage assessment had been published.",
    "osm_id": "node/4939795247",
    "source": "OpenStreetMap via the Overpass API",
    "source_url": "https://www.openstreetmap.org/copyright",
    "licence": "ODbL 1.0, (c) OpenStreetMap contributors",
    "retrieved": "2026-08-28",
    "km_downstream": 122.0,
    "km_from_channel": 1.15,
    "reach": "Open valley"
   }
  },
  {
   "type": "Feature",
   "geometry": {
    "type": "Point",
    "coordinates": [
     84.7724159,
     27.8355453
    ]
   },
   "properties": {
    "name": "Shri Basant Pra. V",
    "name_local": "Shri Basant Pra. V",
    "kind": "school",
    "what_it_is": "a school within 3 km of the river",
    "exposed_not_damaged": "This is something the flood could reach, not something reported damaged. No located damage assessment had been published.",
    "osm_id": "way/500593630",
    "source": "OpenStreetMap via the Overpass API",
    "source_url": "https://www.openstreetmap.org/copyright",
    "licence": "ODbL 1.0, (c) OpenStreetMap contributors",
    "retrieved": "2026-08-28",
    "km_downstream": 123.4,
    "km_from_channel": 2.03,
    "reach": "Open valley"
   }
  },
  {
   "type": "Feature",
   "geometry": {
    "type": "Point",
    "coordinates": [
     84.7583735,
     27.8289149
    ]
   },
   "properties": {
    "name": "Shree Shakti Pra V",
    "name_local": "Shree Shakti Pra V",
    "kind": "school",
    "what_it_is": "a school within 3 km of the river",
    "exposed_not_damaged": "This is something the flood could reach, not something reported damaged. No located damage assessment had been published.",
    "osm_id": "node/4894948928",
    "source": "OpenStreetMap via the Overpass API",
    "source_url": "https://www.openstreetmap.org/copyright",
    "licence": "ODbL 1.0, (c) OpenStreetMap contributors",
    "retrieved": "2026-08-28",
    "km_downstream": 123.6,
    "km_from_channel": 1.24,
    "reach": "Open valley"
   }
  },
  {
   "type": "Feature",
   "geometry": {
    "type": "Point",
    "coordinates": [
     84.7568141,
     27.8348781
    ]
   },
   "properties": {
    "name": "Shree Suryodaya Ma V",
    "name_local": "Shree Suryodaya Ma V",
    "kind": "school",
    "what_it_is": "a school within 3 km of the river",
    "exposed_not_damaged": "This is something the flood could reach, not something reported damaged. No located damage assessment had been published.",
    "osm_id": "way/498005580",
    "source": "OpenStreetMap via the Overpass API",
    "source_url": "https://www.openstreetmap.org/copyright",
    "licence": "ODbL 1.0, (c) OpenStreetMap contributors",
    "retrieved": "2026-08-28",
    "km_downstream": 123.6,
    "km_from_channel": 1.92,
    "reach": "Open valley"
   }
  },
  {
   "type": "Feature",
   "geometry": {
    "type": "Point",
    "coordinates": [
     84.7572336,
     27.8018248
    ]
   },
   "properties": {
    "name": "Shree kalika Pra Vi",
    "name_local": "Shree kalika Pra Vi",
    "kind": "school",
    "what_it_is": "a school within 3 km of the river",
    "exposed_not_damaged": "This is something the flood could reach, not something reported damaged. No located damage assessment had been published.",
    "osm_id": "way/503925692",
    "source": "OpenStreetMap via the Overpass API",
    "source_url": "https://www.openstreetmap.org/copyright",
    "licence": "ODbL 1.0, (c) OpenStreetMap contributors",
    "retrieved": "2026-08-28",
    "km_downstream": 125.3,
    "km_from_channel": 0.63,
    "reach": "Open valley"
   }
  },
  {
   "type": "Feature",
   "geometry": {
    "type": "Point",
    "coordinates": [
     84.7600022,
     27.7941032
    ]
   },
   "properties": {
    "name": "Shri Janachetana Pra V",
    "name_local": "Shri Janachetana Pra V",
    "kind": "school",
    "what_it_is": "a school within 3 km of the river",
    "exposed_not_damaged": "This is something the flood could reach, not something reported damaged. No located damage assessment had been published.",
    "osm_id": "node/4939852833",
    "source": "OpenStreetMap via the Overpass API",
    "source_url": "https://www.openstreetmap.org/copyright",
    "licence": "ODbL 1.0, (c) OpenStreetMap contributors",
    "retrieved": "2026-08-28",
    "km_downstream": 125.5,
    "km_from_channel": 1.49,
    "reach": "Open valley"
   }
  },
  {
   "type": "Feature",
   "geometry": {
    "type": "Point",
    "coordinates": [
     84.7486773,
     27.8035007
    ]
   },
   "properties": {
    "name": "Shri Buddhi Bikash Pra V",
    "name_local": "Shri Buddhi Bikash Pra V",
    "kind": "school",
    "what_it_is": "a school within 3 km of the river",
    "exposed_not_damaged": "This is something the flood could reach, not something reported damaged. No located damage assessment had been published.",
    "osm_id": "node/4941662039",
    "source": "OpenStreetMap via the Overpass API",
    "source_url": "https://www.openstreetmap.org/copyright",
    "licence": "ODbL 1.0, (c) OpenStreetMap contributors",
    "retrieved": "2026-08-28",
    "km_downstream": 125.8,
    "km_from_channel": 0.22,
    "reach": "Open valley"
   }
  },
  {
   "type": "Feature",
   "geometry": {
    "type": "Point",
    "coordinates": [
     84.748464,
     27.8120117
    ]
   },
   "properties": {
    "name": "Shree Patal Devi Ni Ma V",
    "name_local": "Shree Patal Devi Ni Ma V",
    "kind": "school",
    "what_it_is": "a school within 3 km of the river",
    "exposed_not_damaged": "This is something the flood could reach, not something reported damaged. No located damage assessment had been published.",
    "osm_id": "way/497990198",
    "source": "OpenStreetMap via the Overpass API",
    "source_url": "https://www.openstreetmap.org/copyright",
    "licence": "ODbL 1.0, (c) OpenStreetMap contributors",
    "retrieved": "2026-08-28",
    "km_downstream": 126.0,
    "km_from_channel": 0.69,
    "reach": "Open valley"
   }
  },
  {
   "type": "Feature",
   "geometry": {
    "type": "Point",
    "coordinates": [
     84.7467709,
     27.7964001
    ]
   },
   "properties": {
    "name": "Shri Jhagaredanda Pra V",
    "name_local": "Shri Jhagaredanda Pra V",
    "kind": "school",
    "what_it_is": "a school within 3 km of the river",
    "exposed_not_damaged": "This is something the flood could reach, not something reported damaged. No located damage assessment had been published.",
    "osm_id": "node/4939902293",
    "source": "OpenStreetMap via the Overpass API",
    "source_url": "https://www.openstreetmap.org/copyright",
    "licence": "ODbL 1.0, (c) OpenStreetMap contributors",
    "retrieved": "2026-08-28",
    "km_downstream": 126.3,
    "km_from_channel": 0.91,
    "reach": "Open valley"
   }
  },
  {
   "type": "Feature",
   "geometry": {
    "type": "Point",
    "coordinates": [
     84.7395169,
     27.8112907
    ]
   },
   "properties": {
    "name": "Shree Bhimodaya Pra V",
    "name_local": "Shree Bhimodaya Pra V",
    "kind": "school",
    "what_it_is": "a school within 3 km of the river",
    "exposed_not_damaged": "This is something the flood could reach, not something reported damaged. No located damage assessment had been published.",
    "osm_id": "way/497991953",
    "source": "OpenStreetMap via the Overpass API",
    "source_url": "https://www.openstreetmap.org/copyright",
    "licence": "ODbL 1.0, (c) OpenStreetMap contributors",
    "retrieved": "2026-08-28",
    "km_downstream": 126.8,
    "km_from_channel": 0.76,
    "reach": "Open valley"
   }
  },
  {
   "type": "Feature",
   "geometry": {
    "type": "Point",
    "coordinates": [
     84.7319954,
     27.806703
    ]
   },
   "properties": {
    "name": "Shree Gyan Marg Uchha Ma V",
    "name_local": "Shree Gyan Marg Uchha Ma V",
    "kind": "school",
    "what_it_is": "a school within 3 km of the river",
    "exposed_not_damaged": "This is something the flood could reach, not something reported damaged. No located damage assessment had been published.",
    "osm_id": "way/497992358",
    "source": "OpenStreetMap via the Overpass API",
    "source_url": "https://www.openstreetmap.org/copyright",
    "licence": "ODbL 1.0, (c) OpenStreetMap contributors",
    "retrieved": "2026-08-28",
    "km_downstream": 127.0,
    "km_from_channel": 0.68,
    "reach": "Open valley"
   }
  },
  {
   "type": "Feature",
   "geometry": {
    "type": "Point",
    "coordinates": [
     84.7396508,
     27.8013069
    ]
   },
   "properties": {
    "name": "Rising Star English Boarding School",
    "name_local": "Nepali, English",
    "kind": "school",
    "what_it_is": "a school within 3 km of the river",
    "exposed_not_damaged": "This is something the flood could reach, not something reported damaged. No located damage assessment had been published.",
    "osm_id": "node/3494632842",
    "source": "OpenStreetMap via the Overpass API",
    "source_url": "https://www.openstreetmap.org/copyright",
    "licence": "ODbL 1.0, (c) OpenStreetMap contributors",
    "retrieved": "2026-08-28",
    "km_downstream": 127.3,
    "km_from_channel": 0.25,
    "reach": "Open valley"
   }
  },
  {
   "type": "Feature",
   "geometry": {
    "type": "Point",
    "coordinates": [
     84.7465356,
     27.7789438
    ]
   },
   "properties": {
    "name": "Shree Adarsha Pra V",
    "name_local": "Shree Adarsha Pra V",
    "kind": "school",
    "what_it_is": "a school within 3 km of the river",
    "exposed_not_damaged": "This is something the flood could reach, not something reported damaged. No located damage assessment had been published.",
    "osm_id": "node/4939946192",
    "source": "OpenStreetMap via the Overpass API",
    "source_url": "https://www.openstreetmap.org/copyright",
    "licence": "ODbL 1.0, (c) OpenStreetMap contributors",
    "retrieved": "2026-08-28",
    "km_downstream": 128.1,
    "km_from_channel": 2.35,
    "reach": "Open valley"
   }
  },
  {
   "type": "Feature",
   "geometry": {
    "type": "Point",
    "coordinates": [
     84.7277681,
     27.7928261
    ]
   },
   "properties": {
    "name": "Shri Bagh Bachala Pra V",
    "name_local": "Shri Bagh Bachala Pra V",
    "kind": "school",
    "what_it_is": "a school within 3 km of the river",
    "exposed_not_damaged": "This is something the flood could reach, not something reported damaged. No located damage assessment had been published.",
    "osm_id": "node/4939935947",
    "source": "OpenStreetMap via the Overpass API",
    "source_url": "https://www.openstreetmap.org/copyright",
    "licence": "ODbL 1.0, (c) OpenStreetMap contributors",
    "retrieved": "2026-08-28",
    "km_downstream": 128.4,
    "km_from_channel": 0.4,
    "reach": "Open valley"
   }
  },
  {
   "type": "Feature",
   "geometry": {
    "type": "Point",
    "coordinates": [
     84.7199287,
     27.7811306
    ]
   },
   "properties": {
    "name": "Shree Chitrakalika Pra V",
    "name_local": "Shree Chitrakalika Pra V",
    "kind": "school",
    "what_it_is": "a school within 3 km of the river",
    "exposed_not_damaged": "This is something the flood could reach, not something reported damaged. No located damage assessment had been published.",
    "osm_id": "way/503947289",
    "source": "OpenStreetMap via the Overpass API",
    "source_url": "https://www.openstreetmap.org/copyright",
    "licence": "ODbL 1.0, (c) OpenStreetMap contributors",
    "retrieved": "2026-08-28",
    "km_downstream": 128.4,
    "km_from_channel": 1.91,
    "reach": "Open valley"
   }
  },
  {
   "type": "Feature",
   "geometry": {
    "type": "Point",
    "coordinates": [
     84.7190308,
     27.7943933
    ]
   },
   "properties": {
    "name": "Shri Mahakali Pra V",
    "name_local": "Shri Mahakali Pra V",
    "kind": "school",
    "what_it_is": "a school within 3 km of the river",
    "exposed_not_damaged": "This is something the flood could reach, not something reported damaged. No located damage assessment had been published.",
    "osm_id": "node/4939782543",
    "source": "OpenStreetMap via the Overpass API",
    "source_url": "https://www.openstreetmap.org/copyright",
    "licence": "ODbL 1.0, (c) OpenStreetMap contributors",
    "retrieved": "2026-08-28",
    "km_downstream": 129.5,
    "km_from_channel": 0.82,
    "reach": "Open valley"
   }
  },
  {
   "type": "Feature",
   "geometry": {
    "type": "Point",
    "coordinates": [
     84.7183971,
     27.7979233
    ]
   },
   "properties": {
    "name": "Shri Panchayat Pra V",
    "name_local": "Shri Panchayat Pra V",
    "kind": "school",
    "what_it_is": "a school within 3 km of the river",
    "exposed_not_damaged": "This is something the flood could reach, not something reported damaged. No located damage assessment had been published.",
    "osm_id": "node/4939790691",
    "source": "OpenStreetMap via the Overpass API",
    "source_url": "https://www.openstreetmap.org/copyright",
    "licence": "ODbL 1.0, (c) OpenStreetMap contributors",
    "retrieved": "2026-08-28",
    "km_downstream": 129.6,
    "km_from_channel": 0.49,
    "reach": "Open valley"
   }
  },
  {
   "type": "Feature",
   "geometry": {
    "type": "Point",
    "coordinates": [
     84.7195438,
     27.8081936
    ]
   },
   "properties": {
    "name": "Shree Netra Jyoti Primary school",
    "name_local": "Shree Netra Jyoti Primary school",
    "kind": "school",
    "what_it_is": "a school within 3 km of the river",
    "exposed_not_damaged": "This is something the flood could reach, not something reported damaged. No located damage assessment had been published.",
    "osm_id": "way/497994434",
    "source": "OpenStreetMap via the Overpass API",
    "source_url": "https://www.openstreetmap.org/copyright",
    "licence": "ODbL 1.0, (c) OpenStreetMap contributors",
    "retrieved": "2026-08-28",
    "km_downstream": 129.9,
    "km_from_channel": 0.49,
    "reach": "Open valley"
   }
  },
  {
   "type": "Feature",
   "geometry": {
    "type": "Point",
    "coordinates": [
     84.7008441,
     27.7999887
    ]
   },
   "properties": {
    "name": "Shri Janajyoti Pra V",
    "name_local": "Shri Janajyoti Pra V",
    "kind": "school",
    "what_it_is": "a school within 3 km of the river",
    "exposed_not_damaged": "This is something the flood could reach, not something reported damaged. No located damage assessment had been published.",
    "osm_id": "node/4939775439",
    "source": "OpenStreetMap via the Overpass API",
    "source_url": "https://www.openstreetmap.org/copyright",
    "licence": "ODbL 1.0, (c) OpenStreetMap contributors",
    "retrieved": "2026-08-28",
    "km_downstream": 131.2,
    "km_from_channel": 0.76,
    "reach": "Open valley"
   }
  },
  {
   "type": "Feature",
   "geometry": {
    "type": "Point",
    "coordinates": [
     84.7101776,
     27.8091176
    ]
   },
   "properties": {
    "name": "Shree Shiva Ni Ma V",
    "name_local": "Shree Shiva Ni Ma V",
    "kind": "school",
    "what_it_is": "a school within 3 km of the river",
    "exposed_not_damaged": "This is something the flood could reach, not something reported damaged. No located damage assessment had been published.",
    "osm_id": "way/497997637",
    "source": "OpenStreetMap via the Overpass API",
    "source_url": "https://www.openstreetmap.org/copyright",
    "licence": "ODbL 1.0, (c) OpenStreetMap contributors",
    "retrieved": "2026-08-28",
    "km_downstream": 131.7,
    "km_from_channel": 0.33,
    "reach": "Open valley"
   }
  },
  {
   "type": "Feature",
   "geometry": {
    "type": "Point",
    "coordinates": [
     84.7142015,
     27.8328055
    ]
   },
   "properties": {
    "name": "Bhairabi Pra V",
    "name_local": "Bhairabi Pra V",
    "kind": "school",
    "what_it_is": "a school within 3 km of the river",
    "exposed_not_damaged": "This is something the flood could reach, not something reported damaged. No located damage assessment had been published.",
    "osm_id": "node/4894885707",
    "source": "OpenStreetMap via the Overpass API",
    "source_url": "https://www.openstreetmap.org/copyright",
    "licence": "ODbL 1.0, (c) OpenStreetMap contributors",
    "retrieved": "2026-08-28",
    "km_downstream": 131.8,
    "km_from_channel": 2.93,
    "reach": "Open valley"
   }
  },
  {
   "type": "Feature",
   "geometry": {
    "type": "Point",
    "coordinates": [
     84.7147702,
     27.8260317
    ]
   },
   "properties": {
    "name": "Shree Gyan Jyoti Pra V",
    "name_local": "Shree Gyan Jyoti Pra V",
    "kind": "school",
    "what_it_is": "a school within 3 km of the river",
    "exposed_not_damaged": "This is something the flood could reach, not something reported damaged. No located damage assessment had been published.",
    "osm_id": "way/497998787",
    "source": "OpenStreetMap via the Overpass API",
    "source_url": "https://www.openstreetmap.org/copyright",
    "licence": "ODbL 1.0, (c) OpenStreetMap contributors",
    "retrieved": "2026-08-28",
    "km_downstream": 131.8,
    "km_from_channel": 2.22,
    "reach": "Open valley"
   }
  },
  {
   "type": "Feature",
   "geometry": {
    "type": "Point",
    "coordinates": [
     84.7048938,
     27.805525
    ]
   },
   "properties": {
    "name": "Shree Shankha Higher Secondary School",
    "name_local": "Shree Shankha Higher Secondary School",
    "kind": "school",
    "what_it_is": "a school within 3 km of the river",
    "exposed_not_damaged": "This is something the flood could reach, not something reported damaged. No located damage assessment had been published.",
    "osm_id": "node/4858981422",
    "source": "OpenStreetMap via the Overpass API",
    "source_url": "https://www.openstreetmap.org/copyright",
    "licence": "ODbL 1.0, (c) OpenStreetMap contributors",
    "retrieved": "2026-08-28",
    "km_downstream": 132.0,
    "km_from_channel": 0.21,
    "reach": "Open valley"
   }
  },
  {
   "type": "Feature",
   "geometry": {
    "type": "Point",
    "coordinates": [
     84.7000622,
     27.8116525
    ]
   },
   "properties": {
    "name": "Shri Praja Jyoti Pra V",
    "name_local": "Shri Praja Jyoti Pra V",
    "kind": "school",
    "what_it_is": "a school within 3 km of the river",
    "exposed_not_damaged": "This is something the flood could reach, not something reported damaged. No located damage assessment had been published.",
    "osm_id": "node/4894847801",
    "source": "OpenStreetMap via the Overpass API",
    "source_url": "https://www.openstreetmap.org/copyright",
    "licence": "ODbL 1.0, (c) OpenStreetMap contributors",
    "retrieved": "2026-08-28",
    "km_downstream": 132.5,
    "km_from_channel": 0.41,
    "reach": "Open valley"
   }
  },
  {
   "type": "Feature",
   "geometry": {
    "type": "Point",
    "coordinates": [
     84.701447,
     27.8265606
    ]
   },
   "properties": {
    "name": "Shree Shila Bhairab Pra V",
    "name_local": "Shree Shila Bhairab Pra V",
    "kind": "school",
    "what_it_is": "a school within 3 km of the river",
    "exposed_not_damaged": "This is something the flood could reach, not something reported damaged. No located damage assessment had been published.",
    "osm_id": "way/497998397",
    "source": "OpenStreetMap via the Overpass API",
    "source_url": "https://www.openstreetmap.org/copyright",
    "licence": "ODbL 1.0, (c) OpenStreetMap contributors",
    "retrieved": "2026-08-28",
    "km_downstream": 132.9,
    "km_from_channel": 2.04,
    "reach": "Open valley"
   }
  },
  {
   "type": "Feature",
   "geometry": {
    "type": "Point",
    "coordinates": [
     84.684429,
     27.7905007
    ]
   },
   "properties": {
    "name": "Shree Malika Pra Vi",
    "name_local": "Shree Malika Pra Vi",
    "kind": "school",
    "what_it_is": "a school within 3 km of the river",
    "exposed_not_damaged": "This is something the flood could reach, not something reported damaged. No located damage assessment had been published.",
    "osm_id": "node/4941689493",
    "source": "OpenStreetMap via the Overpass API",
    "source_url": "https://www.openstreetmap.org/copyright",
    "licence": "ODbL 1.0, (c) OpenStreetMap contributors",
    "retrieved": "2026-08-28",
    "km_downstream": 133.9,
    "km_from_channel": 2.22,
    "reach": "Open valley"
   }
  },
  {
   "type": "Feature",
   "geometry": {
    "type": "Point",
    "coordinates": [
     84.679424,
     27.7950126
    ]
   },
   "properties": {
    "name": "Shree Jogimara Pra Vi",
    "name_local": "Shree Jogimara Pra Vi",
    "kind": "school",
    "what_it_is": "a school within 3 km of the river",
    "exposed_not_damaged": "This is something the flood could reach, not something reported damaged. No located damage assessment had been published.",
    "osm_id": "node/4939746195",
    "source": "OpenStreetMap via the Overpass API",
    "source_url": "https://www.openstreetmap.org/copyright",
    "licence": "ODbL 1.0, (c) OpenStreetMap contributors",
    "retrieved": "2026-08-28",
    "km_downstream": 134.0,
    "km_from_channel": 1.81,
    "reach": "Open valley"
   }
  },
  {
   "type": "Feature",
   "geometry": {
    "type": "Point",
    "coordinates": [
     84.6844397,
     27.8049757
    ]
   },
   "properties": {
    "name": "Shree Chitrakala Pra V",
    "name_local": "Shree Chitrakala Pra V",
    "kind": "school",
    "what_it_is": "a school within 3 km of the river",
    "exposed_not_damaged": "This is something the flood could reach, not something reported damaged. No located damage assessment had been published.",
    "osm_id": "way/503946928",
    "source": "OpenStreetMap via the Overpass API",
    "source_url": "https://www.openstreetmap.org/copyright",
    "licence": "ODbL 1.0, (c) OpenStreetMap contributors",
    "retrieved": "2026-08-28",
    "km_downstream": 134.0,
    "km_from_channel": 0.62,
    "reach": "Open valley"
   }
  },
  {
   "type": "Feature",
   "geometry": {
    "type": "Point",
    "coordinates": [
     84.6708543,
     27.8050067
    ]
   },
   "properties": {
    "name": "Shree Rastriya Ma Vi",
    "name_local": "Shree Rastriya Ma Vi",
    "kind": "school",
    "what_it_is": "a school within 3 km of the river",
    "exposed_not_damaged": "This is something the flood could reach, not something reported damaged. No located damage assessment had been published.",
    "osm_id": "way/503701708",
    "source": "OpenStreetMap via the Overpass API",
    "source_url": "https://www.openstreetmap.org/copyright",
    "licence": "ODbL 1.0, (c) OpenStreetMap contributors",
    "retrieved": "2026-08-28",
    "km_downstream": 134.7,
    "km_from_channel": 1.29,
    "reach": "Open valley"
   }
  },
  {
   "type": "Feature",
   "geometry": {
    "type": "Point",
    "coordinates": [
     84.6808447,
     27.8190228
    ]
   },
   "properties": {
    "name": "Shree Thumka Pra V",
    "name_local": "Shree Thumka Pra V",
    "kind": "school",
    "what_it_is": "a school within 3 km of the river",
    "exposed_not_damaged": "This is something the flood could reach, not something reported damaged. No located damage assessment had been published.",
    "osm_id": "way/498173214",
    "source": "OpenStreetMap via the Overpass API",
    "source_url": "https://www.openstreetmap.org/copyright",
    "licence": "ODbL 1.0, (c) OpenStreetMap contributors",
    "retrieved": "2026-08-28",
    "km_downstream": 135.0,
    "km_from_channel": 0.53,
    "reach": "Open valley"
   }
  },
  {
   "type": "Feature",
   "geometry": {
    "type": "Point",
    "coordinates": [
     84.6530907,
     27.7969961
    ]
   },
   "properties": {
    "name": "Shree Padmachaur Pra vi",
    "name_local": "Shree Padmachaur Pra vi",
    "kind": "school",
    "what_it_is": "a school within 3 km of the river",
    "exposed_not_damaged": "This is something the flood could reach, not something reported damaged. No located damage assessment had been published.",
    "osm_id": "way/503544867",
    "source": "OpenStreetMap via the Overpass API",
    "source_url": "https://www.openstreetmap.org/copyright",
    "licence": "ODbL 1.0, (c) OpenStreetMap contributors",
    "retrieved": "2026-08-28",
    "km_downstream": 135.9,
    "km_from_channel": 2.8,
    "reach": "Open valley"
   }
  },
  {
   "type": "Feature",
   "geometry": {
    "type": "Point",
    "coordinates": [
     84.6577396,
     27.8010842
    ]
   },
   "properties": {
    "name": "Shree Jalkanya Pra Vi",
    "name_local": "Shree Jalkanya Pra Vi",
    "kind": "school",
    "what_it_is": "a school within 3 km of the river",
    "exposed_not_damaged": "This is something the flood could reach, not something reported damaged. No located damage assessment had been published.",
    "osm_id": "way/503702086",
    "source": "OpenStreetMap via the Overpass API",
    "source_url": "https://www.openstreetmap.org/copyright",
    "licence": "ODbL 1.0, (c) OpenStreetMap contributors",
    "retrieved": "2026-08-28",
    "km_downstream": 135.9,
    "km_from_channel": 2.17,
    "reach": "Open valley"
   }
  },
  {
   "type": "Feature",
   "geometry": {
    "type": "Point",
    "coordinates": [
     84.6549298,
     27.8142826
    ]
   },
   "properties": {
    "name": "Shri Rastriya Ni Ma Vi",
    "name_local": "Shri Rastriya Ni Ma Vi",
    "kind": "school",
    "what_it_is": "a school within 3 km of the river",
    "exposed_not_damaged": "This is something the flood could reach, not something reported damaged. No located damage assessment had been published.",
    "osm_id": "node/4939749084",
    "source": "OpenStreetMap via the Overpass API",
    "source_url": "https://www.openstreetmap.org/copyright",
    "licence": "ODbL 1.0, (c) OpenStreetMap contributors",
    "retrieved": "2026-08-28",
    "km_downstream": 136.0,
    "km_from_channel": 1.33,
    "reach": "Open valley"
   }
  },
  {
   "type": "Feature",
   "geometry": {
    "type": "Point",
    "coordinates": [
     84.6395874,
     27.8101826
    ]
   },
   "properties": {
    "name": "श्री नेत्र ज्याति आधारभूत बिधालय बास्पुर",
    "name_local": "श्री नेत्र ज्याति आधारभूत बिधालय बास्पुर",
    "kind": "school",
    "what_it_is": "a school within 3 km of the river",
    "exposed_not_damaged": "This is something the flood could reach, not something reported damaged. No located damage assessment had been published.",
    "osm_id": "node/9794119199",
    "source": "OpenStreetMap via the Overpass API",
    "source_url": "https://www.openstreetmap.org/copyright",
    "licence": "ODbL 1.0, (c) OpenStreetMap contributors",
    "retrieved": "2026-08-28",
    "km_downstream": 136.0,
    "km_from_channel": 2.9,
    "reach": "Open valley"
   }
  },
  {
   "type": "Feature",
   "geometry": {
    "type": "Point",
    "coordinates": [
     84.6620352,
     27.8189847
    ]
   },
   "properties": {
    "name": "Shri Rastriya Pra Vi",
    "name_local": "Shri Rastriya Pra Vi",
    "kind": "school",
    "what_it_is": "a school within 3 km of the river",
    "exposed_not_damaged": "This is something the flood could reach, not something reported damaged. No located damage assessment had been published.",
    "osm_id": "node/4939778514",
    "source": "OpenStreetMap via the Overpass API",
    "source_url": "https://www.openstreetmap.org/copyright",
    "licence": "ODbL 1.0, (c) OpenStreetMap contributors",
    "retrieved": "2026-08-28",
    "km_downstream": 136.1,
    "km_from_channel": 0.51,
    "reach": "Open valley"
   }
  },
  {
   "type": "Feature",
   "geometry": {
    "type": "Point",
    "coordinates": [
     84.6830551,
     27.8321539
    ]
   },
   "properties": {
    "name": "Shree Balaki Ni Ma V",
    "name_local": "Shree Balaki Ni Ma V",
    "kind": "school",
    "what_it_is": "a school within 3 km of the river",
    "exposed_not_damaged": "This is something the flood could reach, not something reported damaged. No located damage assessment had been published.",
    "osm_id": "way/498172682",
    "source": "OpenStreetMap via the Overpass API",
    "source_url": "https://www.openstreetmap.org/copyright",
    "licence": "ODbL 1.0, (c) OpenStreetMap contributors",
    "retrieved": "2026-08-28",
    "km_downstream": 136.7,
    "km_from_channel": 1.84,
    "reach": "Open valley"
   }
  },
  {
   "type": "Feature",
   "geometry": {
    "type": "Point",
    "coordinates": [
     84.6487885,
     27.8357544
    ]
   },
   "properties": {
    "name": "Shree Pargatishil Rastriya Aardharbhut School",
    "name_local": "Shree Pargatishil Rastriya Aardharbhut School",
    "kind": "school",
    "what_it_is": "a school within 3 km of the river",
    "exposed_not_damaged": "This is something the flood could reach, not something reported damaged. No located damage assessment had been published.",
    "osm_id": "node/9794119188",
    "source": "OpenStreetMap via the Overpass API",
    "source_url": "https://www.openstreetmap.org/copyright",
    "licence": "ODbL 1.0, (c) OpenStreetMap contributors",
    "retrieved": "2026-08-28",
    "km_downstream": 137.7,
    "km_from_channel": 1.32,
    "reach": "Open valley"
   }
  },
  {
   "type": "Feature",
   "geometry": {
    "type": "Point",
    "coordinates": [
     84.6565857,
     27.8390026
    ]
   },
   "properties": {
    "name": "Shree Rastriya Aardharbhut Bidhalaya, Dhusha",
    "name_local": "Shree Rastriya Aardharbhut Bidhalaya, Dhusha",
    "kind": "school",
    "what_it_is": "a school within 3 km of the river",
    "exposed_not_damaged": "This is something the flood could reach, not something reported damaged. No located damage assessment had been published.",
    "osm_id": "node/9794119184",
    "source": "OpenStreetMap via the Overpass API",
    "source_url": "https://www.openstreetmap.org/copyright",
    "licence": "ODbL 1.0, (c) OpenStreetMap contributors",
    "retrieved": "2026-08-28",
    "km_downstream": 138.5,
    "km_from_channel": 0.68,
    "reach": "Open valley"
   }
  },
  {
   "type": "Feature",
   "geometry": {
    "type": "Point",
    "coordinates": [
     84.6614838,
     27.8424892
    ]
   },
   "properties": {
    "name": "Shree Rastriya Aardharbhut School, Fishling",
    "name_local": "Shree Rastriya Aardharbhut School, Fishling",
    "kind": "school",
    "what_it_is": "a school within 3 km of the river",
    "exposed_not_damaged": "This is something the flood could reach, not something reported damaged. No located damage assessment had been published.",
    "osm_id": "node/9794119187",
    "source": "OpenStreetMap via the Overpass API",
    "source_url": "https://www.openstreetmap.org/copyright",
    "licence": "ODbL 1.0, (c) OpenStreetMap contributors",
    "retrieved": "2026-08-28",
    "km_downstream": 138.9,
    "km_from_channel": 0.19,
    "reach": "Open valley"
   }
  },
  {
   "type": "Feature",
   "geometry": {
    "type": "Point",
    "coordinates": [
     84.6728588,
     27.8523033
    ]
   },
   "properties": {
    "name": "Shri Toman Danda Ni Ma V",
    "name_local": "Shri Toman Danda Ni Ma V",
    "kind": "school",
    "what_it_is": "a school within 3 km of the river",
    "exposed_not_damaged": "This is something the flood could reach, not something reported damaged. No located damage assessment had been published.",
    "osm_id": "way/341389996",
    "source": "OpenStreetMap via the Overpass API",
    "source_url": "https://www.openstreetmap.org/copyright",
    "licence": "ODbL 1.0, (c) OpenStreetMap contributors",
    "retrieved": "2026-08-28",
    "km_downstream": 139.7,
    "km_from_channel": 1.26,
    "reach": "Open valley"
   }
  },
  {
   "type": "Feature",
   "geometry": {
    "type": "Point",
    "coordinates": [
     84.6870053,
     27.8621534
    ]
   },
   "properties": {
    "name": "Shree Pashupati Praja Pra V",
    "name_local": "Shree Pashupati Praja Pra V",
    "kind": "school",
    "what_it_is": "a school within 3 km of the river",
    "exposed_not_damaged": "This is something the flood could reach, not something reported damaged. No located damage assessment had been published.",
    "osm_id": "node/4914389372",
    "source": "OpenStreetMap via the Overpass API",
    "source_url": "https://www.openstreetmap.org/copyright",
    "licence": "ODbL 1.0, (c) OpenStreetMap contributors",
    "retrieved": "2026-08-28",
    "km_downstream": 139.9,
    "km_from_channel": 2.98,
    "reach": "Open valley"
   }
  },
  {
   "type": "Feature",
   "geometry": {
    "type": "Point",
    "coordinates": [
     84.6742077,
     27.8719286
    ]
   },
   "properties": {
    "name": "Shree Bhalayadhada Pra V",
    "name_local": "Shree Bhalayadhada Pra V",
    "kind": "school",
    "what_it_is": "a school within 3 km of the river",
    "exposed_not_damaged": "This is something the flood could reach, not something reported damaged. No located damage assessment had been published.",
    "osm_id": "way/500363756",
    "source": "OpenStreetMap via the Overpass API",
    "source_url": "https://www.openstreetmap.org/copyright",
    "licence": "ODbL 1.0, (c) OpenStreetMap contributors",
    "retrieved": "2026-08-28",
    "km_downstream": 140.2,
    "km_from_channel": 2.77,
    "reach": "Open valley"
   }
  },
  {
   "type": "Feature",
   "geometry": {
    "type": "Point",
    "coordinates": [
     84.6598546,
     27.8576325
    ]
   },
   "properties": {
    "name": "Shri Jana Jagriti Pra V",
    "name_local": "Shri Jana Jagriti Pra V",
    "kind": "school",
    "what_it_is": "a school within 3 km of the river",
    "exposed_not_damaged": "This is something the flood could reach, not something reported damaged. No located damage assessment had been published.",
    "osm_id": "node/4914391237",
    "source": "OpenStreetMap via the Overpass API",
    "source_url": "https://www.openstreetmap.org/copyright",
    "licence": "ODbL 1.0, (c) OpenStreetMap contributors",
    "retrieved": "2026-08-28",
    "km_downstream": 140.3,
    "km_from_channel": 0.69,
    "reach": "Open valley"
   }
  },
  {
   "type": "Feature",
   "geometry": {
    "type": "Point",
    "coordinates": [
     84.6495972,
     27.845274
    ]
   },
   "properties": {
    "name": "Shree Rastriya Aardharbhut School, Chaibung",
    "name_local": "Shree Rastriya Aardharbhut School, Chaibung",
    "kind": "school",
    "what_it_is": "a school within 3 km of the river",
    "exposed_not_damaged": "This is something the flood could reach, not something reported damaged. No located damage assessment had been published.",
    "osm_id": "node/9794119186",
    "source": "OpenStreetMap via the Overpass API",
    "source_url": "https://www.openstreetmap.org/copyright",
    "licence": "ODbL 1.0, (c) OpenStreetMap contributors",
    "retrieved": "2026-08-28",
    "km_downstream": 140.9,
    "km_from_channel": 0.82,
    "reach": "Open valley"
   }
  },
  {
   "type": "Feature",
   "geometry": {
    "type": "Point",
    "coordinates": [
     84.6378937,
     27.8354645
    ]
   },
   "properties": {
    "name": "Shree Majhagau Madhyamik school",
    "name_local": "Shree Majhagau Madhyamik school",
    "kind": "school",
    "what_it_is": "a school within 3 km of the river",
    "exposed_not_damaged": "This is something the flood could reach, not something reported damaged. No located damage assessment had been published.",
    "osm_id": "node/9794119190",
    "source": "OpenStreetMap via the Overpass API",
    "source_url": "https://www.openstreetmap.org/copyright",
    "licence": "ODbL 1.0, (c) OpenStreetMap contributors",
    "retrieved": "2026-08-28",
    "km_downstream": 141.2,
    "km_from_channel": 2.19,
    "reach": "Open valley"
   }
  },
  {
   "type": "Feature",
   "geometry": {
    "type": "Point",
    "coordinates": [
     84.6684237,
     27.880138
    ]
   },
   "properties": {
    "name": "Shree Bijaya Bhawani Uccha Ma V",
    "name_local": "Shree Bijaya Bhawani Uccha Ma V",
    "kind": "school",
    "what_it_is": "a school within 3 km of the river",
    "exposed_not_damaged": "This is something the flood could reach, not something reported damaged. No located damage assessment had been published.",
    "osm_id": "way/500331839",
    "source": "OpenStreetMap via the Overpass API",
    "source_url": "https://www.openstreetmap.org/copyright",
    "licence": "ODbL 1.0, (c) OpenStreetMap contributors",
    "retrieved": "2026-08-28",
    "km_downstream": 142.0,
    "km_from_channel": 2.98,
    "reach": "Open valley"
   }
  },
  {
   "type": "Feature",
   "geometry": {
    "type": "Point",
    "coordinates": [
     84.6528689,
     27.8749178
    ]
   },
   "properties": {
    "name": "Shree Prajabasti Pra V",
    "name_local": "Shree Prajabasti Pra V",
    "kind": "school",
    "what_it_is": "a school within 3 km of the river",
    "exposed_not_damaged": "This is something the flood could reach, not something reported damaged. No located damage assessment had been published.",
    "osm_id": "way/500330635",
    "source": "OpenStreetMap via the Overpass API",
    "source_url": "https://www.openstreetmap.org/copyright",
    "licence": "ODbL 1.0, (c) OpenStreetMap contributors",
    "retrieved": "2026-08-28",
    "km_downstream": 142.3,
    "km_from_channel": 1.71,
    "reach": "Open valley"
   }
  },
  {
   "type": "Feature",
   "geometry": {
    "type": "Point",
    "coordinates": [
     84.6409513,
     27.8622423
    ]
   },
   "properties": {
    "name": "Shri Janajagriti Primary School",
    "name_local": "Shri Janajagriti Primary School",
    "kind": "school",
    "what_it_is": "a school within 3 km of the river",
    "exposed_not_damaged": "This is something the flood could reach, not something reported damaged. No located damage assessment had been published.",
    "osm_id": "node/4878209122",
    "source": "OpenStreetMap via the Overpass API",
    "source_url": "https://www.openstreetmap.org/copyright",
    "licence": "ODbL 1.0, (c) OpenStreetMap contributors",
    "retrieved": "2026-08-28",
    "km_downstream": 142.8,
    "km_from_channel": 0.26,
    "reach": "Open valley"
   }
  },
  {
   "type": "Feature",
   "geometry": {
    "type": "Point",
    "coordinates": [
     84.6251907,
     27.8535347
    ]
   },
   "properties": {
    "name": "Shree Rastriya Aardharbhut Bidhalayaa Kamere",
    "name_local": "Shree Rastriya Aardharbhut Bidhalayaa Kamere",
    "kind": "school",
    "what_it_is": "a school within 3 km of the river",
    "exposed_not_damaged": "This is something the flood could reach, not something reported damaged. No located damage assessment had been published.",
    "osm_id": "node/9794119183",
    "source": "OpenStreetMap via the Overpass API",
    "source_url": "https://www.openstreetmap.org/copyright",
    "licence": "ODbL 1.0, (c) OpenStreetMap contributors",
    "retrieved": "2026-08-28",
    "km_downstream": 143.5,
    "km_from_channel": 1.24,
    "reach": "Open valley"
   }
  },
  {
   "type": "Feature",
   "geometry": {
    "type": "Point",
    "coordinates": [
     84.616188,
     27.84688
    ]
   },
   "properties": {
    "name": "Shree Ganesh Rastriya Aardharbhut Bidhalaya school, Orek",
    "name_local": "Shree Ganesh Rastriya Aardharbhut Bidhalaya school, Orek",
    "kind": "school",
    "what_it_is": "a school within 3 km of the river",
    "exposed_not_damaged": "This is something the flood could reach, not something reported damaged. No located damage assessment had been published.",
    "osm_id": "node/9794119185",
    "source": "OpenStreetMap via the Overpass API",
    "source_url": "https://www.openstreetmap.org/copyright",
    "licence": "ODbL 1.0, (c) OpenStreetMap contributors",
    "retrieved": "2026-08-28",
    "km_downstream": 143.5,
    "km_from_channel": 2.4,
    "reach": "Open valley"
   }
  },
  {
   "type": "Feature",
   "geometry": {
    "type": "Point",
    "coordinates": [
     84.6214828,
     27.856287
    ]
   },
   "properties": {
    "name": "Siddha Kamana Rastriya Adharbhut school, Dadabari",
    "name_local": "Siddha Kamana Rastriya Adharbhut school, Dadabari",
    "kind": "school",
    "what_it_is": "a school within 3 km of the river",
    "exposed_not_damaged": "This is something the flood could reach, not something reported damaged. No located damage assessment had been published.",
    "osm_id": "node/9794127021",
    "source": "OpenStreetMap via the Overpass API",
    "source_url": "https://www.openstreetmap.org/copyright",
    "licence": "ODbL 1.0, (c) OpenStreetMap contributors",
    "retrieved": "2026-08-28",
    "km_downstream": 143.6,
    "km_from_channel": 1.38,
    "reach": "Open valley"
   }
  },
  {
   "type": "Feature",
   "geometry": {
    "type": "Point",
    "coordinates": [
     84.6330946,
     27.8716283
    ]
   },
   "properties": {
    "name": "Shri Rainas Pra V",
    "name_local": "Shri Rainas Pra V",
    "kind": "school",
    "what_it_is": "a school within 3 km of the river",
    "exposed_not_damaged": "This is something the flood could reach, not something reported damaged. No located damage assessment had been published.",
    "osm_id": "node/4915942407",
    "source": "OpenStreetMap via the Overpass API",
    "source_url": "https://www.openstreetmap.org/copyright",
    "licence": "ODbL 1.0, (c) OpenStreetMap contributors",
    "retrieved": "2026-08-28",
    "km_downstream": 144.5,
    "km_from_channel": 0.24,
    "reach": "Open valley"
   }
  },
  {
   "type": "Feature",
   "geometry": {
    "type": "Point",
    "coordinates": [
     84.6251566,
     27.8706443
    ]
   },
   "properties": {
    "name": "Kurin Boarding School",
    "name_local": "Kurin Boarding School",
    "kind": "school",
    "what_it_is": "a school within 3 km of the river",
    "exposed_not_damaged": "This is something the flood could reach, not something reported damaged. No located damage assessment had been published.",
    "osm_id": "node/9794127022",
    "source": "OpenStreetMap via the Overpass API",
    "source_url": "https://www.openstreetmap.org/copyright",
    "licence": "ODbL 1.0, (c) OpenStreetMap contributors",
    "retrieved": "2026-08-28",
    "km_downstream": 145.2,
    "km_from_channel": 0.29,
    "reach": "Open valley"
   }
  },
  {
   "type": "Feature",
   "geometry": {
    "type": "Point",
    "coordinates": [
     84.6215024,
     27.8704942
    ]
   },
   "properties": {
    "name": "Pragati Pathshala Secondary school , Kurintar",
    "name_local": "Pragati Pathshala Secondary school , Kurintar",
    "kind": "school",
    "what_it_is": "a school within 3 km of the river",
    "exposed_not_damaged": "This is something the flood could reach, not something reported damaged. No located damage assessment had been published.",
    "osm_id": "node/9794127026",
    "source": "OpenStreetMap via the Overpass API",
    "source_url": "https://www.openstreetmap.org/copyright",
    "licence": "ODbL 1.0, (c) OpenStreetMap contributors",
    "retrieved": "2026-08-28",
    "km_downstream": 145.2,
    "km_from_channel": 0.6,
    "reach": "Open valley"
   }
  },
  {
   "type": "Feature",
   "geometry": {
    "type": "Point",
    "coordinates": [
     84.6230438,
     27.8709017
    ]
   },
   "properties": {
    "name": "Sarbhashanti Secondary School, Kurintar",
    "name_local": "Sarbhashanti Secondary School, Kurintar",
    "kind": "school",
    "what_it_is": "a school within 3 km of the river",
    "exposed_not_damaged": "This is something the flood could reach, not something reported damaged. No located damage assessment had been published.",
    "osm_id": "node/9794127028",
    "source": "OpenStreetMap via the Overpass API",
    "source_url": "https://www.openstreetmap.org/copyright",
    "licence": "ODbL 1.0, (c) OpenStreetMap contributors",
    "retrieved": "2026-08-28",
    "km_downstream": 145.2,
    "km_from_channel": 0.44,
    "reach": "Open valley"
   }
  },
  {
   "type": "Feature",
   "geometry": {
    "type": "Point",
    "coordinates": [
     84.636145,
     27.8939019
    ]
   },
   "properties": {
    "name": "Shree Sahid Sandesh Smriti Pra V",
    "name_local": "Shree Sahid Sandesh Smriti Pra V",
    "kind": "school",
    "what_it_is": "a school within 3 km of the river",
    "exposed_not_damaged": "This is something the flood could reach, not something reported damaged. No located damage assessment had been published.",
    "osm_id": "way/500572025",
    "source": "OpenStreetMap via the Overpass API",
    "source_url": "https://www.openstreetmap.org/copyright",
    "licence": "ODbL 1.0, (c) OpenStreetMap contributors",
    "retrieved": "2026-08-28",
    "km_downstream": 146.2,
    "km_from_channel": 1.94,
    "reach": "Open valley"
   }
  },
  {
   "type": "Feature",
   "geometry": {
    "type": "Point",
    "coordinates": [
     84.6314735,
     27.89865
    ]
   },
   "properties": {
    "name": "Shree Maharudra Pra V",
    "name_local": "Shree Maharudra Pra V",
    "kind": "school",
    "what_it_is": "a school within 3 km of the river",
    "exposed_not_damaged": "This is something the flood could reach, not something reported damaged. No located damage assessment had been published.",
    "osm_id": "way/500571730",
    "source": "OpenStreetMap via the Overpass API",
    "source_url": "https://www.openstreetmap.org/copyright",
    "licence": "ODbL 1.0, (c) OpenStreetMap contributors",
    "retrieved": "2026-08-28",
    "km_downstream": 146.3,
    "km_from_channel": 2.19,
    "reach": "Open valley"
   }
  },
  {
   "type": "Feature",
   "geometry": {
    "type": "Point",
    "coordinates": [
     84.6222923,
     27.9039479
    ]
   },
   "properties": {
    "name": "Shree Sinjali Ma V",
    "name_local": "Shree Sinjali Ma V",
    "kind": "school",
    "what_it_is": "a school within 3 km of the river",
    "exposed_not_damaged": "This is something the flood could reach, not something reported damaged. No located damage assessment had been published.",
    "osm_id": "node/4915930699",
    "source": "OpenStreetMap via the Overpass API",
    "source_url": "https://www.openstreetmap.org/copyright",
    "licence": "ODbL 1.0, (c) OpenStreetMap contributors",
    "retrieved": "2026-08-28",
    "km_downstream": 146.6,
    "km_from_channel": 2.57,
    "reach": "Open valley"
   }
  },
  {
   "type": "Feature",
   "geometry": {
    "type": "Point",
    "coordinates": [
     84.6140867,
     27.8914086
    ]
   },
   "properties": {
    "name": "Shree Pragati Pra Vi",
    "name_local": "Shree Pragati Pra Vi",
    "kind": "school",
    "what_it_is": "a school within 3 km of the river",
    "exposed_not_damaged": "This is something the flood could reach, not something reported damaged. No located damage assessment had been published.",
    "osm_id": "way/500400962",
    "source": "OpenStreetMap via the Overpass API",
    "source_url": "https://www.openstreetmap.org/copyright",
    "licence": "ODbL 1.0, (c) OpenStreetMap contributors",
    "retrieved": "2026-08-28",
    "km_downstream": 146.7,
    "km_from_channel": 1.28,
    "reach": "Open valley"
   }
  },
  {
   "type": "Feature",
   "geometry": {
    "type": "Point",
    "coordinates": [
     84.6104969,
     27.8795003
    ]
   },
   "properties": {
    "name": "Shree Gandaki Pra V",
    "name_local": "Shree Gandaki Pra V",
    "kind": "school",
    "what_it_is": "a school within 3 km of the river",
    "exposed_not_damaged": "This is something the flood could reach, not something reported damaged. No located damage assessment had been published.",
    "osm_id": "way/500573773",
    "source": "OpenStreetMap via the Overpass API",
    "source_url": "https://www.openstreetmap.org/copyright",
    "licence": "ODbL 1.0, (c) OpenStreetMap contributors",
    "retrieved": "2026-08-28",
    "km_downstream": 147.4,
    "km_from_channel": 0.51,
    "reach": "Open valley"
   }
  },
  {
   "type": "Feature",
   "geometry": {
    "type": "Point",
    "coordinates": [
     84.6041107,
     27.8589649
    ]
   },
   "properties": {
    "name": "Shree Amardip Rastriya Adharbhut School, Beldanda",
    "name_local": "Shree Amardip Rastriya Adharbhut School, Beldanda",
    "kind": "school",
    "what_it_is": "a school within 3 km of the river",
    "exposed_not_damaged": "This is something the flood could reach, not something reported damaged. No located damage assessment had been published.",
    "osm_id": "node/9794127024",
    "source": "OpenStreetMap via the Overpass API",
    "source_url": "https://www.openstreetmap.org/copyright",
    "licence": "ODbL 1.0, (c) OpenStreetMap contributors",
    "retrieved": "2026-08-28",
    "km_downstream": 148.5,
    "km_from_channel": 1.42,
    "reach": "Open valley"
   }
  },
  {
   "type": "Feature",
   "geometry": {
    "type": "Point",
    "coordinates": [
     84.6044235,
     27.8703213
    ]
   },
   "properties": {
    "name": "Shree Bakulahari Rastriya Adharbhut School, Lewatar",
    "name_local": "Shree Bakulahari Rastriya Adharbhut School, Lewatar",
    "kind": "school",
    "what_it_is": "a school within 3 km of the river",
    "exposed_not_damaged": "This is something the flood could reach, not something reported damaged. No located damage assessment had been published.",
    "osm_id": "node/9794127019",
    "source": "OpenStreetMap via the Overpass API",
    "source_url": "https://www.openstreetmap.org/copyright",
    "licence": "ODbL 1.0, (c) OpenStreetMap contributors",
    "retrieved": "2026-08-28",
    "km_downstream": 148.7,
    "km_from_channel": 0.21,
    "reach": "Open valley"
   }
  },
  {
   "type": "Feature",
   "geometry": {
    "type": "Point",
    "coordinates": [
     84.5916367,
     27.8683929
    ]
   },
   "properties": {
    "name": "Shree Adharbhut School, Lamidanda",
    "name_local": "Shree Adharbhut School, Lamidanda",
    "kind": "school",
    "what_it_is": "a school within 3 km of the river",
    "exposed_not_damaged": "This is something the flood could reach, not something reported damaged. No located damage assessment had been published.",
    "osm_id": "node/9794127027",
    "source": "OpenStreetMap via the Overpass API",
    "source_url": "https://www.openstreetmap.org/copyright",
    "licence": "ODbL 1.0, (c) OpenStreetMap contributors",
    "retrieved": "2026-08-28",
    "km_downstream": 149.9,
    "km_from_channel": 0.98,
    "reach": "Open valley"
   }
  },
  {
   "type": "Feature",
   "geometry": {
    "type": "Point",
    "coordinates": [
     84.5911485,
     27.8816026
    ]
   },
   "properties": {
    "name": "Shri Shilingtar Pra V",
    "name_local": "Shri Shilingtar Pra V",
    "kind": "school",
    "what_it_is": "a school within 3 km of the river",
    "exposed_not_damaged": "This is something the flood could reach, not something reported damaged. No located damage assessment had been published.",
    "osm_id": "node/4912228426",
    "source": "OpenStreetMap via the Overpass API",
    "source_url": "https://www.openstreetmap.org/copyright",
    "licence": "ODbL 1.0, (c) OpenStreetMap contributors",
    "retrieved": "2026-08-28",
    "km_downstream": 150.5,
    "km_from_channel": 0.19,
    "reach": "Open valley"
   }
  },
  {
   "type": "Feature",
   "geometry": {
    "type": "Point",
    "coordinates": [
     84.5930959,
     27.9008628
    ]
   },
   "properties": {
    "name": "Shree Chandi Deurali Pra V",
    "name_local": "Shree Chandi Deurali Pra V",
    "kind": "school",
    "what_it_is": "a school within 3 km of the river",
    "exposed_not_damaged": "This is something the flood could reach, not something reported damaged. No located damage assessment had been published.",
    "osm_id": "node/4901468130",
    "source": "OpenStreetMap via the Overpass API",
    "source_url": "https://www.openstreetmap.org/copyright",
    "licence": "ODbL 1.0, (c) OpenStreetMap contributors",
    "retrieved": "2026-08-28",
    "km_downstream": 150.6,
    "km_from_channel": 2.33,
    "reach": "Open valley"
   }
  },
  {
   "type": "Feature",
   "geometry": {
    "type": "Point",
    "coordinates": [
     84.5822581,
     27.9025482
    ]
   },
   "properties": {
    "name": "Shree Manakamana Uccha Ma V",
    "name_local": "Shree Manakamana Uccha Ma V",
    "kind": "school",
    "what_it_is": "a school within 3 km of the river",
    "exposed_not_damaged": "This is something the flood could reach, not something reported damaged. No located damage assessment had been published.",
    "osm_id": "way/498812935",
    "source": "OpenStreetMap via the Overpass API",
    "source_url": "https://www.openstreetmap.org/copyright",
    "licence": "ODbL 1.0, (c) OpenStreetMap contributors",
    "retrieved": "2026-08-28",
    "km_downstream": 150.6,
    "km_from_channel": 2.62,
    "reach": "Open valley"
   }
  },
  {
   "type": "Feature",
   "geometry": {
    "type": "Point",
    "coordinates": [
     84.5775725,
     27.9023547
    ]
   },
   "properties": {
    "name": "Shree Suntalabari Bal Smriti Pra V",
    "name_local": "Shree Suntalabari Bal Smriti Pra V",
    "kind": "school",
    "what_it_is": "a school within 3 km of the river",
    "exposed_not_damaged": "This is something the flood could reach, not something reported damaged. No located damage assessment had been published.",
    "osm_id": "way/498812419",
    "source": "OpenStreetMap via the Overpass API",
    "source_url": "https://www.openstreetmap.org/copyright",
    "licence": "ODbL 1.0, (c) OpenStreetMap contributors",
    "retrieved": "2026-08-28",
    "km_downstream": 150.7,
    "km_from_channel": 2.77,
    "reach": "Open valley"
   }
  },
  {
   "type": "Feature",
   "geometry": {
    "type": "Point",
    "coordinates": [
     84.5718466,
     27.889841
    ]
   },
   "properties": {
    "name": "Shree Chandishwori Pra V",
    "name_local": "Shree Chandishwori Pra V",
    "kind": "school",
    "what_it_is": "a school within 3 km of the river",
    "exposed_not_damaged": "This is something the flood could reach, not something reported damaged. No located damage assessment had been published.",
    "osm_id": "way/500071583",
    "source": "OpenStreetMap via the Overpass API",
    "source_url": "https://www.openstreetmap.org/copyright",
    "licence": "ODbL 1.0, (c) OpenStreetMap contributors",
    "retrieved": "2026-08-28",
    "km_downstream": 151.6,
    "km_from_channel": 1.92,
    "reach": "Open valley"
   }
  },
  {
   "type": "Feature",
   "geometry": {
    "type": "Point",
    "coordinates": [
     84.557637,
     27.8808149
    ]
   },
   "properties": {
    "name": "Shree Ganga Dharma Ni Ma V",
    "name_local": "Shree Ganga Dharma Ni Ma V",
    "kind": "school",
    "what_it_is": "a school within 3 km of the river",
    "exposed_not_damaged": "This is something the flood could reach, not something reported damaged. No located damage assessment had been published.",
    "osm_id": "node/4912222549",
    "source": "OpenStreetMap via the Overpass API",
    "source_url": "https://www.openstreetmap.org/copyright",
    "licence": "ODbL 1.0, (c) OpenStreetMap contributors",
    "retrieved": "2026-08-28",
    "km_downstream": 152.2,
    "km_from_channel": 2.19,
    "reach": "Open valley"
   }
  },
  {
   "type": "Feature",
   "geometry": {
    "type": "Point",
    "coordinates": [
     84.5839005,
     27.8662148
    ]
   },
   "properties": {
    "name": "Shree Chakradevi School, Syaklang",
    "name_local": "Shree Chakradevi School, Syaklang",
    "kind": "school",
    "what_it_is": "a school within 3 km of the river",
    "exposed_not_damaged": "This is something the flood could reach, not something reported damaged. No located damage assessment had been published.",
    "osm_id": "node/9794127023",
    "source": "OpenStreetMap via the Overpass API",
    "source_url": "https://www.openstreetmap.org/copyright",
    "licence": "ODbL 1.0, (c) OpenStreetMap contributors",
    "retrieved": "2026-08-28",
    "km_downstream": 152.8,
    "km_from_channel": 0.62,
    "reach": "Open valley"
   }
  },
  {
   "type": "Feature",
   "geometry": {
    "type": "Point",
    "coordinates": [
     84.5870438,
     27.8512993
    ]
   },
   "properties": {
    "name": "Shree Rastriya Adharbhut School,Tamin",
    "name_local": "Shree Rastriya Adharbhut School,Tamin",
    "kind": "school",
    "what_it_is": "a school within 3 km of the river",
    "exposed_not_damaged": "This is something the flood could reach, not something reported damaged. No located damage assessment had been published.",
    "osm_id": "node/9794127025",
    "source": "OpenStreetMap via the Overpass API",
    "source_url": "https://www.openstreetmap.org/copyright",
    "licence": "ODbL 1.0, (c) OpenStreetMap contributors",
    "retrieved": "2026-08-28",
    "km_downstream": 153.1,
    "km_from_channel": 1.74,
    "reach": "Open valley"
   }
  },
  {
   "type": "Feature",
   "geometry": {
    "type": "Point",
    "coordinates": [
     84.5615298,
     27.8576882
    ]
   },
   "properties": {
    "name": "Green Field Secondary English School, Muglin",
    "name_local": "Green Field Secondary English School, Muglin",
    "kind": "school",
    "what_it_is": "a school within 3 km of the river",
    "exposed_not_damaged": "This is something the flood could reach, not something reported damaged. No located damage assessment had been published.",
    "osm_id": "node/9794119213",
    "source": "OpenStreetMap via the Overpass API",
    "source_url": "https://www.openstreetmap.org/copyright",
    "licence": "ODbL 1.0, (c) OpenStreetMap contributors",
    "retrieved": "2026-08-28",
    "km_downstream": 154.8,
    "km_from_channel": 0.07,
    "reach": "Open valley"
   }
  },
  {
   "type": "Feature",
   "geometry": {
    "type": "Point",
    "coordinates": [
     84.5594191,
     27.8565326
    ]
   },
   "properties": {
    "name": "Marsyangdi Shikshya Sadan English Boarding School",
    "name_local": "Marsyangdi Shikshya Sadan English Boarding School",
    "kind": "school",
    "what_it_is": "a school within 3 km of the river",
    "exposed_not_damaged": "This is something the flood could reach, not something reported damaged. No located damage assessment had been published.",
    "osm_id": "way/341125947",
    "source": "OpenStreetMap via the Overpass API",
    "source_url": "https://www.openstreetmap.org/copyright",
    "licence": "ODbL 1.0, (c) OpenStreetMap contributors",
    "retrieved": "2026-08-28",
    "km_downstream": 155.0,
    "km_from_channel": 0.15,
    "reach": "Open valley"
   }
  },
  {
   "type": "Feature",
   "geometry": {
    "type": "Point",
    "coordinates": [
     84.540952,
     27.8738675
    ]
   },
   "properties": {
    "name": "Janma Devi Pra V",
    "name_local": "",
    "kind": "school",
    "what_it_is": "a school within 3 km of the river",
    "exposed_not_damaged": "This is something the flood could reach, not something reported damaged. No located damage assessment had been published.",
    "osm_id": "node/4735456241",
    "source": "OpenStreetMap via the Overpass API",
    "source_url": "https://www.openstreetmap.org/copyright",
    "licence": "ODbL 1.0, (c) OpenStreetMap contributors",
    "retrieved": "2026-08-28",
    "km_downstream": 155.1,
    "km_from_channel": 2.48,
    "reach": "Open valley"
   }
  },
  {
   "type": "Feature",
   "geometry": {
    "type": "Point",
    "coordinates": [
     84.5535466,
     27.8620247
    ]
   },
   "properties": {
    "name": "Shri Karantar Namuna Pra V",
    "name_local": "Shri Karantar Namuna Pra V",
    "kind": "school",
    "what_it_is": "a school within 3 km of the river",
    "exposed_not_damaged": "This is something the flood could reach, not something reported damaged. No located damage assessment had been published.",
    "osm_id": "node/4912218252",
    "source": "OpenStreetMap via the Overpass API",
    "source_url": "https://www.openstreetmap.org/copyright",
    "licence": "ODbL 1.0, (c) OpenStreetMap contributors",
    "retrieved": "2026-08-28",
    "km_downstream": 155.1,
    "km_from_channel": 0.67,
    "reach": "Open valley"
   }
  },
  {
   "type": "Feature",
   "geometry": {
    "type": "Point",
    "coordinates": [
     84.5612144,
     27.8543594
    ]
   },
   "properties": {
    "name": "Shri Triveni Ma.Be",
    "name_local": "त्रिवेणी बराहा माध्यामिक विद्यालय मुग्लिन",
    "kind": "school",
    "what_it_is": "a school within 3 km of the river",
    "exposed_not_damaged": "This is something the flood could reach, not something reported damaged. No located damage assessment had been published.",
    "osm_id": "node/4929738122",
    "source": "OpenStreetMap via the Overpass API",
    "source_url": "https://www.openstreetmap.org/copyright",
    "licence": "ODbL 1.0, (c) OpenStreetMap contributors",
    "retrieved": "2026-08-28",
    "km_downstream": 155.4,
    "km_from_channel": 0.39,
    "reach": "Open valley"
   }
  },
  {
   "type": "Feature",
   "geometry": {
    "type": "Point",
    "coordinates": [
     84.5780106,
     27.837162
    ]
   },
   "properties": {
    "name": "Shree Rastriya Adharbhut School, Pamdanda",
    "name_local": "Shree Rastriya Adharbhut School, Pamdanda",
    "kind": "school",
    "what_it_is": "a school within 3 km of the river",
    "exposed_not_damaged": "This is something the flood could reach, not something reported damaged. No located damage assessment had been published.",
    "osm_id": "node/9794127020",
    "source": "OpenStreetMap via the Overpass API",
    "source_url": "https://www.openstreetmap.org/copyright",
    "licence": "ODbL 1.0, (c) OpenStreetMap contributors",
    "retrieved": "2026-08-28",
    "km_downstream": 157.2,
    "km_from_channel": 2.09,
    "reach": "Open valley"
   }
  },
  {
   "type": "Feature",
   "geometry": {
    "type": "Point",
    "coordinates": [
     84.5698929,
     27.8233986
    ]
   },
   "properties": {
    "name": "राष्टिय आधारभूत बिध्यालय आधामारा",
    "name_local": "राष्टिय आधारभूत बिध्यालय आधामारा",
    "kind": "school",
    "what_it_is": "a school within 3 km of the river",
    "exposed_not_damaged": "This is something the flood could reach, not something reported damaged. No located damage assessment had been published.",
    "osm_id": "node/9794119215",
    "source": "OpenStreetMap via the Overpass API",
    "source_url": "https://www.openstreetmap.org/copyright",
    "licence": "ODbL 1.0, (c) OpenStreetMap contributors",
    "retrieved": "2026-08-28",
    "km_downstream": 157.5,
    "km_from_channel": 2.02,
    "reach": "Open valley"
   }
  },
  {
   "type": "Feature",
   "geometry": {
    "type": "Point",
    "coordinates": [
     84.5562744,
     27.8329792
    ]
   },
   "properties": {
    "name": "देबि भन्जाङ्ग राष्टिय आधारभूत बिध्यालय, कालि खोला",
    "name_local": "देबि भन्जाङ्ग राष्टिय आधारभूत बिध्यालय, कालि खोला",
    "kind": "school",
    "what_it_is": "a school within 3 km of the river",
    "exposed_not_damaged": "This is something the flood could reach, not something reported damaged. No located damage assessment had been published.",
    "osm_id": "node/9794119212",
    "source": "OpenStreetMap via the Overpass API",
    "source_url": "https://www.openstreetmap.org/copyright",
    "licence": "ODbL 1.0, (c) OpenStreetMap contributors",
    "retrieved": "2026-08-28",
    "km_downstream": 157.7,
    "km_from_channel": 0.35,
    "reach": "Open valley"
   }
  },
  {
   "type": "Feature",
   "geometry": {
    "type": "Point",
    "coordinates": [
     84.5626984,
     27.8091278
    ]
   },
   "properties": {
    "name": "श्री माध्यमिक विद्यालय, ढुङ्गे",
    "name_local": "श्री माध्यमिक विद्यालय, ढुङ्गे",
    "kind": "school",
    "what_it_is": "a school within 3 km of the river",
    "exposed_not_damaged": "This is something the flood could reach, not something reported damaged. No located damage assessment had been published.",
    "osm_id": "node/9794119211",
    "source": "OpenStreetMap via the Overpass API",
    "source_url": "https://www.openstreetmap.org/copyright",
    "licence": "ODbL 1.0, (c) OpenStreetMap contributors",
    "retrieved": "2026-08-28",
    "km_downstream": 158.3,
    "km_from_channel": 2.92,
    "reach": "Open valley"
   }
  },
  {
   "type": "Feature",
   "geometry": {
    "type": "Point",
    "coordinates": [
     84.5292184,
     27.8318194
    ]
   },
   "properties": {
    "name": "राष्टिय आधारभूत बिध्यालय पैरेनि",
    "name_local": "राष्टिय आधारभूत बिध्यालय पैरेनि",
    "kind": "school",
    "what_it_is": "a school within 3 km of the river",
    "exposed_not_damaged": "This is something the flood could reach, not something reported damaged. No located damage assessment had been published.",
    "osm_id": "node/9794127017",
    "source": "OpenStreetMap via the Overpass API",
    "source_url": "https://www.openstreetmap.org/copyright",
    "licence": "ODbL 1.0, (c) OpenStreetMap contributors",
    "retrieved": "2026-08-28",
    "km_downstream": 160.3,
    "km_from_channel": 0.21,
    "reach": "Open valley"
   }
  },
  {
   "type": "Feature",
   "geometry": {
    "type": "Point",
    "coordinates": [
     84.5357622,
     27.8129033
    ]
   },
   "properties": {
    "name": "श्री राष्ट्रिय आधारभूत बिध्यालय चनौटे",
    "name_local": "श्री राष्ट्रिय आधारभूत बिध्यालय चनौटे",
    "kind": "school",
    "what_it_is": "a school within 3 km of the river",
    "exposed_not_damaged": "This is something the flood could reach, not something reported damaged. No located damage assessment had been published.",
    "osm_id": "node/9794119216",
    "source": "OpenStreetMap via the Overpass API",
    "source_url": "https://www.openstreetmap.org/copyright",
    "licence": "ODbL 1.0, (c) OpenStreetMap contributors",
    "retrieved": "2026-08-28",
    "km_downstream": 162.6,
    "km_from_channel": 1.75,
    "reach": "Open valley"
   }
  },
  {
   "type": "Feature",
   "geometry": {
    "type": "Point",
    "coordinates": [
     84.5079575,
     27.808918
    ]
   },
   "properties": {
    "name": "राष्टिय आधारभूत बिध्यालय कुयलघारि",
    "name_local": "राष्टिय आधारभूत बिध्यालय कुयलघारि",
    "kind": "school",
    "what_it_is": "a school within 3 km of the river",
    "exposed_not_damaged": "This is something the flood could reach, not something reported damaged. No located damage assessment had been published.",
    "osm_id": "node/9794119214",
    "source": "OpenStreetMap via the Overpass API",
    "source_url": "https://www.openstreetmap.org/copyright",
    "licence": "ODbL 1.0, (c) OpenStreetMap contributors",
    "retrieved": "2026-08-28",
    "km_downstream": 163.7,
    "km_from_channel": 0.82,
    "reach": "Open valley"
   }
  },
  {
   "type": "Feature",
   "geometry": {
    "type": "Point",
    "coordinates": [
     84.4843979,
     27.8203007
    ]
   },
   "properties": {
    "name": "Lamagaun Basic School",
    "name_local": "Lamagaun Basic School",
    "kind": "school",
    "what_it_is": "a school within 3 km of the river",
    "exposed_not_damaged": "This is something the flood could reach, not something reported damaged. No located damage assessment had been published.",
    "osm_id": "node/11977617818",
    "source": "OpenStreetMap via the Overpass API",
    "source_url": "https://www.openstreetmap.org/copyright",
    "licence": "ODbL 1.0, (c) OpenStreetMap contributors",
    "retrieved": "2026-08-28",
    "km_downstream": 166.5,
    "km_from_channel": 0.11,
    "reach": "Open valley"
   }
  },
  {
   "type": "Feature",
   "geometry": {
    "type": "Point",
    "coordinates": [
     84.4826075,
     27.8204228
    ]
   },
   "properties": {
    "name": "Dumregaun Basic School",
    "name_local": "Dumregaun Basic School",
    "kind": "school",
    "what_it_is": "a school within 3 km of the river",
    "exposed_not_damaged": "This is something the flood could reach, not something reported damaged. No located damage assessment had been published.",
    "osm_id": "node/11977617817",
    "source": "OpenStreetMap via the Overpass API",
    "source_url": "https://www.openstreetmap.org/copyright",
    "licence": "ODbL 1.0, (c) OpenStreetMap contributors",
    "retrieved": "2026-08-28",
    "km_downstream": 166.7,
    "km_from_channel": 0.11,
    "reach": "Open valley"
   }
  },
  {
   "type": "Feature",
   "geometry": {
    "type": "Point",
    "coordinates": [
     84.4610167,
     27.8297655
    ]
   },
   "properties": {
    "name": "Shree Janasakti Prathamik School",
    "name_local": "Shree Janasakti Prathamik School",
    "kind": "school",
    "what_it_is": "a school within 3 km of the river",
    "exposed_not_damaged": "This is something the flood could reach, not something reported damaged. No located damage assessment had been published.",
    "osm_id": "node/9789677598",
    "source": "OpenStreetMap via the Overpass API",
    "source_url": "https://www.openstreetmap.org/copyright",
    "licence": "ODbL 1.0, (c) OpenStreetMap contributors",
    "retrieved": "2026-08-28",
    "km_downstream": 168.4,
    "km_from_channel": 0.76,
    "reach": "Open valley"
   }
  },
  {
   "type": "Feature",
   "geometry": {
    "type": "Point",
    "coordinates": [
     84.4715622,
     27.7972987
    ]
   },
   "properties": {
    "name": "Shree Nepal Rastriya Basic School",
    "name_local": "Shree Nepal Rastriya Basic School",
    "kind": "school",
    "what_it_is": "a school within 3 km of the river",
    "exposed_not_damaged": "This is something the flood could reach, not something reported damaged. No located damage assessment had been published.",
    "osm_id": "node/11977595251",
    "source": "OpenStreetMap via the Overpass API",
    "source_url": "https://www.openstreetmap.org/copyright",
    "licence": "ODbL 1.0, (c) OpenStreetMap contributors",
    "retrieved": "2026-08-28",
    "km_downstream": 169.1,
    "km_from_channel": 2.48,
    "reach": "Open valley"
   }
  },
  {
   "type": "Feature",
   "geometry": {
    "type": "Point",
    "coordinates": [
     84.4602165,
     27.808222
    ]
   },
   "properties": {
    "name": "Ratamatey Primary School",
    "name_local": "Ratamatey Primary School",
    "kind": "school",
    "what_it_is": "a school within 3 km of the river",
    "exposed_not_damaged": "This is something the flood could reach, not something reported damaged. No located damage assessment had been published.",
    "osm_id": "node/11977620078",
    "source": "OpenStreetMap via the Overpass API",
    "source_url": "https://www.openstreetmap.org/copyright",
    "licence": "ODbL 1.0, (c) OpenStreetMap contributors",
    "retrieved": "2026-08-28",
    "km_downstream": 169.2,
    "km_from_channel": 1.25,
    "reach": "Open valley"
   }
  },
  {
   "type": "Feature",
   "geometry": {
    "type": "Point",
    "coordinates": [
     84.463159,
     27.8116665
    ]
   },
   "properties": {
    "name": "Shree Nepal Rastriya School, Syauli",
    "name_local": "Shree Nepal Rastriya School, Syauli",
    "kind": "school",
    "what_it_is": "a school within 3 km of the river",
    "exposed_not_damaged": "This is something the flood could reach, not something reported damaged. No located damage assessment had been published.",
    "osm_id": "way/1553399365",
    "source": "OpenStreetMap via the Overpass API",
    "source_url": "https://www.openstreetmap.org/copyright",
    "licence": "ODbL 1.0, (c) OpenStreetMap contributors",
    "retrieved": "2026-08-28",
    "km_downstream": 169.2,
    "km_from_channel": 0.81,
    "reach": "Open valley"
   }
  },
  {
   "type": "Feature",
   "geometry": {
    "type": "Point",
    "coordinates": [
     84.4338919,
     27.8243705
    ]
   },
   "properties": {
    "name": "Shree Janajyoti Aadharbhut School",
    "name_local": "Shree Janajyoti Aadharbhut School",
    "kind": "school",
    "what_it_is": "a school within 3 km of the river",
    "exposed_not_damaged": "This is something the flood could reach, not something reported damaged. No located damage assessment had been published.",
    "osm_id": "node/9789677596",
    "source": "OpenStreetMap via the Overpass API",
    "source_url": "https://www.openstreetmap.org/copyright",
    "licence": "ODbL 1.0, (c) OpenStreetMap contributors",
    "retrieved": "2026-08-28",
    "km_downstream": 171.6,
    "km_from_channel": 0.95,
    "reach": "Open valley"
   }
  },
  {
   "type": "Feature",
   "geometry": {
    "type": "Point",
    "coordinates": [
     84.4382861,
     27.8178658
    ]
   },
   "properties": {
    "name": "श्री जनता प्राथमिक विद्यालय",
    "name_local": "श्री जनता प्राथमिक विद्यालय",
    "kind": "school",
    "what_it_is": "a school within 3 km of the river",
    "exposed_not_damaged": "This is something the flood could reach, not something reported damaged. No located damage assessment had been published.",
    "osm_id": "node/9789677599",
    "source": "OpenStreetMap via the Overpass API",
    "source_url": "https://www.openstreetmap.org/copyright",
    "licence": "ODbL 1.0, (c) OpenStreetMap contributors",
    "retrieved": "2026-08-28",
    "km_downstream": 172.2,
    "km_from_channel": 0.23,
    "reach": "Open valley"
   }
  },
  {
   "type": "Feature",
   "geometry": {
    "type": "Point",
    "coordinates": [
     84.4455796,
     27.8049539
    ]
   },
   "properties": {
    "name": "Shree Basic School, Kamalpur",
    "name_local": "Shree Basic School, Kamalpur",
    "kind": "school",
    "what_it_is": "a school within 3 km of the river",
    "exposed_not_damaged": "This is something the flood could reach, not something reported damaged. No located damage assessment had been published.",
    "osm_id": "node/11977592335",
    "source": "OpenStreetMap via the Overpass API",
    "source_url": "https://www.openstreetmap.org/copyright",
    "licence": "ODbL 1.0, (c) OpenStreetMap contributors",
    "retrieved": "2026-08-28",
    "km_downstream": 172.2,
    "km_from_channel": 1.37,
    "reach": "Open valley"
   }
  },
  {
   "type": "Feature",
   "geometry": {
    "type": "Point",
    "coordinates": [
     84.4363984,
     27.8126157
    ]
   },
   "properties": {
    "name": "Rastriya Aadharbhut Vidyalaya, Bhorle",
    "name_local": "Rastriya Aadharbhut Vidyalaya, Bhorle",
    "kind": "school",
    "what_it_is": "a school within 3 km of the river",
    "exposed_not_damaged": "This is something the flood could reach, not something reported damaged. No located damage assessment had been published.",
    "osm_id": "node/11977604118",
    "source": "OpenStreetMap via the Overpass API",
    "source_url": "https://www.openstreetmap.org/copyright",
    "licence": "ODbL 1.0, (c) OpenStreetMap contributors",
    "retrieved": "2026-08-28",
    "km_downstream": 172.7,
    "km_from_channel": 0.32,
    "reach": "Open valley"
   }
  },
  {
   "type": "Feature",
   "geometry": {
    "type": "Point",
    "coordinates": [
     84.4151181,
     27.8175071
    ]
   },
   "properties": {
    "name": "Shree Rastriya Aadharbhoot School",
    "name_local": "Shree Rastriya Aadharbhoot School",
    "kind": "school",
    "what_it_is": "a school within 3 km of the river",
    "exposed_not_damaged": "This is something the flood could reach, not something reported damaged. No located damage assessment had been published.",
    "osm_id": "node/9789677597",
    "source": "OpenStreetMap via the Overpass API",
    "source_url": "https://www.openstreetmap.org/copyright",
    "licence": "ODbL 1.0, (c) OpenStreetMap contributors",
    "retrieved": "2026-08-28",
    "km_downstream": 173.0,
    "km_from_channel": 1.78,
    "reach": "Open valley"
   }
  },
  {
   "type": "Feature",
   "geometry": {
    "type": "Point",
    "coordinates": [
     84.4150801,
     27.7931723
    ]
   },
   "properties": {
    "name": "unnamed",
    "name_local": "",
    "kind": "school",
    "what_it_is": "a school within 3 km of the river",
    "exposed_not_damaged": "This is something the flood could reach, not something reported damaged. No located damage assessment had been published.",
    "osm_id": "node/3478411098",
    "source": "OpenStreetMap via the Overpass API",
    "source_url": "https://www.openstreetmap.org/copyright",
    "licence": "ODbL 1.0, (c) OpenStreetMap contributors",
    "retrieved": "2026-08-28",
    "km_downstream": 175.2,
    "km_from_channel": 1.45,
    "reach": "Open valley"
   }
  },
  {
   "type": "Feature",
   "geometry": {
    "type": "Point",
    "coordinates": [
     84.4151151,
     27.7932532
    ]
   },
   "properties": {
    "name": "Shree Mukandeshwori Primary School",
    "name_local": "Shree Mukandeshwori Primary School",
    "kind": "school",
    "what_it_is": "a school within 3 km of the river",
    "exposed_not_damaged": "This is something the flood could reach, not something reported damaged. No located damage assessment had been published.",
    "osm_id": "node/11990101083",
    "source": "OpenStreetMap via the Overpass API",
    "source_url": "https://www.openstreetmap.org/copyright",
    "licence": "ODbL 1.0, (c) OpenStreetMap contributors",
    "retrieved": "2026-08-28",
    "km_downstream": 175.2,
    "km_from_channel": 1.45,
    "reach": "Open valley"
   }
  },
  {
   "type": "Feature",
   "geometry": {
    "type": "Point",
    "coordinates": [
     84.4498444,
     27.7693662
    ]
   },
   "properties": {
    "name": "Shree Kalika Primary School",
    "name_local": "Shree Kalika Primary School",
    "kind": "school",
    "what_it_is": "a school within 3 km of the river",
    "exposed_not_damaged": "This is something the flood could reach, not something reported damaged. No located damage assessment had been published.",
    "osm_id": "node/11990111105",
    "source": "OpenStreetMap via the Overpass API",
    "source_url": "https://www.openstreetmap.org/copyright",
    "licence": "ODbL 1.0, (c) OpenStreetMap contributors",
    "retrieved": "2026-08-28",
    "km_downstream": 178.5,
    "km_from_channel": 0.96,
    "reach": "Open valley"
   }
  },
  {
   "type": "Feature",
   "geometry": {
    "type": "Point",
    "coordinates": [
     84.4619331,
     27.7847108
    ]
   },
   "properties": {
    "name": "Shree Nepal Rastriya Basic School",
    "name_local": "Shree Nepal Rastriya Basic School",
    "kind": "school",
    "what_it_is": "a school within 3 km of the river",
    "exposed_not_damaged": "This is something the flood could reach, not something reported damaged. No located damage assessment had been published.",
    "osm_id": "node/11977620251",
    "source": "OpenStreetMap via the Overpass API",
    "source_url": "https://www.openstreetmap.org/copyright",
    "licence": "ODbL 1.0, (c) OpenStreetMap contributors",
    "retrieved": "2026-08-28",
    "km_downstream": 179.0,
    "km_from_channel": 1.1,
    "reach": "Open valley"
   }
  },
  {
   "type": "Feature",
   "geometry": {
    "type": "Point",
    "coordinates": [
     84.4788498,
     27.7766425
    ]
   },
   "properties": {
    "name": "Shree Rastriya Basic School, Bharlang",
    "name_local": "Shree Rastriya Basic School, Bharlang",
    "kind": "school",
    "what_it_is": "a school within 3 km of the river",
    "exposed_not_damaged": "This is something the flood could reach, not something reported damaged. No located damage assessment had been published.",
    "osm_id": "node/11977620220",
    "source": "OpenStreetMap via the Overpass API",
    "source_url": "https://www.openstreetmap.org/copyright",
    "licence": "ODbL 1.0, (c) OpenStreetMap contributors",
    "retrieved": "2026-08-28",
    "km_downstream": 180.2,
    "km_from_channel": 1.54,
    "reach": "Open valley"
   }
  },
  {
   "type": "Feature",
   "geometry": {
    "type": "Point",
    "coordinates": [
     84.4705228,
     27.7677226
    ]
   },
   "properties": {
    "name": "Kabilas Health Center",
    "name_local": "Kabilas Health Center",
    "kind": "health",
    "what_it_is": "a hospital, clinic or health post within 3 km of the river",
    "exposed_not_damaged": "This is something the flood could reach, not something reported damaged. No located damage assessment had been published.",
    "osm_id": "node/11977559253",
    "source": "OpenStreetMap via the Overpass API",
    "source_url": "https://www.openstreetmap.org/copyright",
    "licence": "ODbL 1.0, (c) OpenStreetMap contributors",
    "retrieved": "2026-08-28",
    "km_downstream": 180.4,
    "km_from_channel": 0.34,
    "reach": "Open valley"
   }
  },
  {
   "type": "Feature",
   "geometry": {
    "type": "Point",
    "coordinates": [
     84.4705872,
     27.7679054
    ]
   },
   "properties": {
    "name": "Landseed Health Care Chitwan",
    "name_local": "Landseed Health Care Chitwan",
    "kind": "health",
    "what_it_is": "a hospital, clinic or health post within 3 km of the river",
    "exposed_not_damaged": "This is something the flood could reach, not something reported damaged. No located damage assessment had been published.",
    "osm_id": "node/11977571161",
    "source": "OpenStreetMap via the Overpass API",
    "source_url": "https://www.openstreetmap.org/copyright",
    "licence": "ODbL 1.0, (c) OpenStreetMap contributors",
    "retrieved": "2026-08-28",
    "km_downstream": 180.4,
    "km_from_channel": 0.35,
    "reach": "Open valley"
   }
  },
  {
   "type": "Feature",
   "geometry": {
    "type": "Point",
    "coordinates": [
     84.4702265,
     27.7681178
    ]
   },
   "properties": {
    "name": "Shree Kailash Secondary School",
    "name_local": "Shree Kailash Secondary School",
    "kind": "school",
    "what_it_is": "a school within 3 km of the river",
    "exposed_not_damaged": "This is something the flood could reach, not something reported damaged. No located damage assessment had been published.",
    "osm_id": "node/11977618340",
    "source": "OpenStreetMap via the Overpass API",
    "source_url": "https://www.openstreetmap.org/copyright",
    "licence": "ODbL 1.0, (c) OpenStreetMap contributors",
    "retrieved": "2026-08-28",
    "km_downstream": 180.4,
    "km_from_channel": 0.32,
    "reach": "Open valley"
   }
  },
  {
   "type": "Feature",
   "geometry": {
    "type": "Point",
    "coordinates": [
     84.4661033,
     27.7604237
    ]
   },
   "properties": {
    "name": "shree siddha mahakali lower secondary school",
    "name_local": "shree siddha mahakali lower secondary school",
    "kind": "school",
    "what_it_is": "a school within 3 km of the river",
    "exposed_not_damaged": "This is something the flood could reach, not something reported damaged. No located damage assessment had been published.",
    "osm_id": "way/330187502",
    "source": "OpenStreetMap via the Overpass API",
    "source_url": "https://www.openstreetmap.org/copyright",
    "licence": "ODbL 1.0, (c) OpenStreetMap contributors",
    "retrieved": "2026-08-28",
    "km_downstream": 181.0,
    "km_from_channel": 0.45,
    "reach": "Open valley"
   }
  },
  {
   "type": "Feature",
   "geometry": {
    "type": "Point",
    "coordinates": [
     84.491422,
     27.7689265
    ]
   },
   "properties": {
    "name": "Shree Nepal Rastriya Basic School",
    "name_local": "Shree Nepal Rastriya Basic School",
    "kind": "school",
    "what_it_is": "a school within 3 km of the river",
    "exposed_not_damaged": "This is something the flood could reach, not something reported damaged. No located damage assessment had been published.",
    "osm_id": "node/11977601515",
    "source": "OpenStreetMap via the Overpass API",
    "source_url": "https://www.openstreetmap.org/copyright",
    "licence": "ODbL 1.0, (c) OpenStreetMap contributors",
    "retrieved": "2026-08-28",
    "km_downstream": 181.1,
    "km_from_channel": 2.21,
    "reach": "Open valley"
   }
  },
  {
   "type": "Feature",
   "geometry": {
    "type": "Point",
    "coordinates": [
     84.4749485,
     27.7531838
    ]
   },
   "properties": {
    "name": "Jaldevi Rastriya Basic School",
    "name_local": "Jaldevi Rastriya Basic School",
    "kind": "school",
    "what_it_is": "a school within 3 km of the river",
    "exposed_not_damaged": "This is something the flood could reach, not something reported damaged. No located damage assessment had been published.",
    "osm_id": "node/11977595256",
    "source": "OpenStreetMap via the Overpass API",
    "source_url": "https://www.openstreetmap.org/copyright",
    "licence": "ODbL 1.0, (c) OpenStreetMap contributors",
    "retrieved": "2026-08-28",
    "km_downstream": 182.1,
    "km_from_channel": 0.25,
    "reach": "Open valley"
   }
  },
  {
   "type": "Feature",
   "geometry": {
    "type": "Point",
    "coordinates": [
     84.4450554,
     27.7605249
    ]
   },
   "properties": {
    "name": "Kalika Higher Secondary school",
    "name_local": "",
    "kind": "school",
    "what_it_is": "a school within 3 km of the river",
    "exposed_not_damaged": "This is something the flood could reach, not something reported damaged. No located damage assessment had been published.",
    "osm_id": "node/4608980590",
    "source": "OpenStreetMap via the Overpass API",
    "source_url": "https://www.openstreetmap.org/copyright",
    "licence": "ODbL 1.0, (c) OpenStreetMap contributors",
    "retrieved": "2026-08-28",
    "km_downstream": 185.0,
    "km_from_channel": 0.42,
    "reach": "Open valley"
   }
  },
  {
   "type": "Feature",
   "geometry": {
    "type": "Point",
    "coordinates": [
     84.4448036,
     27.7604775
    ]
   },
   "properties": {
    "name": "Shree Kalika Higher Secondary school",
    "name_local": "",
    "kind": "school",
    "what_it_is": "a school within 3 km of the river",
    "exposed_not_damaged": "This is something the flood could reach, not something reported damaged. No located damage assessment had been published.",
    "osm_id": "node/4609004289",
    "source": "OpenStreetMap via the Overpass API",
    "source_url": "https://www.openstreetmap.org/copyright",
    "licence": "ODbL 1.0, (c) OpenStreetMap contributors",
    "retrieved": "2026-08-28",
    "km_downstream": 185.0,
    "km_from_channel": 0.44,
    "reach": "Open valley"
   }
  },
  {
   "type": "Feature",
   "geometry": {
    "type": "Point",
    "coordinates": [
     84.444716,
     27.7605846
    ]
   },
   "properties": {
    "name": "Kalika Higher Secondary School",
    "name_local": "Kalika Higher Secondary School",
    "kind": "school",
    "what_it_is": "a school within 3 km of the river",
    "exposed_not_damaged": "This is something the flood could reach, not something reported damaged. No located damage assessment had been published.",
    "osm_id": "node/11990093410",
    "source": "OpenStreetMap via the Overpass API",
    "source_url": "https://www.openstreetmap.org/copyright",
    "licence": "ODbL 1.0, (c) OpenStreetMap contributors",
    "retrieved": "2026-08-28",
    "km_downstream": 185.0,
    "km_from_channel": 0.45,
    "reach": "Open valley"
   }
  },
  {
   "type": "Feature",
   "geometry": {
    "type": "Point",
    "coordinates": [
     84.4416234,
     27.7569009
    ]
   },
   "properties": {
    "name": "Devghat BHCC",
    "name_local": "Devghat BHCC",
    "kind": "health",
    "what_it_is": "a hospital, clinic or health post within 3 km of the river",
    "exposed_not_damaged": "This is something the flood could reach, not something reported damaged. No located damage assessment had been published.",
    "osm_id": "node/11990085908",
    "source": "OpenStreetMap via the Overpass API",
    "source_url": "https://www.openstreetmap.org/copyright",
    "licence": "ODbL 1.0, (c) OpenStreetMap contributors",
    "retrieved": "2026-08-28",
    "km_downstream": 185.4,
    "km_from_channel": 0.52,
    "reach": "Open valley"
   }
  },
  {
   "type": "Feature",
   "geometry": {
    "type": "Point",
    "coordinates": [
     84.4306907,
     27.7496328
    ]
   },
   "properties": {
    "name": "Bajrayogini Secondary School",
    "name_local": "Bajrayogini Secondary School",
    "kind": "school",
    "what_it_is": "a school within 3 km of the river",
    "exposed_not_damaged": "This is something the flood could reach, not something reported damaged. No located damage assessment had been published.",
    "osm_id": "node/11990113970",
    "source": "OpenStreetMap via the Overpass API",
    "source_url": "https://www.openstreetmap.org/copyright",
    "licence": "ODbL 1.0, (c) OpenStreetMap contributors",
    "retrieved": "2026-08-28",
    "km_downstream": 188.0,
    "km_from_channel": 0.82,
    "reach": "Open valley"
   }
  },
  {
   "type": "Feature",
   "geometry": {
    "type": "Point",
    "coordinates": [
     84.4265427,
     27.7467109
    ]
   },
   "properties": {
    "name": "Devghat Dharmartha Hospital",
    "name_local": "",
    "kind": "health",
    "what_it_is": "a hospital, clinic or health post within 3 km of the river",
    "exposed_not_damaged": "This is something the flood could reach, not something reported damaged. No located damage assessment had been published.",
    "osm_id": "node/4954023022",
    "source": "OpenStreetMap via the Overpass API",
    "source_url": "https://www.openstreetmap.org/copyright",
    "licence": "ODbL 1.0, (c) OpenStreetMap contributors",
    "retrieved": "2026-08-28",
    "km_downstream": 188.1,
    "km_from_channel": 0.41,
    "reach": "Open valley"
   }
  },
  {
   "type": "Feature",
   "geometry": {
    "type": "Point",
    "coordinates": [
     84.4268578,
     27.7482679
    ]
   },
   "properties": {
    "name": "Holy Land English Boarding School",
    "name_local": "Holy Land English Boarding School",
    "kind": "school",
    "what_it_is": "a school within 3 km of the river",
    "exposed_not_damaged": "This is something the flood could reach, not something reported damaged. No located damage assessment had been published.",
    "osm_id": "node/11990093397",
    "source": "OpenStreetMap via the Overpass API",
    "source_url": "https://www.openstreetmap.org/copyright",
    "licence": "ODbL 1.0, (c) OpenStreetMap contributors",
    "retrieved": "2026-08-28",
    "km_downstream": 188.1,
    "km_from_channel": 0.59,
    "reach": "Open valley"
   }
  },
  {
   "type": "Feature",
   "geometry": {
    "type": "Point",
    "coordinates": [
     84.4261524,
     27.7490844
    ]
   },
   "properties": {
    "name": "Mahesh Sanskrit Gurukul",
    "name_local": "Mahesh Sanskrit Gurukul",
    "kind": "school",
    "what_it_is": "a school within 3 km of the river",
    "exposed_not_damaged": "This is something the flood could reach, not something reported damaged. No located damage assessment had been published.",
    "osm_id": "node/11990108824",
    "source": "OpenStreetMap via the Overpass API",
    "source_url": "https://www.openstreetmap.org/copyright",
    "licence": "ODbL 1.0, (c) OpenStreetMap contributors",
    "retrieved": "2026-08-28",
    "km_downstream": 188.1,
    "km_from_channel": 0.68,
    "reach": "Open valley"
   }
  },
  {
   "type": "Feature",
   "geometry": {
    "type": "Point",
    "coordinates": [
     84.4273359,
     27.7453264
    ]
   },
   "properties": {
    "name": "Shree Parmanda Sanskrit Gurukul Vidyapith",
    "name_local": "Shree Parmanda Sanskrit Gurukul Vidyapith",
    "kind": "school",
    "what_it_is": "a school within 3 km of the river",
    "exposed_not_damaged": "This is something the flood could reach, not something reported damaged. No located damage assessment had been published.",
    "osm_id": "node/11990111322",
    "source": "OpenStreetMap via the Overpass API",
    "source_url": "https://www.openstreetmap.org/copyright",
    "licence": "ODbL 1.0, (c) OpenStreetMap contributors",
    "retrieved": "2026-08-28",
    "km_downstream": 188.1,
    "km_from_channel": 0.27,
    "reach": "Open valley"
   }
  },
  {
   "type": "Feature",
   "geometry": {
    "type": "Point",
    "coordinates": [
     84.4225019,
     27.7536585
    ]
   },
   "properties": {
    "name": "Shree Bharahawa Basic School",
    "name_local": "Shree Bharahawa Basic School",
    "kind": "school",
    "what_it_is": "a school within 3 km of the river",
    "exposed_not_damaged": "This is something the flood could reach, not something reported damaged. No located damage assessment had been published.",
    "osm_id": "node/11990097045",
    "source": "OpenStreetMap via the Overpass API",
    "source_url": "https://www.openstreetmap.org/copyright",
    "licence": "ODbL 1.0, (c) OpenStreetMap contributors",
    "retrieved": "2026-08-28",
    "km_downstream": 188.2,
    "km_from_channel": 1.23,
    "reach": "Open valley"
   }
  },
  {
   "type": "Feature",
   "geometry": {
    "type": "Point",
    "coordinates": [
     84.4136667,
     27.762163
    ]
   },
   "properties": {
    "name": "Mahadev Primary School",
    "name_local": "Mahadev Primary School",
    "kind": "school",
    "what_it_is": "a school within 3 km of the river",
    "exposed_not_damaged": "This is something the flood could reach, not something reported damaged. No located damage assessment had been published.",
    "osm_id": "node/11990088711",
    "source": "OpenStreetMap via the Overpass API",
    "source_url": "https://www.openstreetmap.org/copyright",
    "licence": "ODbL 1.0, (c) OpenStreetMap contributors",
    "retrieved": "2026-08-28",
    "km_downstream": 188.4,
    "km_from_channel": 2.42,
    "reach": "Open valley"
   }
  },
  {
   "type": "Feature",
   "geometry": {
    "type": "Point",
    "coordinates": [
     84.4179247,
     27.7141365
    ]
   },
   "properties": {
    "name": "Shree Nepal Rastriya Samsher Adarsha Secondary School",
    "name_local": "",
    "kind": "school",
    "what_it_is": "a school within 3 km of the river",
    "exposed_not_damaged": "This is something the flood could reach, not something reported damaged. No located damage assessment had been published.",
    "osm_id": "node/5112142023",
    "source": "OpenStreetMap via the Overpass API",
    "source_url": "https://www.openstreetmap.org/copyright",
    "licence": "ODbL 1.0, (c) OpenStreetMap contributors",
    "retrieved": "2026-08-28",
    "km_downstream": 191.5,
    "km_from_channel": 1.19,
    "reach": "Open valley"
   }
  },
  {
   "type": "Feature",
   "geometry": {
    "type": "Point",
    "coordinates": [
     84.4383001,
     27.7072653
    ]
   },
   "properties": {
    "name": "Basic Health Center, Aanptari",
    "name_local": "Basic Health Center, Aanptari",
    "kind": "health",
    "what_it_is": "a hospital, clinic or health post within 3 km of the river",
    "exposed_not_damaged": "This is something the flood could reach, not something reported damaged. No located damage assessment had been published.",
    "osm_id": "node/11977593955",
    "source": "OpenStreetMap via the Overpass API",
    "source_url": "https://www.openstreetmap.org/copyright",
    "licence": "ODbL 1.0, (c) OpenStreetMap contributors",
    "retrieved": "2026-08-28",
    "km_downstream": 192.5,
    "km_from_channel": 0.67,
    "reach": "Open valley"
   }
  },
  {
   "type": "Feature",
   "geometry": {
    "type": "Point",
    "coordinates": [
     84.4414969,
     27.7013768
    ]
   },
   "properties": {
    "name": "Man Shikshya Mandir English School",
    "name_local": "Man Shikshya Mandir English School",
    "kind": "school",
    "what_it_is": "a school within 3 km of the river",
    "exposed_not_damaged": "This is something the flood could reach, not something reported damaged. No located damage assessment had been published.",
    "osm_id": "node/1905968165",
    "source": "OpenStreetMap via the Overpass API",
    "source_url": "https://www.openstreetmap.org/copyright",
    "licence": "ODbL 1.0, (c) OpenStreetMap contributors",
    "retrieved": "2026-08-28",
    "km_downstream": 192.6,
    "km_from_channel": 1.17,
    "reach": "Open valley"
   }
  },
  {
   "type": "Feature",
   "geometry": {
    "type": "Point",
    "coordinates": [
     84.4475426,
     27.7015367
    ]
   },
   "properties": {
    "name": "unnamed",
    "name_local": "",
    "kind": "school",
    "what_it_is": "a school within 3 km of the river",
    "exposed_not_damaged": "This is something the flood could reach, not something reported damaged. No located damage assessment had been published.",
    "osm_id": "node/3391970991",
    "source": "OpenStreetMap via the Overpass API",
    "source_url": "https://www.openstreetmap.org/copyright",
    "licence": "ODbL 1.0, (c) OpenStreetMap contributors",
    "retrieved": "2026-08-28",
    "km_downstream": 192.6,
    "km_from_channel": 1.72,
    "reach": "Open valley"
   }
  },
  {
   "type": "Feature",
   "geometry": {
    "type": "Point",
    "coordinates": [
     84.447092,
     27.7011994
    ]
   },
   "properties": {
    "name": "Man Sikshya school",
    "name_local": "Man Sikshya school",
    "kind": "school",
    "what_it_is": "a school within 3 km of the river",
    "exposed_not_damaged": "This is something the flood could reach, not something reported damaged. No located damage assessment had been published.",
    "osm_id": "node/3392360985",
    "source": "OpenStreetMap via the Overpass API",
    "source_url": "https://www.openstreetmap.org/copyright",
    "licence": "ODbL 1.0, (c) OpenStreetMap contributors",
    "retrieved": "2026-08-28",
    "km_downstream": 192.6,
    "km_from_channel": 1.69,
    "reach": "Open valley"
   }
  },
  {
   "type": "Feature",
   "geometry": {
    "type": "Point",
    "coordinates": [
     84.4393328,
     27.7024874
    ]
   },
   "properties": {
    "name": "Samata Siksha Niketan Secondary School",
    "name_local": "Samata Siksha Niketan Secondary School",
    "kind": "school",
    "what_it_is": "a school within 3 km of the river",
    "exposed_not_damaged": "This is something the flood could reach, not something reported damaged. No located damage assessment had been published.",
    "osm_id": "node/11977729583",
    "source": "OpenStreetMap via the Overpass API",
    "source_url": "https://www.openstreetmap.org/copyright",
    "licence": "ODbL 1.0, (c) OpenStreetMap contributors",
    "retrieved": "2026-08-28",
    "km_downstream": 192.6,
    "km_from_channel": 0.93,
    "reach": "Open valley"
   }
  },
  {
   "type": "Feature",
   "geometry": {
    "type": "Point",
    "coordinates": [
     84.4385315,
     27.7057894
    ]
   },
   "properties": {
    "name": "Small Heaven Model School",
    "name_local": "Small Heaven Model School",
    "kind": "school",
    "what_it_is": "a school within 3 km of the river",
    "exposed_not_damaged": "This is something the flood could reach, not something reported damaged. No located damage assessment had been published.",
    "osm_id": "way/328530552",
    "source": "OpenStreetMap via the Overpass API",
    "source_url": "https://www.openstreetmap.org/copyright",
    "licence": "ODbL 1.0, (c) OpenStreetMap contributors",
    "retrieved": "2026-08-28",
    "km_downstream": 192.6,
    "km_from_channel": 0.73,
    "reach": "Open valley"
   }
  },
  {
   "type": "Feature",
   "geometry": {
    "type": "Point",
    "coordinates": [
     84.4380984,
     27.7059754
    ]
   },
   "properties": {
    "name": "Urban Healt Clinic",
    "name_local": "Urban Healt Clinic",
    "kind": "health",
    "what_it_is": "a hospital, clinic or health post within 3 km of the river",
    "exposed_not_damaged": "This is something the flood could reach, not something reported damaged. No located damage assessment had been published.",
    "osm_id": "way/328914788",
    "source": "OpenStreetMap via the Overpass API",
    "source_url": "https://www.openstreetmap.org/copyright",
    "licence": "ODbL 1.0, (c) OpenStreetMap contributors",
    "retrieved": "2026-08-28",
    "km_downstream": 192.6,
    "km_from_channel": 0.68,
    "reach": "Open valley"
   }
  },
  {
   "type": "Feature",
   "geometry": {
    "type": "Point",
    "coordinates": [
     84.4420909,
     27.6997975
    ]
   },
   "properties": {
    "name": "Parijaat Medical Hall",
    "name_local": "Parijaat Medical Hall",
    "kind": "health",
    "what_it_is": "a hospital, clinic or health post within 3 km of the river",
    "exposed_not_damaged": "This is something the flood could reach, not something reported damaged. No located damage assessment had been published.",
    "osm_id": "way/328915093",
    "source": "OpenStreetMap via the Overpass API",
    "source_url": "https://www.openstreetmap.org/copyright",
    "licence": "ODbL 1.0, (c) OpenStreetMap contributors",
    "retrieved": "2026-08-28",
    "km_downstream": 192.6,
    "km_from_channel": 1.31,
    "reach": "Open valley"
   }
  },
  {
   "type": "Feature",
   "geometry": {
    "type": "Point",
    "coordinates": [
     84.433048,
     27.7038656
    ]
   },
   "properties": {
    "name": "Bhanubhakta Memorial School",
    "name_local": "Bhanubhakta Memorial School",
    "kind": "school",
    "what_it_is": "a school within 3 km of the river",
    "exposed_not_damaged": "This is something the flood could reach, not something reported damaged. No located damage assessment had been published.",
    "osm_id": "node/1905959107",
    "source": "OpenStreetMap via the Overpass API",
    "source_url": "https://www.openstreetmap.org/copyright",
    "licence": "ODbL 1.0, (c) OpenStreetMap contributors",
    "retrieved": "2026-08-28",
    "km_downstream": 192.8,
    "km_from_channel": 0.32,
    "reach": "Open valley"
   }
  },
  {
   "type": "Feature",
   "geometry": {
    "type": "Point",
    "coordinates": [
     84.4418074,
     27.6982648
    ]
   },
   "properties": {
    "name": "siddhibinayak madhyamik bidhyalaye",
    "name_local": "siddhibinayak madhyamik bidhyalaye",
    "kind": "school",
    "what_it_is": "a school within 3 km of the river",
    "exposed_not_damaged": "This is something the flood could reach, not something reported damaged. No located damage assessment had been published.",
    "osm_id": "node/3392364893",
    "source": "OpenStreetMap via the Overpass API",
    "source_url": "https://www.openstreetmap.org/copyright",
    "licence": "ODbL 1.0, (c) OpenStreetMap contributors",
    "retrieved": "2026-08-28",
    "km_downstream": 192.8,
    "km_from_channel": 1.38,
    "reach": "Open valley"
   }
  },
  {
   "type": "Feature",
   "geometry": {
    "type": "Point",
    "coordinates": [
     84.4447456,
     27.6919918
    ]
   },
   "properties": {
    "name": "Nepal Music Foundation",
    "name_local": "",
    "kind": "school",
    "what_it_is": "a school within 3 km of the river",
    "exposed_not_damaged": "This is something the flood could reach, not something reported damaged. No located damage assessment had been published.",
    "osm_id": "node/4878046022",
    "source": "OpenStreetMap via the Overpass API",
    "source_url": "https://www.openstreetmap.org/copyright",
    "licence": "ODbL 1.0, (c) OpenStreetMap contributors",
    "retrieved": "2026-08-28",
    "km_downstream": 192.8,
    "km_from_channel": 2.06,
    "reach": "Open valley"
   }
  },
  {
   "type": "Feature",
   "geometry": {
    "type": "Point",
    "coordinates": [
     84.4391608,
     27.6847699
    ]
   },
   "properties": {
    "name": "Mahendra Memorial Eye Hospital",
    "name_local": "Mahendra Memorial Eye Hospital",
    "kind": "health",
    "what_it_is": "a hospital, clinic or health post within 3 km of the river",
    "exposed_not_damaged": "This is something the flood could reach, not something reported damaged. No located damage assessment had been published.",
    "osm_id": "node/1906007957",
    "source": "OpenStreetMap via the Overpass API",
    "source_url": "https://www.openstreetmap.org/copyright",
    "licence": "ODbL 1.0, (c) OpenStreetMap contributors",
    "retrieved": "2026-08-28",
    "km_downstream": 192.9,
    "km_from_channel": 2.41,
    "reach": "Open valley"
   }
  },
  {
   "type": "Feature",
   "geometry": {
    "type": "Point",
    "coordinates": [
     84.4285571,
     27.7008688
    ]
   },
   "properties": {
    "name": "shri national prrimary",
    "name_local": "shri national prrimary",
    "kind": "school",
    "what_it_is": "a school within 3 km of the river",
    "exposed_not_damaged": "This is something the flood could reach, not something reported damaged. No located damage assessment had been published.",
    "osm_id": "node/3345308585",
    "source": "OpenStreetMap via the Overpass API",
    "source_url": "https://www.openstreetmap.org/copyright",
    "licence": "ODbL 1.0, (c) OpenStreetMap contributors",
    "retrieved": "2026-08-28",
    "km_downstream": 192.9,
    "km_from_channel": 0.41,
    "reach": "Open valley"
   }
  },
  {
   "type": "Feature",
   "geometry": {
    "type": "Point",
    "coordinates": [
     84.4278607,
     27.7016566
    ]
   },
   "properties": {
    "name": "shree rastriya prathamik kk",
    "name_local": "shree rastriya prathamik kk",
    "kind": "school",
    "what_it_is": "a school within 3 km of the river",
    "exposed_not_damaged": "This is something the flood could reach, not something reported damaged. No located damage assessment had been published.",
    "osm_id": "node/3345308654",
    "source": "OpenStreetMap via the Overpass API",
    "source_url": "https://www.openstreetmap.org/copyright",
    "licence": "ODbL 1.0, (c) OpenStreetMap contributors",
    "retrieved": "2026-08-28",
    "km_downstream": 192.9,
    "km_from_channel": 0.34,
    "reach": "Open valley"
   }
  },
  {
   "type": "Feature",
   "geometry": {
    "type": "Point",
    "coordinates": [
     84.4319505,
     27.6980277
    ]
   },
   "properties": {
    "name": "Sunflower School",
    "name_local": "Sunflower School",
    "kind": "school",
    "what_it_is": "a school within 3 km of the river",
    "exposed_not_damaged": "This is something the flood could reach, not something reported damaged. No located damage assessment had been published.",
    "osm_id": "node/3362992726",
    "source": "OpenStreetMap via the Overpass API",
    "source_url": "https://www.openstreetmap.org/copyright",
    "licence": "ODbL 1.0, (c) OpenStreetMap contributors",
    "retrieved": "2026-08-28",
    "km_downstream": 192.9,
    "km_from_channel": 0.78,
    "reach": "Open valley"
   }
  },
  {
   "type": "Feature",
   "geometry": {
    "type": "Point",
    "coordinates": [
     84.433805,
     27.6970268
    ]
   },
   "properties": {
    "name": "sano sansar montessori academy",
    "name_local": "sano sansar montessori academy",
    "kind": "school",
    "what_it_is": "a school within 3 km of the river",
    "exposed_not_damaged": "This is something the flood could reach, not something reported damaged. No located damage assessment had been published.",
    "osm_id": "node/3374387901",
    "source": "OpenStreetMap via the Overpass API",
    "source_url": "https://www.openstreetmap.org/copyright",
    "licence": "ODbL 1.0, (c) OpenStreetMap contributors",
    "retrieved": "2026-08-28",
    "km_downstream": 192.9,
    "km_from_channel": 0.96,
    "reach": "Open valley"
   }
  },
  {
   "type": "Feature",
   "geometry": {
    "type": "Point",
    "coordinates": [
     84.4351148,
     27.6899333
    ]
   },
   "properties": {
    "name": "su sampada pharmacy",
    "name_local": "su sampada pharmacy",
    "kind": "health",
    "what_it_is": "a hospital, clinic or health post within 3 km of the river",
    "exposed_not_damaged": "This is something the flood could reach, not something reported damaged. No located damage assessment had been published.",
    "osm_id": "node/3392269908",
    "source": "OpenStreetMap via the Overpass API",
    "source_url": "https://www.openstreetmap.org/copyright",
    "licence": "ODbL 1.0, (c) OpenStreetMap contributors",
    "retrieved": "2026-08-28",
    "km_downstream": 192.9,
    "km_from_channel": 1.73,
    "reach": "Open valley"
   }
  },
  {
   "type": "Feature",
   "geometry": {
    "type": "Point",
    "coordinates": [
     84.4367709,
     27.6882501
    ]
   },
   "properties": {
    "name": "gyandarshan english school",
    "name_local": "gyandarshan english school",
    "kind": "school",
    "what_it_is": "a school within 3 km of the river",
    "exposed_not_damaged": "This is something the flood could reach, not something reported damaged. No located damage assessment had been published.",
    "osm_id": "node/3392281671",
    "source": "OpenStreetMap via the Overpass API",
    "source_url": "https://www.openstreetmap.org/copyright",
    "licence": "ODbL 1.0, (c) OpenStreetMap contributors",
    "retrieved": "2026-08-28",
    "km_downstream": 192.9,
    "km_from_channel": 1.96,
    "reach": "Open valley"
   }
  },
  {
   "type": "Feature",
   "geometry": {
    "type": "Point",
    "coordinates": [
     84.4357143,
     27.6902487
    ]
   },
   "properties": {
    "name": "Swarnim Montessori School",
    "name_local": "Swarnim Montessori School",
    "kind": "school",
    "what_it_is": "a school within 3 km of the river",
    "exposed_not_damaged": "This is something the flood could reach, not something reported damaged. No located damage assessment had been published.",
    "osm_id": "node/3392362846",
    "source": "OpenStreetMap via the Overpass API",
    "source_url": "https://www.openstreetmap.org/copyright",
    "licence": "ODbL 1.0, (c) OpenStreetMap contributors",
    "retrieved": "2026-08-28",
    "km_downstream": 192.9,
    "km_from_channel": 1.72,
    "reach": "Open valley"
   }
  },
  {
   "type": "Feature",
   "geometry": {
    "type": "Point",
    "coordinates": [
     84.4365907,
     27.6882521
    ]
   },
   "properties": {
    "name": "Gyandarsan School",
    "name_local": "Gyandarsan School",
    "kind": "school",
    "what_it_is": "a school within 3 km of the river",
    "exposed_not_damaged": "This is something the flood could reach, not something reported damaged. No located damage assessment had been published.",
    "osm_id": "node/7669203816",
    "source": "OpenStreetMap via the Overpass API",
    "source_url": "https://www.openstreetmap.org/copyright",
    "licence": "ODbL 1.0, (c) OpenStreetMap contributors",
    "retrieved": "2026-08-28",
    "km_downstream": 192.9,
    "km_from_channel": 1.96,
    "reach": "Open valley"
   }
  },
  {
   "type": "Feature",
   "geometry": {
    "type": "Point",
    "coordinates": [
     84.4419032,
     27.6906445
    ]
   },
   "properties": {
    "name": "narayani public higher secondary school",
    "name_local": "narayani public higher secondary school",
    "kind": "school",
    "what_it_is": "a school within 3 km of the river",
    "exposed_not_damaged": "This is something the flood could reach, not something reported damaged. No located damage assessment had been published.",
    "osm_id": "way/185425160",
    "source": "OpenStreetMap via the Overpass API",
    "source_url": "https://www.openstreetmap.org/copyright",
    "licence": "ODbL 1.0, (c) OpenStreetMap contributors",
    "retrieved": "2026-08-28",
    "km_downstream": 192.9,
    "km_from_channel": 2.0,
    "reach": "Open valley"
   }
  },
  {
   "type": "Feature",
   "geometry": {
    "type": "Point",
    "coordinates": [
     84.4366247,
     27.6882016
    ]
   },
   "properties": {
    "name": "Aroma Higher Secondary School",
    "name_local": "Aroma Higher Secondary School",
    "kind": "school",
    "what_it_is": "a school within 3 km of the river",
    "exposed_not_damaged": "This is something the flood could reach, not something reported damaged. No located damage assessment had been published.",
    "osm_id": "way/327550798",
    "source": "OpenStreetMap via the Overpass API",
    "source_url": "https://www.openstreetmap.org/copyright",
    "licence": "ODbL 1.0, (c) OpenStreetMap contributors",
    "retrieved": "2026-08-28",
    "km_downstream": 192.9,
    "km_from_channel": 1.96,
    "reach": "Open valley"
   }
  },
  {
   "type": "Feature",
   "geometry": {
    "type": "Point",
    "coordinates": [
     84.4370443,
     27.6875839
    ]
   },
   "properties": {
    "name": "Aroma Higher Secondary School",
    "name_local": "Aroma Higher Secondary School",
    "kind": "school",
    "what_it_is": "a school within 3 km of the river",
    "exposed_not_damaged": "This is something the flood could reach, not something reported damaged. No located damage assessment had been published.",
    "osm_id": "way/330637734",
    "source": "OpenStreetMap via the Overpass API",
    "source_url": "https://www.openstreetmap.org/copyright",
    "licence": "ODbL 1.0, (c) OpenStreetMap contributors",
    "retrieved": "2026-08-28",
    "km_downstream": 192.9,
    "km_from_channel": 2.04,
    "reach": "Open valley"
   }
  },
  {
   "type": "Feature",
   "geometry": {
    "type": "Point",
    "coordinates": [
     84.4363371,
     27.6821809
    ]
   },
   "properties": {
    "name": "Bharatpur District Hospital",
    "name_local": "Bharatpur District Hospital",
    "kind": "health",
    "what_it_is": "a hospital, clinic or health post within 3 km of the river",
    "exposed_not_damaged": "This is something the flood could reach, not something reported damaged. No located damage assessment had been published.",
    "osm_id": "node/1904498930",
    "source": "OpenStreetMap via the Overpass API",
    "source_url": "https://www.openstreetmap.org/copyright",
    "licence": "ODbL 1.0, (c) OpenStreetMap contributors",
    "retrieved": "2026-08-28",
    "km_downstream": 193.5,
    "km_from_channel": 2.52,
    "reach": "Open valley"
   }
  },
  {
   "type": "Feature",
   "geometry": {
    "type": "Point",
    "coordinates": [
     84.4259026,
     27.7006549
    ]
   },
   "properties": {
    "name": "Balkumari English School",
    "name_local": "Balkumari English School",
    "kind": "school",
    "what_it_is": "a school within 3 km of the river",
    "exposed_not_damaged": "This is something the flood could reach, not something reported damaged. No located damage assessment had been published.",
    "osm_id": "node/1905962478",
    "source": "OpenStreetMap via the Overpass API",
    "source_url": "https://www.openstreetmap.org/copyright",
    "licence": "ODbL 1.0, (c) OpenStreetMap contributors",
    "retrieved": "2026-08-28",
    "km_downstream": 193.5,
    "km_from_channel": 0.24,
    "reach": "Open valley"
   }
  },
  {
   "type": "Feature",
   "geometry": {
    "type": "Point",
    "coordinates": [
     84.4360734,
     27.6837229
    ]
   },
   "properties": {
    "name": "College Of Medical Sciences Teaching Hospital",
    "name_local": "College Of Medical Sciences Teaching Hospital",
    "kind": "health",
    "what_it_is": "a hospital, clinic or health post within 3 km of the river",
    "exposed_not_damaged": "This is something the flood could reach, not something reported damaged. No located damage assessment had been published.",
    "osm_id": "node/1906007947",
    "source": "OpenStreetMap via the Overpass API",
    "source_url": "https://www.openstreetmap.org/copyright",
    "licence": "ODbL 1.0, (c) OpenStreetMap contributors",
    "retrieved": "2026-08-28",
    "km_downstream": 193.5,
    "km_from_channel": 2.36,
    "reach": "Open valley"
   }
  },
  {
   "type": "Feature",
   "geometry": {
    "type": "Point",
    "coordinates": [
     84.4267111,
     27.697102
    ]
   },
   "properties": {
    "name": "unnamed",
    "name_local": "",
    "kind": "health",
    "what_it_is": "a hospital, clinic or health post within 3 km of the river",
    "exposed_not_damaged": "This is something the flood could reach, not something reported damaged. No located damage assessment had been published.",
    "osm_id": "node/2456643501",
    "source": "OpenStreetMap via the Overpass API",
    "source_url": "https://www.openstreetmap.org/copyright",
    "licence": "ODbL 1.0, (c) OpenStreetMap contributors",
    "retrieved": "2026-08-28",
    "km_downstream": 193.5,
    "km_from_channel": 0.61,
    "reach": "Open valley"
   }
  },
  {
   "type": "Feature",
   "geometry": {
    "type": "Point",
    "coordinates": [
     84.4369418,
     27.6815272
    ]
   },
   "properties": {
    "name": "Sajha Swastha Sewa",
    "name_local": "Sajha Swastha Sewa",
    "kind": "health",
    "what_it_is": "a hospital, clinic or health post within 3 km of the river",
    "exposed_not_damaged": "This is something the flood could reach, not something reported damaged. No located damage assessment had been published.",
    "osm_id": "node/3283396999",
    "source": "OpenStreetMap via the Overpass API",
    "source_url": "https://www.openstreetmap.org/copyright",
    "licence": "ODbL 1.0, (c) OpenStreetMap contributors",
    "retrieved": "2026-08-28",
    "km_downstream": 193.5,
    "km_from_channel": 2.61,
    "reach": "Open valley"
   }
  },
  {
   "type": "Feature",
   "geometry": {
    "type": "Point",
    "coordinates": [
     84.4348734,
     27.6851778
    ]
   },
   "properties": {
    "name": "Chitrasen Pra vi",
    "name_local": "Chitrasen Pra vi",
    "kind": "school",
    "what_it_is": "a school within 3 km of the river",
    "exposed_not_damaged": "This is something the flood could reach, not something reported damaged. No located damage assessment had been published.",
    "osm_id": "node/3345444295",
    "source": "OpenStreetMap via the Overpass API",
    "source_url": "https://www.openstreetmap.org/copyright",
    "licence": "ODbL 1.0, (c) OpenStreetMap contributors",
    "retrieved": "2026-08-28",
    "km_downstream": 193.5,
    "km_from_channel": 2.16,
    "reach": "Open valley"
   }
  },
  {
   "type": "Feature",
   "geometry": {
    "type": "Point",
    "coordinates": [
     84.4264525,
     27.6973276
    ]
   },
   "properties": {
    "name": "Balkumari Higher Secondary School",
    "name_local": "बालकुमारी माध्यमिक विद्यालय",
    "kind": "school",
    "what_it_is": "a school within 3 km of the river",
    "exposed_not_damaged": "This is something the flood could reach, not something reported damaged. No located damage assessment had been published.",
    "osm_id": "node/3392364899",
    "source": "OpenStreetMap via the Overpass API",
    "source_url": "https://www.openstreetmap.org/copyright",
    "licence": "ODbL 1.0, (c) OpenStreetMap contributors",
    "retrieved": "2026-08-28",
    "km_downstream": 193.5,
    "km_from_channel": 0.58,
    "reach": "Open valley"
   }
  },
  {
   "type": "Feature",
   "geometry": {
    "type": "Point",
    "coordinates": [
     84.4359126,
     27.6840869
    ]
   },
   "properties": {
    "name": "Hospital block",
    "name_local": "",
    "kind": "health",
    "what_it_is": "a hospital, clinic or health post within 3 km of the river",
    "exposed_not_damaged": "This is something the flood could reach, not something reported damaged. No located damage assessment had been published.",
    "osm_id": "node/4520693993",
    "source": "OpenStreetMap via the Overpass API",
    "source_url": "https://www.openstreetmap.org/copyright",
    "licence": "ODbL 1.0, (c) OpenStreetMap contributors",
    "retrieved": "2026-08-28",
    "km_downstream": 193.5,
    "km_from_channel": 2.31,
    "reach": "Open valley"
   }
  },
  {
   "type": "Feature",
   "geometry": {
    "type": "Point",
    "coordinates": [
     84.4365051,
     27.6836406
    ]
   },
   "properties": {
    "name": "Basic science block",
    "name_local": "",
    "kind": "health",
    "what_it_is": "a hospital, clinic or health post within 3 km of the river",
    "exposed_not_damaged": "This is something the flood could reach, not something reported damaged. No located damage assessment had been published.",
    "osm_id": "node/4520694091",
    "source": "OpenStreetMap via the Overpass API",
    "source_url": "https://www.openstreetmap.org/copyright",
    "licence": "ODbL 1.0, (c) OpenStreetMap contributors",
    "retrieved": "2026-08-28",
    "km_downstream": 193.5,
    "km_from_channel": 2.39,
    "reach": "Open valley"
   }
  },
  {
   "type": "Feature",
   "geometry": {
    "type": "Point",
    "coordinates": [
     84.4363375,
     27.6836432
    ]
   },
   "properties": {
    "name": "OPD block",
    "name_local": "",
    "kind": "health",
    "what_it_is": "a hospital, clinic or health post within 3 km of the river",
    "exposed_not_damaged": "This is something the flood could reach, not something reported damaged. No located damage assessment had been published.",
    "osm_id": "node/4631857290",
    "source": "OpenStreetMap via the Overpass API",
    "source_url": "https://www.openstreetmap.org/copyright",
    "licence": "ODbL 1.0, (c) OpenStreetMap contributors",
    "retrieved": "2026-08-28",
    "km_downstream": 193.5,
    "km_from_channel": 2.38,
    "reach": "Open valley"
   }
  },
  {
   "type": "Feature",
   "geometry": {
    "type": "Point",
    "coordinates": [
     84.4340871,
     27.6838507
    ]
   },
   "properties": {
    "name": "Royal Music School",
    "name_local": "",
    "kind": "school",
    "what_it_is": "a school within 3 km of the river",
    "exposed_not_damaged": "This is something the flood could reach, not something reported damaged. No located damage assessment had been published.",
    "osm_id": "node/4878046822",
    "source": "OpenStreetMap via the Overpass API",
    "source_url": "https://www.openstreetmap.org/copyright",
    "licence": "ODbL 1.0, (c) OpenStreetMap contributors",
    "retrieved": "2026-08-28",
    "km_downstream": 193.5,
    "km_from_channel": 2.25,
    "reach": "Open valley"
   }
  },
  {
   "type": "Feature",
   "geometry": {
    "type": "Point",
    "coordinates": [
     84.4324255,
     27.6884248
    ]
   },
   "properties": {
    "name": "Sungava girl's hostel",
    "name_local": "oasis medical college",
    "kind": "health",
    "what_it_is": "a hospital, clinic or health post within 3 km of the river",
    "exposed_not_damaged": "This is something the flood could reach, not something reported damaged. No located damage assessment had been published.",
    "osm_id": "node/5003246523",
    "source": "OpenStreetMap via the Overpass API",
    "source_url": "https://www.openstreetmap.org/copyright",
    "licence": "ODbL 1.0, (c) OpenStreetMap contributors",
    "retrieved": "2026-08-28",
    "km_downstream": 193.5,
    "km_from_channel": 1.73,
    "reach": "Open valley"
   }
  },
  {
   "type": "Feature",
   "geometry": {
    "type": "Point",
    "coordinates": [
     84.4210087,
     27.7079483
    ]
   },
   "properties": {
    "name": "Smile Kids Montessori",
    "name_local": "",
    "kind": "school",
    "what_it_is": "a school within 3 km of the river",
    "exposed_not_damaged": "This is something the flood could reach, not something reported damaged. No located damage assessment had been published.",
    "osm_id": "node/6159106888",
    "source": "OpenStreetMap via the Overpass API",
    "source_url": "https://www.openstreetmap.org/copyright",
    "licence": "ODbL 1.0, (c) OpenStreetMap contributors",
    "retrieved": "2026-08-28",
    "km_downstream": 193.5,
    "km_from_channel": 0.72,
    "reach": "Open valley"
   }
  },
  {
   "type": "Feature",
   "geometry": {
    "type": "Point",
    "coordinates": [
     84.4220631,
     27.7054194
    ]
   },
   "properties": {
    "name": "Gaindakot English School",
    "name_local": "Gaindakot English School",
    "kind": "school",
    "what_it_is": "a school within 3 km of the river",
    "exposed_not_damaged": "This is something the flood could reach, not something reported damaged. No located damage assessment had been published.",
    "osm_id": "node/10311170082",
    "source": "OpenStreetMap via the Overpass API",
    "source_url": "https://www.openstreetmap.org/copyright",
    "licence": "ODbL 1.0, (c) OpenStreetMap contributors",
    "retrieved": "2026-08-28",
    "km_downstream": 193.5,
    "km_from_channel": 0.42,
    "reach": "Open valley"
   }
  },
  {
   "type": "Feature",
   "geometry": {
    "type": "Point",
    "coordinates": [
     84.4396386,
     27.6808987
    ]
   },
   "properties": {
    "name": "Dahakhani Health Clinic",
    "name_local": "Dahakhani Health Clinic",
    "kind": "health",
    "what_it_is": "a hospital, clinic or health post within 3 km of the river",
    "exposed_not_damaged": "This is something the flood could reach, not something reported damaged. No located damage assessment had been published.",
    "osm_id": "node/11977595474",
    "source": "OpenStreetMap via the Overpass API",
    "source_url": "https://www.openstreetmap.org/copyright",
    "licence": "ODbL 1.0, (c) OpenStreetMap contributors",
    "retrieved": "2026-08-28",
    "km_downstream": 193.5,
    "km_from_channel": 2.81,
    "reach": "Open valley"
   }
  },
  {
   "type": "Feature",
   "geometry": {
    "type": "Point",
    "coordinates": [
     84.4360343,
     27.6804362
    ]
   },
   "properties": {
    "name": "Sayapatri Medical Concern",
    "name_local": "Sayapatri Medical Concern",
    "kind": "health",
    "what_it_is": "a hospital, clinic or health post within 3 km of the river",
    "exposed_not_damaged": "This is something the flood could reach, not something reported damaged. No located damage assessment had been published.",
    "osm_id": "node/11977618331",
    "source": "OpenStreetMap via the Overpass API",
    "source_url": "https://www.openstreetmap.org/copyright",
    "licence": "ODbL 1.0, (c) OpenStreetMap contributors",
    "retrieved": "2026-08-28",
    "km_downstream": 193.5,
    "km_from_channel": 2.68,
    "reach": "Open valley"
   }
  },
  {
   "type": "Feature",
   "geometry": {
    "type": "Point",
    "coordinates": [
     84.4366584,
     27.6801686
    ]
   },
   "properties": {
    "name": "Revive Ayurbed Clinic",
    "name_local": "Revive Ayurbed Clinic",
    "kind": "health",
    "what_it_is": "a hospital, clinic or health post within 3 km of the river",
    "exposed_not_damaged": "This is something the flood could reach, not something reported damaged. No located damage assessment had been published.",
    "osm_id": "node/11977620898",
    "source": "OpenStreetMap via the Overpass API",
    "source_url": "https://www.openstreetmap.org/copyright",
    "licence": "ODbL 1.0, (c) OpenStreetMap contributors",
    "retrieved": "2026-08-28",
    "km_downstream": 193.5,
    "km_from_channel": 2.73,
    "reach": "Open valley"
   }
  },
  {
   "type": "Feature",
   "geometry": {
    "type": "Point",
    "coordinates": [
     84.4366003,
     27.6802099
    ]
   },
   "properties": {
    "name": "Corner Medicines",
    "name_local": "Corner Medicines",
    "kind": "health",
    "what_it_is": "a hospital, clinic or health post within 3 km of the river",
    "exposed_not_damaged": "This is something the flood could reach, not something reported damaged. No located damage assessment had been published.",
    "osm_id": "node/11977630674",
    "source": "OpenStreetMap via the Overpass API",
    "source_url": "https://www.openstreetmap.org/copyright",
    "licence": "ODbL 1.0, (c) OpenStreetMap contributors",
    "retrieved": "2026-08-28",
    "km_downstream": 193.5,
    "km_from_channel": 2.73,
    "reach": "Open valley"
   }
  },
  {
   "type": "Feature",
   "geometry": {
    "type": "Point",
    "coordinates": [
     84.4347105,
     27.6834699
    ]
   },
   "properties": {
    "name": "Saptagandaki Multiple Campus",
    "name_local": "Saptagandaki Multiple Campus",
    "kind": "school",
    "what_it_is": "a school within 3 km of the river",
    "exposed_not_damaged": "This is something the flood could reach, not something reported damaged. No located damage assessment had been published.",
    "osm_id": "way/185416226",
    "source": "OpenStreetMap via the Overpass API",
    "source_url": "https://www.openstreetmap.org/copyright",
    "licence": "ODbL 1.0, (c) OpenStreetMap contributors",
    "retrieved": "2026-08-28",
    "km_downstream": 193.5,
    "km_from_channel": 2.32,
    "reach": "Open valley"
   }
  },
  {
   "type": "Feature",
   "geometry": {
    "type": "Point",
    "coordinates": [
     84.425405,
     27.6965424
    ]
   },
   "properties": {
    "name": "Balkumari Kanya Ma Vi",
    "name_local": "Balkumari Kanya Ma Vi",
    "kind": "school",
    "what_it_is": "a school within 3 km of the river",
    "exposed_not_damaged": "This is something the flood could reach, not something reported damaged. No located damage assessment had been published.",
    "osm_id": "way/185667554",
    "source": "OpenStreetMap via the Overpass API",
    "source_url": "https://www.openstreetmap.org/copyright",
    "licence": "ODbL 1.0, (c) OpenStreetMap contributors",
    "retrieved": "2026-08-28",
    "km_downstream": 193.5,
    "km_from_channel": 0.63,
    "reach": "Open valley"
   }
  },
  {
   "type": "Feature",
   "geometry": {
    "type": "Point",
    "coordinates": [
     84.426533,
     27.6972615
    ]
   },
   "properties": {
    "name": "Balkumari School",
    "name_local": "Balkumari School",
    "kind": "school",
    "what_it_is": "a school within 3 km of the river",
    "exposed_not_damaged": "This is something the flood could reach, not something reported damaged. No located damage assessment had been published.",
    "osm_id": "way/185667555",
    "source": "OpenStreetMap via the Overpass API",
    "source_url": "https://www.openstreetmap.org/copyright",
    "licence": "ODbL 1.0, (c) OpenStreetMap contributors",
    "retrieved": "2026-08-28",
    "km_downstream": 193.5,
    "km_from_channel": 0.59,
    "reach": "Open valley"
   }
  },
  {
   "type": "Feature",
   "geometry": {
    "type": "Point",
    "coordinates": [
     84.4282871,
     27.6953368
    ]
   },
   "properties": {
    "name": "Chitwan English Boarding School",
    "name_local": "Chitwan English Boarding School",
    "kind": "school",
    "what_it_is": "a school within 3 km of the river",
    "exposed_not_damaged": "This is something the flood could reach, not something reported damaged. No located damage assessment had been published.",
    "osm_id": "way/185671112",
    "source": "OpenStreetMap via the Overpass API",
    "source_url": "https://www.openstreetmap.org/copyright",
    "licence": "ODbL 1.0, (c) OpenStreetMap contributors",
    "retrieved": "2026-08-28",
    "km_downstream": 193.5,
    "km_from_channel": 0.86,
    "reach": "Open valley"
   }
  },
  {
   "type": "Feature",
   "geometry": {
    "type": "Point",
    "coordinates": [
     84.4350031,
     27.6846789
    ]
   },
   "properties": {
    "name": "Sishu Fertility Clinic & IVF center",
    "name_local": "Sishu Fertility Clinic & IVF center",
    "kind": "health",
    "what_it_is": "a hospital, clinic or health post within 3 km of the river",
    "exposed_not_damaged": "This is something the flood could reach, not something reported damaged. No located damage assessment had been published.",
    "osm_id": "way/327275754",
    "source": "OpenStreetMap via the Overpass API",
    "source_url": "https://www.openstreetmap.org/copyright",
    "licence": "ODbL 1.0, (c) OpenStreetMap contributors",
    "retrieved": "2026-08-28",
    "km_downstream": 193.5,
    "km_from_channel": 2.21,
    "reach": "Open valley"
   }
  },
  {
   "type": "Feature",
   "geometry": {
    "type": "Point",
    "coordinates": [
     84.4360092,
     27.6836614
    ]
   },
   "properties": {
    "name": "College Of Medical Sciences Teaching Hospital",
    "name_local": "College Of Medical Sciences Teaching Hospital",
    "kind": "health",
    "what_it_is": "a hospital, clinic or health post within 3 km of the river",
    "exposed_not_damaged": "This is something the flood could reach, not something reported damaged. No located damage assessment had been published.",
    "osm_id": "way/787451285",
    "source": "OpenStreetMap via the Overpass API",
    "source_url": "https://www.openstreetmap.org/copyright",
    "licence": "ODbL 1.0, (c) OpenStreetMap contributors",
    "retrieved": "2026-08-28",
    "km_downstream": 193.5,
    "km_from_channel": 2.36,
    "reach": "Open valley"
   }
  },
  {
   "type": "Feature",
   "geometry": {
    "type": "Point",
    "coordinates": [
     84.4360115,
     27.68224
    ]
   },
   "properties": {
    "name": "BHARATPUR HOSPITAL",
    "name_local": "BHARATPUR HOSPITAL",
    "kind": "health",
    "what_it_is": "a hospital, clinic or health post within 3 km of the river",
    "exposed_not_damaged": "This is something the flood could reach, not something reported damaged. No located damage assessment had been published.",
    "osm_id": "way/930045826",
    "source": "OpenStreetMap via the Overpass API",
    "source_url": "https://www.openstreetmap.org/copyright",
    "licence": "ODbL 1.0, (c) OpenStreetMap contributors",
    "retrieved": "2026-08-28",
    "km_downstream": 193.5,
    "km_from_channel": 2.5,
    "reach": "Open valley"
   }
  },
  {
   "type": "Feature",
   "geometry": {
    "type": "Point",
    "coordinates": [
     84.4343755,
     27.6828183
    ]
   },
   "properties": {
    "name": "Narayani Mabi Ground",
    "name_local": "Narayani Mabi Ground",
    "kind": "school",
    "what_it_is": "a school within 3 km of the river",
    "exposed_not_damaged": "This is something the flood could reach, not something reported damaged. No located damage assessment had been published.",
    "osm_id": "way/1221650949",
    "source": "OpenStreetMap via the Overpass API",
    "source_url": "https://www.openstreetmap.org/copyright",
    "licence": "ODbL 1.0, (c) OpenStreetMap contributors",
    "retrieved": "2026-08-28",
    "km_downstream": 193.5,
    "km_from_channel": 2.37,
    "reach": "Open valley"
   }
  },
  {
   "type": "Feature",
   "geometry": {
    "type": "Point",
    "coordinates": [
     84.423163,
     27.6991788
    ]
   },
   "properties": {
    "name": "Nepal Red Cross Society",
    "name_local": "Nepal Red Cross Society",
    "kind": "health",
    "what_it_is": "a hospital, clinic or health post within 3 km of the river",
    "exposed_not_damaged": "This is something the flood could reach, not something reported damaged. No located damage assessment had been published.",
    "osm_id": "node/1905959105",
    "source": "OpenStreetMap via the Overpass API",
    "source_url": "https://www.openstreetmap.org/copyright",
    "licence": "ODbL 1.0, (c) OpenStreetMap contributors",
    "retrieved": "2026-08-28",
    "km_downstream": 193.9,
    "km_from_channel": 0.28,
    "reach": "Open valley"
   }
  },
  {
   "type": "Feature",
   "geometry": {
    "type": "Point",
    "coordinates": [
     84.4235261,
     27.6991445
    ]
   },
   "properties": {
    "name": "Mary Stopes",
    "name_local": "Mary Stopes",
    "kind": "health",
    "what_it_is": "a hospital, clinic or health post within 3 km of the river",
    "exposed_not_damaged": "This is something the flood could reach, not something reported damaged. No located damage assessment had been published.",
    "osm_id": "node/1905962473",
    "source": "OpenStreetMap via the Overpass API",
    "source_url": "https://www.openstreetmap.org/copyright",
    "licence": "ODbL 1.0, (c) OpenStreetMap contributors",
    "retrieved": "2026-08-28",
    "km_downstream": 193.9,
    "km_from_channel": 0.31,
    "reach": "Open valley"
   }
  },
  {
   "type": "Feature",
   "geometry": {
    "type": "Point",
    "coordinates": [
     84.4307286,
     27.6853544
    ]
   },
   "properties": {
    "name": "Chitwan Medical College Teaching Hospital",
    "name_local": "Chitwan Medical College Teaching Hospital",
    "kind": "health",
    "what_it_is": "a hospital, clinic or health post within 3 km of the river",
    "exposed_not_damaged": "This is something the flood could reach, not something reported damaged. No located damage assessment had been published.",
    "osm_id": "node/1957170597",
    "source": "OpenStreetMap via the Overpass API",
    "source_url": "https://www.openstreetmap.org/copyright",
    "licence": "ODbL 1.0, (c) OpenStreetMap contributors",
    "retrieved": "2026-08-28",
    "km_downstream": 193.9,
    "km_from_channel": 1.94,
    "reach": "Open valley"
   }
  },
  {
   "type": "Feature",
   "geometry": {
    "type": "Point",
    "coordinates": [
     84.4324497,
     27.6816756
    ]
   },
   "properties": {
    "name": "Narayani Samydayik Hospital",
    "name_local": "Narayani Samydayik Hospital",
    "kind": "health",
    "what_it_is": "a hospital, clinic or health post within 3 km of the river",
    "exposed_not_damaged": "This is something the flood could reach, not something reported damaged. No located damage assessment had been published.",
    "osm_id": "node/1960210094",
    "source": "OpenStreetMap via the Overpass API",
    "source_url": "https://www.openstreetmap.org/copyright",
    "licence": "ODbL 1.0, (c) OpenStreetMap contributors",
    "retrieved": "2026-08-28",
    "km_downstream": 193.9,
    "km_from_channel": 2.38,
    "reach": "Open valley"
   }
  },
  {
   "type": "Feature",
   "geometry": {
    "type": "Point",
    "coordinates": [
     84.430404,
     27.6812942
    ]
   },
   "properties": {
    "name": "Chitwan Hospital",
    "name_local": "Chitwan Hospital",
    "kind": "health",
    "what_it_is": "a hospital, clinic or health post within 3 km of the river",
    "exposed_not_damaged": "This is something the flood could reach, not something reported damaged. No located damage assessment had been published.",
    "osm_id": "node/2456677959",
    "source": "OpenStreetMap via the Overpass API",
    "source_url": "https://www.openstreetmap.org/copyright",
    "licence": "ODbL 1.0, (c) OpenStreetMap contributors",
    "retrieved": "2026-08-28",
    "km_downstream": 193.9,
    "km_from_channel": 2.33,
    "reach": "Open valley"
   }
  },
  {
   "type": "Feature",
   "geometry": {
    "type": "Point",
    "coordinates": [
     84.4209207,
     27.6979201
    ]
   },
   "properties": {
    "name": "Dhanawantari Pharmacy and Pathology",
    "name_local": "Dhanawantari Pharmacy and Pathology",
    "kind": "health",
    "what_it_is": "a hospital, clinic or health post within 3 km of the river",
    "exposed_not_damaged": "This is something the flood could reach, not something reported damaged. No located damage assessment had been published.",
    "osm_id": "node/3341389578",
    "source": "OpenStreetMap via the Overpass API",
    "source_url": "https://www.openstreetmap.org/copyright",
    "licence": "ODbL 1.0, (c) OpenStreetMap contributors",
    "retrieved": "2026-08-28",
    "km_downstream": 193.9,
    "km_from_channel": 0.27,
    "reach": "Open valley"
   }
  },
  {
   "type": "Feature",
   "geometry": {
    "type": "Point",
    "coordinates": [
     84.4210399,
     27.6978896
    ]
   },
   "properties": {
    "name": "chitwan condam house",
    "name_local": "chitwan condam house",
    "kind": "health",
    "what_it_is": "a hospital, clinic or health post within 3 km of the river",
    "exposed_not_damaged": "This is something the flood could reach, not something reported damaged. No located damage assessment had been published.",
    "osm_id": "node/3343357057",
    "source": "OpenStreetMap via the Overpass API",
    "source_url": "https://www.openstreetmap.org/copyright",
    "licence": "ODbL 1.0, (c) OpenStreetMap contributors",
    "retrieved": "2026-08-28",
    "km_downstream": 193.9,
    "km_from_channel": 0.28,
    "reach": "Open valley"
   }
  },
  {
   "type": "Feature",
   "geometry": {
    "type": "Point",
    "coordinates": [
     84.4224991,
     27.6986884
    ]
   },
   "properties": {
    "name": "abaya upchar kendra",
    "name_local": "abaya upchar kendra",
    "kind": "health",
    "what_it_is": "a hospital, clinic or health post within 3 km of the river",
    "exposed_not_damaged": "This is something the flood could reach, not something reported damaged. No located damage assessment had been published.",
    "osm_id": "node/3343357437",
    "source": "OpenStreetMap via the Overpass API",
    "source_url": "https://www.openstreetmap.org/copyright",
    "licence": "ODbL 1.0, (c) OpenStreetMap contributors",
    "retrieved": "2026-08-28",
    "km_downstream": 193.9,
    "km_from_channel": 0.26,
    "reach": "Open valley"
   }
  },
  {
   "type": "Feature",
   "geometry": {
    "type": "Point",
    "coordinates": [
     84.4225384,
     27.6987231
    ]
   },
   "properties": {
    "name": "avaya upchar kendra",
    "name_local": "avaya upchar kendra",
    "kind": "health",
    "what_it_is": "a hospital, clinic or health post within 3 km of the river",
    "exposed_not_damaged": "This is something the flood could reach, not something reported damaged. No located damage assessment had been published.",
    "osm_id": "node/3343362893",
    "source": "OpenStreetMap via the Overpass API",
    "source_url": "https://www.openstreetmap.org/copyright",
    "licence": "ODbL 1.0, (c) OpenStreetMap contributors",
    "retrieved": "2026-08-28",
    "km_downstream": 193.9,
    "km_from_channel": 0.26,
    "reach": "Open valley"
   }
  },
  {
   "type": "Feature",
   "geometry": {
    "type": "Point",
    "coordinates": [
     84.4212683,
     27.6980519
    ]
   },
   "properties": {
    "name": "baby care centre",
    "name_local": "baby care centre",
    "kind": "health",
    "what_it_is": "a hospital, clinic or health post within 3 km of the river",
    "exposed_not_damaged": "This is something the flood could reach, not something reported damaged. No located damage assessment had been published.",
    "osm_id": "node/3343362896",
    "source": "OpenStreetMap via the Overpass API",
    "source_url": "https://www.openstreetmap.org/copyright",
    "licence": "ODbL 1.0, (c) OpenStreetMap contributors",
    "retrieved": "2026-08-28",
    "km_downstream": 193.9,
    "km_from_channel": 0.26,
    "reach": "Open valley"
   }
  },
  {
   "type": "Feature",
   "geometry": {
    "type": "Point",
    "coordinates": [
     84.4318936,
     27.679569
    ]
   },
   "properties": {
    "name": "Chitwan Valley Model Hospital",
    "name_local": "Chitwan Valley Model Hospital",
    "kind": "health",
    "what_it_is": "a hospital, clinic or health post within 3 km of the river",
    "exposed_not_damaged": "This is something the flood could reach, not something reported damaged. No located damage assessment had been published.",
    "osm_id": "node/3392229877",
    "source": "OpenStreetMap via the Overpass API",
    "source_url": "https://www.openstreetmap.org/copyright",
    "licence": "ODbL 1.0, (c) OpenStreetMap contributors",
    "retrieved": "2026-08-28",
    "km_downstream": 193.9,
    "km_from_channel": 2.56,
    "reach": "Open valley"
   }
  },
  {
   "type": "Feature",
   "geometry": {
    "type": "Point",
    "coordinates": [
     84.4296794,
     27.687011
    ]
   },
   "properties": {
    "name": "Anamol Arayog Kandra",
    "name_local": "Anamol Arayog Kandra",
    "kind": "health",
    "what_it_is": "a hospital, clinic or health post within 3 km of the river",
    "exposed_not_damaged": "This is something the flood could reach, not something reported damaged. No located damage assessment had been published.",
    "osm_id": "node/3392269915",
    "source": "OpenStreetMap via the Overpass API",
    "source_url": "https://www.openstreetmap.org/copyright",
    "licence": "ODbL 1.0, (c) OpenStreetMap contributors",
    "retrieved": "2026-08-28",
    "km_downstream": 193.9,
    "km_from_channel": 1.73,
    "reach": "Open valley"
   }
  },
  {
   "type": "Feature",
   "geometry": {
    "type": "Point",
    "coordinates": [
     84.4325728,
     27.6810851
    ]
   },
   "properties": {
    "name": "Mankamana Hospital",
    "name_local": "Mankamana Hospital",
    "kind": "health",
    "what_it_is": "a hospital, clinic or health post within 3 km of the river",
    "exposed_not_damaged": "This is something the flood could reach, not something reported damaged. No located damage assessment had been published.",
    "osm_id": "node/3392281251",
    "source": "OpenStreetMap via the Overpass API",
    "source_url": "https://www.openstreetmap.org/copyright",
    "licence": "ODbL 1.0, (c) OpenStreetMap contributors",
    "retrieved": "2026-08-28",
    "km_downstream": 193.9,
    "km_from_channel": 2.44,
    "reach": "Open valley"
   }
  },
  {
   "type": "Feature",
   "geometry": {
    "type": "Point",
    "coordinates": [
     84.4322248,
     27.6813682
    ]
   },
   "properties": {
    "name": "Om Hospital",
    "name_local": "Om Hospital",
    "kind": "health",
    "what_it_is": "a hospital, clinic or health post within 3 km of the river",
    "exposed_not_damaged": "This is something the flood could reach, not something reported damaged. No located damage assessment had been published.",
    "osm_id": "node/3392281252",
    "source": "OpenStreetMap via the Overpass API",
    "source_url": "https://www.openstreetmap.org/copyright",
    "licence": "ODbL 1.0, (c) OpenStreetMap contributors",
    "retrieved": "2026-08-28",
    "km_downstream": 193.9,
    "km_from_channel": 2.4,
    "reach": "Open valley"
   }
  },
  {
   "type": "Feature",
   "geometry": {
    "type": "Point",
    "coordinates": [
     84.4316313,
     27.6811392
    ]
   },
   "properties": {
    "name": "Shanti Hospital",
    "name_local": "Shanti Hospital",
    "kind": "health",
    "what_it_is": "a hospital, clinic or health post within 3 km of the river",
    "exposed_not_damaged": "This is something the flood could reach, not something reported damaged. No located damage assessment had been published.",
    "osm_id": "node/3392281253",
    "source": "OpenStreetMap via the Overpass API",
    "source_url": "https://www.openstreetmap.org/copyright",
    "licence": "ODbL 1.0, (c) OpenStreetMap contributors",
    "retrieved": "2026-08-28",
    "km_downstream": 193.9,
    "km_from_channel": 2.39,
    "reach": "Open valley"
   }
  },
  {
   "type": "Feature",
   "geometry": {
    "type": "Point",
    "coordinates": [
     84.4307855,
     27.6782161
    ]
   },
   "properties": {
    "name": "National Eye Hospital",
    "name_local": "National Eye Hospital",
    "kind": "health",
    "what_it_is": "a hospital, clinic or health post within 3 km of the river",
    "exposed_not_damaged": "This is something the flood could reach, not something reported damaged. No located damage assessment had been published.",
    "osm_id": "node/3392281256",
    "source": "OpenStreetMap via the Overpass API",
    "source_url": "https://www.openstreetmap.org/copyright",
    "licence": "ODbL 1.0, (c) OpenStreetMap contributors",
    "retrieved": "2026-08-28",
    "km_downstream": 193.9,
    "km_from_channel": 2.66,
    "reach": "Open valley"
   }
  },
  {
   "type": "Feature",
   "geometry": {
    "type": "Point",
    "coordinates": [
     84.4335294,
     27.6809433
    ]
   },
   "properties": {
    "name": "Bharatpur samudaik hospital",
    "name_local": "Bharatpur samudaik hospital",
    "kind": "health",
    "what_it_is": "a hospital, clinic or health post within 3 km of the river",
    "exposed_not_damaged": "This is something the flood could reach, not something reported damaged. No located damage assessment had been published.",
    "osm_id": "node/3392283035",
    "source": "OpenStreetMap via the Overpass API",
    "source_url": "https://www.openstreetmap.org/copyright",
    "licence": "ODbL 1.0, (c) OpenStreetMap contributors",
    "retrieved": "2026-08-28",
    "km_downstream": 193.9,
    "km_from_channel": 2.5,
    "reach": "Open valley"
   }
  },
  {
   "type": "Feature",
   "geometry": {
    "type": "Point",
    "coordinates": [
     84.4315618,
     27.6780877
    ]
   },
   "properties": {
    "name": "Chitwan Ankha Hospital",
    "name_local": "Chitwan Ankha Hospital",
    "kind": "health",
    "what_it_is": "a hospital, clinic or health post within 3 km of the river",
    "exposed_not_damaged": "This is something the flood could reach, not something reported damaged. No located damage assessment had been published.",
    "osm_id": "node/3392283036",
    "source": "OpenStreetMap via the Overpass API",
    "source_url": "https://www.openstreetmap.org/copyright",
    "licence": "ODbL 1.0, (c) OpenStreetMap contributors",
    "retrieved": "2026-08-28",
    "km_downstream": 193.9,
    "km_from_channel": 2.7,
    "reach": "Open valley"
   }
  },
  {
   "type": "Feature",
   "geometry": {
    "type": "Point",
    "coordinates": [
     84.4315492,
     27.6811711
    ]
   },
   "properties": {
    "name": "Jay Buddha Hospital",
    "name_local": "Jay Buddha Hospital",
    "kind": "health",
    "what_it_is": "a hospital, clinic or health post within 3 km of the river",
    "exposed_not_damaged": "This is something the flood could reach, not something reported damaged. No located damage assessment had been published.",
    "osm_id": "node/3392283037",
    "source": "OpenStreetMap via the Overpass API",
    "source_url": "https://www.openstreetmap.org/copyright",
    "licence": "ODbL 1.0, (c) OpenStreetMap contributors",
    "retrieved": "2026-08-28",
    "km_downstream": 193.9,
    "km_from_channel": 2.39,
    "reach": "Open valley"
   }
  },
  {
   "type": "Feature",
   "geometry": {
    "type": "Point",
    "coordinates": [
     84.4294439,
     27.685502
    ]
   },
   "properties": {
    "name": "Niko Children's Hospital Pvt. Ltd.",
    "name_local": "निको चिल्ड्रेन्स हस्पिटल (प्रा.) लि",
    "kind": "health",
    "what_it_is": "a hospital, clinic or health post within 3 km of the river",
    "exposed_not_damaged": "This is something the flood could reach, not something reported damaged. No located damage assessment had been published.",
    "osm_id": "node/3392283071",
    "source": "OpenStreetMap via the Overpass API",
    "source_url": "https://www.openstreetmap.org/copyright",
    "licence": "ODbL 1.0, (c) OpenStreetMap contributors",
    "retrieved": "2026-08-28",
    "km_downstream": 193.9,
    "km_from_channel": 1.86,
    "reach": "Open valley"
   }
  },
  {
   "type": "Feature",
   "geometry": {
    "type": "Point",
    "coordinates": [
     84.4287179,
     27.6859846
    ]
   },
   "properties": {
    "name": "Alive Hospital",
    "name_local": "Alive Hospital",
    "kind": "health",
    "what_it_is": "a hospital, clinic or health post within 3 km of the river",
    "exposed_not_damaged": "This is something the flood could reach, not something reported damaged. No located damage assessment had been published.",
    "osm_id": "node/3392283072",
    "source": "OpenStreetMap via the Overpass API",
    "source_url": "https://www.openstreetmap.org/copyright",
    "licence": "ODbL 1.0, (c) OpenStreetMap contributors",
    "retrieved": "2026-08-28",
    "km_downstream": 193.9,
    "km_from_channel": 1.78,
    "reach": "Open valley"
   }
  },
  {
   "type": "Feature",
   "geometry": {
    "type": "Point",
    "coordinates": [
     84.4323063,
     27.6839862
    ]
   },
   "properties": {
    "name": "life care hospital",
    "name_local": "life care hospital",
    "kind": "health",
    "what_it_is": "a hospital, clinic or health post within 3 km of the river",
    "exposed_not_damaged": "This is something the flood could reach, not something reported damaged. No located damage assessment had been published.",
    "osm_id": "node/3392283801",
    "source": "OpenStreetMap via the Overpass API",
    "source_url": "https://www.openstreetmap.org/copyright",
    "licence": "ODbL 1.0, (c) OpenStreetMap contributors",
    "retrieved": "2026-08-28",
    "km_downstream": 193.9,
    "km_from_channel": 2.15,
    "reach": "Open valley"
   }
  },
  {
   "type": "Feature",
   "geometry": {
    "type": "Point",
    "coordinates": [
     84.4333861,
     27.6809481
    ]
   },
   "properties": {
    "name": "asha hospital",
    "name_local": "asha hospital",
    "kind": "health",
    "what_it_is": "a hospital, clinic or health post within 3 km of the river",
    "exposed_not_damaged": "This is something the flood could reach, not something reported damaged. No located damage assessment had been published.",
    "osm_id": "node/3392283803",
    "source": "OpenStreetMap via the Overpass API",
    "source_url": "https://www.openstreetmap.org/copyright",
    "licence": "ODbL 1.0, (c) OpenStreetMap contributors",
    "retrieved": "2026-08-28",
    "km_downstream": 193.9,
    "km_from_channel": 2.5,
    "reach": "Open valley"
   }
  },
  {
   "type": "Feature",
   "geometry": {
    "type": "Point",
    "coordinates": [
     84.4319255,
     27.6813808
    ]
   },
   "properties": {
    "name": "Advance Community Hospital",
    "name_local": "Advance Community Hospital",
    "kind": "health",
    "what_it_is": "a hospital, clinic or health post within 3 km of the river",
    "exposed_not_damaged": "This is something the flood could reach, not something reported damaged. No located damage assessment had been published.",
    "osm_id": "node/3392283804",
    "source": "OpenStreetMap via the Overpass API",
    "source_url": "https://www.openstreetmap.org/copyright",
    "licence": "ODbL 1.0, (c) OpenStreetMap contributors",
    "retrieved": "2026-08-28",
    "km_downstream": 193.9,
    "km_from_channel": 2.38,
    "reach": "Open valley"
   }
  },
  {
   "type": "Feature",
   "geometry": {
    "type": "Point",
    "coordinates": [
     84.4304008,
     27.6803636
    ]
   },
   "properties": {
    "name": "Maulakalika Hospital",
    "name_local": "Maulakalika Hospital",
    "kind": "health",
    "what_it_is": "a hospital, clinic or health post within 3 km of the river",
    "exposed_not_damaged": "This is something the flood could reach, not something reported damaged. No located damage assessment had been published.",
    "osm_id": "node/3392283805",
    "source": "OpenStreetMap via the Overpass API",
    "source_url": "https://www.openstreetmap.org/copyright",
    "licence": "ODbL 1.0, (c) OpenStreetMap contributors",
    "retrieved": "2026-08-28",
    "km_downstream": 193.9,
    "km_from_channel": 2.42,
    "reach": "Open valley"
   }
  },
  {
   "type": "Feature",
   "geometry": {
    "type": "Point",
    "coordinates": [
     84.4332766,
     27.6803508
    ]
   },
   "properties": {
    "name": "Asha Hospital pvt.ltd",
    "name_local": "Asha Hospital pvt.ltd",
    "kind": "health",
    "what_it_is": "a hospital, clinic or health post within 3 km of the river",
    "exposed_not_damaged": "This is something the flood could reach, not something reported damaged. No located damage assessment had been published.",
    "osm_id": "node/3392331573",
    "source": "OpenStreetMap via the Overpass API",
    "source_url": "https://www.openstreetmap.org/copyright",
    "licence": "ODbL 1.0, (c) OpenStreetMap contributors",
    "retrieved": "2026-08-28",
    "km_downstream": 193.9,
    "km_from_channel": 2.55,
    "reach": "Open valley"
   }
  },
  {
   "type": "Feature",
   "geometry": {
    "type": "Point",
    "coordinates": [
     84.4334678,
     27.6806469
    ]
   },
   "properties": {
    "name": "Bharatpur Samaudayek Hospital",
    "name_local": "Bharatpur Samaudayek Hospital",
    "kind": "health",
    "what_it_is": "a hospital, clinic or health post within 3 km of the river",
    "exposed_not_damaged": "This is something the flood could reach, not something reported damaged. No located damage assessment had been published.",
    "osm_id": "node/3392361328",
    "source": "OpenStreetMap via the Overpass API",
    "source_url": "https://www.openstreetmap.org/copyright",
    "licence": "ODbL 1.0, (c) OpenStreetMap contributors",
    "retrieved": "2026-08-28",
    "km_downstream": 193.9,
    "km_from_channel": 2.53,
    "reach": "Open valley"
   }
  },
  {
   "type": "Feature",
   "geometry": {
    "type": "Point",
    "coordinates": [
     84.422115,
     27.6962801
    ]
   },
   "properties": {
    "name": "kantipur dental",
    "name_local": "kantipur dental",
    "kind": "health",
    "what_it_is": "a hospital, clinic or health post within 3 km of the river",
    "exposed_not_damaged": "This is something the flood could reach, not something reported damaged. No located damage assessment had been published.",
    "osm_id": "node/3392408845",
    "source": "OpenStreetMap via the Overpass API",
    "source_url": "https://www.openstreetmap.org/copyright",
    "licence": "ODbL 1.0, (c) OpenStreetMap contributors",
    "retrieved": "2026-08-28",
    "km_downstream": 193.9,
    "km_from_channel": 0.48,
    "reach": "Open valley"
   }
  },
  {
   "type": "Feature",
   "geometry": {
    "type": "Point",
    "coordinates": [
     84.4238815,
     27.6971287
    ]
   },
   "properties": {
    "name": "Ganga aushadhalaya",
    "name_local": "Ganga aushadhalaya",
    "kind": "health",
    "what_it_is": "a hospital, clinic or health post within 3 km of the river",
    "exposed_not_damaged": "This is something the flood could reach, not something reported damaged. No located damage assessment had been published.",
    "osm_id": "node/4121489891",
    "source": "OpenStreetMap via the Overpass API",
    "source_url": "https://www.openstreetmap.org/copyright",
    "licence": "ODbL 1.0, (c) OpenStreetMap contributors",
    "retrieved": "2026-08-28",
    "km_downstream": 193.9,
    "km_from_channel": 0.48,
    "reach": "Open valley"
   }
  },
  {
   "type": "Feature",
   "geometry": {
    "type": "Point",
    "coordinates": [
     84.4239555,
     27.6970527
    ]
   },
   "properties": {
    "name": "none",
    "name_local": "none",
    "kind": "health",
    "what_it_is": "a hospital, clinic or health post within 3 km of the river",
    "exposed_not_damaged": "This is something the flood could reach, not something reported damaged. No located damage assessment had been published.",
    "osm_id": "node/4121489892",
    "source": "OpenStreetMap via the Overpass API",
    "source_url": "https://www.openstreetmap.org/copyright",
    "licence": "ODbL 1.0, (c) OpenStreetMap contributors",
    "retrieved": "2026-08-28",
    "km_downstream": 193.9,
    "km_from_channel": 0.49,
    "reach": "Open valley"
   }
  },
  {
   "type": "Feature",
   "geometry": {
    "type": "Point",
    "coordinates": [
     84.4303347,
     27.6818561
    ]
   },
   "properties": {
    "name": "Nirnayak diagnostics lab",
    "name_local": "Nirnayak diagnostics lab",
    "kind": "health",
    "what_it_is": "a hospital, clinic or health post within 3 km of the river",
    "exposed_not_damaged": "This is something the flood could reach, not something reported damaged. No located damage assessment had been published.",
    "osm_id": "node/4121521959",
    "source": "OpenStreetMap via the Overpass API",
    "source_url": "https://www.openstreetmap.org/copyright",
    "licence": "ODbL 1.0, (c) OpenStreetMap contributors",
    "retrieved": "2026-08-28",
    "km_downstream": 193.9,
    "km_from_channel": 2.27,
    "reach": "Open valley"
   }
  },
  {
   "type": "Feature",
   "geometry": {
    "type": "Point",
    "coordinates": [
     84.4231027,
     27.6937585
    ]
   },
   "properties": {
    "name": "Zen International Education",
    "name_local": "",
    "kind": "school",
    "what_it_is": "a school within 3 km of the river",
    "exposed_not_damaged": "This is something the flood could reach, not something reported damaged. No located damage assessment had been published.",
    "osm_id": "node/4570099189",
    "source": "OpenStreetMap via the Overpass API",
    "source_url": "https://www.openstreetmap.org/copyright",
    "licence": "ODbL 1.0, (c) OpenStreetMap contributors",
    "retrieved": "2026-08-28",
    "km_downstream": 193.9,
    "km_from_channel": 0.77,
    "reach": "Open valley"
   }
  },
  {
   "type": "Feature",
   "geometry": {
    "type": "Point",
    "coordinates": [
     84.4330418,
     27.6827379
    ]
   },
   "properties": {
    "name": "Narayani Polytechnic Institute",
    "name_local": "Narayani Polytechnic Institute",
    "kind": "school",
    "what_it_is": "a school within 3 km of the river",
    "exposed_not_damaged": "This is something the flood could reach, not something reported damaged. No located damage assessment had been published.",
    "osm_id": "node/9174931832",
    "source": "OpenStreetMap via the Overpass API",
    "source_url": "https://www.openstreetmap.org/copyright",
    "licence": "ODbL 1.0, (c) OpenStreetMap contributors",
    "retrieved": "2026-08-28",
    "km_downstream": 193.9,
    "km_from_channel": 2.31,
    "reach": "Open valley"
   }
  },
  {
   "type": "Feature",
   "geometry": {
    "type": "Point",
    "coordinates": [
     84.4304252,
     27.681489
    ]
   },
   "properties": {
    "name": "Natural Ayurvedics",
    "name_local": "Natural Ayurvedics",
    "kind": "health",
    "what_it_is": "a hospital, clinic or health post within 3 km of the river",
    "exposed_not_damaged": "This is something the flood could reach, not something reported damaged. No located damage assessment had been published.",
    "osm_id": "node/9560021128",
    "source": "OpenStreetMap via the Overpass API",
    "source_url": "https://www.openstreetmap.org/copyright",
    "licence": "ODbL 1.0, (c) OpenStreetMap contributors",
    "retrieved": "2026-08-28",
    "km_downstream": 193.9,
    "km_from_channel": 2.31,
    "reach": "Open valley"
   }
  },
  {
   "type": "Feature",
   "geometry": {
    "type": "Point",
    "coordinates": [
     84.4306785,
     27.6816704
    ]
   },
   "properties": {
    "name": "unnamed",
    "name_local": "",
    "kind": "health",
    "what_it_is": "a hospital, clinic or health post within 3 km of the river",
    "exposed_not_damaged": "This is something the flood could reach, not something reported damaged. No located damage assessment had been published.",
    "osm_id": "node/9560021129",
    "source": "OpenStreetMap via the Overpass API",
    "source_url": "https://www.openstreetmap.org/copyright",
    "licence": "ODbL 1.0, (c) OpenStreetMap contributors",
    "retrieved": "2026-08-28",
    "km_downstream": 193.9,
    "km_from_channel": 2.3,
    "reach": "Open valley"
   }
  },
  {
   "type": "Feature",
   "geometry": {
    "type": "Point",
    "coordinates": [
     84.4306309,
     27.6816827
    ]
   },
   "properties": {
    "name": "unnamed",
    "name_local": "",
    "kind": "health",
    "what_it_is": "a hospital, clinic or health post within 3 km of the river",
    "exposed_not_damaged": "This is something the flood could reach, not something reported damaged. No located damage assessment had been published.",
    "osm_id": "node/9560021130",
    "source": "OpenStreetMap via the Overpass API",
    "source_url": "https://www.openstreetmap.org/copyright",
    "licence": "ODbL 1.0, (c) OpenStreetMap contributors",
    "retrieved": "2026-08-28",
    "km_downstream": 193.9,
    "km_from_channel": 2.3,
    "reach": "Open valley"
   }
  },
  {
   "type": "Feature",
   "geometry": {
    "type": "Point",
    "coordinates": [
     84.4305832,
     27.6816949
    ]
   },
   "properties": {
    "name": "unnamed",
    "name_local": "",
    "kind": "health",
    "what_it_is": "a hospital, clinic or health post within 3 km of the river",
    "exposed_not_damaged": "This is something the flood could reach, not something reported damaged. No located damage assessment had been published.",
    "osm_id": "node/9560021131",
    "source": "OpenStreetMap via the Overpass API",
    "source_url": "https://www.openstreetmap.org/copyright",
    "licence": "ODbL 1.0, (c) OpenStreetMap contributors",
    "retrieved": "2026-08-28",
    "km_downstream": 193.9,
    "km_from_channel": 2.29,
    "reach": "Open valley"
   }
  },
  {
   "type": "Feature",
   "geometry": {
    "type": "Point",
    "coordinates": [
     84.4305356,
     27.6817072
    ]
   },
   "properties": {
    "name": "unnamed",
    "name_local": "",
    "kind": "health",
    "what_it_is": "a hospital, clinic or health post within 3 km of the river",
    "exposed_not_damaged": "This is something the flood could reach, not something reported damaged. No located damage assessment had been published.",
    "osm_id": "node/9560021132",
    "source": "OpenStreetMap via the Overpass API",
    "source_url": "https://www.openstreetmap.org/copyright",
    "licence": "ODbL 1.0, (c) OpenStreetMap contributors",
    "retrieved": "2026-08-28",
    "km_downstream": 193.9,
    "km_from_channel": 2.29,
    "reach": "Open valley"
   }
  },
  {
   "type": "Feature",
   "geometry": {
    "type": "Point",
    "coordinates": [
     84.4304879,
     27.6817195
    ]
   },
   "properties": {
    "name": "unnamed",
    "name_local": "",
    "kind": "health",
    "what_it_is": "a hospital, clinic or health post within 3 km of the river",
    "exposed_not_damaged": "This is something the flood could reach, not something reported damaged. No located damage assessment had been published.",
    "osm_id": "node/9560021133",
    "source": "OpenStreetMap via the Overpass API",
    "source_url": "https://www.openstreetmap.org/copyright",
    "licence": "ODbL 1.0, (c) OpenStreetMap contributors",
    "retrieved": "2026-08-28",
    "km_downstream": 193.9,
    "km_from_channel": 2.29,
    "reach": "Open valley"
   }
  },
  {
   "type": "Feature",
   "geometry": {
    "type": "Point",
    "coordinates": [
     84.4304368,
     27.6817317
    ]
   },
   "properties": {
    "name": "unnamed",
    "name_local": "",
    "kind": "health",
    "what_it_is": "a hospital, clinic or health post within 3 km of the river",
    "exposed_not_damaged": "This is something the flood could reach, not something reported damaged. No located damage assessment had been published.",
    "osm_id": "node/9560021134",
    "source": "OpenStreetMap via the Overpass API",
    "source_url": "https://www.openstreetmap.org/copyright",
    "licence": "ODbL 1.0, (c) OpenStreetMap contributors",
    "retrieved": "2026-08-28",
    "km_downstream": 193.9,
    "km_from_channel": 2.28,
    "reach": "Open valley"
   }
  },
  {
   "type": "Feature",
   "geometry": {
    "type": "Point",
    "coordinates": [
     84.4308248,
     27.6785354
    ]
   },
   "properties": {
    "name": "Bharatpur Central Hospital",
    "name_local": "Bharatpur Central Hospital",
    "kind": "health",
    "what_it_is": "a hospital, clinic or health post within 3 km of the river",
    "exposed_not_damaged": "This is something the flood could reach, not something reported damaged. No located damage assessment had been published.",
    "osm_id": "node/11982514804",
    "source": "OpenStreetMap via the Overpass API",
    "source_url": "https://www.openstreetmap.org/copyright",
    "licence": "ODbL 1.0, (c) OpenStreetMap contributors",
    "retrieved": "2026-08-28",
    "km_downstream": 193.9,
    "km_from_channel": 2.62,
    "reach": "Open valley"
   }
  },
  {
   "type": "Feature",
   "geometry": {
    "type": "Point",
    "coordinates": [
     84.433869,
     27.6823299
    ]
   },
   "properties": {
    "name": "Narayani Higher Secondary School",
    "name_local": "Narayani Higher Secondary School",
    "kind": "school",
    "what_it_is": "a school within 3 km of the river",
    "exposed_not_damaged": "This is something the flood could reach, not something reported damaged. No located damage assessment had been published.",
    "osm_id": "way/185416223",
    "source": "OpenStreetMap via the Overpass API",
    "source_url": "https://www.openstreetmap.org/copyright",
    "licence": "ODbL 1.0, (c) OpenStreetMap contributors",
    "retrieved": "2026-08-28",
    "km_downstream": 193.9,
    "km_from_channel": 2.39,
    "reach": "Open valley"
   }
  },
  {
   "type": "Feature",
   "geometry": {
    "type": "Point",
    "coordinates": [
     84.4314486,
     27.6844819
    ]
   },
   "properties": {
    "name": "Maiya Devi Kanya College",
    "name_local": "Maiya Devi Kanya College",
    "kind": "school",
    "what_it_is": "a school within 3 km of the river",
    "exposed_not_damaged": "This is something the flood could reach, not something reported damaged. No located damage assessment had been published.",
    "osm_id": "way/185673523",
    "source": "OpenStreetMap via the Overpass API",
    "source_url": "https://www.openstreetmap.org/copyright",
    "licence": "ODbL 1.0, (c) OpenStreetMap contributors",
    "retrieved": "2026-08-28",
    "km_downstream": 193.9,
    "km_from_channel": 2.06,
    "reach": "Open valley"
   }
  },
  {
   "type": "Feature",
   "geometry": {
    "type": "Point",
    "coordinates": [
     84.4287348,
     27.6882175
    ]
   },
   "properties": {
    "name": "Bharatpur eye hospital",
    "name_local": "Bharatpur eye hospital",
    "kind": "health",
    "what_it_is": "a hospital, clinic or health post within 3 km of the river",
    "exposed_not_damaged": "This is something the flood could reach, not something reported damaged. No located damage assessment had been published.",
    "osm_id": "way/302548412",
    "source": "OpenStreetMap via the Overpass API",
    "source_url": "https://www.openstreetmap.org/copyright",
    "licence": "ODbL 1.0, (c) OpenStreetMap contributors",
    "retrieved": "2026-08-28",
    "km_downstream": 193.9,
    "km_from_channel": 1.57,
    "reach": "Open valley"
   }
  },
  {
   "type": "Feature",
   "geometry": {
    "type": "Point",
    "coordinates": [
     84.434068,
     27.6759088
    ]
   },
   "properties": {
    "name": "Aroma English Higher Secondary School",
    "name_local": "Aroma English Higher Secondary School",
    "kind": "school",
    "what_it_is": "a school within 3 km of the river",
    "exposed_not_damaged": "This is something the flood could reach, not something reported damaged. No located damage assessment had been published.",
    "osm_id": "way/326418931",
    "source": "OpenStreetMap via the Overpass API",
    "source_url": "https://www.openstreetmap.org/copyright",
    "licence": "ODbL 1.0, (c) OpenStreetMap contributors",
    "retrieved": "2026-08-28",
    "km_downstream": 193.9,
    "km_from_channel": 3.02,
    "reach": "Open valley"
   }
  },
  {
   "type": "Feature",
   "geometry": {
    "type": "Point",
    "coordinates": [
     84.4306368,
     27.680372
    ]
   },
   "properties": {
    "name": "Maulakalika Hospital",
    "name_local": "Maulakalika Hospital",
    "kind": "health",
    "what_it_is": "a hospital, clinic or health post within 3 km of the river",
    "exposed_not_damaged": "This is something the flood could reach, not something reported damaged. No located damage assessment had been published.",
    "osm_id": "way/327288856",
    "source": "OpenStreetMap via the Overpass API",
    "source_url": "https://www.openstreetmap.org/copyright",
    "licence": "ODbL 1.0, (c) OpenStreetMap contributors",
    "retrieved": "2026-08-28",
    "km_downstream": 193.9,
    "km_from_channel": 2.43,
    "reach": "Open valley"
   }
  },
  {
   "type": "Feature",
   "geometry": {
    "type": "Point",
    "coordinates": [
     84.4293315,
     27.6853253
    ]
   },
   "properties": {
    "name": "Niko Children's Hospital & Research Center (P) Ltd",
    "name_local": "Niko Children's Hospital & Research Center (P) Ltd",
    "kind": "health",
    "what_it_is": "a hospital, clinic or health post within 3 km of the river",
    "exposed_not_damaged": "This is something the flood could reach, not something reported damaged. No located damage assessment had been published.",
    "osm_id": "way/327288874",
    "source": "OpenStreetMap via the Overpass API",
    "source_url": "https://www.openstreetmap.org/copyright",
    "licence": "ODbL 1.0, (c) OpenStreetMap contributors",
    "retrieved": "2026-08-28",
    "km_downstream": 193.9,
    "km_from_channel": 1.88,
    "reach": "Open valley"
   }
  },
  {
   "type": "Feature",
   "geometry": {
    "type": "Point",
    "coordinates": [
     84.4292117,
     27.6854796
    ]
   },
   "properties": {
    "name": "Mary Healthcare Center cum Dental Home & Research Center",
    "name_local": "Mary Healthcare Center cum Dental Home & Research Center",
    "kind": "health",
    "what_it_is": "a hospital, clinic or health post within 3 km of the river",
    "exposed_not_damaged": "This is something the flood could reach, not something reported damaged. No located damage assessment had been published.",
    "osm_id": "way/327966961",
    "source": "OpenStreetMap via the Overpass API",
    "source_url": "https://www.openstreetmap.org/copyright",
    "licence": "ODbL 1.0, (c) OpenStreetMap contributors",
    "retrieved": "2026-08-28",
    "km_downstream": 193.9,
    "km_from_channel": 1.86,
    "reach": "Open valley"
   }
  },
  {
   "type": "Feature",
   "geometry": {
    "type": "Point",
    "coordinates": [
     84.4286532,
     27.6856228
    ]
   },
   "properties": {
    "name": "Alive Hospital & Trauma Center",
    "name_local": "Alive Hospital & Trauma Center",
    "kind": "health",
    "what_it_is": "a hospital, clinic or health post within 3 km of the river",
    "exposed_not_damaged": "This is something the flood could reach, not something reported damaged. No located damage assessment had been published.",
    "osm_id": "way/328109194",
    "source": "OpenStreetMap via the Overpass API",
    "source_url": "https://www.openstreetmap.org/copyright",
    "licence": "ODbL 1.0, (c) OpenStreetMap contributors",
    "retrieved": "2026-08-28",
    "km_downstream": 193.9,
    "km_from_channel": 1.82,
    "reach": "Open valley"
   }
  },
  {
   "type": "Feature",
   "geometry": {
    "type": "Point",
    "coordinates": [
     84.4283061,
     27.6859587
    ]
   },
   "properties": {
    "name": "Sahara Hospital & Physiotherapy Rehabilitation Center",
    "name_local": "Sahara Hospital & Physiotherapy Rehabilitation Center",
    "kind": "health",
    "what_it_is": "a hospital, clinic or health post within 3 km of the river",
    "exposed_not_damaged": "This is something the flood could reach, not something reported damaged. No located damage assessment had been published.",
    "osm_id": "way/328109196",
    "source": "OpenStreetMap via the Overpass API",
    "source_url": "https://www.openstreetmap.org/copyright",
    "licence": "ODbL 1.0, (c) OpenStreetMap contributors",
    "retrieved": "2026-08-28",
    "km_downstream": 193.9,
    "km_from_channel": 1.77,
    "reach": "Open valley"
   }
  },
  {
   "type": "Feature",
   "geometry": {
    "type": "Point",
    "coordinates": [
     84.4304523,
     27.681301
    ]
   },
   "properties": {
    "name": "Chitwan Hospital",
    "name_local": "Chitwan Hospital",
    "kind": "health",
    "what_it_is": "a hospital, clinic or health post within 3 km of the river",
    "exposed_not_damaged": "This is something the flood could reach, not something reported damaged. No located damage assessment had been published.",
    "osm_id": "way/330313218",
    "source": "OpenStreetMap via the Overpass API",
    "source_url": "https://www.openstreetmap.org/copyright",
    "licence": "ODbL 1.0, (c) OpenStreetMap contributors",
    "retrieved": "2026-08-28",
    "km_downstream": 193.9,
    "km_from_channel": 2.33,
    "reach": "Open valley"
   }
  },
  {
   "type": "Feature",
   "geometry": {
    "type": "Point",
    "coordinates": [
     84.4319732,
     27.679587
    ]
   },
   "properties": {
    "name": "unnamed",
    "name_local": "",
    "kind": "health",
    "what_it_is": "a hospital, clinic or health post within 3 km of the river",
    "exposed_not_damaged": "This is something the flood could reach, not something reported damaged. No located damage assessment had been published.",
    "osm_id": "way/330314049",
    "source": "OpenStreetMap via the Overpass API",
    "source_url": "https://www.openstreetmap.org/copyright",
    "licence": "ODbL 1.0, (c) OpenStreetMap contributors",
    "retrieved": "2026-08-28",
    "km_downstream": 193.9,
    "km_from_channel": 2.56,
    "reach": "Open valley"
   }
  },
  {
   "type": "Feature",
   "geometry": {
    "type": "Point",
    "coordinates": [
     84.4318689,
     27.6796228
    ]
   },
   "properties": {
    "name": "unnamed",
    "name_local": "",
    "kind": "health",
    "what_it_is": "a hospital, clinic or health post within 3 km of the river",
    "exposed_not_damaged": "This is something the flood could reach, not something reported damaged. No located damage assessment had been published.",
    "osm_id": "way/330314070",
    "source": "OpenStreetMap via the Overpass API",
    "source_url": "https://www.openstreetmap.org/copyright",
    "licence": "ODbL 1.0, (c) OpenStreetMap contributors",
    "retrieved": "2026-08-28",
    "km_downstream": 193.9,
    "km_from_channel": 2.56,
    "reach": "Open valley"
   }
  },
  {
   "type": "Feature",
   "geometry": {
    "type": "Point",
    "coordinates": [
     84.4198286,
     27.7045655
    ]
   },
   "properties": {
    "name": "unnamed",
    "name_local": "",
    "kind": "school",
    "what_it_is": "a school within 3 km of the river",
    "exposed_not_damaged": "This is something the flood could reach, not something reported damaged. No located damage assessment had been published.",
    "osm_id": "way/442983694",
    "source": "OpenStreetMap via the Overpass API",
    "source_url": "https://www.openstreetmap.org/copyright",
    "licence": "ODbL 1.0, (c) OpenStreetMap contributors",
    "retrieved": "2026-08-28",
    "km_downstream": 193.9,
    "km_from_channel": 0.47,
    "reach": "Open valley"
   }
  },
  {
   "type": "Feature",
   "geometry": {
    "type": "Point",
    "coordinates": [
     84.4303872,
     27.6865874
    ]
   },
   "properties": {
    "name": "Chitwan Higher Secondary School",
    "name_local": "Chitwan Higher Secondary School",
    "kind": "school",
    "what_it_is": "a school within 3 km of the river",
    "exposed_not_damaged": "This is something the flood could reach, not something reported damaged. No located damage assessment had been published.",
    "osm_id": "way/462469684",
    "source": "OpenStreetMap via the Overpass API",
    "source_url": "https://www.openstreetmap.org/copyright",
    "licence": "ODbL 1.0, (c) OpenStreetMap contributors",
    "retrieved": "2026-08-28",
    "km_downstream": 193.9,
    "km_from_channel": 1.81,
    "reach": "Open valley"
   }
  },
  {
   "type": "Feature",
   "geometry": {
    "type": "Point",
    "coordinates": [
     84.4306369,
     27.6798948
    ]
   },
   "properties": {
    "name": "Shaptagandaki Hospital",
    "name_local": "Shaptagandaki Hospital",
    "kind": "health",
    "what_it_is": "a hospital, clinic or health post within 3 km of the river",
    "exposed_not_damaged": "This is something the flood could reach, not something reported damaged. No located damage assessment had been published.",
    "osm_id": "way/797908415",
    "source": "OpenStreetMap via the Overpass API",
    "source_url": "https://www.openstreetmap.org/copyright",
    "licence": "ODbL 1.0, (c) OpenStreetMap contributors",
    "retrieved": "2026-08-28",
    "km_downstream": 193.9,
    "km_from_channel": 2.48,
    "reach": "Open valley"
   }
  },
  {
   "type": "Feature",
   "geometry": {
    "type": "Point",
    "coordinates": [
     84.4230193,
     27.6900646
    ]
   },
   "properties": {
    "name": "unnamed",
    "name_local": "",
    "kind": "school",
    "what_it_is": "a school within 3 km of the river",
    "exposed_not_damaged": "This is something the flood could reach, not something reported damaged. No located damage assessment had been published.",
    "osm_id": "node/2456731954",
    "source": "OpenStreetMap via the Overpass API",
    "source_url": "https://www.openstreetmap.org/copyright",
    "licence": "ODbL 1.0, (c) OpenStreetMap contributors",
    "retrieved": "2026-08-28",
    "km_downstream": 194.0,
    "km_from_channel": 1.16,
    "reach": "Open valley"
   }
  },
  {
   "type": "Feature",
   "geometry": {
    "type": "Point",
    "coordinates": [
     84.4227517,
     27.6783934
    ]
   },
   "properties": {
    "name": "shree navajyoti",
    "name_local": "shree navajyoti",
    "kind": "school",
    "what_it_is": "a school within 3 km of the river",
    "exposed_not_damaged": "This is something the flood could reach, not something reported damaged. No located damage assessment had been published.",
    "osm_id": "node/3392281795",
    "source": "OpenStreetMap via the Overpass API",
    "source_url": "https://www.openstreetmap.org/copyright",
    "licence": "ODbL 1.0, (c) OpenStreetMap contributors",
    "retrieved": "2026-08-28",
    "km_downstream": 194.0,
    "km_from_channel": 2.43,
    "reach": "Open valley"
   }
  },
  {
   "type": "Feature",
   "geometry": {
    "type": "Point",
    "coordinates": [
     84.4233302,
     27.6773686
    ]
   },
   "properties": {
    "name": "adarsha public school",
    "name_local": "adarsha public school",
    "kind": "school",
    "what_it_is": "a school within 3 km of the river",
    "exposed_not_damaged": "This is something the flood could reach, not something reported damaged. No located damage assessment had been published.",
    "osm_id": "node/3392281796",
    "source": "OpenStreetMap via the Overpass API",
    "source_url": "https://www.openstreetmap.org/copyright",
    "licence": "ODbL 1.0, (c) OpenStreetMap contributors",
    "retrieved": "2026-08-28",
    "km_downstream": 194.0,
    "km_from_channel": 2.55,
    "reach": "Open valley"
   }
  },
  {
   "type": "Feature",
   "geometry": {
    "type": "Point",
    "coordinates": [
     84.4210672,
     27.6881416
    ]
   },
   "properties": {
    "name": "Satyam Xavier English School",
    "name_local": "Satyam Xavier English School",
    "kind": "school",
    "what_it_is": "a school within 3 km of the river",
    "exposed_not_damaged": "This is something the flood could reach, not something reported damaged. No located damage assessment had been published.",
    "osm_id": "node/3393435024",
    "source": "OpenStreetMap via the Overpass API",
    "source_url": "https://www.openstreetmap.org/copyright",
    "licence": "ODbL 1.0, (c) OpenStreetMap contributors",
    "retrieved": "2026-08-28",
    "km_downstream": 194.0,
    "km_from_channel": 1.33,
    "reach": "Open valley"
   }
  },
  {
   "type": "Feature",
   "geometry": {
    "type": "Point",
    "coordinates": [
     84.4215229,
     27.6923859
    ]
   },
   "properties": {
    "name": "Agaaman Medicine Distributors Pvt.Ltd",
    "name_local": "Agaaman Medicine Distributors Pvt.Ltd",
    "kind": "health",
    "what_it_is": "a hospital, clinic or health post within 3 km of the river",
    "exposed_not_damaged": "This is something the flood could reach, not something reported damaged. No located damage assessment had been published.",
    "osm_id": "node/11993690999",
    "source": "OpenStreetMap via the Overpass API",
    "source_url": "https://www.openstreetmap.org/copyright",
    "licence": "ODbL 1.0, (c) OpenStreetMap contributors",
    "retrieved": "2026-08-28",
    "km_downstream": 194.0,
    "km_from_channel": 0.87,
    "reach": "Open valley"
   }
  },
  {
   "type": "Feature",
   "geometry": {
    "type": "Point",
    "coordinates": [
     84.4272735,
     27.6743878
    ]
   },
   "properties": {
    "name": "Om Shanti Acedamy",
    "name_local": "Sunrise English School",
    "kind": "school",
    "what_it_is": "a school within 3 km of the river",
    "exposed_not_damaged": "This is something the flood could reach, not something reported damaged. No located damage assessment had been published.",
    "osm_id": "way/185299232",
    "source": "OpenStreetMap via the Overpass API",
    "source_url": "https://www.openstreetmap.org/copyright",
    "licence": "ODbL 1.0, (c) OpenStreetMap contributors",
    "retrieved": "2026-08-28",
    "km_downstream": 194.0,
    "km_from_channel": 2.95,
    "reach": "Open valley"
   }
  },
  {
   "type": "Feature",
   "geometry": {
    "type": "Point",
    "coordinates": [
     84.4207933,
     27.6899103
    ]
   },
   "properties": {
    "name": "Siddhartha English Boarding School",
    "name_local": "Siddhartha English Boarding School",
    "kind": "school",
    "what_it_is": "a school within 3 km of the river",
    "exposed_not_damaged": "This is something the flood could reach, not something reported damaged. No located damage assessment had been published.",
    "osm_id": "way/466898319",
    "source": "OpenStreetMap via the Overpass API",
    "source_url": "https://www.openstreetmap.org/copyright",
    "licence": "ODbL 1.0, (c) OpenStreetMap contributors",
    "retrieved": "2026-08-28",
    "km_downstream": 194.0,
    "km_from_channel": 1.13,
    "reach": "Open valley"
   }
  },
  {
   "type": "Feature",
   "geometry": {
    "type": "Point",
    "coordinates": [
     84.4203205,
     27.6876146
    ]
   },
   "properties": {
    "name": "Central English Secondary Boarding School",
    "name_local": "Central English Secondary Boarding School",
    "kind": "school",
    "what_it_is": "a school within 3 km of the river",
    "exposed_not_damaged": "This is something the flood could reach, not something reported damaged. No located damage assessment had been published.",
    "osm_id": "node/3393435247",
    "source": "OpenStreetMap via the Overpass API",
    "source_url": "https://www.openstreetmap.org/copyright",
    "licence": "ODbL 1.0, (c) OpenStreetMap contributors",
    "retrieved": "2026-08-28",
    "km_downstream": 194.1,
    "km_from_channel": 1.38,
    "reach": "Open valley"
   }
  },
  {
   "type": "Feature",
   "geometry": {
    "type": "Point",
    "coordinates": [
     84.4157879,
     27.7013499
    ]
   },
   "properties": {
    "name": "Contential EnglishBoarding School",
    "name_local": "Contential EnglishBoarding School",
    "kind": "school",
    "what_it_is": "a school within 3 km of the river",
    "exposed_not_damaged": "This is something the flood could reach, not something reported damaged. No located damage assessment had been published.",
    "osm_id": "node/4015032872",
    "source": "OpenStreetMap via the Overpass API",
    "source_url": "https://www.openstreetmap.org/copyright",
    "licence": "ODbL 1.0, (c) OpenStreetMap contributors",
    "retrieved": "2026-08-28",
    "km_downstream": 194.3,
    "km_from_channel": 0.21,
    "reach": "Open valley"
   }
  },
  {
   "type": "Feature",
   "geometry": {
    "type": "Point",
    "coordinates": [
     84.4139255,
     27.7048844
    ]
   },
   "properties": {
    "name": "Dhurba Clinic",
    "name_local": "Dhurba Clinic",
    "kind": "health",
    "what_it_is": "a hospital, clinic or health post within 3 km of the river",
    "exposed_not_damaged": "This is something the flood could reach, not something reported damaged. No located damage assessment had been published.",
    "osm_id": "node/4269241341",
    "source": "OpenStreetMap via the Overpass API",
    "source_url": "https://www.openstreetmap.org/copyright",
    "licence": "ODbL 1.0, (c) OpenStreetMap contributors",
    "retrieved": "2026-08-28",
    "km_downstream": 194.3,
    "km_from_channel": 0.64,
    "reach": "Open valley"
   }
  },
  {
   "type": "Feature",
   "geometry": {
    "type": "Point",
    "coordinates": [
     84.4140945,
     27.7048891
    ]
   },
   "properties": {
    "name": "Evergreen School",
    "name_local": "Evergreen School",
    "kind": "school",
    "what_it_is": "a school within 3 km of the river",
    "exposed_not_damaged": "This is something the flood could reach, not something reported damaged. No located damage assessment had been published.",
    "osm_id": "node/4269241343",
    "source": "OpenStreetMap via the Overpass API",
    "source_url": "https://www.openstreetmap.org/copyright",
    "licence": "ODbL 1.0, (c) OpenStreetMap contributors",
    "retrieved": "2026-08-28",
    "km_downstream": 194.3,
    "km_from_channel": 0.64,
    "reach": "Open valley"
   }
  },
  {
   "type": "Feature",
   "geometry": {
    "type": "Point",
    "coordinates": [
     84.4119683,
     27.7070491
    ]
   },
   "properties": {
    "name": "Bal Bikash English Boarding School",
    "name_local": "Bal Bikash English Boarding School",
    "kind": "school",
    "what_it_is": "a school within 3 km of the river",
    "exposed_not_damaged": "This is something the flood could reach, not something reported damaged. No located damage assessment had been published.",
    "osm_id": "way/399037901",
    "source": "OpenStreetMap via the Overpass API",
    "source_url": "https://www.openstreetmap.org/copyright",
    "licence": "ODbL 1.0, (c) OpenStreetMap contributors",
    "retrieved": "2026-08-28",
    "km_downstream": 194.3,
    "km_from_channel": 0.94,
    "reach": "Open valley"
   }
  },
  {
   "type": "Feature",
   "geometry": {
    "type": "Point",
    "coordinates": [
     84.422006,
     27.6748174
    ]
   },
   "properties": {
    "name": "valmiki shiksha sadan",
    "name_local": "valmiki shiksha sadan",
    "kind": "school",
    "what_it_is": "a school within 3 km of the river",
    "exposed_not_damaged": "This is something the flood could reach, not something reported damaged. No located damage assessment had been published.",
    "osm_id": "node/3392281223",
    "source": "OpenStreetMap via the Overpass API",
    "source_url": "https://www.openstreetmap.org/copyright",
    "licence": "ODbL 1.0, (c) OpenStreetMap contributors",
    "retrieved": "2026-08-28",
    "km_downstream": 194.7,
    "km_from_channel": 2.77,
    "reach": "Open valley"
   }
  },
  {
   "type": "Feature",
   "geometry": {
    "type": "Point",
    "coordinates": [
     84.4227,
     27.6769413
    ]
   },
   "properties": {
    "name": "holidays creation",
    "name_local": "holidays creation",
    "kind": "school",
    "what_it_is": "a school within 3 km of the river",
    "exposed_not_damaged": "This is something the flood could reach, not something reported damaged. No located damage assessment had been published.",
    "osm_id": "node/3392281797",
    "source": "OpenStreetMap via the Overpass API",
    "source_url": "https://www.openstreetmap.org/copyright",
    "licence": "ODbL 1.0, (c) OpenStreetMap contributors",
    "retrieved": "2026-08-28",
    "km_downstream": 194.7,
    "km_from_channel": 2.58,
    "reach": "Open valley"
   }
  },
  {
   "type": "Feature",
   "geometry": {
    "type": "Point",
    "coordinates": [
     84.4231436,
     27.6749441
    ]
   },
   "properties": {
    "name": "Valmiki H.S. School",
    "name_local": "Valmiki H.S. School",
    "kind": "school",
    "what_it_is": "a school within 3 km of the river",
    "exposed_not_damaged": "This is something the flood could reach, not something reported damaged. No located damage assessment had been published.",
    "osm_id": "node/3505432875",
    "source": "OpenStreetMap via the Overpass API",
    "source_url": "https://www.openstreetmap.org/copyright",
    "licence": "ODbL 1.0, (c) OpenStreetMap contributors",
    "retrieved": "2026-08-28",
    "km_downstream": 194.7,
    "km_from_channel": 2.8,
    "reach": "Open valley"
   }
  },
  {
   "type": "Feature",
   "geometry": {
    "type": "Point",
    "coordinates": [
     84.4228264,
     27.6746317
    ]
   },
   "properties": {
    "name": "Valmiki School Ground",
    "name_local": "Valmiki School Ground",
    "kind": "school",
    "what_it_is": "a school within 3 km of the river",
    "exposed_not_damaged": "This is something the flood could reach, not something reported damaged. No located damage assessment had been published.",
    "osm_id": "way/704226762",
    "source": "OpenStreetMap via the Overpass API",
    "source_url": "https://www.openstreetmap.org/copyright",
    "licence": "ODbL 1.0, (c) OpenStreetMap contributors",
    "retrieved": "2026-08-28",
    "km_downstream": 194.7,
    "km_from_channel": 2.82,
    "reach": "Open valley"
   }
  },
  {
   "type": "Feature",
   "geometry": {
    "type": "Point",
    "coordinates": [
     84.4144269,
     27.6858728
    ]
   },
   "properties": {
    "name": "Chameli Devi Ma Vi",
    "name_local": "Chameli Devi Ma Vi",
    "kind": "school",
    "what_it_is": "a school within 3 km of the river",
    "exposed_not_damaged": "This is something the flood could reach, not something reported damaged. No located damage assessment had been published.",
    "osm_id": "node/2254465139",
    "source": "OpenStreetMap via the Overpass API",
    "source_url": "https://www.openstreetmap.org/copyright",
    "licence": "ODbL 1.0, (c) OpenStreetMap contributors",
    "retrieved": "2026-08-28",
    "km_downstream": 195.1,
    "km_from_channel": 1.37,
    "reach": "Open valley"
   }
  },
  {
   "type": "Feature",
   "geometry": {
    "type": "Point",
    "coordinates": [
     84.4067793,
     27.7072772
    ]
   },
   "properties": {
    "name": "Namuna higher scondary primary block",
    "name_local": "",
    "kind": "school",
    "what_it_is": "a school within 3 km of the river",
    "exposed_not_damaged": "This is something the flood could reach, not something reported damaged. No located damage assessment had been published.",
    "osm_id": "node/4514532391",
    "source": "OpenStreetMap via the Overpass API",
    "source_url": "https://www.openstreetmap.org/copyright",
    "licence": "ODbL 1.0, (c) OpenStreetMap contributors",
    "retrieved": "2026-08-28",
    "km_downstream": 195.1,
    "km_from_channel": 1.14,
    "reach": "Open valley"
   }
  },
  {
   "type": "Feature",
   "geometry": {
    "type": "Point",
    "coordinates": [
     84.4071356,
     27.7007757
    ]
   },
   "properties": {
    "name": "kalika medical & Technical Institute",
    "name_local": "",
    "kind": "school",
    "what_it_is": "a school within 3 km of the river",
    "exposed_not_damaged": "This is something the flood could reach, not something reported damaged. No located damage assessment had been published.",
    "osm_id": "node/4553859791",
    "source": "OpenStreetMap via the Overpass API",
    "source_url": "https://www.openstreetmap.org/copyright",
    "licence": "ODbL 1.0, (c) OpenStreetMap contributors",
    "retrieved": "2026-08-28",
    "km_downstream": 195.1,
    "km_from_channel": 0.43,
    "reach": "Open valley"
   }
  },
  {
   "type": "Feature",
   "geometry": {
    "type": "Point",
    "coordinates": [
     84.4067979,
     27.7072463
    ]
   },
   "properties": {
    "name": "unnamed",
    "name_local": "",
    "kind": "school",
    "what_it_is": "a school within 3 km of the river",
    "exposed_not_damaged": "This is something the flood could reach, not something reported damaged. No located damage assessment had been published.",
    "osm_id": "way/884098789",
    "source": "OpenStreetMap via the Overpass API",
    "source_url": "https://www.openstreetmap.org/copyright",
    "licence": "ODbL 1.0, (c) OpenStreetMap contributors",
    "retrieved": "2026-08-28",
    "km_downstream": 195.1,
    "km_from_channel": 1.14,
    "reach": "Open valley"
   }
  },
  {
   "type": "Feature",
   "geometry": {
    "type": "Point",
    "coordinates": [
     84.4096154,
     27.6902999
    ]
   },
   "properties": {
    "name": "Balkumari Maternity Hospital",
    "name_local": "Balkumari Maternity Hospital",
    "kind": "health",
    "what_it_is": "a hospital, clinic or health post within 3 km of the river",
    "exposed_not_damaged": "This is something the flood could reach, not something reported damaged. No located damage assessment had been published.",
    "osm_id": "node/1979213270",
    "source": "OpenStreetMap via the Overpass API",
    "source_url": "https://www.openstreetmap.org/copyright",
    "licence": "ODbL 1.0, (c) OpenStreetMap contributors",
    "retrieved": "2026-08-28",
    "km_downstream": 195.5,
    "km_from_channel": 0.71,
    "reach": "Open valley"
   }
  },
  {
   "type": "Feature",
   "geometry": {
    "type": "Point",
    "coordinates": [
     84.4130218,
     27.6862315
    ]
   },
   "properties": {
    "name": "Little Flower School",
    "name_local": "Little Flower School",
    "kind": "school",
    "what_it_is": "a school within 3 km of the river",
    "exposed_not_damaged": "This is something the flood could reach, not something reported damaged. No located damage assessment had been published.",
    "osm_id": "node/2254465148",
    "source": "OpenStreetMap via the Overpass API",
    "source_url": "https://www.openstreetmap.org/copyright",
    "licence": "ODbL 1.0, (c) OpenStreetMap contributors",
    "retrieved": "2026-08-28",
    "km_downstream": 195.5,
    "km_from_channel": 1.27,
    "reach": "Open valley"
   }
  },
  {
   "type": "Feature",
   "geometry": {
    "type": "Point",
    "coordinates": [
     84.4004297,
     27.7011657
    ]
   },
   "properties": {
    "name": "Shining English Secondary School",
    "name_local": "Shining English Secondary School",
    "kind": "school",
    "what_it_is": "a school within 3 km of the river",
    "exposed_not_damaged": "This is something the flood could reach, not something reported damaged. No located damage assessment had been published.",
    "osm_id": "node/10267078326",
    "source": "OpenStreetMap via the Overpass API",
    "source_url": "https://www.openstreetmap.org/copyright",
    "licence": "ODbL 1.0, (c) OpenStreetMap contributors",
    "retrieved": "2026-08-28",
    "km_downstream": 195.5,
    "km_from_channel": 0.8,
    "reach": "Open valley"
   }
  },
  {
   "type": "Feature",
   "geometry": {
    "type": "Point",
    "coordinates": [
     84.399955,
     27.7008515
    ]
   },
   "properties": {
    "name": "unnamed",
    "name_local": "",
    "kind": "school",
    "what_it_is": "a school within 3 km of the river",
    "exposed_not_damaged": "This is something the flood could reach, not something reported damaged. No located damage assessment had been published.",
    "osm_id": "node/10286063536",
    "source": "OpenStreetMap via the Overpass API",
    "source_url": "https://www.openstreetmap.org/copyright",
    "licence": "ODbL 1.0, (c) OpenStreetMap contributors",
    "retrieved": "2026-08-28",
    "km_downstream": 195.5,
    "km_from_channel": 0.8,
    "reach": "Open valley"
   }
  },
  {
   "type": "Feature",
   "geometry": {
    "type": "Point",
    "coordinates": [
     84.4029137,
     27.6998906
    ]
   },
   "properties": {
    "name": "सरस्वती आधारभुत विद्यालय",
    "name_local": "सरस्वती आधारभुत विद्यालय",
    "kind": "school",
    "what_it_is": "a school within 3 km of the river",
    "exposed_not_damaged": "This is something the flood could reach, not something reported damaged. No located damage assessment had been published.",
    "osm_id": "node/10302316303",
    "source": "OpenStreetMap via the Overpass API",
    "source_url": "https://www.openstreetmap.org/copyright",
    "licence": "ODbL 1.0, (c) OpenStreetMap contributors",
    "retrieved": "2026-08-28",
    "km_downstream": 195.5,
    "km_from_channel": 0.55,
    "reach": "Open valley"
   }
  },
  {
   "type": "Feature",
   "geometry": {
    "type": "Point",
    "coordinates": [
     84.4003169,
     27.7010643
    ]
   },
   "properties": {
    "name": "Shining English Secondary Boarding School",
    "name_local": "Shining English Secondary Boarding School",
    "kind": "school",
    "what_it_is": "a school within 3 km of the river",
    "exposed_not_damaged": "This is something the flood could reach, not something reported damaged. No located damage assessment had been published.",
    "osm_id": "node/11390071024",
    "source": "OpenStreetMap via the Overpass API",
    "source_url": "https://www.openstreetmap.org/copyright",
    "licence": "ODbL 1.0, (c) OpenStreetMap contributors",
    "retrieved": "2026-08-28",
    "km_downstream": 195.5,
    "km_from_channel": 0.8,
    "reach": "Open valley"
   }
  },
  {
   "type": "Feature",
   "geometry": {
    "type": "Point",
    "coordinates": [
     84.4128502,
     27.6861777
    ]
   },
   "properties": {
    "name": "Little Flower School",
    "name_local": "Little Flower School",
    "kind": "school",
    "what_it_is": "a school within 3 km of the river",
    "exposed_not_damaged": "This is something the flood could reach, not something reported damaged. No located damage assessment had been published.",
    "osm_id": "way/810843461",
    "source": "OpenStreetMap via the Overpass API",
    "source_url": "https://www.openstreetmap.org/copyright",
    "licence": "ODbL 1.0, (c) OpenStreetMap contributors",
    "retrieved": "2026-08-28",
    "km_downstream": 195.5,
    "km_from_channel": 1.27,
    "reach": "Open valley"
   }
  },
  {
   "type": "Feature",
   "geometry": {
    "type": "Point",
    "coordinates": [
     84.4140065,
     27.6809967
    ]
   },
   "properties": {
    "name": "school of science",
    "name_local": "school of science",
    "kind": "health",
    "what_it_is": "a hospital, clinic or health post within 3 km of the river",
    "exposed_not_damaged": "This is something the flood could reach, not something reported damaged. No located damage assessment had been published.",
    "osm_id": "node/2282788885",
    "source": "OpenStreetMap via the Overpass API",
    "source_url": "https://www.openstreetmap.org/copyright",
    "licence": "ODbL 1.0, (c) OpenStreetMap contributors",
    "retrieved": "2026-08-28",
    "km_downstream": 195.8,
    "km_from_channel": 1.8,
    "reach": "Open valley"
   }
  },
  {
   "type": "Feature",
   "geometry": {
    "type": "Point",
    "coordinates": [
     84.4112652,
     27.6846954
    ]
   },
   "properties": {
    "name": "Little Flower School, Narayangarh",
    "name_local": "Little Flower School, Narayangarh",
    "kind": "school",
    "what_it_is": "a school within 3 km of the river",
    "exposed_not_damaged": "This is something the flood could reach, not something reported damaged. No located damage assessment had been published.",
    "osm_id": "way/328728624",
    "source": "OpenStreetMap via the Overpass API",
    "source_url": "https://www.openstreetmap.org/copyright",
    "licence": "ODbL 1.0, (c) OpenStreetMap contributors",
    "retrieved": "2026-08-28",
    "km_downstream": 195.8,
    "km_from_channel": 1.32,
    "reach": "Open valley"
   }
  },
  {
   "type": "Feature",
   "geometry": {
    "type": "Point",
    "coordinates": [
     84.4160821,
     27.6739305
    ]
   },
   "properties": {
    "name": "Shree Laxmi Secondary School",
    "name_local": "Shree Laxmi Secondary School",
    "kind": "school",
    "what_it_is": "a school within 3 km of the river",
    "exposed_not_damaged": "This is something the flood could reach, not something reported damaged. No located damage assessment had been published.",
    "osm_id": "way/773116519",
    "source": "OpenStreetMap via the Overpass API",
    "source_url": "https://www.openstreetmap.org/copyright",
    "licence": "ODbL 1.0, (c) OpenStreetMap contributors",
    "retrieved": "2026-08-28",
    "km_downstream": 196.0,
    "km_from_channel": 2.57,
    "reach": "Open valley"
   }
  },
  {
   "type": "Feature",
   "geometry": {
    "type": "Point",
    "coordinates": [
     84.4023576,
     27.6810043
    ]
   },
   "properties": {
    "name": "Glorious Academy",
    "name_local": "Glorious Academy",
    "kind": "school",
    "what_it_is": "a school within 3 km of the river",
    "exposed_not_damaged": "This is something the flood could reach, not something reported damaged. No located damage assessment had been published.",
    "osm_id": "node/8730077311",
    "source": "OpenStreetMap via the Overpass API",
    "source_url": "https://www.openstreetmap.org/copyright",
    "licence": "ODbL 1.0, (c) OpenStreetMap contributors",
    "retrieved": "2026-08-28",
    "km_downstream": 196.6,
    "km_from_channel": 1.19,
    "reach": "Open valley"
   }
  },
  {
   "type": "Feature",
   "geometry": {
    "type": "Point",
    "coordinates": [
     84.3990326,
     27.6815401
    ]
   },
   "properties": {
    "name": "Shree Secondary School Lanku",
    "name_local": "Shree Secondary School Lanku",
    "kind": "school",
    "what_it_is": "a school within 3 km of the river",
    "exposed_not_damaged": "This is something the flood could reach, not something reported damaged. No located damage assessment had been published.",
    "osm_id": "node/11977730360",
    "source": "OpenStreetMap via the Overpass API",
    "source_url": "https://www.openstreetmap.org/copyright",
    "licence": "ODbL 1.0, (c) OpenStreetMap contributors",
    "retrieved": "2026-08-28",
    "km_downstream": 197.0,
    "km_from_channel": 0.95,
    "reach": "Open valley"
   }
  },
  {
   "type": "Feature",
   "geometry": {
    "type": "Point",
    "coordinates": [
     84.4040436,
     27.6706313
    ]
   },
   "properties": {
    "name": "VIDDYA BIKASH ENGLISH SECONDARY SCHOOL",
    "name_local": "VIDDYA BIKASH ENGLISH SECONDARY SCHOOL",
    "kind": "school",
    "what_it_is": "a school within 3 km of the river",
    "exposed_not_damaged": "This is something the flood could reach, not something reported damaged. No located damage assessment had been published.",
    "osm_id": "way/816433192",
    "source": "OpenStreetMap via the Overpass API",
    "source_url": "https://www.openstreetmap.org/copyright",
    "licence": "ODbL 1.0, (c) OpenStreetMap contributors",
    "retrieved": "2026-08-28",
    "km_downstream": 197.2,
    "km_from_channel": 2.21,
    "reach": "Open valley"
   }
  },
  {
   "type": "Feature",
   "geometry": {
    "type": "Point",
    "coordinates": [
     84.3906064,
     27.6774986
    ]
   },
   "properties": {
    "name": "RamMandir Basic Health Service Center",
    "name_local": "RamMandir Basic Health Service Center",
    "kind": "health",
    "what_it_is": "a hospital, clinic or health post within 3 km of the river",
    "exposed_not_damaged": "This is something the flood could reach, not something reported damaged. No located damage assessment had been published.",
    "osm_id": "node/11977575434",
    "source": "OpenStreetMap via the Overpass API",
    "source_url": "https://www.openstreetmap.org/copyright",
    "licence": "ODbL 1.0, (c) OpenStreetMap contributors",
    "retrieved": "2026-08-28",
    "km_downstream": 197.7,
    "km_from_channel": 0.9,
    "reach": "Open valley"
   }
  },
  {
   "type": "Feature",
   "geometry": {
    "type": "Point",
    "coordinates": [
     84.3770724,
     27.6774204
    ]
   },
   "properties": {
    "name": "Shivaghat Ayurved Hospital",
    "name_local": "Shivaghat Ayurved Hospital",
    "kind": "health",
    "what_it_is": "a hospital, clinic or health post within 3 km of the river",
    "exposed_not_damaged": "This is something the flood could reach, not something reported damaged. No located damage assessment had been published.",
    "osm_id": "node/6097229467",
    "source": "OpenStreetMap via the Overpass API",
    "source_url": "https://www.openstreetmap.org/copyright",
    "licence": "ODbL 1.0, (c) OpenStreetMap contributors",
    "retrieved": "2026-08-28",
    "km_downstream": 198.9,
    "km_from_channel": 0.57,
    "reach": "Open valley"
   }
  },
  {
   "type": "Feature",
   "geometry": {
    "type": "Point",
    "coordinates": [
     84.3799896,
     27.6607604
    ]
   },
   "properties": {
    "name": "Small Heaven School, Kalyanpur",
    "name_local": "Small Heaven School, Kalyanpur",
    "kind": "school",
    "what_it_is": "a school within 3 km of the river",
    "exposed_not_damaged": "This is something the flood could reach, not something reported damaged. No located damage assessment had been published.",
    "osm_id": "way/344112610",
    "source": "OpenStreetMap via the Overpass API",
    "source_url": "https://www.openstreetmap.org/copyright",
    "licence": "ODbL 1.0, (c) OpenStreetMap contributors",
    "retrieved": "2026-08-28",
    "km_downstream": 198.9,
    "km_from_channel": 2.44,
    "reach": "Open valley"
   }
  },
  {
   "type": "Feature",
   "geometry": {
    "type": "Point",
    "coordinates": [
     84.3731905,
     27.6715009
    ]
   },
   "properties": {
    "name": "Mohanpur lower secondary school",
    "name_local": "",
    "kind": "school",
    "what_it_is": "a school within 3 km of the river",
    "exposed_not_damaged": "This is something the flood could reach, not something reported damaged. No located damage assessment had been published.",
    "osm_id": "node/4945563224",
    "source": "OpenStreetMap via the Overpass API",
    "source_url": "https://www.openstreetmap.org/copyright",
    "licence": "ODbL 1.0, (c) OpenStreetMap contributors",
    "retrieved": "2026-08-28",
    "km_downstream": 199.0,
    "km_from_channel": 1.18,
    "reach": "Open valley"
   }
  },
  {
   "type": "Feature",
   "geometry": {
    "type": "Point",
    "coordinates": [
     84.3781995,
     27.6628006
    ]
   },
   "properties": {
    "name": "Bishow Prakash Higher Secondary School",
    "name_local": "Bishow Prakash Higher Secondary School",
    "kind": "school",
    "what_it_is": "a school within 3 km of the river",
    "exposed_not_damaged": "This is something the flood could reach, not something reported damaged. No located damage assessment had been published.",
    "osm_id": "way/329143803",
    "source": "OpenStreetMap via the Overpass API",
    "source_url": "https://www.openstreetmap.org/copyright",
    "licence": "ODbL 1.0, (c) OpenStreetMap contributors",
    "retrieved": "2026-08-28",
    "km_downstream": 199.0,
    "km_from_channel": 2.18,
    "reach": "Open valley"
   }
  },
  {
   "type": "Feature",
   "geometry": {
    "type": "Point",
    "coordinates": [
     84.366695,
     27.6619582
    ]
   },
   "properties": {
    "name": "Mangalpur lower secondary school",
    "name_local": "",
    "kind": "school",
    "what_it_is": "a school within 3 km of the river",
    "exposed_not_damaged": "This is something the flood could reach, not something reported damaged. No located damage assessment had been published.",
    "osm_id": "node/4823030121",
    "source": "OpenStreetMap via the Overpass API",
    "source_url": "https://www.openstreetmap.org/copyright",
    "licence": "ODbL 1.0, (c) OpenStreetMap contributors",
    "retrieved": "2026-08-28",
    "km_downstream": 199.1,
    "km_from_channel": 2.33,
    "reach": "Open valley"
   }
  },
  {
   "type": "Feature",
   "geometry": {
    "type": "Point",
    "coordinates": [
     84.3641336,
     27.6723169
    ]
   },
   "properties": {
    "name": "Ward Health post",
    "name_local": "",
    "kind": "health",
    "what_it_is": "a hospital, clinic or health post within 3 km of the river",
    "exposed_not_damaged": "This is something the flood could reach, not something reported damaged. No located damage assessment had been published.",
    "osm_id": "node/5614324622",
    "source": "OpenStreetMap via the Overpass API",
    "source_url": "https://www.openstreetmap.org/copyright",
    "licence": "ODbL 1.0, (c) OpenStreetMap contributors",
    "retrieved": "2026-08-28",
    "km_downstream": 199.2,
    "km_from_channel": 1.39,
    "reach": "Open valley"
   }
  },
  {
   "type": "Feature",
   "geometry": {
    "type": "Point",
    "coordinates": [
     84.3636252,
     27.6718739
    ]
   },
   "properties": {
    "name": "Animal Check-up Centre",
    "name_local": "",
    "kind": "health",
    "what_it_is": "a hospital, clinic or health post within 3 km of the river",
    "exposed_not_damaged": "This is something the flood could reach, not something reported damaged. No located damage assessment had been published.",
    "osm_id": "node/5614331821",
    "source": "OpenStreetMap via the Overpass API",
    "source_url": "https://www.openstreetmap.org/copyright",
    "licence": "ODbL 1.0, (c) OpenStreetMap contributors",
    "retrieved": "2026-08-28",
    "km_downstream": 199.2,
    "km_from_channel": 1.46,
    "reach": "Open valley"
   }
  },
  {
   "type": "Feature",
   "geometry": {
    "type": "Point",
    "coordinates": [
     84.3521352,
     27.6852385
    ]
   },
   "properties": {
    "name": "unnamed",
    "name_local": "",
    "kind": "school",
    "what_it_is": "a school within 3 km of the river",
    "exposed_not_damaged": "This is something the flood could reach, not something reported damaged. No located damage assessment had been published.",
    "osm_id": "node/3499787485",
    "source": "OpenStreetMap via the Overpass API",
    "source_url": "https://www.openstreetmap.org/copyright",
    "licence": "ODbL 1.0, (c) OpenStreetMap contributors",
    "retrieved": "2026-08-28",
    "km_downstream": 200.5,
    "km_from_channel": 1.32,
    "reach": "Open valley"
   }
  },
  {
   "type": "Feature",
   "geometry": {
    "type": "Point",
    "coordinates": [
     84.3776101,
     27.7034681
    ]
   },
   "properties": {
    "name": "Rehabilition Center",
    "name_local": "Rehabilition Center",
    "kind": "health",
    "what_it_is": "a hospital, clinic or health post within 3 km of the river",
    "exposed_not_damaged": "This is something the flood could reach, not something reported damaged. No located damage assessment had been published.",
    "osm_id": "node/12721221637",
    "source": "OpenStreetMap via the Overpass API",
    "source_url": "https://www.openstreetmap.org/copyright",
    "licence": "ODbL 1.0, (c) OpenStreetMap contributors",
    "retrieved": "2026-08-28",
    "km_downstream": 200.8,
    "km_from_channel": 1.85,
    "reach": "Open valley"
   }
  },
  {
   "type": "Feature",
   "geometry": {
    "type": "Point",
    "coordinates": [
     84.3755745,
     27.7029847
    ]
   },
   "properties": {
    "name": "Trinity School ground",
    "name_local": "Trinity School ground",
    "kind": "school",
    "what_it_is": "a school within 3 km of the river",
    "exposed_not_damaged": "This is something the flood could reach, not something reported damaged. No located damage assessment had been published.",
    "osm_id": "way/1373996641",
    "source": "OpenStreetMap via the Overpass API",
    "source_url": "https://www.openstreetmap.org/copyright",
    "licence": "ODbL 1.0, (c) OpenStreetMap contributors",
    "retrieved": "2026-08-28",
    "km_downstream": 200.8,
    "km_from_channel": 1.66,
    "reach": "Open valley"
   }
  },
  {
   "type": "Feature",
   "geometry": {
    "type": "Point",
    "coordinates": [
     84.3153555,
     27.6956365
    ]
   },
   "properties": {
    "name": "Shree Durga Ni Ma Vi",
    "name_local": "Shree Durga Ni Ma Vi",
    "kind": "school",
    "what_it_is": "a school within 3 km of the river",
    "exposed_not_damaged": "This is something the flood could reach, not something reported damaged. No located damage assessment had been published.",
    "osm_id": "node/3453010139",
    "source": "OpenStreetMap via the Overpass API",
    "source_url": "https://www.openstreetmap.org/copyright",
    "licence": "ODbL 1.0, (c) OpenStreetMap contributors",
    "retrieved": "2026-08-28",
    "km_downstream": 205.3,
    "km_from_channel": 1.02,
    "reach": "Open valley"
   }
  },
  {
   "type": "Feature",
   "geometry": {
    "type": "Point",
    "coordinates": [
     84.3039308,
     27.6938441
    ]
   },
   "properties": {
    "name": "Kumariwati Basic School",
    "name_local": "Kumariwati Basic School",
    "kind": "school",
    "what_it_is": "a school within 3 km of the river",
    "exposed_not_damaged": "This is something the flood could reach, not something reported damaged. No located damage assessment had been published.",
    "osm_id": "node/11991241012",
    "source": "OpenStreetMap via the Overpass API",
    "source_url": "https://www.openstreetmap.org/copyright",
    "licence": "ODbL 1.0, (c) OpenStreetMap contributors",
    "retrieved": "2026-08-28",
    "km_downstream": 206.0,
    "km_from_channel": 1.85,
    "reach": "Open valley"
   }
  },
  {
   "type": "Feature",
   "geometry": {
    "type": "Point",
    "coordinates": [
     84.3071106,
     27.6923847
    ]
   },
   "properties": {
    "name": "Kidszone Academy",
    "name_local": "Kidszone Academy",
    "kind": "school",
    "what_it_is": "a school within 3 km of the river",
    "exposed_not_damaged": "This is something the flood could reach, not something reported damaged. No located damage assessment had been published.",
    "osm_id": "node/11991274037",
    "source": "OpenStreetMap via the Overpass API",
    "source_url": "https://www.openstreetmap.org/copyright",
    "licence": "ODbL 1.0, (c) OpenStreetMap contributors",
    "retrieved": "2026-08-28",
    "km_downstream": 206.0,
    "km_from_channel": 1.5,
    "reach": "Open valley"
   }
  },
  {
   "type": "Feature",
   "geometry": {
    "type": "Point",
    "coordinates": [
     84.3054315,
     27.6916532
    ]
   },
   "properties": {
    "name": "Gaidakot Community hospital",
    "name_local": "Gaidakot Community hospital",
    "kind": "health",
    "what_it_is": "a hospital, clinic or health post within 3 km of the river",
    "exposed_not_damaged": "This is something the flood could reach, not something reported damaged. No located damage assessment had been published.",
    "osm_id": "node/11991285795",
    "source": "OpenStreetMap via the Overpass API",
    "source_url": "https://www.openstreetmap.org/copyright",
    "licence": "ODbL 1.0, (c) OpenStreetMap contributors",
    "retrieved": "2026-08-28",
    "km_downstream": 206.0,
    "km_from_channel": 1.6,
    "reach": "Open valley"
   }
  },
  {
   "type": "Feature",
   "geometry": {
    "type": "Point",
    "coordinates": [
     84.3098894,
     27.6927434
    ]
   },
   "properties": {
    "name": "Ratna Rajya Laxmi School",
    "name_local": "Ratna Rajya Laxmi School",
    "kind": "school",
    "what_it_is": "a school within 3 km of the river",
    "exposed_not_damaged": "This is something the flood could reach, not something reported damaged. No located damage assessment had been published.",
    "osm_id": "node/11991302338",
    "source": "OpenStreetMap via the Overpass API",
    "source_url": "https://www.openstreetmap.org/copyright",
    "licence": "ODbL 1.0, (c) OpenStreetMap contributors",
    "retrieved": "2026-08-28",
    "km_downstream": 206.0,
    "km_from_channel": 1.3,
    "reach": "Open valley"
   }
  },
  {
   "type": "Feature",
   "geometry": {
    "type": "Point",
    "coordinates": [
     84.3444431,
     27.6715859
    ]
   },
   "properties": {
    "name": "Chitwan Sikshya Sadan English Boarding School",
    "name_local": "Chitwan Sikshya Sadan English Boarding School",
    "kind": "school",
    "what_it_is": "a school within 3 km of the river",
    "exposed_not_damaged": "This is something the flood could reach, not something reported damaged. No located damage assessment had been published.",
    "osm_id": "node/4231179390",
    "source": "OpenStreetMap via the Overpass API",
    "source_url": "https://www.openstreetmap.org/copyright",
    "licence": "ODbL 1.0, (c) OpenStreetMap contributors",
    "retrieved": "2026-08-28",
    "km_downstream": 206.7,
    "km_from_channel": 2.53,
    "reach": "Open valley"
   }
  },
  {
   "type": "Feature",
   "geometry": {
    "type": "Point",
    "coordinates": [
     84.3311899,
     27.6663145
    ]
   },
   "properties": {
    "name": "Shri Durga S. A. Higher Secondary School",
    "name_local": "Shri Durga S. A. Higher Secondary School",
    "kind": "school",
    "what_it_is": "a school within 3 km of the river",
    "exposed_not_damaged": "This is something the flood could reach, not something reported damaged. No located damage assessment had been published.",
    "osm_id": "node/4219907190",
    "source": "OpenStreetMap via the Overpass API",
    "source_url": "https://www.openstreetmap.org/copyright",
    "licence": "ODbL 1.0, (c) OpenStreetMap contributors",
    "retrieved": "2026-08-28",
    "km_downstream": 206.9,
    "km_from_channel": 1.75,
    "reach": "Open valley"
   }
  },
  {
   "type": "Feature",
   "geometry": {
    "type": "Point",
    "coordinates": [
     84.3274735,
     27.6671608
    ]
   },
   "properties": {
    "name": "Vijaya Co-operative English School",
    "name_local": "Vijaya Co-operative English School",
    "kind": "school",
    "what_it_is": "a school within 3 km of the river",
    "exposed_not_damaged": "This is something the flood could reach, not something reported damaged. No located damage assessment had been published.",
    "osm_id": "node/4219913089",
    "source": "OpenStreetMap via the Overpass API",
    "source_url": "https://www.openstreetmap.org/copyright",
    "licence": "ODbL 1.0, (c) OpenStreetMap contributors",
    "retrieved": "2026-08-28",
    "km_downstream": 206.9,
    "km_from_channel": 1.44,
    "reach": "Open valley"
   }
  },
  {
   "type": "Feature",
   "geometry": {
    "type": "Point",
    "coordinates": [
     84.3300234,
     27.6671857
    ]
   },
   "properties": {
    "name": "Dawadi Clinic",
    "name_local": "Dawadi Clinic",
    "kind": "health",
    "what_it_is": "a hospital, clinic or health post within 3 km of the river",
    "exposed_not_damaged": "This is something the flood could reach, not something reported damaged. No located damage assessment had been published.",
    "osm_id": "node/5369337889",
    "source": "OpenStreetMap via the Overpass API",
    "source_url": "https://www.openstreetmap.org/copyright",
    "licence": "ODbL 1.0, (c) OpenStreetMap contributors",
    "retrieved": "2026-08-28",
    "km_downstream": 206.9,
    "km_from_channel": 1.6,
    "reach": "Open valley"
   }
  },
  {
   "type": "Feature",
   "geometry": {
    "type": "Point",
    "coordinates": [
     84.3305312,
     27.6663071
    ]
   },
   "properties": {
    "name": "Bijayanagar Ground",
    "name_local": "Bijayanagar Ground",
    "kind": "school",
    "what_it_is": "a school within 3 km of the river",
    "exposed_not_damaged": "This is something the flood could reach, not something reported damaged. No located damage assessment had been published.",
    "osm_id": "way/556045309",
    "source": "OpenStreetMap via the Overpass API",
    "source_url": "https://www.openstreetmap.org/copyright",
    "licence": "ODbL 1.0, (c) OpenStreetMap contributors",
    "retrieved": "2026-08-28",
    "km_downstream": 206.9,
    "km_from_channel": 1.7,
    "reach": "Open valley"
   }
  },
  {
   "type": "Feature",
   "geometry": {
    "type": "Point",
    "coordinates": [
     84.3276532,
     27.6671747
    ]
   },
   "properties": {
    "name": "unnamed",
    "name_local": "",
    "kind": "school",
    "what_it_is": "a school within 3 km of the river",
    "exposed_not_damaged": "This is something the flood could reach, not something reported damaged. No located damage assessment had been published.",
    "osm_id": "way/556045313",
    "source": "OpenStreetMap via the Overpass API",
    "source_url": "https://www.openstreetmap.org/copyright",
    "licence": "ODbL 1.0, (c) OpenStreetMap contributors",
    "retrieved": "2026-08-28",
    "km_downstream": 206.9,
    "km_from_channel": 1.45,
    "reach": "Open valley"
   }
  },
  {
   "type": "Feature",
   "geometry": {
    "type": "Point",
    "coordinates": [
     84.3142024,
     27.6487525
    ]
   },
   "properties": {
    "name": "New Vision Academy",
    "name_local": "New Vision Academy",
    "kind": "school",
    "what_it_is": "a school within 3 km of the river",
    "exposed_not_damaged": "This is something the flood could reach, not something reported damaged. No located damage assessment had been published.",
    "osm_id": "node/11977721391",
    "source": "OpenStreetMap via the Overpass API",
    "source_url": "https://www.openstreetmap.org/copyright",
    "licence": "ODbL 1.0, (c) OpenStreetMap contributors",
    "retrieved": "2026-08-28",
    "km_downstream": 207.5,
    "km_from_channel": 2.96,
    "reach": "Open valley"
   }
  },
  {
   "type": "Feature",
   "geometry": {
    "type": "Point",
    "coordinates": [
     84.2987528,
     27.6880859
    ]
   },
   "properties": {
    "name": "Mukunda English Boarding School",
    "name_local": "Mukunda English Boarding School",
    "kind": "school",
    "what_it_is": "a school within 3 km of the river",
    "exposed_not_damaged": "This is something the flood could reach, not something reported damaged. No located damage assessment had been published.",
    "osm_id": "node/11991291694",
    "source": "OpenStreetMap via the Overpass API",
    "source_url": "https://www.openstreetmap.org/copyright",
    "licence": "ODbL 1.0, (c) OpenStreetMap contributors",
    "retrieved": "2026-08-28",
    "km_downstream": 208.4,
    "km_from_channel": 1.65,
    "reach": "Open valley"
   }
  },
  {
   "type": "Feature",
   "geometry": {
    "type": "Point",
    "coordinates": [
     84.296186,
     27.6527321
    ]
   },
   "properties": {
    "name": "Laguta Basic School",
    "name_local": "Laguta Basic School",
    "kind": "school",
    "what_it_is": "a school within 3 km of the river",
    "exposed_not_damaged": "This is something the flood could reach, not something reported damaged. No located damage assessment had been published.",
    "osm_id": "node/11977761448",
    "source": "OpenStreetMap via the Overpass API",
    "source_url": "https://www.openstreetmap.org/copyright",
    "licence": "ODbL 1.0, (c) OpenStreetMap contributors",
    "retrieved": "2026-08-28",
    "km_downstream": 209.2,
    "km_from_channel": 2.26,
    "reach": "Open valley"
   }
  },
  {
   "type": "Feature",
   "geometry": {
    "type": "Point",
    "coordinates": [
     84.2700397,
     27.6890223
    ]
   },
   "properties": {
    "name": "Laxmi Higher Secondary School",
    "name_local": "Laxmi Higher Secondary School",
    "kind": "school",
    "what_it_is": "a school within 3 km of the river",
    "exposed_not_damaged": "This is something the flood could reach, not something reported damaged. No located damage assessment had been published.",
    "osm_id": "node/4213195089",
    "source": "OpenStreetMap via the Overpass API",
    "source_url": "https://www.openstreetmap.org/copyright",
    "licence": "ODbL 1.0, (c) OpenStreetMap contributors",
    "retrieved": "2026-08-28",
    "km_downstream": 210.0,
    "km_from_channel": 2.47,
    "reach": "Open valley"
   }
  },
  {
   "type": "Feature",
   "geometry": {
    "type": "Point",
    "coordinates": [
     84.2673415,
     27.6895949
    ]
   },
   "properties": {
    "name": "Amar English Secondary School",
    "name_local": "Amar English Secondary School",
    "kind": "school",
    "what_it_is": "a school within 3 km of the river",
    "exposed_not_damaged": "This is something the flood could reach, not something reported damaged. No located damage assessment had been published.",
    "osm_id": "node/4213195389",
    "source": "OpenStreetMap via the Overpass API",
    "source_url": "https://www.openstreetmap.org/copyright",
    "licence": "ODbL 1.0, (c) OpenStreetMap contributors",
    "retrieved": "2026-08-28",
    "km_downstream": 210.0,
    "km_from_channel": 2.72,
    "reach": "Open valley"
   }
  },
  {
   "type": "Feature",
   "geometry": {
    "type": "Point",
    "coordinates": [
     84.2683355,
     27.6935399
    ]
   },
   "properties": {
    "name": "Deep Jyoti Primary School",
    "name_local": "",
    "kind": "school",
    "what_it_is": "a school within 3 km of the river",
    "exposed_not_damaged": "This is something the flood could reach, not something reported damaged. No located damage assessment had been published.",
    "osm_id": "node/5350727527",
    "source": "OpenStreetMap via the Overpass API",
    "source_url": "https://www.openstreetmap.org/copyright",
    "licence": "ODbL 1.0, (c) OpenStreetMap contributors",
    "retrieved": "2026-08-28",
    "km_downstream": 210.0,
    "km_from_channel": 2.93,
    "reach": "Open valley"
   }
  },
  {
   "type": "Feature",
   "geometry": {
    "type": "Point",
    "coordinates": [
     84.2838854,
     27.6766256
    ]
   },
   "properties": {
    "name": "Narayani Basic School",
    "name_local": "Narayani Basic School",
    "kind": "school",
    "what_it_is": "a school within 3 km of the river",
    "exposed_not_damaged": "This is something the flood could reach, not something reported damaged. No located damage assessment had been published.",
    "osm_id": "node/11991253218",
    "source": "OpenStreetMap via the Overpass API",
    "source_url": "https://www.openstreetmap.org/copyright",
    "licence": "ODbL 1.0, (c) OpenStreetMap contributors",
    "retrieved": "2026-08-28",
    "km_downstream": 210.0,
    "km_from_channel": 0.6,
    "reach": "Open valley"
   }
  },
  {
   "type": "Feature",
   "geometry": {
    "type": "Point",
    "coordinates": [
     84.268173,
     27.6935888
    ]
   },
   "properties": {
    "name": "Shree Deepjyoti Basic School",
    "name_local": "Shree Deepjyoti Basic School",
    "kind": "school",
    "what_it_is": "a school within 3 km of the river",
    "exposed_not_damaged": "This is something the flood could reach, not something reported damaged. No located damage assessment had been published.",
    "osm_id": "node/11991266208",
    "source": "OpenStreetMap via the Overpass API",
    "source_url": "https://www.openstreetmap.org/copyright",
    "licence": "ODbL 1.0, (c) OpenStreetMap contributors",
    "retrieved": "2026-08-28",
    "km_downstream": 210.0,
    "km_from_channel": 2.94,
    "reach": "Open valley"
   }
  },
  {
   "type": "Feature",
   "geometry": {
    "type": "Point",
    "coordinates": [
     84.2621085,
     27.6800057
    ]
   },
   "properties": {
    "name": "Amar Jyoti Secondary School",
    "name_local": "Amar Jyoti Secondary School",
    "kind": "school",
    "what_it_is": "a school within 3 km of the river",
    "exposed_not_damaged": "This is something the flood could reach, not something reported damaged. No located damage assessment had been published.",
    "osm_id": "node/11991274690",
    "source": "OpenStreetMap via the Overpass API",
    "source_url": "https://www.openstreetmap.org/copyright",
    "licence": "ODbL 1.0, (c) OpenStreetMap contributors",
    "retrieved": "2026-08-28",
    "km_downstream": 210.0,
    "km_from_channel": 2.77,
    "reach": "Open valley"
   }
  },
  {
   "type": "Feature",
   "geometry": {
    "type": "Point",
    "coordinates": [
     84.2771423,
     27.685927
    ]
   },
   "properties": {
    "name": "Shree Janashakti Basic School",
    "name_local": "Shree Janashakti Basic School",
    "kind": "school",
    "what_it_is": "a school within 3 km of the river",
    "exposed_not_damaged": "This is something the flood could reach, not something reported damaged. No located damage assessment had been published.",
    "osm_id": "node/11991283390",
    "source": "OpenStreetMap via the Overpass API",
    "source_url": "https://www.openstreetmap.org/copyright",
    "licence": "ODbL 1.0, (c) OpenStreetMap contributors",
    "retrieved": "2026-08-28",
    "km_downstream": 210.0,
    "km_from_channel": 1.72,
    "reach": "Open valley"
   }
  },
  {
   "type": "Feature",
   "geometry": {
    "type": "Point",
    "coordinates": [
     84.2920452,
     27.6888947
    ]
   },
   "properties": {
    "name": "Shree Janata Secondary School",
    "name_local": "Shree Janata Secondary School",
    "kind": "school",
    "what_it_is": "a school within 3 km of the river",
    "exposed_not_damaged": "This is something the flood could reach, not something reported damaged. No located damage assessment had been published.",
    "osm_id": "way/1181738847",
    "source": "OpenStreetMap via the Overpass API",
    "source_url": "https://www.openstreetmap.org/copyright",
    "licence": "ODbL 1.0, (c) OpenStreetMap contributors",
    "retrieved": "2026-08-28",
    "km_downstream": 210.0,
    "km_from_channel": 1.53,
    "reach": "Open valley"
   }
  }
 ]
}
