{
 "type": "FeatureCollection",
 "crs": {
  "type": "name",
  "properties": {
   "name": "urn:ogc:def:crs:OGC:1.3:CRS84"
  }
 },
 "description": "Trunk, primary and secondary roads within 1 km of the flood path.",
 "retrieved": "2026-08-28",
 "features": [
  {
   "type": "Feature",
   "geometry": {
    "type": "LineString",
    "coordinates": [
     [
      84.7881651,
      27.8121451
     ],
     [
      84.788243,
      27.8121495
     ],
     [
      84.7883017,
      27.8121661
     ],
     [
      84.7883671,
      27.8122201
     ],
     [
      84.7885363,
      27.8123832
     ],
     [
      84.7886879,
      27.812512
     ],
     [
      84.7889677,
      27.8127365
     ],
     [
      84.7890692,
      27.8127991
     ],
     [
      84.7891116,
      27.8128239
     ],
     [
      84.789156,
      27.8128331
     ],
     [
      84.7892269,
      27.8128541
     ],
     [
      84.789305,
      27.812857
     ],
     [
      84.7894236,
      27.8128557
     ],
     [
      84.789516,
      27.8128415
     ],
     [
      84.7896084,
      27.8128036
     ],
     [
      84.789695,
      27.8127312
     ],
     [
      84.7899387,
      27.8125127
     ],
     [
      84.7901559,
      27.8122704
     ],
     [
      84.7901991,
      27.8122115
     ],
     [
      84.7902464,
      27.8121595
     ],
     [
      84.7903101,
      27.8121159
     ],
     [
      84.790367,
      27.8120743
     ],
     [
      84.7904183,
      27.8120557
     ],
     [
      84.7904588,
      27.8120442
     ],
     [
      84.7904922,
      27.812039
     ],
     [
      84.7905418,
      27.8120245
     ],
     [
      84.7906006,
      27.8120224
     ],
     [
      84.7906944,
      27.8120308
     ],
     [
      84.7908469,
      27.81205
     ],
     [
      84.7913036,
      27.8120899
     ],
     [
      84.791733,
      27.8120952
     ],
     [
      84.7919496,
      27.8120979
     ],
     [
      84.7923586,
      27.8120705
     ],
     [
      84.7924511,
      27.8120739
     ],
     [
      84.7925578,
      27.8120829
     ],
     [
      84.7926915,
      27.8120945
     ],
     [
      84.7928686,
      27.8121317
     ]
    ]
   },
   "properties": {
    "name": "Prithvi Rajmarga",
    "name_local": "Prithvi Rajmarga",
    "highway": "trunk",
    "why_it_matters": "A valley road is the route relief arrives on and the route people leave on, and it runs where the river runs because there is nowhere else to put it.",
    "osm_id": "way/24666851",
    "source": "OpenStreetMap via the Overpass API",
    "source_url": "https://www.openstreetmap.org/copyright",
    "licence": "ODbL 1.0, (c) OpenStreetMap contributors",
    "retrieved": "2026-08-28"
   }
  },
  {
   "type": "Feature",
   "geometry": {
    "type": "LineString",
    "coordinates": [
     [
      84.5565078,
      27.8541753
     ],
     [
      84.5568136,
      27.8541149
     ],
     [
      84.5578421,
      27.8539117
     ]
    ]
   },
   "properties": {
    "name": "Trishuli Bridge",
    "name_local": "Trishuli Bridge",
    "highway": "trunk",
    "why_it_matters": "A valley road is the route relief arrives on and the route people leave on, and it runs where the river runs because there is nowhere else to put it.",
    "osm_id": "way/26951332",
    "source": "OpenStreetMap via the Overpass API",
    "source_url": "https://www.openstreetmap.org/copyright",
    "licence": "ODbL 1.0, (c) OpenStreetMap contributors",
    "retrieved": "2026-08-28"
   }
  },
  {
   "type": "Feature",
   "geometry": {
    "type": "LineString",
    "coordinates": [
     [
      84.5578421,
      27.8539117
     ],
     [
      84.5579025,
      27.8538971
     ],
     [
      84.5579909,
      27.8539043
     ],
     [
      84.5580538,
      27.8539222
     ],
     [
      84.5581128,
      27.8539642
     ],
     [
      84.5581486,
      27.8540124
     ],
     [
      84.5582252,
      27.8540994
     ],
     [
      84.558385,
      27.854375
     ],
     [
      84.5584079,
      27.8544118
     ],
     [
      84.5585973,
      27.8547171
     ],
     [
      84.5587812,
      27.8549458
     ],
     [
      84.5588294,
      27.8550018
     ],
     [
      84.5589556,
      27.8551404
     ],
     [
      84.5592514,
      27.8553242
     ],
     [
      84.5595676,
      27.855524
     ],
     [
      84.5599866,
      27.8557173
     ],
     [
      84.5605531,
      27.8559812
     ],
     [
      84.5609438,
      27.8561614
     ],
     [
      84.5618359,
      27.8565972
     ],
     [
      84.561899,
      27.8566281
     ],
     [
      84.5625706,
      27.8569594
     ],
     [
      84.5628981,
      27.8571193
     ],
     [
      84.5631219,
      27.8572122
     ],
     [
      84.5633511,
      27.8572958
     ],
     [
      84.5638067,
      27.8574343
     ],
     [
      84.5640275,
      27.8574891
     ],
     [
      84.5642604,
      27.8575509
     ],
     [
      84.5645982,
      27.8576221
     ],
     [
      84.5649018,
      27.8576613
     ],
     [
      84.5650207,
      27.8576733
     ],
     [
      84.5651657,
      27.8576817
     ],
     [
      84.565421,
      27.8576772
     ],
     [
      84.565987,
      27.8576676
     ],
     [
      84.5663215,
      27.8576738
     ],
     [
      84.5666968,
      27.8576937
     ],
     [
      84.5668826,
      27.8577239
     ],
     [
      84.5670212,
      27.8577553
     ],
     [
      84.567094,
      27.8577879
     ],
     [
      84.5671701,
      27.8578271
     ],
     [
      84.5672439,
      27.8578733
     ],
     [
      84.5673371,
      27.8579654
     ],
     [
      84.5673878,
      27.8580259
     ],
     [
      84.5674518,
      27.8580825
     ],
     [
      84.5675366,
      27.8581223
     ],
     [
      84.5676517,
      27.8581583
     ],
     [
      84.5677646,
      27.858183
     ],
     [
      84.567982,
      27.858217
     ],
     [
      84.5681541,
      27.85826
     ],
     [
      84.5682969,
      27.8583053
     ],
     [
      84.5685075,
      27.8583943
     ],
     [
      84.5690471,
      27.8586634
     ],
     [
      84.5695661,
      27.8589115
     ],
     [
      84.5701401,
      27.8591558
     ],
     [
      84.570845,
      27.8594353
     ],
     [
      84.5711739,
      27.8595632
     ],
     [
      84.5713913,
      27.8596805
     ],
     [
      84.571665,
      27.8598297
     ],
     [
      84.571826,
      27.8598973
     ],
     [
      84.5719385,
      27.8599314
     ],
     [
      84.572173,
      27.8599865
     ],
     [
      84.5724078,
      27.8600423
     ],
     [
      84.5726653,
      27.8601333
     ],
     [
      84.5727896,
      27.8601915
     ],
     [
      84.5728832,
      27.8602644
     ],
     [
      84.5730294,
      27.8603824
     ],
     [
      84.5731476,
      27.8605035
     ],
     [
      84.5732161,
      27.8605664
     ],
     [
      84.5733156,
      27.8606221
     ],
     [
      84.5734111,
      27.8606558
     ],
     [
      84.5735505,
      27.8606993
     ],
     [
      84.5737429,
      27.8607599
     ],
     [
      84.5738426,
      27.8608012
     ],
     [
      84.5739367,
      27.8608596
     ],
     [
      84.5740063,
      27.8609323
     ],
     [
      84.5740663,
      27.8610258
     ],
     [
      84.5741312,
      27.8611638
     ],
     [
      84.5743373,
      27.8616164
     ],
     [
      84.5743922,
      27.8617197
     ],
     [
      84.5744683,
      27.8618225
     ],
     [
      84.5745448,
      27.8619007
     ],
     [
      84.574706,
      27.8620029
     ],
     [
      84.5748988,
      27.8621045
     ],
     [
      84.5753142,
      27.8623043
     ],
     [
      84.5754338,
      27.8623945
     ],
     [
      84.5755215,
      27.8624872
     ],
     [
      84.5755689,
      27.8625562
     ],
     [
      84.5756194,
      27.8626404
     ],
     [
      84.5756699,
      27.8627127
     ],
     [
      84.5757434,
      27.8627886
     ],
     [
      84.5758223,
      27.8628544
     ],
     [
      84.5763053,
      27.863171
     ],
     [
      84.576372,
      27.8632197
     ],
     [
      84.5764359,
      27.863249
     ],
     [
      84.5765049,
      27.8632721
     ]
    ]
   },
   "properties": {
    "name": "Prithvi Rajmarg",
    "name_local": "Prithvi Rajmarg",
    "highway": "trunk",
    "why_it_matters": "A valley road is the route relief arrives on and the route people leave on, and it runs where the river runs because there is nowhere else to put it.",
    "osm_id": "way/26951334",
    "source": "OpenStreetMap via the Overpass API",
    "source_url": "https://www.openstreetmap.org/copyright",
    "licence": "ODbL 1.0, (c) OpenStreetMap contributors",
    "retrieved": "2026-08-28"
   }
  },
  {
   "type": "Feature",
   "geometry": {
    "type": "LineString",
    "coordinates": [
     [
      84.6340409,
      27.8607968
     ],
     [
      84.6341318,
      27.8606915
     ],
     [
      84.634213,
      27.8605978
     ],
     [
      84.6342885,
      27.8605123
     ],
     [
      84.6343535,
      27.8604234
     ],
     [
      84.6343919,
      27.8603539
     ],
     [
      84.6344156,
      27.8602808
     ],
     [
      84.6344311,
      27.8601842
     ],
     [
      84.634446,
      27.8600657
     ],
     [
      84.6344646,
      27.8599501
     ],
     [
      84.6344824,
      27.8598687
     ],
     [
      84.6345002,
      27.8598051
     ],
     [
      84.6345301,
      27.8597299
     ],
     [
      84.6345747,
      27.8596639
     ],
     [
      84.634651,
      27.8595954
     ],
     [
      84.6347317,
      27.8595402
     ],
     [
      84.6348193,
      27.8594887
     ],
     [
      84.6349089,
      27.8594466
     ],
     [
      84.635064,
      27.8593919
     ],
     [
      84.6352727,
      27.8593351
     ],
     [
      84.6354181,
      27.8593027
     ],
     [
      84.6355318,
      27.8592842
     ],
     [
      84.6356732,
      27.85928
     ],
     [
      84.6358909,
      27.8592845
     ],
     [
      84.6362311,
      27.8593461
     ],
     [
      84.6364381,
      27.8593727
     ],
     [
      84.6367257,
      27.8593701
     ],
     [
      84.6369313,
      27.8593561
     ],
     [
      84.637443,
      27.8592891
     ],
     [
      84.6378065,
      27.8592415
     ],
     [
      84.6384366,
      27.8591826
     ],
     [
      84.6386637,
      27.8591488
     ],
     [
      84.6388412,
      27.8591144
     ],
     [
      84.6390087,
      27.8590702
     ],
     [
      84.6393468,
      27.8589795
     ],
     [
      84.6397119,
      27.8588116
     ],
     [
      84.640518,
      27.8584563
     ],
     [
      84.6406681,
      27.8583984
     ],
     [
      84.6407834,
      27.8583607
     ],
     [
      84.6408726,
      27.8583394
     ],
     [
      84.6409356,
      27.8583296
     ],
     [
      84.6409485,
      27.8583276
     ],
     [
      84.641022,
      27.8583263
     ],
     [
      84.6411008,
      27.8583353
     ],
     [
      84.6412011,
      27.8583588
     ],
     [
      84.6417468,
      27.8585202
     ],
     [
      84.641912,
      27.8585619
     ],
     [
      84.6420595,
      27.8585842
     ],
     [
      84.6421686,
      27.8585936
     ],
     [
      84.6423067,
      27.8586006
     ],
     [
      84.6424657,
      27.8586053
     ],
     [
      84.6426458,
      27.8586034
     ],
     [
      84.6444527,
      27.8585198
     ],
     [
      84.6446143,
      27.8585086
     ],
     [
      84.6447761,
      27.8584973
     ],
     [
      84.6459598,
      27.8584284
     ],
     [
      84.6463634,
      27.8584055
     ],
     [
      84.6469076,
      27.8583593
     ],
     [
      84.6471185,
      27.8583363
     ],
     [
      84.647267,
      27.858314
     ],
     [
      84.6473481,
      27.8582986
     ],
     [
      84.6474252,
      27.8582777
     ],
     [
      84.6474774,
      27.8582581
     ],
     [
      84.6475215,
      27.8582408
     ],
     [
      84.6475752,
      27.8582088
     ],
     [
      84.6476255,
      27.8581686
     ],
     [
      84.6476414,
      27.8581494
     ],
     [
      84.6476756,
      27.858108
     ],
     [
      84.6477056,
      27.8580373
     ],
     [
      84.6477113,
      27.8579913
     ],
     [
      84.6477111,
      27.8579533
     ],
     [
      84.6476978,
      27.8578987
     ],
     [
      84.6476583,
      27.8578039
     ],
     [
      84.6475743,
      27.8576916
     ],
     [
      84.6473748,
      27.8575092
     ],
     [
      84.6472059,
      27.8572955
     ],
     [
      84.6468587,
      27.8568791
     ],
     [
      84.6466541,
      27.8566176
     ],
     [
      84.6464631,
      27.8563295
     ],
     [
      84.6462097,
      27.8558657
     ],
     [
      84.6459378,
      27.8552551
     ],
     [
      84.6459022,
      27.8551241
     ],
     [
      84.6458859,
      27.8549821
     ],
     [
      84.6459038,
      27.8547883
     ],
     [
      84.6459457,
      27.8542372
     ],
     [
      84.6460786,
      27.8539805
     ],
     [
      84.6461404,
      27.8537916
     ],
     [
      84.646251,
      27.8535635
     ],
     [
      84.6463509,
      27.8533746
     ],
     [
      84.6464079,
      27.8532877
     ],
     [
      84.646473,
      27.8532065
     ],
     [
      84.6465578,
      27.8531293
     ],
     [
      84.6468304,
      27.8529563
     ],
     [
      84.6472789,
      27.8526981
     ],
     [
      84.6473877,
      27.8526377
     ],
     [
      84.6474984,
      27.8525867
     ],
     [
      84.6477509,
      27.8525044
     ],
     [
      84.6480786,
      27.8524019
     ],
     [
      84.6484847,
      27.8522683
     ],
     [
      84.6487384,
      27.8521935
     ],
     [
      84.6489394,
      27.8521403
     ],
     [
      84.6491342,
      27.8520895
     ],
     [
      84.6492049,
      27.852078
     ],
     [
      84.6492787,
      27.8520733
     ],
     [
      84.6496046,
      27.85203
     ],
     [
      84.6500324,
      27.8519669
     ],
     [
      84.6503636,
      27.8519176
     ],
     [
      84.6504696,
      27.8519096
     ],
     [
      84.6505781,
      27.8519098
     ],
     [
      84.6507414,
      27.8519106
     ],
     [
      84.6511531,
      27.8519435
     ],
     [
      84.6515246,
      27.851986
     ],
     [
      84.6515553,
      27.8519875
     ],
     [
      84.651634,
      27.8519912
     ],
     [
      84.6517467,
      27.8519941
     ],
     [
      84.6518965,
      27.8519852
     ],
     [
      84.6520746,
      27.8519623
     ],
     [
      84.6523958,
      27.8519064
     ],
     [
      84.6525074,
      27.8518794
     ],
     [
      84.6525604,
      27.8518592
     ],
     [
      84.6526083,
      27.8518466
     ],
     [
      84.652827,
      27.851835
     ],
     [
      84.653185,
      27.8518203
     ],
     [
      84.65355,
      27.8517852
     ],
     [
      84.6539717,
      27.8517407
     ],
     [
      84.6542012,
      27.8517109
     ],
     [
      84.6543821,
      27.8516774
     ],
     [
      84.6545382,
      27.8516474
     ],
     [
      84.6546277,
      27.8516244
     ],
     [
      84.6547116,
      27.8515937
     ],
     [
      84.6548738,
      27.8515439
     ],
     [
      84.654968,
      27.8515172
     ],
     [
      84.655097,
      27.8514896
     ],
     [
      84.6552136,
      27.8514669
     ],
     [
      84.6552861,
      27.8514614
     ],
     [
      84.6553597,
      27.8514644
     ],
     [
      84.6555717,
      27.8514815
     ],
     [
      84.6556707,
      27.8514863
     ],
     [
      84.6557876,
      27.8514824
     ],
     [
      84.6558787,
      27.8514758
     ],
     [
      84.6559799,
      27.8514661
     ],
     [
      84.6560794,
      27.8514489
     ],
     [
      84.6561665,
      27.8514184
     ],
     [
      84.6562683,
      27.8513789
     ],
     [
      84.6563688,
      27.8513395
     ],
     [
      84.6564935,
      27.8512707
     ],
     [
      84.6566774,
      27.851171
     ],
     [
      84.6574928,
      27.8506909
     ],
     [
      84.658374,
      27.8501889
     ],
     [
      84.6584747,
      27.8501254
     ],
     [
      84.6585762,
      27.8500614
     ],
     [
      84.6587623,
      27.8499423
     ],
     [
      84.6589078,
      27.8498238
     ],
     [
      84.6589903,
      27.8497628
     ],
     [
      84.6590655,
      27.8496958
     ],
     [
      84.6591738,
      27.8495869
     ],
     [
      84.6593591,
      27.8493855
     ],
     [
      84.6594747,
      27.8492517
     ],
     [
      84.6596044,
      27.8490538
     ],
     [
      84.6597122,
      27.8488673
     ],
     [
      84.6600775,
      27.8481312
     ],
     [
      84.6602675,
      27.8477637
     ],
     [
      84.6604347,
      27.847407
     ],
     [
      84.6605039,
      27.8472372
     ],
     [
      84.6605624,
      27.8470704
     ],
     [
      84.6605882,
      27.8469815
     ],
     [
      84.6605967,
      27.8468903
     ],
     [
      84.6606122,
      27.8466941
     ],
     [
      84.6606351,
      27.8462991
     ],
     [
      84.660655,
      27.8459048
     ],
     [
      84.660668,
      27.8456872
     ],
     [
      84.6606915,
      27.8455003
     ],
     [
      84.6607136,
      27.8453955
     ],
     [
      84.6607473,
      27.8452946
     ],
     [
      84.6607958,
      27.8451042
     ],
     [
      84.6610122,
      27.8443188
     ],
     [
      84.6610423,
      27.8442332
     ],
     [
      84.6610701,
      27.844154
     ],
     [
      84.661122,
      27.8440265
     ],
     [
      84.6611836,
      27.8439024
     ],
     [
      84.6614597,
      27.8433852
     ],
     [
      84.6618082,
      27.842802
     ],
     [
      84.6622393,
      27.8420515
     ],
     [
      84.6624493,
      27.8416547
     ],
     [
      84.6625394,
      27.8414324
     ],
     [
      84.662614,
      27.8412196
     ],
     [
      84.6626666,
      27.8410214
     ],
     [
      84.6627112,
      27.8407923
     ],
     [
      84.6627687,
      27.840517
     ],
     [
      84.6628004,
      27.8402647
     ],
     [
      84.6628325,
      27.8399349
     ],
     [
      84.6628428,
      27.8397916
     ],
     [
      84.6628442,
      27.8396698
     ],
     [
      84.6628399,
      27.8395228
     ],
     [
      84.6627935,
      27.8389755
     ],
     [
      84.6627813,
      27.8387583
     ],
     [
      84.6627878,
      27.838505
     ],
     [
      84.6628002,
      27.8380776
     ],
     [
      84.6627973,
      27.8379241
     ],
     [
      84.6627847,
      27.8377925
     ],
     [
      84.662756,
      27.8376083
     ],
     [
      84.6626976,
      27.8373184
     ],
     [
      84.6626732,
      27.8371149
     ],
     [
      84.6626781,
      27.836918
     ],
     [
      84.6626927,
      27.8367582
     ],
     [
      84.6627021,
      27.8365795
     ],
     [
      84.6626985,
      27.836375
     ],
     [
      84.6626473,
      27.8360216
     ],
     [
      84.6626046,
      27.8357455
     ],
     [
      84.6625618,
      27.8354753
     ],
     [
      84.6625423,
      27.8353552
     ],
     [
      84.6625075,
      27.8352405
     ],
     [
      84.6624453,
      27.835083
     ],
     [
      84.66236,
      27.8349219
     ],
     [
      84.6622489,
      27.8347004
     ],
     [
      84.6621185,
      27.8344751
     ],
     [
      84.6620438,
      27.8343404
     ],
     [
      84.6619445,
      27.8341851
     ],
     [
      84.6618225,
      27.8340073
     ],
     [
      84.6616579,
      27.8338027
     ],
     [
      84.6615497,
      27.8336369
     ],
     [
      84.6614872,
      27.8335138
     ],
     [
      84.6614528,
      27.8334328
     ],
     [
      84.661383,
      27.833233
     ],
     [
      84.6613187,
      27.8330526
     ],
     [
      84.6612665,
      27.8329243
     ],
     [
      84.6611791,
      27.8327614
     ],
     [
      84.660924,
      27.8323111
     ],
     [
      84.6608232,
      27.8321216
     ],
     [
      84.6607664,
      27.8320116
     ],
     [
      84.6606906,
      27.831846
     ],
     [
      84.6606287,
      27.8316488
     ],
     [
      84.6605877,
      27.8314461
     ],
     [
      84.6605435,
      27.8310884
     ],
     [
      84.6605163,
      27.830948
     ],
     [
      84.6604845,
      27.8308259
     ],
     [
      84.6604555,
      27.8307193
     ],
     [
      84.6603886,
      27.830549
     ],
     [
      84.6602931,
      27.8303081
     ],
     [
      84.6602414,
      27.8301517
     ],
     [
      84.6602054,
      27.8300134
     ],
     [
      84.6601909,
      27.8298822
     ],
     [
      84.6601814,
      27.8297427
     ],
     [
      84.6601956,
      27.8295251
     ],
     [
      84.660211,
      27.8293757
     ],
     [
      84.6602433,
      27.8292121
     ],
     [
      84.6602887,
      27.8290811
     ],
     [
      84.6603597,
      27.828925
     ],
     [
      84.6604025,
      27.8288574
     ],
     [
      84.6604767,
      27.8287623
     ],
     [
      84.6605963,
      27.8285848
     ],
     [
      84.6606781,
      27.8284844
     ],
     [
      84.6607561,
      27.8283827
     ],
     [
      84.6608189,
      27.8283101
     ],
     [
      84.6608834,
      27.8282318
     ],
     [
      84.6610227,
      27.8281
     ],
     [
      84.6612051,
      27.8279282
     ],
     [
      84.6614114,
      27.8277651
     ],
     [
      84.6617925,
      27.8274822
     ],
     [
      84.662198,
      27.8271986
     ],
     [
      84.6625591,
      27.8269442
     ],
     [
      84.6627922,
      27.8267731
     ],
     [
      84.6633001,
      27.8264171
     ],
     [
      84.6640024,
      27.8259171
     ],
     [
      84.6646981,
      27.8254267
     ]
    ]
   },
   "properties": {
    "name": "Prithvi Rajmarg",
    "name_local": "Prithvi Rajmarg",
    "highway": "trunk",
    "why_it_matters": "A valley road is the route relief arrives on and the route people leave on, and it runs where the river runs because there is nowhere else to put it.",
    "osm_id": "way/27032883",
    "source": "OpenStreetMap via the Overpass API",
    "source_url": "https://www.openstreetmap.org/copyright",
    "licence": "ODbL 1.0, (c) OpenStreetMap contributors",
    "retrieved": "2026-08-28"
   }
  },
  {
   "type": "Feature",
   "geometry": {
    "type": "LineString",
    "coordinates": [
     [
      85.1228193,
      27.8601852
     ],
     [
      85.1228659,
      27.860228
     ],
     [
      85.122977,
      27.8603184
     ],
     [
      85.1230708,
      27.8604496
     ],
     [
      85.1231184,
      27.8605504
     ],
     [
      85.1231727,
      27.8607425
     ],
     [
      85.1231609,
      27.8610419
     ],
     [
      85.1232353,
      27.8612149
     ],
     [
      85.1234176,
      27.8613604
     ],
     [
      85.1236858,
      27.8613529
     ],
     [
      85.1240377,
      27.8613412
     ],
     [
      85.1241128,
      27.8613472
     ],
     [
      85.1241758,
      27.8613584
     ],
     [
      85.1242121,
      27.8613827
     ],
     [
      85.1242271,
      27.8614091
     ],
     [
      85.1242372,
      27.8614479
     ],
     [
      85.1242342,
      27.8614853
     ],
     [
      85.1242114,
      27.8616234
     ],
     [
      85.1241437,
      27.8620467
     ],
     [
      85.1241732,
      27.8623384
     ],
     [
      85.1242241,
      27.8624119
     ],
     [
      85.1248598,
      27.8628316
     ],
     [
      85.1255116,
      27.8632608
     ],
     [
      85.1259515,
      27.8634576
     ],
     [
      85.1264101,
      27.8637374
     ],
     [
      85.1271466,
      27.8645413
     ],
     [
      85.1274505,
      27.864965
     ],
     [
      85.1275849,
      27.8651524
     ],
     [
      85.1279848,
      27.8656191
     ],
     [
      85.1280871,
      27.865777
     ]
    ]
   },
   "properties": {
    "name": "Pasang Lhamu Highway",
    "name_local": "Pasang Lhamu Highway",
    "highway": "primary",
    "why_it_matters": "A valley road is the route relief arrives on and the route people leave on, and it runs where the river runs because there is nowhere else to put it.",
    "osm_id": "way/27033229",
    "source": "OpenStreetMap via the Overpass API",
    "source_url": "https://www.openstreetmap.org/copyright",
    "licence": "ODbL 1.0, (c) OpenStreetMap contributors",
    "retrieved": "2026-08-28"
   }
  },
  {
   "type": "Feature",
   "geometry": {
    "type": "LineString",
    "coordinates": [
     [
      85.1538961,
      27.9233173
     ],
     [
      85.1537003,
      27.9237427
     ],
     [
      85.1536654,
      27.9238743
     ],
     [
      85.153711,
      27.9240342
     ],
     [
      85.1538518,
      27.9241658
     ],
     [
      85.1539484,
      27.9242238
     ],
     [
      85.1540315,
      27.9242618
     ],
     [
      85.1540556,
      27.9243142
     ],
     [
      85.1541455,
      27.9244739
     ],
     [
      85.1541013,
      27.9244857
     ],
     [
      85.1540369,
      27.9245248
     ],
     [
      85.1539564,
      27.9245604
     ],
     [
      85.1537233,
      27.9245317
     ],
     [
      85.1534374,
      27.9244348
     ],
     [
      85.1532067,
      27.9243862
     ],
     [
      85.1530565,
      27.9244004
     ],
     [
      85.152909,
      27.9244407
     ],
     [
      85.1527347,
      27.9246184
     ],
     [
      85.1526931,
      27.9248436
     ],
     [
      85.1527736,
      27.9252358
     ],
     [
      85.1529077,
      27.9257346
     ],
     [
      85.1529881,
      27.9261351
     ],
     [
      85.1530418,
      27.9265226
     ],
     [
      85.1528826,
      27.927202
     ],
     [
      85.1527696,
      27.9274962
     ],
     [
      85.1526423,
      27.9277545
     ],
     [
      85.1525766,
      27.9278379
     ],
     [
      85.1522237,
      27.9281946
     ],
     [
      85.1520467,
      27.9284837
     ],
     [
      85.1520467,
      27.9286496
     ],
     [
      85.1521218,
      27.9288723
     ],
     [
      85.1524168,
      27.9292088
     ],
     [
      85.1525027,
      27.9293913
     ],
     [
      85.1525322,
      27.9297183
     ],
     [
      85.1526153,
      27.9299008
     ],
     [
      85.1527011,
      27.9300169
     ],
     [
      85.1528111,
      27.9300833
     ],
     [
      85.1535474,
      27.9305511
     ],
     [
      85.1538452,
      27.9306037
     ],
     [
      85.1542525,
      27.9306633
     ],
     [
      85.1548193,
      27.9308323
     ]
    ]
   },
   "properties": {
    "name": "Pasang Lhamu Highway",
    "name_local": "Pasang Lhamu Highway",
    "highway": "primary",
    "why_it_matters": "A valley road is the route relief arrives on and the route people leave on, and it runs where the river runs because there is nowhere else to put it.",
    "osm_id": "way/27033237",
    "source": "OpenStreetMap via the Overpass API",
    "source_url": "https://www.openstreetmap.org/copyright",
    "licence": "ODbL 1.0, (c) OpenStreetMap contributors",
    "retrieved": "2026-08-28"
   }
  },
  {
   "type": "Feature",
   "geometry": {
    "type": "LineString",
    "coordinates": [
     [
      84.5605531,
      27.8559812
     ],
     [
      84.5604466,
      27.8559052
     ],
     [
      84.5603874,
      27.8558396
     ],
     [
      84.5603205,
      27.8557553
     ],
     [
      84.5602849,
      27.8556942
     ],
     [
      84.5602148,
      27.8555199
     ],
     [
      84.5601874,
      27.8554291
     ],
     [
      84.5601565,
      27.855311
     ],
     [
      84.5601106,
      27.8550802
     ],
     [
      84.5600596,
      27.8548097
     ],
     [
      84.5600171,
      27.8546831
     ],
     [
      84.5599668,
      27.8545902
     ],
     [
      84.5599093,
      27.8545248
     ],
     [
      84.5598653,
      27.8544962
     ],
     [
      84.5598186,
      27.8544699
     ],
     [
      84.5595638,
      27.8543688
     ],
     [
      84.5591241,
      27.8542383
     ],
     [
      84.558774,
      27.854135
     ],
     [
      84.5586896,
      27.8541159
     ],
     [
      84.5585583,
      27.8540774
     ],
     [
      84.5584712,
      27.8540174
     ],
     [
      84.5583783,
      27.8539446
     ],
     [
      84.5581499,
      27.8536913
     ],
     [
      84.5580075,
      27.8535414
     ],
     [
      84.5579615,
      27.853452
     ],
     [
      84.5579348,
      27.8533398
     ],
     [
      84.5579186,
      27.8532477
     ],
     [
      84.5578889,
      27.8530239
     ],
     [
      84.5578062,
      27.8522432
     ],
     [
      84.5578004,
      27.8517876
     ],
     [
      84.5578365,
      27.8514205
     ],
     [
      84.557892,
      27.8512588
     ],
     [
      84.5579685,
      27.8511115
     ],
     [
      84.558365,
      27.8505201
     ]
    ]
   },
   "properties": {
    "name": "Bharatpur-Mugling Highway",
    "name_local": "Bharatpur-Mugling Highway",
    "highway": "trunk",
    "why_it_matters": "A valley road is the route relief arrives on and the route people leave on, and it runs where the river runs because there is nowhere else to put it.",
    "osm_id": "way/28835829",
    "source": "OpenStreetMap via the Overpass API",
    "source_url": "https://www.openstreetmap.org/copyright",
    "licence": "ODbL 1.0, (c) OpenStreetMap contributors",
    "retrieved": "2026-08-28"
   }
  },
  {
   "type": "Feature",
   "geometry": {
    "type": "LineString",
    "coordinates": [
     [
      85.1537892,
      27.9231683
     ],
     [
      85.1534776,
      27.9232936
     ],
     [
      85.1532121,
      27.9233256
     ],
     [
      85.1530807,
      27.9233173
     ],
     [
      85.153004,
      27.9232808
     ],
     [
      85.152805,
      27.923166
     ],
     [
      85.1527208,
      27.9230926
     ],
     [
      85.152618,
      27.9229832
     ],
     [
      85.1525697,
      27.9228268
     ],
     [
      85.1524866,
      27.9226301
     ],
     [
      85.1522532,
      27.9222343
     ],
     [
      85.1520601,
      27.9220068
     ],
     [
      85.1517758,
      27.9217342
     ],
     [
      85.1515907,
      27.9215849
     ],
     [
      85.151352,
      27.9214048
     ],
     [
      85.151132,
      27.9212335
     ],
     [
      85.1510303,
      27.9211753
     ],
     [
      85.1508214,
      27.9209912
     ],
     [
      85.1507233,
      27.920914
     ],
     [
      85.1505719,
      27.9208485
     ],
     [
      85.1503024,
      27.920775
     ],
     [
      85.1500642,
      27.9206799
     ],
     [
      85.1499472,
      27.9206187
     ],
     [
      85.14988,
      27.9205821
     ],
     [
      85.1498291,
      27.9205463
     ],
     [
      85.1497493,
      27.9205052
     ],
     [
      85.1496849,
      27.9204582
     ],
     [
      85.1495306,
      27.9204159
     ],
     [
      85.1491498,
      27.9203198
     ],
     [
      85.1481761,
      27.9202271
     ],
     [
      85.1480203,
      27.9202065
     ],
     [
      85.1470576,
      27.9198716
     ],
     [
      85.1468546,
      27.9198136
     ],
     [
      85.1459673,
      27.9197022
     ],
     [
      85.1459278,
      27.9197227
     ],
     [
      85.145677,
      27.9195534
     ],
     [
      85.1449548,
      27.9190659
     ],
     [
      85.1446579,
      27.9187487
     ],
     [
      85.1444052,
      27.9185771
     ],
     [
      85.1443462,
      27.9185343
     ],
     [
      85.1441509,
      27.9183727
     ],
     [
      85.1440661,
      27.9182375
     ],
     [
      85.1439094,
      27.9180588
     ],
     [
      85.1431427,
      27.9175479
     ],
     [
      85.1422826,
      27.9169747
     ],
     [
      85.1421884,
      27.9168899
     ],
     [
      85.1421541,
      27.9168094
     ],
     [
      85.1421468,
      27.9167363
     ],
     [
      85.1421141,
      27.9166498
     ],
     [
      85.1420635,
      27.9165593
     ],
     [
      85.1419629,
      27.9164443
     ],
     [
      85.1415231,
      27.9160358
     ],
     [
      85.1414903,
      27.915962
     ],
     [
      85.1414841,
      27.9159366
     ],
     [
      85.1415001,
      27.9158557
     ],
     [
      85.1415633,
      27.9157143
     ],
     [
      85.1417108,
      27.9155022
     ],
     [
      85.1417671,
      27.915425
     ],
     [
      85.1422553,
      27.9148824
     ],
     [
      85.1424149,
      27.9147011
     ],
     [
      85.1425892,
      27.9145186
     ],
     [
      85.14273,
      27.9142875
     ],
     [
      85.1428266,
      27.9141252
     ],
     [
      85.1429138,
      27.9139924
     ],
     [
      85.1429352,
      27.9138704
     ],
     [
      85.1429312,
      27.9137436
     ],
     [
      85.1429258,
      27.9136914
     ],
     [
      85.142875,
      27.9132029
     ],
     [
      85.1428977,
      27.9131084
     ],
     [
      85.143009,
      27.9129223
     ],
     [
      85.1431082,
      27.9127931
     ],
     [
      85.143241,
      27.9126094
     ],
     [
      85.1436463,
      27.9119174
     ],
     [
      85.1437747,
      27.9116981
     ],
     [
      85.144047,
      27.9113141
     ],
     [
      85.1442629,
      27.911121
     ],
     [
      85.1444601,
      27.9108674
     ],
     [
      85.1444788,
      27.9107406
     ],
     [
      85.144462,
      27.9106318
     ],
     [
      85.1443314,
      27.9101267
     ],
     [
      85.1442696,
      27.9098683
     ],
     [
      85.1441791,
      27.9092874
     ],
     [
      85.1441583,
      27.9091537
     ],
     [
      85.1441878,
      27.9090897
     ],
     [
      85.1442428,
      27.9089641
     ],
     [
      85.144342,
      27.9088657
     ],
     [
      85.1445231,
      27.9087555
     ],
     [
      85.1446129,
      27.9087164
     ],
     [
      85.1447497,
      27.9087187
     ],
     [
      85.1448248,
      27.9087128
     ],
     [
      85.1450796,
      27.908733
     ],
     [
      85.1451735,
      27.9087223
     ],
     [
      85.1452634,
      27.9087069
     ],
     [
      85.1453385,
      27.9086702
     ],
     [
      85.1453894,
      27.9085908
     ],
     [
      85.1454176,
      27.9084794
     ],
     [
      85.1454189,
      27.9082151
     ],
     [
      85.1453358,
      27.9080112
     ],
     [
      85.1451668,
      27.9078666
     ],
     [
      85.1448047,
      27.9076818
     ],
     [
      85.1446076,
      27.9075277
     ],
     [
      85.1445405,
      27.907293
     ],
     [
      85.1446035,
      27.9070702
     ],
     [
      85.1446974,
      27.906928
     ],
     [
      85.1450421,
      27.9064729
     ],
     [
      85.1455531,
      27.9057192
     ],
     [
      85.1455679,
      27.9056923
     ]
    ]
   },
   "properties": {
    "name": "Pasang Lhamu Highway",
    "name_local": "Pasang Lhamu Highway",
    "highway": "primary",
    "why_it_matters": "A valley road is the route relief arrives on and the route people leave on, and it runs where the river runs because there is nowhere else to put it.",
    "osm_id": "way/44652558",
    "source": "OpenStreetMap via the Overpass API",
    "source_url": "https://www.openstreetmap.org/copyright",
    "licence": "ODbL 1.0, (c) OpenStreetMap contributors",
    "retrieved": "2026-08-28"
   }
  },
  {
   "type": "Feature",
   "geometry": {
    "type": "LineString",
    "coordinates": [
     [
      84.835559,
      27.8067934
     ],
     [
      84.835768,
      27.8064621
     ],
     [
      84.8359217,
      27.8062184
     ],
     [
      84.8360647,
      27.8057632
     ],
     [
      84.8364068,
      27.8050763
     ],
     [
      84.8364782,
      27.8048479
     ],
     [
      84.8368595,
      27.8041547
     ],
     [
      84.8370812,
      27.8037679
     ],
     [
      84.8372215,
      27.803514
     ],
     [
      84.8373742,
      27.8033211
     ],
     [
      84.8376666,
      27.8030976
     ],
     [
      84.837829,
      27.8029709
     ],
     [
      84.8379339,
      27.8028442
     ],
     [
      84.8380035,
      27.8026533
     ],
     [
      84.8380994,
      27.8023501
     ],
     [
      84.8382238,
      27.8021507
     ],
     [
      84.8384019,
      27.8019569
     ],
     [
      84.8385517,
      27.8018758
     ],
     [
      84.8387769,
      27.8017824
     ],
     [
      84.8389526,
      27.8016484
     ],
     [
      84.8391813,
      27.8014064
     ],
     [
      84.8394844,
      27.8012378
     ],
     [
      84.8397443,
      27.8011316
     ],
     [
      84.8400883,
      27.8010675
     ],
     [
      84.8404603,
      27.801073
     ],
     [
      84.841034,
      27.8011459
     ],
     [
      84.8420872,
      27.8012049
     ],
     [
      84.8425439,
      27.8012515
     ],
     [
      84.8429084,
      27.801302
     ],
     [
      84.8445672,
      27.8018316
     ],
     [
      84.844832,
      27.8019201
     ],
     [
      84.8454204,
      27.8020664
     ],
     [
      84.8457974,
      27.8022219
     ],
     [
      84.8461654,
      27.8024178
     ],
     [
      84.8468047,
      27.8030727
     ],
     [
      84.8469701,
      27.803176
     ],
     [
      84.8471817,
      27.8032676
     ],
     [
      84.8478228,
      27.8034566
     ],
     [
      84.8483129,
      27.8037391
     ],
     [
      84.8485532,
      27.803916
     ],
     [
      84.8489078,
      27.8042607
     ],
     [
      84.8492414,
      27.8046869
     ],
     [
      84.8493194,
      27.804943
     ],
     [
      84.8493521,
      27.8051238
     ],
     [
      84.849351,
      27.8055047
     ],
     [
      84.8492906,
      27.805968
     ],
     [
      84.8492537,
      27.806143
     ],
     [
      84.8492918,
      27.8063547
     ],
     [
      84.8493052,
      27.8065915
     ],
     [
      84.8493036,
      27.8070824
     ],
     [
      84.8493503,
      27.8072668
     ],
     [
      84.8494404,
      27.8074397
     ],
     [
      84.8495464,
      27.8075688
     ],
     [
      84.8496859,
      27.8076736
     ],
     [
      84.8498466,
      27.807758
     ],
     [
      84.8500417,
      27.8078231
     ],
     [
      84.8501961,
      27.8078406
     ],
     [
      84.8507089,
      27.8078312
     ],
     [
      84.8509307,
      27.8078355
     ],
     [
      84.8511963,
      27.8078405
     ],
     [
      84.8514983,
      27.8078463
     ],
     [
      84.8519182,
      27.8078543
     ],
     [
      84.8526251,
      27.8077455
     ],
     [
      84.8533951,
      27.8076085
     ],
     [
      84.853605,
      27.8075493
     ],
     [
      84.8537859,
      27.8074325
     ],
     [
      84.8538913,
      27.8073218
     ],
     [
      84.8539926,
      27.8072154
     ],
     [
      84.8541605,
      27.807133
     ],
     [
      84.8543153,
      27.8070693
     ],
     [
      84.8549549,
      27.8069594
     ],
     [
      84.855519,
      27.8069047
     ],
     [
      84.8577035,
      27.8068007
     ],
     [
      84.8579855,
      27.8067396
     ],
     [
      84.8581768,
      27.8066803
     ],
     [
      84.8584318,
      27.8065242
     ],
     [
      84.8596564,
      27.8054134
     ],
     [
      84.8598528,
      27.80525
     ],
     [
      84.8600936,
      27.8050737
     ],
     [
      84.8603967,
      27.8048696
     ],
     [
      84.8608529,
      27.8045875
     ],
     [
      84.8611879,
      27.8042955
     ],
     [
      84.8614937,
      27.8039491
     ],
     [
      84.8621535,
      27.8031282
     ],
     [
      84.8628938,
      27.8023026
     ],
     [
      84.8635397,
      27.8015155
     ],
     [
      84.8641228,
      27.8010641
     ],
     [
      84.8644763,
      27.8008885
     ],
     [
      84.8647989,
      27.8008104
     ],
     [
      84.8656689,
      27.8008074
     ],
     [
      84.8663502,
      27.800805
     ],
     [
      84.8677941,
      27.8008658
     ],
     [
      84.8683658,
      27.8008899
     ],
     [
      84.8688444,
      27.8009449
     ],
     [
      84.8693667,
      27.801057
     ],
     [
      84.8700549,
      27.8013479
     ],
     [
      84.8701442,
      27.8013856
     ],
     [
      84.8702617,
      27.801441
     ],
     [
      84.8706563,
      27.8016269
     ],
     [
      84.8710974,
      27.8018348
     ],
     [
      84.8713079,
      27.8018992
     ],
     [
      84.8714206,
      27.8018874
     ],
     [
      84.8715441,
      27.8018493
     ],
     [
      84.8716341,
      27.8017957
     ],
     [
      84.8717113,
      27.8016982
     ],
     [
      84.8717923,
      27.8014951
     ],
     [
      84.8718925,
      27.8010149
     ],
     [
      84.8719664,
      27.8007587
     ],
     [
      84.8720687,
      27.8006491
     ],
     [
      84.8722252,
      27.8005829
     ],
     [
      84.8723775,
      27.8005797
     ],
     [
      84.8725604,
      27.8006321
     ],
     [
      84.8727476,
      27.8007654
     ]
    ]
   },
   "properties": {
    "name": "Prithvi Rajmarg",
    "name_local": "Prithvi Rajmarg",
    "highway": "trunk",
    "why_it_matters": "A valley road is the route relief arrives on and the route people leave on, and it runs where the river runs because there is nowhere else to put it.",
    "osm_id": "way/44686754",
    "source": "OpenStreetMap via the Overpass API",
    "source_url": "https://www.openstreetmap.org/copyright",
    "licence": "ODbL 1.0, (c) OpenStreetMap contributors",
    "retrieved": "2026-08-28"
   }
  },
  {
   "type": "Feature",
   "geometry": {
    "type": "LineString",
    "coordinates": [
     [
      84.4401119,
      27.7106673
     ],
     [
      84.4401339,
      27.7106133
     ],
     [
      84.4401744,
      27.7105422
     ],
     [
      84.4404198,
      27.710255
     ],
     [
      84.4408362,
      27.7097137
     ],
     [
      84.4409815,
      27.7094847
     ],
     [
      84.4410783,
      27.7092849
     ],
     [
      84.4411597,
      27.7090765
     ],
     [
      84.4412456,
      27.7087898
     ],
     [
      84.4412864,
      27.7085973
     ],
     [
      84.4413272,
      27.7082607
     ],
     [
      84.4413715,
      27.7077615
     ],
     [
      84.4414343,
      27.7068259
     ],
     [
      84.4414701,
      27.7061231
     ],
     [
      84.4415016,
      27.7056787
     ],
     [
      84.4415241,
      27.7053593
     ],
     [
      84.4415266,
      27.7051168
     ],
     [
      84.4415043,
      27.7045929
     ],
     [
      84.4414814,
      27.704324
     ],
     [
      84.4413253,
      27.7028943
     ],
     [
      84.4412457,
      27.7018876
     ],
     [
      84.4411849,
      27.7011684
     ],
     [
      84.4411333,
      27.7007869
     ],
     [
      84.4410641,
      27.6997158
     ],
     [
      84.4409794,
      27.6984072
     ],
     [
      84.4409475,
      27.6980074
     ],
     [
      84.4409197,
      27.6977491
     ],
     [
      84.4408343,
      27.6967447
     ],
     [
      84.4407914,
      27.6962864
     ],
     [
      84.4406678,
      27.6948247
     ],
     [
      84.4406102,
      27.6940695
     ],
     [
      84.4405418,
      27.693307
     ],
     [
      84.4404411,
      27.6922993
     ],
     [
      84.4404166,
      27.692056
     ],
     [
      84.4403836,
      27.691734
     ],
     [
      84.4403549,
      27.6914536
     ],
     [
      84.4402809,
      27.6905447
     ],
     [
      84.4402131,
      27.6897526
     ],
     [
      84.4402072,
      27.6896988
     ],
     [
      84.4401709,
      27.6893931
     ],
     [
      84.4400313,
      27.6878497
     ],
     [
      84.439981,
      27.6870673
     ],
     [
      84.4399757,
      27.6869842
     ],
     [
      84.4399685,
      27.6869168
     ],
     [
      84.4399258,
      27.6864707
     ],
     [
      84.4398768,
      27.6859216
     ],
     [
      84.4398426,
      27.6855584
     ],
     [
      84.4398043,
      27.6851513
     ],
     [
      84.4397318,
      27.6843278
     ],
     [
      84.4397027,
      27.6840545
     ],
     [
      84.4396298,
      27.6833144
     ],
     [
      84.4395905,
      27.6829158
     ],
     [
      84.4395232,
      27.6820578
     ],
     [
      84.4394598,
      27.6811854
     ],
     [
      84.4394432,
      27.6810249
     ],
     [
      84.4394035,
      27.680606
     ],
     [
      84.4393941,
      27.6805072
     ],
     [
      84.4393515,
      27.6800577
     ],
     [
      84.4393166,
      27.6796493
     ],
     [
      84.4392745,
      27.6791561
     ],
     [
      84.439231,
      27.6786472
     ],
     [
      84.4391914,
      27.678184
     ],
     [
      84.4391525,
      27.6775902
     ],
     [
      84.4390575,
      27.6765423
     ],
     [
      84.439008,
      27.6760181
     ],
     [
      84.4389376,
      27.6751717
     ],
     [
      84.4388261,
      27.6740066
     ],
     [
      84.4387921,
      27.6736907
     ],
     [
      84.4387668,
      27.673276
     ],
     [
      84.43866,
      27.6721696
     ],
     [
      84.4386169,
      27.6717696
     ],
     [
      84.4386037,
      27.6715966
     ],
     [
      84.4385204,
      27.6708691
     ],
     [
      84.4385163,
      27.6708102
     ],
     [
      84.4385215,
      27.670764
     ],
     [
      84.4385416,
      27.6707079
     ],
     [
      84.4385713,
      27.6706622
     ],
     [
      84.4385725,
      27.6706157
     ],
     [
      84.4385635,
      27.6705767
     ],
     [
      84.4385288,
      27.6705378
     ]
    ]
   },
   "properties": {
    "name": "Bypass Road",
    "name_local": "Bypass Road",
    "highway": "trunk",
    "why_it_matters": "A valley road is the route relief arrives on and the route people leave on, and it runs where the river runs because there is nowhere else to put it.",
    "osm_id": "way/44687492",
    "source": "OpenStreetMap via the Overpass API",
    "source_url": "https://www.openstreetmap.org/copyright",
    "licence": "ODbL 1.0, (c) OpenStreetMap contributors",
    "retrieved": "2026-08-28"
   }
  },
  {
   "type": "Feature",
   "geometry": {
    "type": "LineString",
    "coordinates": [
     [
      84.4178528,
      27.7009807
     ],
     [
      84.4173049,
      27.7017304
     ],
     [
      84.417069,
      27.702044
     ],
     [
      84.4170045,
      27.7021233
     ],
     [
      84.4168555,
      27.7023065
     ],
     [
      84.4168374,
      27.7023285
     ],
     [
      84.4166284,
      27.7025561
     ],
     [
      84.4165306,
      27.7026702
     ],
     [
      84.4161831,
      27.7030065
     ],
     [
      84.4160978,
      27.7030728
     ],
     [
      84.4155338,
      27.703495
     ],
     [
      84.4148387,
      27.7039362
     ],
     [
      84.4146165,
      27.7040296
     ],
     [
      84.4144247,
      27.7041145
     ],
     [
      84.4142766,
      27.7041938
     ],
     [
      84.4138521,
      27.7043657
     ],
     [
      84.4136927,
      27.7044183
     ],
     [
      84.4130833,
      27.704584
     ],
     [
      84.4123795,
      27.7047201
     ],
     [
      84.4121271,
      27.704749
     ],
     [
      84.4117738,
      27.7047747
     ],
     [
      84.4114433,
      27.7047988
     ],
     [
      84.4107797,
      27.7048305
     ],
     [
      84.4106937,
      27.7048346
     ],
     [
      84.410436,
      27.7048449
     ],
     [
      84.4102107,
      27.7048539
     ],
     [
      84.4098339,
      27.7048632
     ],
     [
      84.4096619,
      27.7048674
     ],
     [
      84.4096422,
      27.7048679
     ],
     [
      84.4093666,
      27.7048746
     ],
     [
      84.4090707,
      27.7048868
     ],
     [
      84.4084906,
      27.7049107
     ],
     [
      84.407993,
      27.7049312
     ],
     [
      84.4076731,
      27.7049444
     ],
     [
      84.407493,
      27.7049518
     ],
     [
      84.4074333,
      27.7049543
     ],
     [
      84.4072671,
      27.7049611
     ],
     [
      84.4072376,
      27.7049623
     ],
     [
      84.4070307,
      27.7049708
     ],
     [
      84.4070143,
      27.7049715
     ],
     [
      84.4069422,
      27.7049745
     ],
     [
      84.4067437,
      27.7049805
     ],
     [
      84.4065634,
      27.7049909
     ],
     [
      84.4057098,
      27.7050346
     ],
     [
      84.4052838,
      27.7050548
     ],
     [
      84.4050529,
      27.7050658
     ],
     [
      84.404759,
      27.7050797
     ],
     [
      84.4045931,
      27.7050876
     ],
     [
      84.4044629,
      27.7050937
     ],
     [
      84.4040728,
      27.7051122
     ],
     [
      84.4037608,
      27.705127
     ],
     [
      84.4036922,
      27.7051303
     ],
     [
      84.4032931,
      27.7051492
     ],
     [
      84.4030371,
      27.7051613
     ],
     [
      84.4027257,
      27.7051761
     ],
     [
      84.4026543,
      27.7051795
     ],
     [
      84.4024881,
      27.7051874
     ],
     [
      84.4020525,
      27.705208
     ],
     [
      84.4018389,
      27.7052187
     ],
     [
      84.4011409,
      27.7052493
     ],
     [
      84.4009787,
      27.7052566
     ],
     [
      84.4007354,
      27.7052675
     ],
     [
      84.4003199,
      27.7052862
     ],
     [
      84.3997732,
      27.7053107
     ],
     [
      84.3995411,
      27.7053211
     ],
     [
      84.399292,
      27.7053323
     ],
     [
      84.3986079,
      27.705363
     ],
     [
      84.3979623,
      27.705392
     ],
     [
      84.3975298,
      27.7054114
     ],
     [
      84.3973226,
      27.7054207
     ],
     [
      84.3965261,
      27.7054564
     ],
     [
      84.3957603,
      27.70549
     ],
     [
      84.3955464,
      27.7055034
     ],
     [
      84.3945879,
      27.7055547
     ],
     [
      84.394105,
      27.7055795
     ],
     [
      84.3935596,
      27.7056211
     ],
     [
      84.393398,
      27.7056301
     ],
     [
      84.3933402,
      27.7056344
     ],
     [
      84.3928751,
      27.7056721
     ],
     [
      84.3921395,
      27.7057312
     ],
     [
      84.3920617,
      27.7057375
     ],
     [
      84.3917727,
      27.7057607
     ],
     [
      84.3916659,
      27.7057681
     ],
     [
      84.3911191,
      27.7058128
     ],
     [
      84.3908398,
      27.7058357
     ],
     [
      84.3903075,
      27.7058785
     ],
     [
      84.3901627,
      27.7058901
     ],
     [
      84.3894843,
      27.7059447
     ],
     [
      84.3890564,
      27.7059791
     ],
     [
      84.3877627,
      27.7060831
     ],
     [
      84.3870781,
      27.7061414
     ],
     [
      84.3869847,
      27.7061457
     ],
     [
      84.3863264,
      27.7061849
     ],
     [
      84.3856264,
      27.7062054
     ],
     [
      84.3851222,
      27.706195
     ],
     [
      84.3848372,
      27.7061765
     ]
    ]
   },
   "properties": {
    "name": "Mahendra Highway",
    "name_local": "महेन्द्र राज्मार्ग्",
    "highway": "trunk",
    "why_it_matters": "A valley road is the route relief arrives on and the route people leave on, and it runs where the river runs because there is nowhere else to put it.",
    "osm_id": "way/45310599",
    "source": "OpenStreetMap via the Overpass API",
    "source_url": "https://www.openstreetmap.org/copyright",
    "licence": "ODbL 1.0, (c) OpenStreetMap contributors",
    "retrieved": "2026-08-28"
   }
  },
  {
   "type": "Feature",
   "geometry": {
    "type": "LineString",
    "coordinates": [
     [
      84.4202535,
      27.6978406
     ],
     [
      84.4178528,
      27.7009807
     ]
    ]
   },
   "properties": {
    "name": "Mahendra Highway",
    "name_local": "महेन्द्र राज्मार्ग्",
    "highway": "trunk",
    "why_it_matters": "A valley road is the route relief arrives on and the route people leave on, and it runs where the river runs because there is nowhere else to put it.",
    "osm_id": "way/45310600",
    "source": "OpenStreetMap via the Overpass API",
    "source_url": "https://www.openstreetmap.org/copyright",
    "licence": "ODbL 1.0, (c) OpenStreetMap contributors",
    "retrieved": "2026-08-28"
   }
  },
  {
   "type": "Feature",
   "geometry": {
    "type": "LineString",
    "coordinates": [
     [
      85.329936,
      28.154785
     ],
     [
      85.3297706,
      28.1543889
     ],
     [
      85.3296194,
      28.1540573
     ],
     [
      85.329306,
      28.1537209
     ],
     [
      85.3289813,
      28.153429
     ],
     [
      85.3285936,
      28.1532297
     ],
     [
      85.3283912,
      28.1529744
     ],
     [
      85.3281397,
      28.1527188
     ],
     [
      85.3278905,
      28.1523622
     ],
     [
      85.3276924,
      28.1521828
     ],
     [
      85.327608,
      28.1520514
     ],
     [
      85.3276026,
      28.1520204
     ],
     [
      85.327604,
      28.1519497
     ],
     [
      85.327602,
      28.1518906
     ],
     [
      85.3275973,
      28.1518356
     ],
     [
      85.3275909,
      28.1518068
     ],
     [
      85.3275859,
      28.1517996
     ],
     [
      85.3275771,
      28.1517951
     ],
     [
      85.3275624,
      28.1517925
     ],
     [
      85.3274902,
      28.1517902
     ],
     [
      85.3273832,
      28.151719
     ],
     [
      85.3272468,
      28.151576
     ],
     [
      85.3265876,
      28.1507835
     ]
    ]
   },
   "properties": {
    "name": "Pasang Lhamu Highway",
    "name_local": "Pasang Lhamu Highway",
    "highway": "primary",
    "why_it_matters": "A valley road is the route relief arrives on and the route people leave on, and it runs where the river runs because there is nowhere else to put it.",
    "osm_id": "way/84566287",
    "source": "OpenStreetMap via the Overpass API",
    "source_url": "https://www.openstreetmap.org/copyright",
    "licence": "ODbL 1.0, (c) OpenStreetMap contributors",
    "retrieved": "2026-08-28"
   }
  },
  {
   "type": "Feature",
   "geometry": {
    "type": "LineString",
    "coordinates": [
     [
      84.8445672,
      27.8018316
     ],
     [
      84.8445053,
      27.8019177
     ]
    ]
   },
   "properties": {
    "name": "Kalu Pandey Marg",
    "name_local": "Kalu Pandey Marg",
    "highway": "secondary",
    "why_it_matters": "A valley road is the route relief arrives on and the route people leave on, and it runs where the river runs because there is nowhere else to put it.",
    "osm_id": "way/90215231",
    "source": "OpenStreetMap via the Overpass API",
    "source_url": "https://www.openstreetmap.org/copyright",
    "licence": "ODbL 1.0, (c) OpenStreetMap contributors",
    "retrieved": "2026-08-28"
   }
  },
  {
   "type": "Feature",
   "geometry": {
    "type": "LineString",
    "coordinates": [
     [
      84.8438618,
      27.8028976
     ],
     [
      84.8437991,
      27.8029869
     ],
     [
      84.8437509,
      27.8030034
     ],
     [
      84.8436615,
      27.8030107
     ],
     [
      84.8432989,
      27.8029672
     ],
     [
      84.8430622,
      27.8029346
     ],
     [
      84.8427391,
      27.8028975
     ],
     [
      84.8424694,
      27.8028935
     ],
     [
      84.842122,
      27.8029835
     ],
     [
      84.8420763,
      27.8030095
     ],
     [
      84.8420595,
      27.8030432
     ],
     [
      84.8420444,
      27.8030966
     ],
     [
      84.8420566,
      27.8031385
     ],
     [
      84.8420946,
      27.8031739
     ],
     [
      84.8421327,
      27.8031891
     ],
     [
      84.8422254,
      27.8031813
     ],
     [
      84.8423729,
      27.8031505
     ],
     [
      84.8425794,
      27.8031742
     ],
     [
      84.842778,
      27.8032353
     ],
     [
      84.8431023,
      27.8032884
     ],
     [
      84.843386,
      27.8033668
     ],
     [
      84.8434493,
      27.8033958
     ],
     [
      84.8434809,
      27.8034247
     ],
     [
      84.8435068,
      27.803475
     ],
     [
      84.8435113,
      27.8035326
     ],
     [
      84.8434813,
      27.8036745
     ],
     [
      84.8434365,
      27.8037659
     ],
     [
      84.8433647,
      27.8038497
     ],
     [
      84.8431733,
      27.8039886
     ],
     [
      84.8429825,
      27.8041241
     ],
     [
      84.8426606,
      27.8043799
     ],
     [
      84.8425289,
      27.8045072
     ],
     [
      84.8424401,
      27.8046214
     ],
     [
      84.8418137,
      27.805703
     ],
     [
      84.8415729,
      27.8061635
     ],
     [
      84.841351,
      27.8065729
     ],
     [
      84.8411237,
      27.8069326
     ],
     [
      84.8409366,
      27.8072638
     ],
     [
      84.8408101,
      27.8075104
     ],
     [
      84.8407118,
      27.8077713
     ],
     [
      84.8405258,
      27.8083477
     ],
     [
      84.840437,
      27.8085373
     ],
     [
      84.8403217,
      27.8088112
     ],
     [
      84.8402272,
      27.8090867
     ],
     [
      84.8401331,
      27.80926
     ],
     [
      84.8399719,
      27.8095541
     ],
     [
      84.8398807,
      27.8098461
     ],
     [
      84.8398103,
      27.8102288
     ],
     [
      84.8397805,
      27.8104138
     ],
     [
      84.8397647,
      27.8106732
     ],
     [
      84.8398372,
      27.8109929
     ],
     [
      84.8398245,
      27.8112419
     ],
     [
      84.839847,
      27.8114
     ],
     [
      84.8399169,
      27.8115346
     ],
     [
      84.8399891,
      27.8116086
     ],
     [
      84.8402516,
      27.8117769
     ],
     [
      84.8402745,
      27.8118845
     ],
     [
      84.8402098,
      27.811935
     ],
     [
      84.8400196,
      27.8119687
     ],
     [
      84.8398674,
      27.8119922
     ],
     [
      84.8396772,
      27.8120427
     ],
     [
      84.8395745,
      27.8121066
     ],
     [
      84.8395593,
      27.8122513
     ],
     [
      84.8396772,
      27.8130521
     ],
     [
      84.8397495,
      27.8131295
     ],
     [
      84.8398218,
      27.8131564
     ],
     [
      84.8399587,
      27.8132001
     ],
     [
      84.8400995,
      27.8132304
     ],
     [
      84.8402136,
      27.8132843
     ],
     [
      84.8403353,
      27.8133549
     ],
     [
      84.8404571,
      27.8133751
     ],
     [
      84.8405788,
      27.8133953
     ],
     [
      84.8407652,
      27.8134222
     ],
     [
      84.8411494,
      27.8136376
     ],
     [
      84.8413054,
      27.8137318
     ],
     [
      84.8415146,
      27.813762
     ],
     [
      84.8418532,
      27.8137991
     ],
     [
      84.8421195,
      27.8138058
     ],
     [
      84.8424048,
      27.8138226
     ],
     [
      84.8426026,
      27.8138361
     ],
     [
      84.8426787,
      27.8138529
     ],
     [
      84.8430173,
      27.8139471
     ],
     [
      84.8430515,
      27.8140985
     ],
     [
      84.84312,
      27.8142196
     ],
     [
      84.8433292,
      27.814361
     ],
     [
      84.8434433,
      27.8144081
     ],
     [
      84.8435689,
      27.8144787
     ],
     [
      84.843664,
      27.8145965
     ],
     [
      84.8437439,
      27.8146671
     ],
     [
      84.8439759,
      27.814795
     ],
     [
      84.8440596,
      27.8148253
     ],
     [
      84.8441699,
      27.8148892
     ],
     [
      84.8442042,
      27.815007
     ],
     [
      84.844227,
      27.8151079
     ],
     [
      84.8443107,
      27.8154612
     ],
     [
      84.8444286,
      27.8155218
     ],
     [
      84.844558,
      27.8155319
     ],
     [
      84.8446074,
      27.8155487
     ],
     [
      84.8447025,
      27.8156059
     ],
     [
      84.8448547,
      27.8158347
     ],
     [
      84.8449003,
      27.8159962
     ],
     [
      84.8449194,
      27.8161442
     ],
     [
      84.8449574,
      27.8163562
     ],
     [
      84.8452123,
      27.8169652
     ],
     [
      84.8452694,
      27.81749
     ],
     [
      84.8453293,
      27.8180416
     ],
     [
      84.8452326,
      27.8181454
     ],
     [
      84.8451539,
      27.8182298
     ],
     [
      84.8450388,
      27.8182396
     ],
     [
      84.8449012,
      27.8182513
     ],
     [
      84.8446364,
      27.8182713
     ],
     [
      84.8445032,
      27.8183419
     ],
     [
      84.8443206,
      27.8186212
     ],
     [
      84.8441893,
      27.8187195
     ],
     [
      84.8441228,
      27.8187692
     ],
     [
      84.843963,
      27.8188264
     ],
     [
      84.8438527,
      27.8190014
     ],
     [
      84.843903,
      27.8191934
     ],
     [
      84.843956,
      27.8193174
     ],
     [
      84.8440104,
      27.8195312
     ],
     [
      84.8440486,
      27.8197394
     ],
     [
      84.8440391,
      27.8198775
     ],
     [
      84.8440578,
      27.8199566
     ],
     [
      84.8441702,
      27.819998
     ],
     [
      84.8443121,
      27.8200072
     ],
     [
      84.8445434,
      27.8199359
     ],
     [
      84.8445804,
      27.8199214
     ],
     [
      84.8447638,
      27.8198237
     ],
     [
      84.8449631,
      27.8197884
     ],
     [
      84.8450492,
      27.8198217
     ],
     [
      84.8451245,
      27.8199168
     ],
     [
      84.8451191,
      27.8200453
     ],
     [
      84.8449469,
      27.8202309
     ],
     [
      84.8448017,
      27.8203308
     ],
     [
      84.8446887,
      27.820445
     ],
     [
      84.844651,
      27.8205497
     ],
     [
      84.844651,
      27.8207257
     ],
     [
      84.8446726,
      27.8208494
     ],
     [
      84.8447855,
      27.8211111
     ],
     [
      84.8452029,
      27.8216444
     ],
     [
      84.8452675,
      27.8220107
     ],
     [
      84.8453482,
      27.8223438
     ],
     [
      84.8454397,
      27.8227863
     ],
     [
      84.8456118,
      27.8228862
     ],
     [
      84.8457571,
      27.8229861
     ],
     [
      84.8458862,
      27.8230908
     ],
     [
      84.8459454,
      27.8232383
     ],
     [
      84.8459777,
      27.8234524
     ],
     [
      84.8458701,
      27.8235856
     ],
     [
      84.8458055,
      27.8236855
     ],
     [
      84.8458055,
      27.8238283
     ],
     [
      84.8458432,
      27.8240329
     ],
     [
      84.8458916,
      27.8241566
     ],
     [
      84.845983,
      27.8241851
     ],
     [
      84.8460906,
      27.8242041
     ],
     [
      84.8463327,
      27.8243564
     ],
     [
      84.8467793,
      27.8245895
     ],
     [
      84.8469514,
      27.8246276
     ],
     [
      84.8471343,
      27.8246561
     ],
     [
      84.8475002,
      27.8246276
     ],
     [
      84.8476454,
      27.8246657
     ],
     [
      84.8477584,
      27.824699
     ],
     [
      84.8478176,
      27.8247894
     ],
     [
      84.8478014,
      27.8248845
     ],
     [
      84.8476131,
      27.8250177
     ],
     [
      84.8474141,
      27.8250273
     ],
     [
      84.8471397,
      27.825032
     ],
     [
      84.8468546,
      27.8250177
     ],
     [
      84.8465641,
      27.8250273
     ],
     [
      84.8463919,
      27.8250748
     ],
     [
      84.8461337,
      27.8251605
     ],
     [
      84.8459723,
      27.8252604
     ],
     [
      84.8460261,
      27.8257076
     ],
     [
      84.8462413,
      27.8261121
     ],
     [
      84.8463327,
      27.8262643
     ],
     [
      84.8464242,
      27.8264166
     ],
     [
      84.8464618,
      27.8265593
     ],
     [
      84.8464349,
      27.8266878
     ],
     [
      84.8463596,
      27.8267211
     ],
     [
      84.8458465,
      27.8272049
     ],
     [
      84.845672,
      27.8273796
     ],
     [
      84.8452715,
      27.8292988
     ],
     [
      84.8454393,
      27.8297296
     ],
     [
      84.8453501,
      27.8308929
     ],
     [
      84.845993,
      27.8323864
     ],
     [
      84.8464955,
      27.8328971
     ],
     [
      84.8468138,
      27.8329027
     ],
     [
      84.8471066,
      27.8330172
     ],
     [
      84.8473294,
      27.8330791
     ],
     [
      84.8475838,
      27.8332922
     ],
     [
      84.8477898,
      27.833597
     ],
     [
      84.8478474,
      27.834001
     ],
     [
      84.8478323,
      27.8345352
     ],
     [
      84.8481992,
      27.8347935
     ],
     [
      84.8483115,
      27.8348727
     ],
     [
      84.8482834,
      27.8351577
     ],
     [
      84.8484684,
      27.836478
     ],
     [
      84.848006,
      27.8371932
     ],
     [
      84.8478177,
      27.8378973
     ],
     [
      84.8472014,
      27.8384977
     ],
     [
      84.8464943,
      27.8395956
     ],
     [
      84.8459939,
      27.8401617
     ],
     [
      84.8457102,
      27.8408681
     ],
     [
      84.8454344,
      27.8412797
     ],
     [
      84.8454162,
      27.8414904
     ],
     [
      84.8456927,
      27.8424214
     ]
    ]
   },
   "properties": {
    "name": "Kalu Pandey Highway",
    "name_local": "Kalu Pandey Highway",
    "highway": "secondary",
    "why_it_matters": "A valley road is the route relief arrives on and the route people leave on, and it runs where the river runs because there is nowhere else to put it.",
    "osm_id": "way/90215232",
    "source": "OpenStreetMap via the Overpass API",
    "source_url": "https://www.openstreetmap.org/copyright",
    "licence": "ODbL 1.0, (c) OpenStreetMap contributors",
    "retrieved": "2026-08-28"
   }
  },
  {
   "type": "Feature",
   "geometry": {
    "type": "LineString",
    "coordinates": [
     [
      84.4210181,
      27.6968476
     ],
     [
      84.4208701,
      27.6970226
     ],
     [
      84.4207781,
      27.6971452
     ],
     [
      84.4204447,
      27.6975917
     ],
     [
      84.4202535,
      27.6978406
     ]
    ]
   },
   "properties": {
    "name": "Mahendra Highway",
    "name_local": "महेन्द्र राज्मार्ग्",
    "highway": "trunk",
    "why_it_matters": "A valley road is the route relief arrives on and the route people leave on, and it runs where the river runs because there is nowhere else to put it.",
    "osm_id": "way/118505047",
    "source": "OpenStreetMap via the Overpass API",
    "source_url": "https://www.openstreetmap.org/copyright",
    "licence": "ODbL 1.0, (c) OpenStreetMap contributors",
    "retrieved": "2026-08-28"
   }
  },
  {
   "type": "Feature",
   "geometry": {
    "type": "LineString",
    "coordinates": [
     [
      84.4398553,
      27.7106566
     ],
     [
      84.4397711,
      27.7105637
     ],
     [
      84.4397276,
      27.7105141
     ],
     [
      84.4394569,
      27.7102059
     ],
     [
      84.437747,
      27.7082584
     ],
     [
      84.4363508,
      27.7067076
     ],
     [
      84.435328,
      27.7055782
     ],
     [
      84.4343547,
      27.7045078
     ],
     [
      84.4341831,
      27.7043113
     ],
     [
      84.4341616,
      27.7042789
     ],
     [
      84.4340348,
      27.7041338
     ]
    ]
   },
   "properties": {
    "name": "Bharatpur-Mugling Highway",
    "name_local": "Bharatpur-Mugling Highway",
    "highway": "secondary",
    "why_it_matters": "A valley road is the route relief arrives on and the route people leave on, and it runs where the river runs because there is nowhere else to put it.",
    "osm_id": "way/118505088",
    "source": "OpenStreetMap via the Overpass API",
    "source_url": "https://www.openstreetmap.org/copyright",
    "licence": "ODbL 1.0, (c) OpenStreetMap contributors",
    "retrieved": "2026-08-28"
   }
  },
  {
   "type": "Feature",
   "geometry": {
    "type": "LineString",
    "coordinates": [
     [
      84.4268586,
      27.6897367
     ],
     [
      84.4265212,
      27.6901325
     ],
     [
      84.4263287,
      27.6903629
     ],
     [
      84.4259085,
      27.6908499
     ],
     [
      84.4255272,
      27.6912997
     ],
     [
      84.425384,
      27.6914659
     ],
     [
      84.4251909,
      27.6916783
     ],
     [
      84.4250009,
      27.6919009
     ],
     [
      84.4247612,
      27.6921705
     ]
    ]
   },
   "properties": {
    "name": "Mahendra Highway",
    "name_local": "महेन्द्र राज्मार्ग्",
    "highway": "trunk",
    "why_it_matters": "A valley road is the route relief arrives on and the route people leave on, and it runs where the river runs because there is nowhere else to put it.",
    "osm_id": "way/119773481",
    "source": "OpenStreetMap via the Overpass API",
    "source_url": "https://www.openstreetmap.org/copyright",
    "licence": "ODbL 1.0, (c) OpenStreetMap contributors",
    "retrieved": "2026-08-28"
   }
  },
  {
   "type": "Feature",
   "geometry": {
    "type": "LineString",
    "coordinates": [
     [
      84.4448184,
      27.8204812
     ],
     [
      84.4445407,
      27.8200954
     ]
    ]
   },
   "properties": {
    "name": "Bhorle Bridge",
    "name_local": "भोर्ले पुल",
    "highway": "trunk",
    "why_it_matters": "A valley road is the route relief arrives on and the route people leave on, and it runs where the river runs because there is nowhere else to put it.",
    "osm_id": "way/140332458",
    "source": "OpenStreetMap via the Overpass API",
    "source_url": "https://www.openstreetmap.org/copyright",
    "licence": "ODbL 1.0, (c) OpenStreetMap contributors",
    "retrieved": "2026-08-28"
   }
  },
  {
   "type": "Feature",
   "geometry": {
    "type": "LineString",
    "coordinates": [
     [
      84.7496396,
      27.8029155
     ],
     [
      84.75025,
      27.8029709
     ]
    ]
   },
   "properties": {
    "name": "Charaudi Khola",
    "name_local": "Prithvi Rajmarg",
    "highway": "trunk",
    "why_it_matters": "A valley road is the route relief arrives on and the route people leave on, and it runs where the river runs because there is nowhere else to put it.",
    "osm_id": "way/140332459",
    "source": "OpenStreetMap via the Overpass API",
    "source_url": "https://www.openstreetmap.org/copyright",
    "licence": "ODbL 1.0, (c) OpenStreetMap contributors",
    "retrieved": "2026-08-28"
   }
  },
  {
   "type": "Feature",
   "geometry": {
    "type": "LineString",
    "coordinates": [
     [
      84.5590585,
      27.8476063
     ],
     [
      84.5592061,
      27.8471683
     ]
    ]
   },
   "properties": {
    "name": "Chinsengi khola Bridge",
    "name_local": "Chinsengi khola Bridge",
    "highway": "trunk",
    "why_it_matters": "A valley road is the route relief arrives on and the route people leave on, and it runs where the river runs because there is nowhere else to put it.",
    "osm_id": "way/140332460",
    "source": "OpenStreetMap via the Overpass API",
    "source_url": "https://www.openstreetmap.org/copyright",
    "licence": "ODbL 1.0, (c) OpenStreetMap contributors",
    "retrieved": "2026-08-28"
   }
  },
  {
   "type": "Feature",
   "geometry": {
    "type": "LineString",
    "coordinates": [
     [
      84.9684274,
      27.8069635
     ],
     [
      84.9682028,
      27.8065369
     ]
    ]
   },
   "properties": {
    "name": "Prithvi Highway",
    "name_local": "Prithvi Rajmarg",
    "highway": "trunk",
    "why_it_matters": "A valley road is the route relief arrives on and the route people leave on, and it runs where the river runs because there is nowhere else to put it.",
    "osm_id": "way/140332461",
    "source": "OpenStreetMap via the Overpass API",
    "source_url": "https://www.openstreetmap.org/copyright",
    "licence": "ODbL 1.0, (c) OpenStreetMap contributors",
    "retrieved": "2026-08-28"
   }
  },
  {
   "type": "Feature",
   "geometry": {
    "type": "LineString",
    "coordinates": [
     [
      84.6338389,
      27.861071
     ],
     [
      84.6340409,
      27.8607968
     ]
    ]
   },
   "properties": {
    "name": "Dahki khola",
    "name_local": "Dahki khola",
    "highway": "trunk",
    "why_it_matters": "A valley road is the route relief arrives on and the route people leave on, and it runs where the river runs because there is nowhere else to put it.",
    "osm_id": "way/140332462",
    "source": "OpenStreetMap via the Overpass API",
    "source_url": "https://www.openstreetmap.org/copyright",
    "licence": "ODbL 1.0, (c) OpenStreetMap contributors",
    "retrieved": "2026-08-28"
   }
  },
  {
   "type": "Feature",
   "geometry": {
    "type": "LineString",
    "coordinates": [
     [
      84.4529763,
      27.779262
     ],
     [
      84.4534206,
      27.7790729
     ]
    ]
   },
   "properties": {
    "name": "Dasdhunga Bridge",
    "name_local": "दासढुंगा पुल",
    "highway": "trunk",
    "why_it_matters": "A valley road is the route relief arrives on and the route people leave on, and it runs where the river runs because there is nowhere else to put it.",
    "osm_id": "way/140332464",
    "source": "OpenStreetMap via the Overpass API",
    "source_url": "https://www.openstreetmap.org/copyright",
    "licence": "ODbL 1.0, (c) OpenStreetMap contributors",
    "retrieved": "2026-08-28"
   }
  },
  {
   "type": "Feature",
   "geometry": {
    "type": "LineString",
    "coordinates": [
     [
      84.4666909,
      27.8190488
     ],
     [
      84.4664485,
      27.8188182
     ]
    ]
   },
   "properties": {
    "name": "Dumpe khola",
    "name_local": "Dumpe khola",
    "highway": "trunk",
    "why_it_matters": "A valley road is the route relief arrives on and the route people leave on, and it runs where the river runs because there is nowhere else to put it.",
    "osm_id": "way/140332465",
    "source": "OpenStreetMap via the Overpass API",
    "source_url": "https://www.openstreetmap.org/copyright",
    "licence": "ODbL 1.0, (c) OpenStreetMap contributors",
    "retrieved": "2026-08-28"
   }
  },
  {
   "type": "Feature",
   "geometry": {
    "type": "LineString",
    "coordinates": [
     [
      84.8896744,
      27.8073724
     ],
     [
      84.8900492,
      27.8073938
     ]
    ]
   },
   "properties": {
    "name": "Galaundi khola",
    "name_local": "Galaundi khola",
    "highway": "trunk",
    "why_it_matters": "A valley road is the route relief arrives on and the route people leave on, and it runs where the river runs because there is nowhere else to put it.",
    "osm_id": "way/140332466",
    "source": "OpenStreetMap via the Overpass API",
    "source_url": "https://www.openstreetmap.org/copyright",
    "licence": "ODbL 1.0, (c) OpenStreetMap contributors",
    "retrieved": "2026-08-28"
   }
  },
  {
   "type": "Feature",
   "geometry": {
    "type": "LineString",
    "coordinates": [
     [
      84.9943147,
      27.7975777
     ],
     [
      84.9943641,
      27.7972978
     ]
    ]
   },
   "properties": {
    "name": "Prithvi Highway",
    "name_local": "Prithvi Rajmarg",
    "highway": "trunk",
    "why_it_matters": "A valley road is the route relief arrives on and the route people leave on, and it runs where the river runs because there is nowhere else to put it.",
    "osm_id": "way/140332468",
    "source": "OpenStreetMap via the Overpass API",
    "source_url": "https://www.openstreetmap.org/copyright",
    "licence": "ODbL 1.0, (c) OpenStreetMap contributors",
    "retrieved": "2026-08-28"
   }
  },
  {
   "type": "Feature",
   "geometry": {
    "type": "LineString",
    "coordinates": [
     [
      84.7877091,
      27.8123622
     ],
     [
      84.7878676,
      27.812285
     ],
     [
      84.7879461,
      27.8122469
     ],
     [
      84.7881651,
      27.8121451
     ]
    ]
   },
   "properties": {
    "name": "Prithvi Rajmarga",
    "name_local": "Gomati Bridge",
    "highway": "trunk",
    "why_it_matters": "A valley road is the route relief arrives on and the route people leave on, and it runs where the river runs because there is nowhere else to put it.",
    "osm_id": "way/140332470",
    "source": "OpenStreetMap via the Overpass API",
    "source_url": "https://www.openstreetmap.org/copyright",
    "licence": "ODbL 1.0, (c) OpenStreetMap contributors",
    "retrieved": "2026-08-28"
   }
  },
  {
   "type": "Feature",
   "geometry": {
    "type": "LineString",
    "coordinates": [
     [
      84.4645003,
      27.7724978
     ],
     [
      84.4641398,
      27.7727275
     ]
    ]
   },
   "properties": {
    "name": "Khahare Bridge",
    "name_local": "Khahare Bridge",
    "highway": "trunk",
    "why_it_matters": "A valley road is the route relief arrives on and the route people leave on, and it runs where the river runs because there is nowhere else to put it.",
    "osm_id": "way/140332471",
    "source": "OpenStreetMap via the Overpass API",
    "source_url": "https://www.openstreetmap.org/copyright",
    "licence": "ODbL 1.0, (c) OpenStreetMap contributors",
    "retrieved": "2026-08-28"
   }
  },
  {
   "type": "Feature",
   "geometry": {
    "type": "LineString",
    "coordinates": [
     [
      84.5214765,
      27.8257729
     ],
     [
      84.521499,
      27.825064
     ]
    ]
   },
   "properties": {
    "name": "Jalbire Bridge",
    "name_local": "Jalbire Bridge",
    "highway": "trunk",
    "why_it_matters": "A valley road is the route relief arrives on and the route people leave on, and it runs where the river runs because there is nowhere else to put it.",
    "osm_id": "way/140332472",
    "source": "OpenStreetMap via the Overpass API",
    "source_url": "https://www.openstreetmap.org/copyright",
    "licence": "ODbL 1.0, (c) OpenStreetMap contributors",
    "retrieved": "2026-08-28"
   }
  },
  {
   "type": "Feature",
   "geometry": {
    "type": "LineString",
    "coordinates": [
     [
      84.5531011,
      27.8339375
     ],
     [
      84.5524844,
      27.8334876
     ]
    ]
   },
   "properties": {
    "name": "Kali khola",
    "name_local": "Kali khola",
    "highway": "trunk",
    "why_it_matters": "A valley road is the route relief arrives on and the route people leave on, and it runs where the river runs because there is nowhere else to put it.",
    "osm_id": "way/140332474",
    "source": "OpenStreetMap via the Overpass API",
    "source_url": "https://www.openstreetmap.org/copyright",
    "licence": "ODbL 1.0, (c) OpenStreetMap contributors",
    "retrieved": "2026-08-28"
   }
  },
  {
   "type": "Feature",
   "geometry": {
    "type": "LineString",
    "coordinates": [
     [
      84.4316772,
      27.8019353
     ],
     [
      84.4316432,
      27.8023545
     ]
    ]
   },
   "properties": {
    "name": "Khani khola",
    "name_local": "Khani khola",
    "highway": "trunk",
    "why_it_matters": "A valley road is the route relief arrives on and the route people leave on, and it runs where the river runs because there is nowhere else to put it.",
    "osm_id": "way/140332475",
    "source": "OpenStreetMap via the Overpass API",
    "source_url": "https://www.openstreetmap.org/copyright",
    "licence": "ODbL 1.0, (c) OpenStreetMap contributors",
    "retrieved": "2026-08-28"
   }
  },
  {
   "type": "Feature",
   "geometry": {
    "type": "LineString",
    "coordinates": [
     [
      84.4408866,
      27.7794857
     ],
     [
      84.4415064,
      27.7794882
     ]
    ]
   },
   "properties": {
    "name": "Khor",
    "name_local": "Khor",
    "highway": "trunk",
    "why_it_matters": "A valley road is the route relief arrives on and the route people leave on, and it runs where the river runs because there is nowhere else to put it.",
    "osm_id": "way/140332477",
    "source": "OpenStreetMap via the Overpass API",
    "source_url": "https://www.openstreetmap.org/copyright",
    "licence": "ODbL 1.0, (c) OpenStreetMap contributors",
    "retrieved": "2026-08-28"
   }
  },
  {
   "type": "Feature",
   "geometry": {
    "type": "LineString",
    "coordinates": [
     [
      84.4320804,
      27.7986447
     ],
     [
      84.4318578,
      27.798342
     ]
    ]
   },
   "properties": {
    "name": "Lamnbauluwa Bridge",
    "name_local": "लामुबालुवा पुल",
    "highway": "trunk",
    "why_it_matters": "A valley road is the route relief arrives on and the route people leave on, and it runs where the river runs because there is nowhere else to put it.",
    "osm_id": "way/140332480",
    "source": "OpenStreetMap via the Overpass API",
    "source_url": "https://www.openstreetmap.org/copyright",
    "licence": "ODbL 1.0, (c) OpenStreetMap contributors",
    "retrieved": "2026-08-28"
   }
  },
  {
   "type": "Feature",
   "geometry": {
    "type": "LineString",
    "coordinates": [
     [
      84.8351833,
      27.8073006
     ],
     [
      84.835559,
      27.8067934
     ]
    ]
   },
   "properties": {
    "name": "Prithvi Rajmarg",
    "name_local": "Prithvi Rajmarg",
    "highway": "trunk",
    "why_it_matters": "A valley road is the route relief arrives on and the route people leave on, and it runs where the river runs because there is nowhere else to put it.",
    "osm_id": "way/140332481",
    "source": "OpenStreetMap via the Overpass API",
    "source_url": "https://www.openstreetmap.org/copyright",
    "licence": "ODbL 1.0, (c) OpenStreetMap contributors",
    "retrieved": "2026-08-28"
   }
  },
  {
   "type": "Feature",
   "geometry": {
    "type": "LineString",
    "coordinates": [
     [
      84.463142,
      27.8176167
     ],
     [
      84.4629684,
      27.8176723
     ],
     [
      84.4627952,
      27.8177183
     ]
    ]
   },
   "properties": {
    "name": "Mauree Bridge",
    "name_local": "मौरी पुल",
    "highway": "trunk",
    "why_it_matters": "A valley road is the route relief arrives on and the route people leave on, and it runs where the river runs because there is nowhere else to put it.",
    "osm_id": "way/140332482",
    "source": "OpenStreetMap via the Overpass API",
    "source_url": "https://www.openstreetmap.org/copyright",
    "licence": "ODbL 1.0, (c) OpenStreetMap contributors",
    "retrieved": "2026-08-28"
   }
  },
  {
   "type": "Feature",
   "geometry": {
    "type": "LineString",
    "coordinates": [
     [
      84.5765049,
      27.8632721
     ],
     [
      84.576751,
      27.8633322
     ],
     [
      84.5769514,
      27.863409
     ]
    ]
   },
   "properties": {
    "name": "Nagdi khola",
    "name_local": "Nagdi khola",
    "highway": "trunk",
    "why_it_matters": "A valley road is the route relief arrives on and the route people leave on, and it runs where the river runs because there is nowhere else to put it.",
    "osm_id": "way/140332484",
    "source": "OpenStreetMap via the Overpass API",
    "source_url": "https://www.openstreetmap.org/copyright",
    "licence": "ODbL 1.0, (c) OpenStreetMap contributors",
    "retrieved": "2026-08-28"
   }
  },
  {
   "type": "Feature",
   "geometry": {
    "type": "LineString",
    "coordinates": [
     [
      84.5472799,
      27.8308706
     ],
     [
      84.5468332,
      27.8308511
     ]
    ]
   },
   "properties": {
    "name": "Namsi khola",
    "name_local": "Namsi khola",
    "highway": "trunk",
    "why_it_matters": "A valley road is the route relief arrives on and the route people leave on, and it runs where the river runs because there is nowhere else to put it.",
    "osm_id": "way/140332485",
    "source": "OpenStreetMap via the Overpass API",
    "source_url": "https://www.openstreetmap.org/copyright",
    "licence": "ODbL 1.0, (c) OpenStreetMap contributors",
    "retrieved": "2026-08-28"
   }
  },
  {
   "type": "Feature",
   "geometry": {
    "type": "LineString",
    "coordinates": [
     [
      84.9165896,
      27.7999594
     ],
     [
      84.9168833,
      27.7998214
     ]
    ]
   },
   "properties": {
    "name": "Pokhare khola",
    "name_local": "Pokhare khola",
    "highway": "trunk",
    "why_it_matters": "A valley road is the route relief arrives on and the route people leave on, and it runs where the river runs because there is nowhere else to put it.",
    "osm_id": "way/140332488",
    "source": "OpenStreetMap via the Overpass API",
    "source_url": "https://www.openstreetmap.org/copyright",
    "licence": "ODbL 1.0, (c) OpenStreetMap contributors",
    "retrieved": "2026-08-28"
   }
  },
  {
   "type": "Feature",
   "geometry": {
    "type": "LineString",
    "coordinates": [
     [
      84.6306829,
      27.8682028
     ],
     [
      84.6308532,
      27.8681409
     ],
     [
      84.6310536,
      27.8680292
     ],
     [
      84.6311589,
      27.8679464
     ],
     [
      84.6312222,
      27.8678787
     ],
     [
      84.6312712,
      27.8677975
     ],
     [
      84.6313202,
      27.8676874
     ],
     [
      84.6314088,
      27.8674882
     ],
     [
      84.6315735,
      27.867087
     ],
     [
      84.6315991,
      27.8670243
     ],
     [
      84.6316561,
      27.8668226
     ],
     [
      84.6317476,
      27.8663676
     ],
     [
      84.6317926,
      27.8661378
     ],
     [
      84.631804,
      27.8660032
     ],
     [
      84.631811,
      27.8658353
     ],
     [
      84.6318109,
      27.8657428
     ],
     [
      84.6317866,
      27.8654697
     ],
     [
      84.6317977,
      27.8653834
     ],
     [
      84.6318171,
      27.865329
     ],
     [
      84.6318549,
      27.8652684
     ],
     [
      84.6320114,
      27.8651164
     ],
     [
      84.6320623,
      27.8650587
     ],
     [
      84.6320955,
      27.8649985
     ],
     [
      84.6321114,
      27.8649195
     ],
     [
      84.632106,
      27.8648538
     ],
     [
      84.6320775,
      27.8647463
     ],
     [
      84.6320094,
      27.8645937
     ],
     [
      84.6319167,
      27.8643791
     ],
     [
      84.6318783,
      27.8642219
     ],
     [
      84.631874,
      27.8641065
     ],
     [
      84.631882,
      27.8639792
     ],
     [
      84.6319082,
      27.8638672
     ],
     [
      84.6321028,
      27.863424
     ],
     [
      84.6321354,
      27.8633041
     ],
     [
      84.6321776,
      27.8629678
     ],
     [
      84.6322102,
      27.8627749
     ],
     [
      84.6322609,
      27.8626396
     ],
     [
      84.6323479,
      27.8624925
     ],
     [
      84.63245,
      27.8623722
     ],
     [
      84.6326378,
      27.8621682
     ],
     [
      84.6327381,
      27.8620444
     ],
     [
      84.6329712,
      27.8616591
     ],
     [
      84.6331033,
      27.8614687
     ],
     [
      84.6332914,
      27.8613548
     ],
     [
      84.6336001,
      27.8612922
     ],
     [
      84.6337484,
      27.8612282
     ],
     [
      84.6338389,
      27.861071
     ]
    ]
   },
   "properties": {
    "name": "Prithvi Rajmarg",
    "name_local": "Prithvi Rajmarg",
    "highway": "trunk",
    "why_it_matters": "A valley road is the route relief arrives on and the route people leave on, and it runs where the river runs because there is nowhere else to put it.",
    "osm_id": "way/140332489",
    "source": "OpenStreetMap via the Overpass API",
    "source_url": "https://www.openstreetmap.org/copyright",
    "licence": "ODbL 1.0, (c) OpenStreetMap contributors",
    "retrieved": "2026-08-28"
   }
  },
  {
   "type": "Feature",
   "geometry": {
    "type": "LineString",
    "coordinates": [
     [
      84.7250393,
      27.7977441
     ],
     [
      84.725456,
      27.7975487
     ],
     [
      84.7258156,
      27.7973958
     ],
     [
      84.7259648,
      27.7973136
     ],
     [
      84.7260505,
      27.7972521
     ],
     [
      84.7261067,
      27.7971834
     ],
     [
      84.726156,
      27.7970969
     ],
     [
      84.7262366,
      27.7969891
     ],
     [
      84.7262488,
      27.7969021
     ],
     [
      84.7263023,
      27.7967269
     ],
     [
      84.7264262,
      27.7965999
     ],
     [
      84.7265434,
      27.796521
     ],
     [
      84.726637,
      27.7964914
     ],
     [
      84.7267069,
      27.7964707
     ],
     [
      84.7267943,
      27.7964525
     ],
     [
      84.7268928,
      27.7964423
     ],
     [
      84.7270883,
      27.7964544
     ],
     [
      84.727235,
      27.7964557
     ],
     [
      84.7273483,
      27.7964517
     ],
     [
      84.7275744,
      27.7964327
     ],
     [
      84.727617,
      27.7964266
     ],
     [
      84.7276837,
      27.7964125
     ],
     [
      84.727744,
      27.7963805
     ],
     [
      84.7278272,
      27.7963129
     ],
     [
      84.7280194,
      27.796188
     ],
     [
      84.728192,
      27.7960779
     ],
     [
      84.7283249,
      27.795995
     ],
     [
      84.7284303,
      27.7959269
     ],
     [
      84.7289022,
      27.7956299
     ],
     [
      84.7290292,
      27.7955456
     ],
     [
      84.7292917,
      27.7954403
     ],
     [
      84.7297104,
      27.795271
     ],
     [
      84.7300691,
      27.795101
     ],
     [
      84.7303122,
      27.7950114
     ],
     [
      84.7305858,
      27.7948951
     ],
     [
      84.7308186,
      27.794791
     ],
     [
      84.7310885,
      27.7947425
     ],
     [
      84.7313288,
      27.7947279
     ],
     [
      84.731618,
      27.7947582
     ],
     [
      84.7318584,
      27.7948139
     ],
     [
      84.7319951,
      27.7948597
     ],
     [
      84.7320901,
      27.7948921
     ],
     [
      84.7323901,
      27.7949924
     ],
     [
      84.7325737,
      27.7950693
     ],
     [
      84.7328527,
      27.7951841
     ],
     [
      84.7330068,
      27.7952646
     ],
     [
      84.7331399,
      27.7953416
     ],
     [
      84.7332978,
      27.7954681
     ],
     [
      84.7334623,
      27.7956075
     ],
     [
      84.7337696,
      27.7958513
     ],
     [
      84.7340718,
      27.7961025
     ],
     [
      84.7341263,
      27.7961622
     ],
     [
      84.7341773,
      27.7962203
     ],
     [
      84.734247,
      27.7963081
     ],
     [
      84.7343087,
      27.7964018
     ],
     [
      84.7343422,
      27.7964599
     ],
     [
      84.7343718,
      27.796511
     ],
     [
      84.7344388,
      27.7965999
     ],
     [
      84.7344777,
      27.7966474
     ],
     [
      84.7345216,
      27.796689
     ],
     [
      84.7345833,
      27.7967546
     ],
     [
      84.7346333,
      27.7968004
     ],
     [
      84.7346948,
      27.7968549
     ],
     [
      84.7347392,
      27.7968935
     ],
     [
      84.7347852,
      27.7969225
     ],
     [
      84.734917,
      27.7969872
     ],
     [
      84.734988,
      27.7970181
     ],
     [
      84.7350654,
      27.7970417
     ],
     [
      84.7351275,
      27.7970608
     ],
     [
      84.7351892,
      27.7970725
     ],
     [
      84.7353373,
      27.797095
     ],
     [
      84.7354753,
      27.7971418
     ],
     [
      84.7357504,
      27.7972643
     ],
     [
      84.7359811,
      27.7973841
     ],
     [
      84.7361668,
      27.7974707
     ],
     [
      84.7362436,
      27.7975105
     ],
     [
      84.7362882,
      27.7975306
     ],
     [
      84.7363284,
      27.7975583
     ],
     [
      84.7363792,
      27.7976009
     ],
     [
      84.7364493,
      27.7976189
     ],
     [
      84.7365798,
      27.7976077
     ],
     [
      84.7367614,
      27.7976238
     ],
     [
      84.7369527,
      27.7976202
     ],
     [
      84.7371234,
      27.7976359
     ],
     [
      84.7372852,
      27.7976558
     ],
     [
      84.7373738,
      27.7976605
     ],
     [
      84.7374466,
      27.7976602
     ],
     [
      84.7375356,
      27.7976597
     ],
     [
      84.7376123,
      27.7976618
     ],
     [
      84.7377037,
      27.7976729
     ],
     [
      84.7377885,
      27.7976961
     ],
     [
      84.7378521,
      27.7977233
     ],
     [
      84.7378885,
      27.7977396
     ],
     [
      84.7379291,
      27.7977644
     ],
     [
      84.7379649,
      27.7977974
     ],
     [
      84.7380008,
      27.7978455
     ],
     [
      84.738039,
      27.7979055
     ],
     [
      84.7380867,
      27.7979962
     ],
     [
      84.7381296,
      27.7981112
     ],
     [
      84.7382519,
      27.7985141
     ],
     [
      84.7383226,
      27.7987057
     ],
     [
      84.7383454,
      27.7987544
     ],
     [
      84.7383868,
      27.7988383
     ],
     [
      84.7384273,
      27.7989121
     ],
     [
      84.738478,
      27.7989871
     ],
     [
      84.7385231,
      27.7990551
     ],
     [
      84.7386043,
      27.7991503
     ],
     [
      84.7386981,
      27.7992579
     ],
     [
      84.7388247,
      27.7993968
     ],
     [
      84.7401304,
      27.8007734
     ],
     [
      84.7406578,
      27.8013517
     ],
     [
      84.7407669,
      27.8014706
     ],
     [
      84.7410003,
      27.8017122
     ],
     [
      84.7411682,
      27.8018728
     ],
     [
      84.7412935,
      27.8019672
     ],
     [
      84.7413991,
      27.8020333
     ],
     [
      84.7415123,
      27.8020844
     ],
     [
      84.741654,
      27.8021342
     ],
     [
      84.7418621,
      27.8021896
     ],
     [
      84.7422887,
      27.8022511
     ],
     [
      84.7444137,
      27.8025082
     ],
     [
      84.7454799,
      27.8026124
     ],
     [
      84.746063,
      27.8026663
     ],
     [
      84.7464887,
      27.8027228
     ],
     [
      84.7471114,
      27.8027955
     ],
     [
      84.7477322,
      27.8028671
     ],
     [
      84.7483036,
      27.8029442
     ],
     [
      84.748576,
      27.8029555
     ],
     [
      84.7487776,
      27.8029581
     ],
     [
      84.7489578,
      27.8029412
     ],
     [
      84.7491247,
      27.8029247
     ],
     [
      84.7493116,
      27.8029205
     ],
     [
      84.7494251,
      27.8029124
     ],
     [
      84.7495494,
      27.8029104
     ],
     [
      84.7496396,
      27.8029155
     ]
    ]
   },
   "properties": {
    "name": "Prithvi Rajmarg",
    "name_local": "Prithvi Rajmarg",
    "highway": "trunk",
    "why_it_matters": "A valley road is the route relief arrives on and the route people leave on, and it runs where the river runs because there is nowhere else to put it.",
    "osm_id": "way/140332490",
    "source": "OpenStreetMap via the Overpass API",
    "source_url": "https://www.openstreetmap.org/copyright",
    "licence": "ODbL 1.0, (c) OpenStreetMap contributors",
    "retrieved": "2026-08-28"
   }
  },
  {
   "type": "Feature",
   "geometry": {
    "type": "LineString",
    "coordinates": [
     [
      84.9168833,
      27.7998214
     ],
     [
      84.9171782,
      27.7997704
     ],
     [
      84.9174982,
      27.7997307
     ],
     [
      84.9177493,
      27.7996678
     ],
     [
      84.9179403,
      27.799596
     ],
     [
      84.9181005,
      27.7995092
     ],
     [
      84.918297,
      27.7993524
     ],
     [
      84.9184735,
      27.7991603
     ],
     [
      84.9186569,
      27.798943
     ],
     [
      84.918774,
      27.7987597
     ],
     [
      84.9188857,
      27.7985849
     ],
     [
      84.9189978,
      27.7984106
     ],
     [
      84.9190746,
      27.7983386
     ],
     [
      84.9192389,
      27.798229
     ],
     [
      84.919467,
      27.7981505
     ],
     [
      84.9196253,
      27.7980444
     ],
     [
      84.9197135,
      27.797925
     ],
     [
      84.9198582,
      27.7975498
     ],
     [
      84.9199873,
      27.7974292
     ],
     [
      84.9201465,
      27.7973479
     ],
     [
      84.9202603,
      27.797315
     ],
     [
      84.9210162,
      27.7972527
     ],
     [
      84.9217093,
      27.7970875
     ],
     [
      84.9220633,
      27.7970116
     ],
     [
      84.9223611,
      27.7969842
     ],
     [
      84.9236193,
      27.7968932
     ],
     [
      84.9239784,
      27.7968692
     ],
     [
      84.9247026,
      27.7969143
     ],
     [
      84.9254745,
      27.7970387
     ],
     [
      84.926187,
      27.7971386
     ],
     [
      84.9265307,
      27.7972107
     ],
     [
      84.9268965,
      27.7972711
     ],
     [
      84.9272698,
      27.7973625
     ],
     [
      84.928345,
      27.7978179
     ],
     [
      84.9285527,
      27.7979527
     ],
     [
      84.9290384,
      27.7984028
     ],
     [
      84.9291104,
      27.7985397
     ],
     [
      84.9293663,
      27.7991267
     ],
     [
      84.9294942,
      27.7993463
     ],
     [
      84.9296438,
      27.7995363
     ],
     [
      84.9305575,
      27.8003298
     ],
     [
      84.930738,
      27.8004526
     ],
     [
      84.9308785,
      27.800521
     ],
     [
      84.9310869,
      27.8005989
     ],
     [
      84.9316496,
      27.8007841
     ],
     [
      84.9319513,
      27.800902
     ],
     [
      84.9324006,
      27.8012017
     ],
     [
      84.9327813,
      27.8015002
     ],
     [
      84.9330878,
      27.8016506
     ],
     [
      84.9353459,
      27.8025525
     ],
     [
      84.9358426,
      27.8027509
     ],
     [
      84.9373085,
      27.8033203
     ],
     [
      84.9377091,
      27.8034863
     ],
     [
      84.9380872,
      27.8036146
     ],
     [
      84.9382364,
      27.80365
     ],
     [
      84.9383866,
      27.8036652
     ],
     [
      84.938625,
      27.8036664
     ],
     [
      84.9397703,
      27.8036801
     ],
     [
      84.9399902,
      27.8037052
     ],
     [
      84.9401601,
      27.803747
     ],
     [
      84.9402869,
      27.8038016
     ],
     [
      84.9404442,
      27.8039058
     ],
     [
      84.9405967,
      27.8040275
     ],
     [
      84.9407992,
      27.8042234
     ],
     [
      84.9410398,
      27.8044634
     ],
     [
      84.9415729,
      27.8050433
     ],
     [
      84.9418396,
      27.8053251
     ],
     [
      84.9419935,
      27.8055114
     ],
     [
      84.9422313,
      27.8057557
     ],
     [
      84.942439,
      27.8059314
     ],
     [
      84.9429067,
      27.8062673
     ],
     [
      84.9430297,
      27.8063557
     ],
     [
      84.9431514,
      27.8064729
     ],
     [
      84.9432395,
      27.8065735
     ],
     [
      84.9433038,
      27.806683
     ],
     [
      84.9434213,
      27.8069583
     ],
     [
      84.943554,
      27.8073274
     ],
     [
      84.9438891,
      27.8082866
     ],
     [
      84.9440276,
      27.8086528
     ],
     [
      84.9442001,
      27.8092061
     ],
     [
      84.9445335,
      27.8104534
     ],
     [
      84.9445862,
      27.8105914
     ],
     [
      84.9446375,
      27.8107035
     ],
     [
      84.94472,
      27.8107991
     ],
     [
      84.9448412,
      27.8109204
     ],
     [
      84.9449685,
      27.8110039
     ],
     [
      84.9457282,
      27.8113325
     ],
     [
      84.9461431,
      27.8114893
     ],
     [
      84.9465315,
      27.8116024
     ],
     [
      84.9466994,
      27.8116372
     ],
     [
      84.9468665,
      27.811651
     ],
     [
      84.9474744,
      27.8116688
     ],
     [
      84.9476484,
      27.8117087
     ],
     [
      84.9479674,
      27.8118345
     ],
     [
      84.9483235,
      27.8119805
     ],
     [
      84.9485037,
      27.812057
     ],
     [
      84.9486714,
      27.8121446
     ],
     [
      84.9487822,
      27.8122267
     ],
     [
      84.9489231,
      27.8123509
     ],
     [
      84.9490894,
      27.8125163
     ],
     [
      84.9494396,
      27.8128786
     ],
     [
      84.9496646,
      27.8131123
     ],
     [
      84.9497702,
      27.8132086
     ],
     [
      84.9498548,
      27.8132698
     ],
     [
      84.9499694,
      27.8133364
     ],
     [
      84.9500935,
      27.8133971
     ],
     [
      84.9502038,
      27.8134371
     ],
     [
      84.9503179,
      27.8134628
     ],
     [
      84.9504597,
      27.8134785
     ],
     [
      84.9507554,
      27.8134667
     ]
    ]
   },
   "properties": {
    "name": "Prithvi Rajmarg",
    "name_local": "Prithvi Rajmarg",
    "highway": "trunk",
    "why_it_matters": "A valley road is the route relief arrives on and the route people leave on, and it runs where the river runs because there is nowhere else to put it.",
    "osm_id": "way/140332491",
    "source": "OpenStreetMap via the Overpass API",
    "source_url": "https://www.openstreetmap.org/copyright",
    "licence": "ODbL 1.0, (c) OpenStreetMap contributors",
    "retrieved": "2026-08-28"
   }
  },
  {
   "type": "Feature",
   "geometry": {
    "type": "LineString",
    "coordinates": [
     [
      84.6301796,
      27.8683978
     ],
     [
      84.6306829,
      27.8682028
     ]
    ]
   },
   "properties": {
    "name": "Prithvi Rajmarg",
    "name_local": "Prithvi Rajmarg",
    "highway": "trunk",
    "why_it_matters": "A valley road is the route relief arrives on and the route people leave on, and it runs where the river runs because there is nowhere else to put it.",
    "osm_id": "way/140332492",
    "source": "OpenStreetMap via the Overpass API",
    "source_url": "https://www.openstreetmap.org/copyright",
    "licence": "ODbL 1.0, (c) OpenStreetMap contributors",
    "retrieved": "2026-08-28"
   }
  },
  {
   "type": "Feature",
   "geometry": {
    "type": "LineString",
    "coordinates": [
     [
      84.7245408,
      27.798
     ],
     [
      84.7246539,
      27.7979413
     ],
     [
      84.7250393,
      27.7977441
     ]
    ]
   },
   "properties": {
    "name": "Khatauti Khola Bridge",
    "name_local": "Khatauti Khola Bridge",
    "highway": "trunk",
    "why_it_matters": "A valley road is the route relief arrives on and the route people leave on, and it runs where the river runs because there is nowhere else to put it.",
    "osm_id": "way/140332494",
    "source": "OpenStreetMap via the Overpass API",
    "source_url": "https://www.openstreetmap.org/copyright",
    "licence": "ODbL 1.0, (c) OpenStreetMap contributors",
    "retrieved": "2026-08-28"
   }
  },
  {
   "type": "Feature",
   "geometry": {
    "type": "LineString",
    "coordinates": [
     [
      84.6646981,
      27.8254267
     ],
     [
      84.6650071,
      27.8251976
     ]
    ]
   },
   "properties": {
    "name": "Mowa Khola Bridge",
    "name_local": "Mowa Khola Bridge",
    "highway": "trunk",
    "why_it_matters": "A valley road is the route relief arrives on and the route people leave on, and it runs where the river runs because there is nowhere else to put it.",
    "osm_id": "way/140332495",
    "source": "OpenStreetMap via the Overpass API",
    "source_url": "https://www.openstreetmap.org/copyright",
    "licence": "ODbL 1.0, (c) OpenStreetMap contributors",
    "retrieved": "2026-08-28"
   }
  },
  {
   "type": "Feature",
   "geometry": {
    "type": "LineString",
    "coordinates": [
     [
      84.9507554,
      27.8134667
     ],
     [
      84.9509339,
      27.8134495
     ],
     [
      84.951608,
      27.8133874
     ]
    ]
   },
   "properties": {
    "name": "Belkhu Khola Bridge",
    "name_local": "Belkhu Khola Bridge",
    "highway": "trunk",
    "why_it_matters": "A valley road is the route relief arrives on and the route people leave on, and it runs where the river runs because there is nowhere else to put it.",
    "osm_id": "way/140332496",
    "source": "OpenStreetMap via the Overpass API",
    "source_url": "https://www.openstreetmap.org/copyright",
    "licence": "ODbL 1.0, (c) OpenStreetMap contributors",
    "retrieved": "2026-08-28"
   }
  },
  {
   "type": "Feature",
   "geometry": {
    "type": "LineString",
    "coordinates": [
     [
      84.6966827,
      27.8073525
     ],
     [
      84.6969993,
      27.8071123
     ]
    ]
   },
   "properties": {
    "name": "Hugdi Khola Bridge",
    "name_local": "Hugdi Khola Bridge",
    "highway": "trunk",
    "why_it_matters": "A valley road is the route relief arrives on and the route people leave on, and it runs where the river runs because there is nowhere else to put it.",
    "osm_id": "way/140332497",
    "source": "OpenStreetMap via the Overpass API",
    "source_url": "https://www.openstreetmap.org/copyright",
    "licence": "ODbL 1.0, (c) OpenStreetMap contributors",
    "retrieved": "2026-08-28"
   }
  },
  {
   "type": "Feature",
   "geometry": {
    "type": "LineString",
    "coordinates": [
     [
      84.6969993,
      27.8071123
     ],
     [
      84.6971039,
      27.8070886
     ],
     [
      84.6973076,
      27.80698
     ],
     [
      84.6973492,
      27.8069788
     ],
     [
      84.6973787,
      27.8069705
     ],
     [
      84.6974243,
      27.8069788
     ],
     [
      84.6975316,
      27.8070405
     ],
     [
      84.6978092,
      27.807209
     ],
     [
      84.6979567,
      27.8072884
     ],
     [
      84.6980989,
      27.8073466
     ],
     [
      84.6982115,
      27.8073833
     ],
     [
      84.6983175,
      27.8073976
     ],
     [
      84.6983644,
      27.8074106
     ],
     [
      84.6984234,
      27.8074071
     ],
     [
      84.6985321,
      27.8074065
     ],
     [
      84.6986125,
      27.807411
     ],
     [
      84.6987366,
      27.8074142
     ],
     [
      84.698811,
      27.8074136
     ],
     [
      84.6989445,
      27.8074023
     ],
     [
      84.6990538,
      27.807381
     ],
     [
      84.6991349,
      27.8073644
     ],
     [
      84.6992898,
      27.8072991
     ],
     [
      84.6993729,
      27.8072647
     ],
     [
      84.699446,
      27.8072339
     ],
     [
      84.6996211,
      27.8071152
     ],
     [
      84.6997759,
      27.8070298
     ],
     [
      84.6999114,
      27.8069355
     ],
     [
      84.7000442,
      27.8068715
     ],
     [
      84.700124,
      27.806843
     ],
     [
      84.7002064,
      27.8068098
     ],
     [
      84.7002567,
      27.8067849
     ],
     [
      84.7003325,
      27.8067653
     ],
     [
      84.700423,
      27.8067534
     ],
     [
      84.7004887,
      27.806741
     ],
     [
      84.7005437,
      27.8067238
     ],
     [
      84.700592,
      27.806719
     ],
     [
      84.7006229,
      27.806706
     ],
     [
      84.7007154,
      27.806706
     ],
     [
      84.7008656,
      27.8067024
     ],
     [
      84.7009932,
      27.8067193
     ],
     [
      84.7012854,
      27.8067487
     ],
     [
      84.7014356,
      27.8067701
     ],
     [
      84.7017145,
      27.8068294
     ],
     [
      84.7019287,
      27.8068621
     ],
     [
      84.7020766,
      27.8068827
     ],
     [
      84.7022177,
      27.8068898
     ],
     [
      84.70239,
      27.8069022
     ],
     [
      84.7025259,
      27.8069041
     ],
     [
      84.7026571,
      27.8068912
     ],
     [
      84.7027673,
      27.8068744
     ],
     [
      84.7028697,
      27.8068478
     ],
     [
      84.7030436,
      27.806802
     ],
     [
      84.70327,
      27.8066991
     ],
     [
      84.7034435,
      27.8066044
     ],
     [
      84.7035902,
      27.8064943
     ],
     [
      84.7040278,
      27.8061266
     ],
     [
      84.7044611,
      27.8057902
     ],
     [
      84.7046904,
      27.8055897
     ],
     [
      84.7048828,
      27.8054057
     ],
     [
      84.7050996,
      27.8052053
     ],
     [
      84.7051397,
      27.8051449
     ],
     [
      84.7053112,
      27.804987
     ],
     [
      84.7054991,
      27.8047107
     ],
     [
      84.7055595,
      27.8045909
     ],
     [
      84.705692,
      27.8043774
     ],
     [
      84.7059154,
      27.8040643
     ],
     [
      84.7060704,
      27.8038471
     ],
     [
      84.7063974,
      27.8033649
     ],
     [
      84.7065599,
      27.8030926
     ],
     [
      84.7067028,
      27.8028436
     ],
     [
      84.7068943,
      27.8024985
     ],
     [
      84.7069864,
      27.8023154
     ],
     [
      84.7070937,
      27.8020607
     ],
     [
      84.70715,
      27.8019859
     ],
     [
      84.7071812,
      27.8018935
     ],
     [
      84.7072516,
      27.8018154
     ],
     [
      84.7073191,
      27.8017737
     ],
     [
      84.7073346,
      27.8016997
     ],
     [
      84.707378,
      27.8016585
     ],
     [
      84.7074579,
      27.8015937
     ],
     [
      84.7075414,
      27.8015172
     ],
     [
      84.7075691,
      27.8014817
     ],
     [
      84.7075994,
      27.8014576
     ],
     [
      84.7076505,
      27.8013982
     ],
     [
      84.7077045,
      27.8013215
     ],
     [
      84.7077284,
      27.8012865
     ],
     [
      84.7077636,
      27.8012492
     ],
     [
      84.7077957,
      27.8011843
     ],
     [
      84.7079058,
      27.8010157
     ],
     [
      84.7080514,
      27.8009233
     ],
     [
      84.7081346,
      27.8008809
     ],
     [
      84.7082336,
      27.8008333
     ],
     [
      84.7084247,
      27.8007645
     ],
     [
      84.7085882,
      27.800731
     ],
     [
      84.708813,
      27.8006773
     ],
     [
      84.7088787,
      27.8006435
     ],
     [
      84.7090638,
      27.8006049
     ],
     [
      84.7091814,
      27.8005686
     ],
     [
      84.7093293,
      27.800497
     ],
     [
      84.7094628,
      27.8004368
     ],
     [
      84.7095815,
      27.8003737
     ],
     [
      84.7096827,
      27.8003104
     ],
     [
      84.7098095,
      27.8002218
     ],
     [
      84.7099829,
      27.8001164
     ],
     [
      84.7101553,
      27.7999714
     ],
     [
      84.7103006,
      27.7998467
     ],
     [
      84.7104274,
      27.7997347
     ],
     [
      84.7105108,
      27.7997046
     ],
     [
      84.7105759,
      27.7996745
     ],
     [
      84.710661,
      27.7996667
     ],
     [
      84.710708,
      27.7996583
     ],
     [
      84.7107445,
      27.7996451
     ],
     [
      84.7108152,
      27.7996382
     ],
     [
      84.7108786,
      27.7996391
     ],
     [
      84.7111827,
      27.7996619
     ],
     [
      84.7114188,
      27.7996524
     ],
     [
      84.7116914,
      27.7996782
     ],
     [
      84.7119257,
      27.7996867
     ],
     [
      84.7121749,
      27.7997017
     ],
     [
      84.7124678,
      27.7997134
     ],
     [
      84.7127464,
      27.7997556
     ],
     [
      84.7130561,
      27.7998069
     ],
     [
      84.7132959,
      27.7998537
     ],
     [
      84.7134197,
      27.7998612
     ],
     [
      84.713527,
      27.7998908
     ],
     [
      84.7136369,
      27.7999312
     ],
     [
      84.7137703,
      27.7999622
     ],
     [
      84.7138761,
      27.8000052
     ],
     [
      84.714108,
      27.8001207
     ],
     [
      84.7144939,
      27.800306
     ],
     [
      84.7148749,
      27.8004587
     ],
     [
      84.7153495,
      27.800707
     ],
     [
      84.7155762,
      27.8008304
     ],
     [
      84.715713,
      27.8008861
     ],
     [
      84.7158053,
      27.8009498
     ],
     [
      84.7158793,
      27.8010237
     ],
     [
      84.7159477,
      27.8011139
     ],
     [
      84.7160082,
      27.8012516
     ],
     [
      84.7160949,
      27.8014113
     ],
     [
      84.7161368,
      27.8014651
     ],
     [
      84.7161911,
      27.8015231
     ],
     [
      84.7162377,
      27.8015709
     ],
     [
      84.7165176,
      27.801732
     ],
     [
      84.7168278,
      27.8018847
     ],
     [
      84.7169696,
      27.8019597
     ],
     [
      84.7170953,
      27.8020397
     ],
     [
      84.7172084,
      27.8021116
     ],
     [
      84.7175194,
      27.8024271
     ],
     [
      84.7178918,
      27.8028484
     ],
     [
      84.7179821,
      27.8029192
     ],
     [
      84.7180898,
      27.8029721
     ],
     [
      84.7181688,
      27.8029889
     ],
     [
      84.7182701,
      27.8029968
     ],
     [
      84.7183525,
      27.802988
     ],
     [
      84.7185005,
      27.8029711
     ],
     [
      84.7186592,
      27.8029021
     ],
     [
      84.7188726,
      27.8027842
     ],
     [
      84.7189919,
      27.8027238
     ],
     [
      84.7191224,
      27.8026694
     ],
     [
      84.7195824,
      27.8023593
     ],
     [
      84.7197705,
      27.8022168
     ],
     [
      84.7198348,
      27.8021584
     ],
     [
      84.7199053,
      27.8021258
     ],
     [
      84.7199862,
      27.8020169
     ],
     [
      84.7200786,
      27.8018708
     ],
     [
      84.7201808,
      27.8017237
     ],
     [
      84.7202123,
      27.8016359
     ],
     [
      84.7202447,
      27.8015534
     ],
     [
      84.7203677,
      27.8013874
     ],
     [
      84.7204712,
      27.8012586
     ],
     [
      84.7205699,
      27.8011501
     ],
     [
      84.7207053,
      27.8009675
     ],
     [
      84.7207973,
      27.8008006
     ],
     [
      84.7209215,
      27.8006107
     ],
     [
      84.7210549,
      27.8004613
     ],
     [
      84.7211691,
      27.8003474
     ],
     [
      84.7213433,
      27.8002195
     ],
     [
      84.7214603,
      27.8001518
     ],
     [
      84.7216851,
      27.8000557
     ],
     [
      84.7219668,
      27.7999582
     ],
     [
      84.7221362,
      27.799903
     ],
     [
      84.7223405,
      27.7998199
     ],
     [
      84.7224708,
      27.7997617
     ],
     [
      84.7225689,
      27.7996929
     ],
     [
      84.7237403,
      27.798661
     ]
    ]
   },
   "properties": {
    "name": "Prithvi Highway",
    "name_local": "Prithvi Rajmarg",
    "highway": "trunk",
    "why_it_matters": "A valley road is the route relief arrives on and the route people leave on, and it runs where the river runs because there is nowhere else to put it.",
    "osm_id": "way/140332501",
    "source": "OpenStreetMap via the Overpass API",
    "source_url": "https://www.openstreetmap.org/copyright",
    "licence": "ODbL 1.0, (c) OpenStreetMap contributors",
    "retrieved": "2026-08-28"
   }
  },
  {
   "type": "Feature",
   "geometry": {
    "type": "LineString",
    "coordinates": [
     [
      84.9682028,
      27.8065369
     ],
     [
      84.9682181,
      27.8064658
     ],
     [
      84.9682636,
      27.8063996
     ],
     [
      84.9683532,
      27.806357
     ],
     [
      84.9684919,
      27.8063348
     ],
     [
      84.9688544,
      27.8062959
     ],
     [
      84.9689658,
      27.8062601
     ],
     [
      84.9690722,
      27.8061967
     ],
     [
      84.9691793,
      27.8061099
     ],
     [
      84.9699092,
      27.8052907
     ],
     [
      84.9700691,
      27.8051421
     ],
     [
      84.9703673,
      27.8049242
     ],
     [
      84.9708223,
      27.8046546
     ],
     [
      84.9709544,
      27.804549
     ],
     [
      84.9711273,
      27.8043842
     ],
     [
      84.9712423,
      27.8042405
     ],
     [
      84.9712965,
      27.8041362
     ],
     [
      84.9713186,
      27.8040414
     ],
     [
      84.9713247,
      27.803972
     ],
     [
      84.9713135,
      27.8038936
     ],
     [
      84.9712788,
      27.8038172
     ],
     [
      84.971219,
      27.8037444
     ],
     [
      84.9711128,
      27.8036572
     ],
     [
      84.9706941,
      27.8034298
     ],
     [
      84.9705942,
      27.8033592
     ],
     [
      84.9705197,
      27.8032734
     ],
     [
      84.9704783,
      27.8031665
     ],
     [
      84.9704602,
      27.8030731
     ],
     [
      84.9704624,
      27.8029923
     ],
     [
      84.9704977,
      27.8029218
     ],
     [
      84.9705975,
      27.8028289
     ],
     [
      84.9708579,
      27.8025934
     ],
     [
      84.9709381,
      27.8024699
     ],
     [
      84.9710031,
      27.80235
     ],
     [
      84.9710482,
      27.8022065
     ],
     [
      84.9710786,
      27.8020664
     ],
     [
      84.9710948,
      27.8019344
     ],
     [
      84.9711154,
      27.8017924
     ],
     [
      84.9711884,
      27.8016236
     ],
     [
      84.9712803,
      27.8015209
     ],
     [
      84.9713845,
      27.8014381
     ],
     [
      84.9715151,
      27.8013507
     ],
     [
      84.972022,
      27.8010635
     ],
     [
      84.9721559,
      27.8009485
     ],
     [
      84.9723165,
      27.8007705
     ],
     [
      84.9724557,
      27.8006312
     ],
     [
      84.9725729,
      27.8005539
     ],
     [
      84.9726587,
      27.8005135
     ],
     [
      84.9727469,
      27.8004866
     ],
     [
      84.972841,
      27.8004806
     ],
     [
      84.9729343,
      27.800484
     ],
     [
      84.973046,
      27.8005107
     ],
     [
      84.9731638,
      27.8005534
     ],
     [
      84.973316,
      27.8006326
     ],
     [
      84.9734922,
      27.8007139
     ],
     [
      84.9736196,
      27.8007538
     ],
     [
      84.9737969,
      27.8007903
     ],
     [
      84.9740007,
      27.800792
     ],
     [
      84.9742241,
      27.8007564
     ],
     [
      84.9743879,
      27.8006905
     ],
     [
      84.9748921,
      27.8004875
     ],
     [
      84.9752462,
      27.8003689
     ],
     [
      84.9755544,
      27.8002755
     ],
     [
      84.9758631,
      27.8002384
     ],
     [
      84.976174,
      27.8002162
     ],
     [
      84.9765385,
      27.8002153
     ],
     [
      84.9767485,
      27.8002427
     ],
     [
      84.9772364,
      27.8003808
     ],
     [
      84.9778479,
      27.8005563
     ],
     [
      84.9789478,
      27.8008582
     ],
     [
      84.9792045,
      27.8009251
     ],
     [
      84.9795271,
      27.8009498
     ],
     [
      84.9798007,
      27.800936
     ],
     [
      84.9799025,
      27.800936
     ],
     [
      84.9802244,
      27.8008861
     ],
     [
      84.9808912,
      27.8007592
     ],
     [
      84.9810649,
      27.8007405
     ],
     [
      84.981238,
      27.8007321
     ],
     [
      84.9814852,
      27.8007361
     ],
     [
      84.982431,
      27.8008627
     ],
     [
      84.9828926,
      27.8008925
     ],
     [
      84.983054,
      27.8008903
     ],
     [
      84.9832818,
      27.8008873
     ],
     [
      84.9835242,
      27.800874
     ]
    ]
   },
   "properties": {
    "name": "Prithvi Highway",
    "name_local": "Prithvi Rajmarg",
    "highway": "trunk",
    "why_it_matters": "A valley road is the route relief arrives on and the route people leave on, and it runs where the river runs because there is nowhere else to put it.",
    "osm_id": "way/140332502",
    "source": "OpenStreetMap via the Overpass API",
    "source_url": "https://www.openstreetmap.org/copyright",
    "licence": "ODbL 1.0, (c) OpenStreetMap contributors",
    "retrieved": "2026-08-28"
   }
  },
  {
   "type": "Feature",
   "geometry": {
    "type": "LineString",
    "coordinates": [
     [
      84.8728635,
      27.8010501
     ],
     [
      84.8728705,
      27.8011784
     ],
     [
      84.8728376,
      27.8013561
     ],
     [
      84.8727596,
      27.8015401
     ],
     [
      84.8723699,
      27.8022034
     ],
     [
      84.8723325,
      27.8023382
     ],
     [
      84.8723198,
      27.8024641
     ],
     [
      84.8723352,
      27.8025754
     ],
     [
      84.8723755,
      27.8026892
     ],
     [
      84.8724639,
      27.8028222
     ],
     [
      84.8725551,
      27.8028933
     ],
     [
      84.8727565,
      27.8029873
     ],
     [
      84.8729816,
      27.8030784
     ],
     [
      84.873193,
      27.8031912
     ],
     [
      84.8737834,
      27.8036696
     ],
     [
      84.874194,
      27.8037973
     ],
     [
      84.8746051,
      27.8038496
     ],
     [
      84.8748484,
      27.8039302
     ],
     [
      84.8750776,
      27.8040411
     ],
     [
      84.8755243,
      27.8043003
     ],
     [
      84.875913,
      27.8045007
     ],
     [
      84.8761602,
      27.8045881
     ],
     [
      84.8763851,
      27.8046437
     ],
     [
      84.876614,
      27.8046813
     ],
     [
      84.8772452,
      27.8047522
     ],
     [
      84.8781431,
      27.8048398
     ],
     [
      84.878657,
      27.8048864
     ],
     [
      84.8789482,
      27.8049158
     ],
     [
      84.8805927,
      27.8050836
     ],
     [
      84.8815155,
      27.805178
     ],
     [
      84.8817401,
      27.8051864
     ],
     [
      84.8819366,
      27.8051599
     ],
     [
      84.8821494,
      27.8051005
     ],
     [
      84.882402,
      27.8049936
     ],
     [
      84.8826751,
      27.8048341
     ],
     [
      84.8828179,
      27.8047999
     ],
     [
      84.8829094,
      27.8047936
     ],
     [
      84.8829587,
      27.8047902
     ],
     [
      84.8830872,
      27.8048071
     ],
     [
      84.8832746,
      27.8048492
     ],
     [
      84.8835172,
      27.8050461
     ],
     [
      84.8847543,
      27.8064088
     ],
     [
      84.8849316,
      27.8066859
     ],
     [
      84.8850581,
      27.8068426
     ],
     [
      84.8852949,
      27.807008
     ],
     [
      84.8854951,
      27.807098
     ],
     [
      84.8857614,
      27.8071728
     ],
     [
      84.885952,
      27.8072206
     ],
     [
      84.8863229,
      27.8073988
     ],
     [
      84.8869639,
      27.8077311
     ],
     [
      84.88772,
      27.8081235
     ],
     [
      84.8878391,
      27.8081702
     ],
     [
      84.8879953,
      27.8082006
     ],
     [
      84.8882081,
      27.8082066
     ],
     [
      84.8883868,
      27.8081731
     ],
     [
      84.8885427,
      27.8080923
     ],
     [
      84.8886445,
      27.8080003
     ],
     [
      84.8891271,
      27.8075532
     ],
     [
      84.8892768,
      27.8074486
     ],
     [
      84.8893981,
      27.8073979
     ],
     [
      84.8895147,
      27.8073724
     ],
     [
      84.8896744,
      27.8073724
     ]
    ]
   },
   "properties": {
    "name": "Prithvi Rajmarg",
    "name_local": "Prithvi Rajmarg",
    "highway": "trunk",
    "why_it_matters": "A valley road is the route relief arrives on and the route people leave on, and it runs where the river runs because there is nowhere else to put it.",
    "osm_id": "way/140332505",
    "source": "OpenStreetMap via the Overpass API",
    "source_url": "https://www.openstreetmap.org/copyright",
    "licence": "ODbL 1.0, (c) OpenStreetMap contributors",
    "retrieved": "2026-08-28"
   }
  },
  {
   "type": "Feature",
   "geometry": {
    "type": "LineString",
    "coordinates": [
     [
      84.951608,
      27.8133874
     ],
     [
      84.9518152,
      27.8133683
     ],
     [
      84.9519263,
      27.81339
     ],
     [
      84.9520374,
      27.8134344
     ],
     [
      84.9521039,
      27.8134734
     ],
     [
      84.9521891,
      27.8135401
     ],
     [
      84.9527069,
      27.8140149
     ],
     [
      84.952839,
      27.8141153
     ],
     [
      84.9529549,
      27.814188
     ],
     [
      84.9531093,
      27.8142768
     ],
     [
      84.9536849,
      27.8145543
     ],
     [
      84.9539776,
      27.8147126
     ],
     [
      84.9545442,
      27.8151357
     ],
     [
      84.9551672,
      27.8155631
     ],
     [
      84.9553089,
      27.8156333
     ],
     [
      84.9553483,
      27.8156494
     ],
     [
      84.9556186,
      27.8157311
     ],
     [
      84.9558593,
      27.815761
     ],
     [
      84.956019,
      27.815744
     ],
     [
      84.9561959,
      27.8157021
     ],
     [
      84.9563341,
      27.815648
     ],
     [
      84.9569416,
      27.8153491
     ],
     [
      84.9571331,
      27.8152528
     ],
     [
      84.9573604,
      27.8151568
     ],
     [
      84.9575928,
      27.8150771
     ],
     [
      84.9579626,
      27.8149487
     ],
     [
      84.9580816,
      27.8149096
     ],
     [
      84.9588057,
      27.8146594
     ],
     [
      84.9591586,
      27.8144915
     ],
     [
      84.9593505,
      27.8143889
     ],
     [
      84.9596144,
      27.8142325
     ],
     [
      84.9597792,
      27.8141097
     ],
     [
      84.9599979,
      27.8139473
     ],
     [
      84.9602141,
      27.8137595
     ],
     [
      84.9603135,
      27.8136698
     ],
     [
      84.9604974,
      27.8134754
     ],
     [
      84.9606737,
      27.8132633
     ],
     [
      84.9609629,
      27.81286
     ],
     [
      84.9611842,
      27.8125509
     ],
     [
      84.9617007,
      27.8119082
     ],
     [
      84.9620134,
      27.8115212
     ],
     [
      84.9620931,
      27.8114373
     ],
     [
      84.9621978,
      27.811359
     ],
     [
      84.9624046,
      27.8112326
     ],
     [
      84.963215,
      27.8108349
     ],
     [
      84.9637,
      27.8106012
     ],
     [
      84.9638844,
      27.8104995
     ],
     [
      84.9639902,
      27.8104289
     ],
     [
      84.9640997,
      27.810334
     ],
     [
      84.9641767,
      27.8102386
     ],
     [
      84.9642853,
      27.8100615
     ],
     [
      84.9644688,
      27.8096811
     ],
     [
      84.9645526,
      27.8095805
     ],
     [
      84.9646254,
      27.8095298
     ],
     [
      84.9647057,
      27.8094912
     ],
     [
      84.9648572,
      27.8094403
     ],
     [
      84.9653917,
      27.8093452
     ],
     [
      84.9661268,
      27.8092398
     ],
     [
      84.9662452,
      27.8092352
     ],
     [
      84.9663611,
      27.8092484
     ],
     [
      84.9664704,
      27.809285
     ],
     [
      84.966622,
      27.8093542
     ],
     [
      84.966665,
      27.8093759
     ],
     [
      84.9668799,
      27.8094845
     ],
     [
      84.9670259,
      27.8095279
     ],
     [
      84.9671337,
      27.8095425
     ],
     [
      84.967221,
      27.8095404
     ],
     [
      84.9673233,
      27.8095205
     ],
     [
      84.9674238,
      27.809494
     ],
     [
      84.9676287,
      27.8094106
     ],
     [
      84.9678303,
      27.8093096
     ],
     [
      84.9679694,
      27.8092303
     ],
     [
      84.9680723,
      27.8091467
     ],
     [
      84.9681611,
      27.8090576
     ],
     [
      84.9682216,
      27.8089683
     ],
     [
      84.9682712,
      27.8088633
     ],
     [
      84.9683233,
      27.8087051
     ],
     [
      84.968369,
      27.8084782
     ],
     [
      84.9684046,
      27.80827
     ],
     [
      84.9684971,
      27.8076694
     ],
     [
      84.9685173,
      27.8074701
     ],
     [
      84.9685265,
      27.8073323
     ],
     [
      84.9685185,
      27.8072516
     ],
     [
      84.9684928,
      27.807135
     ],
     [
      84.9684274,
      27.8069635
     ]
    ]
   },
   "properties": {
    "name": "Prithvi Highway",
    "name_local": "Prithvi Rajmarg",
    "highway": "trunk",
    "why_it_matters": "A valley road is the route relief arrives on and the route people leave on, and it runs where the river runs because there is nowhere else to put it.",
    "osm_id": "way/140332506",
    "source": "OpenStreetMap via the Overpass API",
    "source_url": "https://www.openstreetmap.org/copyright",
    "licence": "ODbL 1.0, (c) OpenStreetMap contributors",
    "retrieved": "2026-08-28"
   }
  },
  {
   "type": "Feature",
   "geometry": {
    "type": "LineString",
    "coordinates": [
     [
      84.8900492,
      27.8073938
     ],
     [
      84.8902587,
      27.807414
     ],
     [
      84.8903522,
      27.8074195
     ],
     [
      84.8905903,
      27.8074083
     ],
     [
      84.8906844,
      27.807372
     ],
     [
      84.8907959,
      27.8072933
     ],
     [
      84.8910342,
      27.8071387
     ],
     [
      84.8913662,
      27.8070323
     ],
     [
      84.8917115,
      27.806957
     ],
     [
      84.8918956,
      27.8068991
     ],
     [
      84.892357,
      27.8066259
     ],
     [
      84.8927639,
      27.8063891
     ],
     [
      84.8930662,
      27.8062333
     ],
     [
      84.8934328,
      27.8061181
     ],
     [
      84.893451,
      27.8061163
     ],
     [
      84.8939399,
      27.8060689
     ],
     [
      84.895624,
      27.8060988
     ],
     [
      84.8961231,
      27.8061077
     ],
     [
      84.8971371,
      27.8061339
     ],
     [
      84.8972757,
      27.8061351
     ],
     [
      84.8974205,
      27.8061235
     ],
     [
      84.8975693,
      27.8060872
     ],
     [
      84.8977933,
      27.8060111
     ],
     [
      84.8981218,
      27.8059103
     ],
     [
      84.8985033,
      27.805822
     ],
     [
      84.8986938,
      27.8057618
     ],
     [
      84.8991241,
      27.8055578
     ],
     [
      84.8993512,
      27.8054998
     ],
     [
      84.8996625,
      27.8054711
     ],
     [
      84.9001647,
      27.8054755
     ],
     [
      84.9004149,
      27.8054978
     ],
     [
      84.9010457,
      27.805654
     ],
     [
      84.9012667,
      27.8056833
     ],
     [
      84.9014247,
      27.8056694
     ],
     [
      84.901948,
      27.8055553
     ],
     [
      84.9021623,
      27.8055218
     ],
     [
      84.9023176,
      27.8055332
     ],
     [
      84.9024824,
      27.8055647
     ],
     [
      84.9026492,
      27.805544
     ],
     [
      84.902848,
      27.805515
     ],
     [
      84.9038519,
      27.8053463
     ],
     [
      84.9050783,
      27.8051239
     ],
     [
      84.9053728,
      27.8050687
     ],
     [
      84.9055523,
      27.8050132
     ],
     [
      84.9057047,
      27.8049164
     ],
     [
      84.9058124,
      27.8048196
     ],
     [
      84.9059681,
      27.8046156
     ],
     [
      84.9060196,
      27.8045007
     ],
     [
      84.9060426,
      27.8043715
     ],
     [
      84.9060339,
      27.8042547
     ],
     [
      84.9060294,
      27.804172
     ],
     [
      84.9059913,
      27.8040479
     ],
     [
      84.9057326,
      27.8035419
     ],
     [
      84.9056975,
      27.8034437
     ],
     [
      84.9056578,
      27.8033293
     ],
     [
      84.9056385,
      27.8032203
     ],
     [
      84.9056568,
      27.8031103
     ],
     [
      84.9057043,
      27.8030131
     ],
     [
      84.9058018,
      27.8029314
     ],
     [
      84.9059094,
      27.8028766
     ],
     [
      84.9060189,
      27.8028571
     ],
     [
      84.9064119,
      27.8028513
     ],
     [
      84.9075504,
      27.8027665
     ],
     [
      84.9079282,
      27.8027819
     ],
     [
      84.9082709,
      27.802819
     ],
     [
      84.9087127,
      27.8029295
     ],
     [
      84.9110436,
      27.8037843
     ],
     [
      84.9113821,
      27.8038956
     ],
     [
      84.9115743,
      27.8039332
     ],
     [
      84.9117684,
      27.8039421
     ],
     [
      84.911963,
      27.8039316
     ],
     [
      84.9121698,
      27.8039066
     ],
     [
      84.9123373,
      27.8038648
     ],
     [
      84.9124952,
      27.803798
     ],
     [
      84.9126684,
      27.8037061
     ],
     [
      84.9129314,
      27.8035103
     ],
     [
      84.913234,
      27.8032827
     ],
     [
      84.9136015,
      27.8029854
     ],
     [
      84.9137256,
      27.8028964
     ],
     [
      84.9138009,
      27.8027805
     ],
     [
      84.9138297,
      27.8026868
     ],
     [
      84.9138382,
      27.8025626
     ],
     [
      84.9137961,
      27.8023086
     ],
     [
      84.9138028,
      27.8021948
     ],
     [
      84.9138528,
      27.8020447
     ],
     [
      84.9140933,
      27.8017455
     ],
     [
      84.9145974,
      27.8011756
     ],
     [
      84.9151192,
      27.8007387
     ],
     [
      84.9157786,
      27.8003486
     ],
     [
      84.9160984,
      27.8001992
     ],
     [
      84.9164353,
      27.8000418
     ],
     [
      84.9164657,
      27.8000276
     ],
     [
      84.9165896,
      27.7999594
     ]
    ]
   },
   "properties": {
    "name": "Prithvi Rajmarg",
    "name_local": "Prithvi Rajmarg",
    "highway": "trunk",
    "why_it_matters": "A valley road is the route relief arrives on and the route people leave on, and it runs where the river runs because there is nowhere else to put it.",
    "osm_id": "way/140332507",
    "source": "OpenStreetMap via the Overpass API",
    "source_url": "https://www.openstreetmap.org/copyright",
    "licence": "ODbL 1.0, (c) OpenStreetMap contributors",
    "retrieved": "2026-08-28"
   }
  },
  {
   "type": "Feature",
   "geometry": {
    "type": "LineString",
    "coordinates": [
     [
      84.75025,
      27.8029709
     ],
     [
      84.7507528,
      27.8030368
     ],
     [
      84.7511877,
      27.8030996
     ],
     [
      84.7515286,
      27.8031357
     ],
     [
      84.7516799,
      27.8031596
     ],
     [
      84.7517749,
      27.8031785
     ],
     [
      84.7518915,
      27.803227
     ],
     [
      84.7520451,
      27.8033174
     ],
     [
      84.7522074,
      27.8034508
     ],
     [
      84.7524431,
      27.8036489
     ],
     [
      84.7527238,
      27.80389
     ],
     [
      84.7532881,
      27.8043797
     ],
     [
      84.7535898,
      27.8046309
     ],
     [
      84.7539371,
      27.8048566
     ],
     [
      84.7539929,
      27.8049119
     ],
     [
      84.7540336,
      27.8049815
     ],
     [
      84.7540881,
      27.8051153
     ],
     [
      84.7541586,
      27.805287
     ],
     [
      84.7542053,
      27.805362
     ],
     [
      84.7542342,
      27.8054053
     ],
     [
      84.7542799,
      27.8054528
     ],
     [
      84.7543783,
      27.8055257
     ],
     [
      84.7544944,
      27.805585
     ],
     [
      84.7546177,
      27.8056348
     ],
     [
      84.7548083,
      27.8057269
     ],
     [
      84.7549129,
      27.8057973
     ],
     [
      84.7549938,
      27.8058757
     ],
     [
      84.7550844,
      27.8060058
     ],
     [
      84.7551367,
      27.8061366
     ],
     [
      84.7552372,
      27.8063778
     ],
     [
      84.7553037,
      27.8064865
     ],
     [
      84.7553413,
      27.8065464
     ],
     [
      84.7553946,
      27.8065932
     ],
     [
      84.7554445,
      27.806633
     ],
     [
      84.7554948,
      27.8066716
     ],
     [
      84.7555612,
      27.8067113
     ],
     [
      84.7556147,
      27.806741
     ],
     [
      84.7556825,
      27.8067671
     ],
     [
      84.7557322,
      27.8067819
     ],
     [
      84.7559363,
      27.8068454
     ],
     [
      84.7560219,
      27.8068835
     ],
     [
      84.7561063,
      27.8069385
     ],
     [
      84.7561865,
      27.8070244
     ],
     [
      84.7562601,
      27.8071929
     ],
     [
      84.7563294,
      27.8073958
     ],
     [
      84.7563666,
      27.8074801
     ],
     [
      84.7564219,
      27.8075453
     ],
     [
      84.756482,
      27.8075893
     ],
     [
      84.7565481,
      27.807611
     ],
     [
      84.7565871,
      27.8076194
     ],
     [
      84.7566526,
      27.8076173
     ],
     [
      84.756747,
      27.807589
     ],
     [
      84.7569316,
      27.8074886
     ],
     [
      84.7570833,
      27.8073966
     ],
     [
      84.7571468,
      27.8073654
     ],
     [
      84.7572033,
      27.8073507
     ],
     [
      84.7572743,
      27.8073526
     ],
     [
      84.7573375,
      27.8073739
     ],
     [
      84.7574362,
      27.8074526
     ],
     [
      84.7576243,
      27.8076056
     ],
     [
      84.7579105,
      27.8079306
     ],
     [
      84.7579933,
      27.8080287
     ],
     [
      84.758058,
      27.8081526
     ],
     [
      84.7580527,
      27.8082388
     ],
     [
      84.7580209,
      27.8083466
     ],
     [
      84.7579697,
      27.8084187
     ],
     [
      84.7579072,
      27.8084888
     ],
     [
      84.757807,
      27.8085851
     ],
     [
      84.757731,
      27.8086908
     ],
     [
      84.7577191,
      27.8087417
     ],
     [
      84.7577164,
      27.8087869
     ],
     [
      84.7577284,
      27.8088448
     ],
     [
      84.7577405,
      27.8088815
     ],
     [
      84.7578089,
      27.8089486
     ],
     [
      84.7580563,
      27.809146
     ],
     [
      84.7581046,
      27.8091817
     ],
     [
      84.7581589,
      27.8092327
     ],
     [
      84.7581833,
      27.8092633
     ],
     [
      84.7582064,
      27.8093125
     ],
     [
      84.7582038,
      27.8093611
     ],
     [
      84.7581825,
      27.8094553
     ],
     [
      84.7581227,
      27.8096374
     ],
     [
      84.7580911,
      27.8097509
     ],
     [
      84.7581083,
      27.8098575
     ],
     [
      84.7581267,
      27.8099247
     ],
     [
      84.7581489,
      27.8099756
     ],
     [
      84.7581875,
      27.8100262
     ],
     [
      84.758263,
      27.8100741
     ],
     [
      84.7583906,
      27.8101302
     ],
     [
      84.7585713,
      27.8102065
     ],
     [
      84.7587436,
      27.810283
     ],
     [
      84.7589227,
      27.8103839
     ],
     [
      84.7590078,
      27.8104414
     ],
     [
      84.7590765,
      27.8105155
     ],
     [
      84.759272,
      27.8107118
     ],
     [
      84.759382,
      27.8108637
     ],
     [
      84.7594598,
      27.8109349
     ],
     [
      84.7595496,
      27.8110049
     ],
     [
      84.7596509,
      27.8111009
     ],
     [
      84.7597139,
      27.8111597
     ],
     [
      84.7598152,
      27.8112267
     ],
     [
      84.7599316,
      27.8113224
     ],
     [
      84.7600338,
      27.8114591
     ],
     [
      84.7600432,
      27.8115742
     ],
     [
      84.760188,
      27.8118162
     ],
     [
      84.7602919,
      27.8120381
     ],
     [
      84.7605582,
      27.8123488
     ],
     [
      84.7607104,
      27.8125311
     ],
     [
      84.7608076,
      27.8126429
     ],
     [
      84.7609243,
      27.8128505
     ],
     [
      84.7609616,
      27.8129903
     ],
     [
      84.7609927,
      27.8131352
     ],
     [
      84.7609913,
      27.8132254
     ],
     [
      84.7610195,
      27.8132752
     ],
     [
      84.7610423,
      27.8133227
     ],
     [
      84.7611006,
      27.8133923
     ],
     [
      84.7612287,
      27.8135018
     ],
     [
      84.7614017,
      27.8136014
     ],
     [
      84.7615674,
      27.8136772
     ],
     [
      84.7616659,
      27.8137319
     ],
     [
      84.7618644,
      27.8137865
     ],
     [
      84.7619804,
      27.8138102
     ],
     [
      84.7621063,
      27.813829
     ],
     [
      84.7622137,
      27.8138363
     ],
     [
      84.7623043,
      27.8138297
     ],
     [
      84.7624453,
      27.8138198
     ],
     [
      84.7627214,
      27.8137758
     ],
     [
      84.7630811,
      27.813617
     ],
     [
      84.7636053,
      27.8134162
     ],
     [
      84.7641335,
      27.8131756
     ],
     [
      84.7646244,
      27.8128779
     ],
     [
      84.7653754,
      27.8124797
     ],
     [
      84.7657321,
      27.8122574
     ],
     [
      84.7660071,
      27.8120514
     ],
     [
      84.7661774,
      27.8118743
     ],
     [
      84.7663313,
      27.8117249
     ],
     [
      84.7665703,
      27.8114402
     ],
     [
      84.7668647,
      27.8110928
     ],
     [
      84.7671269,
      27.8108198
     ],
     [
      84.7673025,
      27.8105968
     ],
     [
      84.7673989,
      27.8104346
     ],
     [
      84.7675171,
      27.8101959
     ],
     [
      84.7676507,
      27.8099843
     ],
     [
      84.7676714,
      27.8099005
     ],
     [
      84.7677307,
      27.8097468
     ],
     [
      84.7678024,
      27.8095721
     ],
     [
      84.7678424,
      27.8093817
     ],
     [
      84.7678874,
      27.8090983
     ],
     [
      84.7679059,
      27.8087765
     ],
     [
      84.7679564,
      27.8085708
     ],
     [
      84.7680142,
      27.808397
     ],
     [
      84.7681091,
      27.8082491
     ],
     [
      84.7682023,
      27.8081631
     ],
     [
      84.7683563,
      27.8080552
     ],
     [
      84.7687373,
      27.8078943
     ],
     [
      84.7691176,
      27.8077475
     ],
     [
      84.7694899,
      27.8076206
     ],
     [
      84.7697816,
      27.8075288
     ],
     [
      84.7699284,
      27.8074928
     ],
     [
      84.7700926,
      27.8074669
     ],
     [
      84.7702977,
      27.8074529
     ],
     [
      84.7706383,
      27.8074784
     ],
     [
      84.7709231,
      27.8075279
     ],
     [
      84.7711654,
      27.8075732
     ],
     [
      84.7712908,
      27.8075906
     ],
     [
      84.7714729,
      27.8075951
     ],
     [
      84.7716188,
      27.8075753
     ],
     [
      84.7717784,
      27.8075117
     ],
     [
      84.7718701,
      27.8074514
     ],
     [
      84.771971,
      27.8073513
     ],
     [
      84.7720289,
      27.8072439
     ],
     [
      84.7720645,
      27.8071204
     ],
     [
      84.7720757,
      27.8070157
     ],
     [
      84.7720583,
      27.8068987
     ],
     [
      84.7719443,
      27.8065465
     ],
     [
      84.7719569,
      27.8064206
     ],
     [
      84.7719939,
      27.8063236
     ],
     [
      84.7720569,
      27.8062517
     ],
     [
      84.7721351,
      27.8061927
     ],
     [
      84.7722349,
      27.8061478
     ],
     [
      84.7723698,
      27.8061289
     ],
     [
      84.7724856,
      27.806155
     ],
     [
      84.7725859,
      27.806203
     ],
     [
      84.7726469,
      27.8062441
     ],
     [
      84.7727126,
      27.806328
     ],
     [
      84.7727658,
      27.806471
     ],
     [
      84.7728325,
      27.8067838
     ],
     [
      84.7728833,
      27.807138
     ],
     [
      84.7729398,
      27.8073171
     ],
     [
      84.7730252,
      27.807451
     ],
     [
      84.7731012,
      27.8075473
     ],
     [
      84.7731783,
      27.8076149
     ],
     [
      84.7732844,
      27.8076737
     ],
     [
      84.7734502,
      27.8077511
     ],
     [
      84.7736376,
      27.8077986
     ],
     [
      84.7737533,
      27.8078286
     ],
     [
      84.7739732,
      27.8078922
     ],
     [
      84.7740993,
      27.8079171
     ],
     [
      84.7742562,
      27.8079575
     ],
     [
      84.774377,
      27.8079779
     ],
     [
      84.7745061,
      27.8079951
     ],
     [
      84.7746171,
      27.8079857
     ],
     [
      84.7747429,
      27.80795
     ],
     [
      84.7749215,
      27.8078739
     ],
     [
      84.7753305,
      27.8076998
     ],
     [
      84.7754974,
      27.807654
     ],
     [
      84.7756437,
      27.8076293
     ],
     [
      84.7758313,
      27.8076162
     ],
     [
      84.7760403,
      27.8076214
     ],
     [
      84.7762549,
      27.8076619
     ],
     [
      84.7764455,
      27.8077198
     ],
     [
      84.7766803,
      27.8077997
     ],
     [
      84.7769389,
      27.8079276
     ],
     [
      84.7772633,
      27.8080607
     ],
     [
      84.7776023,
      27.8082927
     ],
     [
      84.7779483,
      27.808515
     ],
     [
      84.778136,
      27.8086799
     ],
     [
      84.7783606,
      27.8089183
     ],
     [
      84.7785633,
      27.8091685
     ],
     [
      84.7787398,
      27.8093882
     ]
    ]
   },
   "properties": {
    "name": "Prithvi Rajmarg",
    "name_local": "Prithvi Rajmarg",
    "highway": "trunk",
    "why_it_matters": "A valley road is the route relief arrives on and the route people leave on, and it runs where the river runs because there is nowhere else to put it.",
    "osm_id": "way/140332513",
    "source": "OpenStreetMap via the Overpass API",
    "source_url": "https://www.openstreetmap.org/copyright",
    "licence": "ODbL 1.0, (c) OpenStreetMap contributors",
    "retrieved": "2026-08-28"
   }
  },
  {
   "type": "Feature",
   "geometry": {
    "type": "LineString",
    "coordinates": [
     [
      84.5769514,
      27.863409
     ],
     [
      84.5770036,
      27.8634505
     ],
     [
      84.5770666,
      27.8635187
     ],
     [
      84.5771793,
      27.8636575
     ],
     [
      84.577526,
      27.8640565
     ],
     [
      84.5778736,
      27.8644662
     ],
     [
      84.5779793,
      27.8646324
     ],
     [
      84.5780651,
      27.8648004
     ],
     [
      84.578129,
      27.8649653
     ],
     [
      84.5781832,
      27.8651985
     ],
     [
      84.5782257,
      27.8653888
     ],
     [
      84.5782538,
      27.8656051
     ],
     [
      84.5782727,
      27.8657494
     ],
     [
      84.578266,
      27.8659159
     ],
     [
      84.5782159,
      27.8663043
     ],
     [
      84.578159,
      27.866674
     ],
     [
      84.5780925,
      27.8669748
     ],
     [
      84.5779569,
      27.8674901
     ],
     [
      84.5777186,
      27.8682683
     ],
     [
      84.5776125,
      27.868637
     ],
     [
      84.5775481,
      27.8689554
     ],
     [
      84.5775061,
      27.8692517
     ],
     [
      84.5774903,
      27.8696147
     ],
     [
      84.5774908,
      27.8698063
     ],
     [
      84.5775164,
      27.8700052
     ],
     [
      84.5775694,
      27.8702059
     ],
     [
      84.5776377,
      27.8703442
     ],
     [
      84.5779726,
      27.8709282
     ],
     [
      84.578097,
      27.8711131
     ],
     [
      84.5782069,
      27.8712356
     ],
     [
      84.5783491,
      27.8713703
     ],
     [
      84.5788912,
      27.871793
     ],
     [
      84.5790973,
      27.8720246
     ],
     [
      84.5791448,
      27.8720849
     ],
     [
      84.5792018,
      27.8721448
     ],
     [
      84.5793276,
      27.8722159
     ],
     [
      84.5794532,
      27.8722633
     ],
     [
      84.5795707,
      27.8723222
     ],
     [
      84.579638,
      27.8723771
     ],
     [
      84.579693,
      27.8724475
     ],
     [
      84.5797323,
      27.8725358
     ],
     [
      84.5797661,
      27.8725993
     ],
     [
      84.5798283,
      27.872673
     ],
     [
      84.579903,
      27.8727377
     ],
     [
      84.5800593,
      27.8728492
     ],
     [
      84.5802042,
      27.872952
     ],
     [
      84.58028,
      27.8730275
     ],
     [
      84.5803345,
      27.8731077
     ],
     [
      84.5804773,
      27.8733121
     ],
     [
      84.5805655,
      27.8734163
     ],
     [
      84.5806429,
      27.8734873
     ],
     [
      84.5807661,
      27.8735592
     ],
     [
      84.5808893,
      27.8736076
     ],
     [
      84.581051,
      27.8736476
     ],
     [
      84.5812087,
      27.8736731
     ],
     [
      84.5814163,
      27.8736824
     ],
     [
      84.5815485,
      27.8736936
     ],
     [
      84.5816255,
      27.873709
     ],
     [
      84.5817052,
      27.8737453
     ],
     [
      84.5817797,
      27.873809
     ],
     [
      84.5819459,
      27.8739848
     ],
     [
      84.5820486,
      27.8740704
     ],
     [
      84.5821464,
      27.8741308
     ],
     [
      84.582255,
      27.8741775
     ],
     [
      84.5823704,
      27.8742253
     ],
     [
      84.5825151,
      27.874271
     ],
     [
      84.582655,
      27.8742939
     ],
     [
      84.5827787,
      27.8743102
     ],
     [
      84.5829257,
      27.8743028
     ],
     [
      84.5831461,
      27.8742899
     ],
     [
      84.5832502,
      27.8742993
     ],
     [
      84.5833201,
      27.8743193
     ],
     [
      84.5833862,
      27.874352
     ],
     [
      84.5834476,
      27.8743988
     ],
     [
      84.5835232,
      27.8744918
     ],
     [
      84.5836285,
      27.8746372
     ],
     [
      84.5837514,
      27.8747629
     ],
     [
      84.5839495,
      27.8749319
     ],
     [
      84.5840194,
      27.8749855
     ],
     [
      84.5841043,
      27.875025
     ],
     [
      84.584209,
      27.87504
     ],
     [
      84.5843651,
      27.875056
     ],
     [
      84.5845228,
      27.8750765
     ],
     [
      84.5846286,
      27.8751274
     ],
     [
      84.5846982,
      27.8751868
     ],
     [
      84.5847459,
      27.8752736
     ],
     [
      84.5848179,
      27.875439
     ],
     [
      84.5848551,
      27.875495
     ],
     [
      84.5849096,
      27.8755424
     ],
     [
      84.585004,
      27.8755937
     ],
     [
      84.5851576,
      27.8756728
     ],
     [
      84.5855841,
      27.8759388
     ],
     [
      84.5858938,
      27.8761424
     ],
     [
      84.5860544,
      27.8762508
     ],
     [
      84.5861437,
      27.8763218
     ],
     [
      84.5862329,
      27.8764074
     ],
     [
      84.586284,
      27.8764548
     ],
     [
      84.5863387,
      27.8764978
     ],
     [
      84.5863965,
      27.8765269
     ],
     [
      84.5864568,
      27.8765532
     ],
     [
      84.5865355,
      27.8765814
     ],
     [
      84.586625,
      27.8766083
     ],
     [
      84.5867117,
      27.8766266
     ],
     [
      84.5867903,
      27.8766509
     ],
     [
      84.5868768,
      27.8766916
     ],
     [
      84.5869374,
      27.8767167
     ],
     [
      84.5870089,
      27.8767661
     ],
     [
      84.5871385,
      27.8768949
     ],
     [
      84.5874262,
      27.8771644
     ],
     [
      84.5877499,
      27.8774823
     ],
     [
      84.5878836,
      27.8775734
     ],
     [
      84.5879851,
      27.8776349
     ],
     [
      84.5880802,
      27.8776881
     ],
     [
      84.5882101,
      27.8777271
     ],
     [
      84.5883429,
      27.8777568
     ],
     [
      84.5884813,
      27.8777747
     ],
     [
      84.5886064,
      27.8777838
     ],
     [
      84.5887284,
      27.8777904
     ],
     [
      84.5888384,
      27.8777925
     ],
     [
      84.5889467,
      27.8777873
     ],
     [
      84.5890416,
      27.8777743
     ],
     [
      84.5891576,
      27.8777564
     ],
     [
      84.5894734,
      27.8777056
     ],
     [
      84.5896062,
      27.8776823
     ],
     [
      84.5900955,
      27.8775928
     ],
     [
      84.5911251,
      27.8774292
     ],
     [
      84.5912868,
      27.8773916
     ],
     [
      84.5914187,
      27.8773589
     ],
     [
      84.5915731,
      27.8773096
     ],
     [
      84.5917295,
      27.8772671
     ],
     [
      84.5918604,
      27.8772168
     ],
     [
      84.5919933,
      27.877163
     ],
     [
      84.5921242,
      27.8770841
     ],
     [
      84.5921883,
      27.8770382
     ],
     [
      84.5923182,
      27.8769279
     ],
     [
      84.5923448,
      27.8768989
     ],
     [
      84.5923752,
      27.8768638
     ],
     [
      84.5926554,
      27.8765767
     ],
     [
      84.5927203,
      27.8765016
     ],
     [
      84.5928209,
      27.8763845
     ],
     [
      84.592902,
      27.8763031
     ],
     [
      84.592989,
      27.8762378
     ],
     [
      84.5930829,
      27.8761788
     ],
     [
      84.5931718,
      27.8761415
     ],
     [
      84.5933039,
      27.8760931
     ],
     [
      84.5934681,
      27.8760334
     ],
     [
      84.5935964,
      27.8759726
     ],
     [
      84.5937003,
      27.875912
     ],
     [
      84.5937989,
      27.8758409
     ],
     [
      84.5939443,
      27.8757113
     ],
     [
      84.5940661,
      27.8755924
     ],
     [
      84.5941862,
      27.875495
     ],
     [
      84.5942686,
      27.8754354
     ],
     [
      84.5943628,
      27.8753869
     ],
     [
      84.5944847,
      27.8753419
     ],
     [
      84.5946302,
      27.8752961
     ],
     [
      84.594817,
      27.8752454
     ],
     [
      84.5949549,
      27.875203
     ],
     [
      84.5950505,
      27.875162
     ],
     [
      84.5951534,
      27.8751011
     ],
     [
      84.5953783,
      27.8749569
     ],
     [
      84.5954645,
      27.8749244
     ],
     [
      84.5955217,
      27.8749051
     ],
     [
      84.5955744,
      27.8748979
     ],
     [
      84.5956309,
      27.874897
     ],
     [
      84.5956804,
      27.874902
     ],
     [
      84.5957786,
      27.8749369
     ],
     [
      84.5959056,
      27.8749763
     ],
     [
      84.5959962,
      27.8749896
     ],
     [
      84.5960608,
      27.8749868
     ],
     [
      84.5961249,
      27.8749795
     ],
     [
      84.5961952,
      27.8749627
     ],
     [
      84.5962722,
      27.8749358
     ],
     [
      84.5964322,
      27.8748767
     ],
     [
      84.5965983,
      27.8748167
     ],
     [
      84.5967268,
      27.8747843
     ],
     [
      84.5968609,
      27.8747549
     ],
     [
      84.597007,
      27.8747291
     ],
     [
      84.5971062,
      27.8747225
     ],
     [
      84.5972113,
      27.8747195
     ],
     [
      84.5973524,
      27.8747266
     ],
     [
      84.5976344,
      27.8747491
     ],
     [
      84.5978426,
      27.8747514
     ],
     [
      84.5979563,
      27.8747503
     ],
     [
      84.5980633,
      27.874739
     ],
     [
      84.5981958,
      27.8747238
     ],
     [
      84.5983202,
      27.8746956
     ],
     [
      84.5984681,
      27.8746522
     ],
     [
      84.5986274,
      27.8746078
     ],
     [
      84.5988433,
      27.8745406
     ],
     [
      84.5991355,
      27.8744312
     ],
     [
      84.599316,
      27.8743444
     ],
     [
      84.5994963,
      27.8742549
     ],
     [
      84.5995309,
      27.874233
     ],
     [
      84.5997805,
      27.8740747
     ],
     [
      84.6000278,
      27.8738991
     ],
     [
      84.6001122,
      27.8738348
     ],
     [
      84.6001976,
      27.8737579
     ],
     [
      84.6002556,
      27.8737042
     ],
     [
      84.6003232,
      27.8736304
     ],
     [
      84.6003838,
      27.873561
     ],
     [
      84.600447,
      27.8734653
     ],
     [
      84.600494,
      27.8733839
     ],
     [
      84.6005425,
      27.873285
     ],
     [
      84.6006175,
      27.8730819
     ],
     [
      84.6007198,
      27.8728362
     ],
     [
      84.6007629,
      27.8727583
     ],
     [
      84.6008277,
      27.8726531
     ],
     [
      84.6009045,
      27.8725551
     ],
     [
      84.6009648,
      27.8724993
     ],
     [
      84.6010099,
      27.8724559
     ],
     [
      84.6010712,
      27.8724102
     ],
     [
      84.6011663,
      27.8723545
     ],
     [
      84.6012701,
      27.8723005
     ],
     [
      84.6014027,
      27.8722369
     ],
     [
      84.6017089,
      27.8721333
     ],
     [
      84.6020725,
      27.8720048
     ],
     [
      84.6026193,
      27.8718115
     ],
     [
      84.603099,
      27.8716395
     ],
     [
      84.6036343,
      27.8714429
     ],
     [
      84.6040333,
      27.8713127
     ],
     [
      84.6042133,
      27.871254
     ],
     [
      84.6044324,
      27.8711517
     ],
     [
      84.6045584,
      27.8710985
     ],
     [
      84.6046942,
      27.8710264
     ],
     [
      84.6047936,
      27.8709646
     ],
     [
      84.6049549,
      27.8708443
     ],
     [
      84.6050979,
      27.8707115
     ],
     [
      84.6054375,
      27.8703895
     ],
     [
      84.6055199,
      27.8703214
     ],
     [
      84.6056534,
      27.8702313
     ],
     [
      84.6057944,
      27.8701546
     ],
     [
      84.605901,
      27.870111
     ],
     [
      84.6060153,
      27.8700668
     ],
     [
      84.6061686,
      27.8700235
     ],
     [
      84.6065215,
      27.8699333
     ],
     [
      84.6070452,
      27.8698075
     ],
     [
      84.6072563,
      27.8697655
     ],
     [
      84.6073932,
      27.869746
     ],
     [
      84.6075296,
      27.8697298
     ],
     [
      84.6076495,
      27.869723
     ],
     [
      84.6079153,
      27.8697256
     ],
     [
      84.6083135,
      27.8697789
     ],
     [
      84.6085782,
      27.8698113
     ],
     [
      84.608909,
      27.8698479
     ],
     [
      84.6092718,
      27.8698898
     ],
     [
      84.6093644,
      27.8699018
     ],
     [
      84.609444,
      27.8699112
     ],
     [
      84.6096725,
      27.8699433
     ],
     [
      84.6098608,
      27.8699752
     ],
     [
      84.6100589,
      27.8700212
     ],
     [
      84.6101169,
      27.8700351
     ],
     [
      84.6102361,
      27.870074
     ],
     [
      84.6103801,
      27.8701317
     ],
     [
      84.6105383,
      27.8702097
     ],
     [
      84.610719,
      27.8703129
     ],
     [
      84.6109471,
      27.8704428
     ],
     [
      84.6111691,
      27.8705837
     ],
     [
      84.611447,
      27.870789
     ],
     [
      84.6118083,
      27.8710976
     ],
     [
      84.6121626,
      27.8713837
     ],
     [
      84.6122803,
      27.8714656
     ],
     [
      84.6123729,
      27.871524
     ],
     [
      84.6124691,
      27.8715827
     ],
     [
      84.612566,
      27.8716307
     ],
     [
      84.6126632,
      27.8716648
     ],
     [
      84.6130015,
      27.8717584
     ],
     [
      84.6132916,
      27.8718393
     ],
     [
      84.6134191,
      27.8718788
     ],
     [
      84.6135352,
      27.8719275
     ],
     [
      84.6136731,
      27.8720194
     ],
     [
      84.61377,
      27.8721029
     ],
     [
      84.6138805,
      27.8722251
     ],
     [
      84.6140194,
      27.8724087
     ],
     [
      84.61407,
      27.8724723
     ],
     [
      84.6141491,
      27.8725359
     ],
     [
      84.6142407,
      27.8725965
     ],
     [
      84.6143382,
      27.872638
     ],
     [
      84.6144258,
      27.8726657
     ],
     [
      84.614648,
      27.8727235
     ],
     [
      84.6148497,
      27.8727731
     ],
     [
      84.6150539,
      27.8728185
     ],
     [
      84.6153104,
      27.8728688
     ],
     [
      84.6154338,
      27.872887
     ],
     [
      84.6155414,
      27.8728995
     ],
     [
      84.6157263,
      27.8729033
     ],
     [
      84.6158903,
      27.872902
     ],
     [
      84.6160365,
      27.8728894
     ],
     [
      84.6164056,
      27.8728415
     ],
     [
      84.6172837,
      27.8727355
     ],
     [
      84.6179176,
      27.8726427
     ],
     [
      84.6181951,
      27.8725891
     ],
     [
      84.6191998,
      27.872426
     ],
     [
      84.6203028,
      27.8722781
     ],
     [
      84.6206742,
      27.872227
     ],
     [
      84.6218517,
      27.8720533
     ],
     [
      84.6220115,
      27.8720342
     ],
     [
      84.6227187,
      27.8719498
     ],
     [
      84.623038,
      27.8719054
     ],
     [
      84.6241464,
      27.8717455
     ],
     [
      84.6251496,
      27.8716054
     ],
     [
      84.6253794,
      27.8715673
     ],
     [
      84.6255903,
      27.8715259
     ],
     [
      84.6257987,
      27.8714646
     ],
     [
      84.6259614,
      27.8714187
     ],
     [
      84.6263318,
      27.8712755
     ],
     [
      84.6264445,
      27.8712238
     ],
     [
      84.6279573,
      27.8705345
     ],
     [
      84.6281313,
      27.8704525
     ],
     [
      84.6282789,
      27.8703571
     ],
     [
      84.6284015,
      27.8702669
     ],
     [
      84.62851,
      27.870175
     ],
     [
      84.6286079,
      27.8700674
     ],
     [
      84.6286878,
      27.8699488
     ],
     [
      84.6287596,
      27.8698357
     ],
     [
      84.62881,
      27.8697314
     ],
     [
      84.6288544,
      27.8696073
     ],
     [
      84.6288847,
      27.8694903
     ],
     [
      84.6289363,
      27.8692097
     ],
     [
      84.6289945,
      27.8690381
     ],
     [
      84.6290548,
      27.8689425
     ],
     [
      84.6291079,
      27.8688836
     ],
     [
      84.6291732,
      27.8688329
     ],
     [
      84.6292789,
      27.8687641
     ],
     [
      84.6297565,
      27.8685694
     ],
     [
      84.6301796,
      27.8683978
     ]
    ]
   },
   "properties": {
    "name": "Prithvi Rajmarg",
    "name_local": "Prithvi Rajmarg",
    "highway": "trunk",
    "why_it_matters": "A valley road is the route relief arrives on and the route people leave on, and it runs where the river runs because there is nowhere else to put it.",
    "osm_id": "way/140332515",
    "source": "OpenStreetMap via the Overpass API",
    "source_url": "https://www.openstreetmap.org/copyright",
    "licence": "ODbL 1.0, (c) OpenStreetMap contributors",
    "retrieved": "2026-08-28"
   }
  },
  {
   "type": "Feature",
   "geometry": {
    "type": "LineString",
    "coordinates": [
     [
      84.8727476,
      27.8007654
     ],
     [
      84.8728165,
      27.8008991
     ],
     [
      84.8728635,
      27.8010501
     ]
    ]
   },
   "properties": {
    "name": "Soti khola",
    "name_local": "Soti khola",
    "highway": "trunk",
    "why_it_matters": "A valley road is the route relief arrives on and the route people leave on, and it runs where the river runs because there is nowhere else to put it.",
    "osm_id": "way/140332519",
    "source": "OpenStreetMap via the Overpass API",
    "source_url": "https://www.openstreetmap.org/copyright",
    "licence": "ODbL 1.0, (c) OpenStreetMap contributors",
    "retrieved": "2026-08-28"
   }
  },
  {
   "type": "Feature",
   "geometry": {
    "type": "LineString",
    "coordinates": [
     [
      84.5491636,
      27.8312645
     ],
     [
      84.5490745,
      27.8312197
     ],
     [
      84.5489811,
      27.8311858
     ],
     [
      84.5488112,
      27.8311466
     ]
    ]
   },
   "properties": {
    "name": "Tope khola",
    "name_local": "Tope khola",
    "highway": "trunk",
    "why_it_matters": "A valley road is the route relief arrives on and the route people leave on, and it runs where the river runs because there is nowhere else to put it.",
    "osm_id": "way/140332520",
    "source": "OpenStreetMap via the Overpass API",
    "source_url": "https://www.openstreetmap.org/copyright",
    "licence": "ODbL 1.0, (c) OpenStreetMap contributors",
    "retrieved": "2026-08-28"
   }
  },
  {
   "type": "Feature",
   "geometry": {
    "type": "LineString",
    "coordinates": [
     [
      84.4534206,
      27.7790729
     ],
     [
      84.4535343,
      27.7790005
     ],
     [
      84.4545319,
      27.778458
     ],
     [
      84.4555573,
      27.7779202
     ],
     [
      84.45589,
      27.7777131
     ],
     [
      84.4565189,
      27.777412
     ],
     [
      84.4571502,
      27.7771002
     ],
     [
      84.4573838,
      27.7769915
     ],
     [
      84.4580232,
      27.7766488
     ],
     [
      84.4584127,
      27.7764456
     ],
     [
      84.458676,
      27.7762514
     ],
     [
      84.459114,
      27.7759653
     ],
     [
      84.4594257,
      27.7757773
     ],
     [
      84.4595857,
      27.7756543
     ],
     [
      84.459889,
      27.7754615
     ],
     [
      84.4602022,
      27.775239
     ],
     [
      84.4608391,
      27.7747907
     ],
     [
      84.4617202,
      27.7740887
     ],
     [
      84.4623137,
      27.7736874
     ],
     [
      84.4626187,
      27.7735207
     ],
     [
      84.4634824,
      27.7730799
     ]
    ]
   },
   "properties": {
    "name": "Bharatpur-Mugling Highway",
    "name_local": "Bharatpur-Mugling Highway",
    "highway": "trunk",
    "why_it_matters": "A valley road is the route relief arrives on and the route people leave on, and it runs where the river runs because there is nowhere else to put it.",
    "osm_id": "way/140332521",
    "source": "OpenStreetMap via the Overpass API",
    "source_url": "https://www.openstreetmap.org/copyright",
    "licence": "ODbL 1.0, (c) OpenStreetMap contributors",
    "retrieved": "2026-08-28"
   }
  },
  {
   "type": "Feature",
   "geometry": {
    "type": "LineString",
    "coordinates": [
     [
      84.4317789,
      27.7978203
     ],
     [
      84.431784,
      27.7977082
     ],
     [
      84.4317636,
      27.7975715
     ],
     [
      84.4316145,
      27.7971372
     ],
     [
      84.4315125,
      27.7968394
     ],
     [
      84.4314904,
      27.7967292
     ],
     [
      84.4314945,
      27.7965535
     ],
     [
      84.4315254,
      27.7963126
     ],
     [
      84.43156,
      27.7960785
     ],
     [
      84.43157,
      27.7958066
     ],
     [
      84.4315508,
      27.7955392
     ],
     [
      84.4315067,
      27.7952625
     ],
     [
      84.4313825,
      27.7946265
     ],
     [
      84.4312653,
      27.7941006
     ],
     [
      84.4312283,
      27.793781
     ],
     [
      84.4312328,
      27.7934507
     ],
     [
      84.4312507,
      27.7930403
     ],
     [
      84.4313019,
      27.7926355
     ],
     [
      84.4314226,
      27.7920805
     ],
     [
      84.4315896,
      27.7909399
     ],
     [
      84.4317296,
      27.7901945
     ],
     [
      84.4318318,
      27.7899354
     ],
     [
      84.4320899,
      27.7894263
     ],
     [
      84.4324475,
      27.7887514
     ],
     [
      84.4328306,
      27.7881695
     ],
     [
      84.4333069,
      27.7873703
     ],
     [
      84.4335531,
      27.7869561
     ],
     [
      84.433815,
      27.7865338
     ],
     [
      84.434211,
      27.7859707
     ],
     [
      84.4346142,
      27.7853639
     ],
     [
      84.4350803,
      27.7847403
     ],
     [
      84.4353786,
      27.7843474
     ],
     [
      84.4356359,
      27.7840073
     ],
     [
      84.4358256,
      27.7837563
     ],
     [
      84.4359917,
      27.7834404
     ],
     [
      84.4361928,
      27.78306
     ],
     [
      84.4363571,
      27.7826955
     ],
     [
      84.436478,
      27.7824933
     ],
     [
      84.4367475,
      27.7821844
     ],
     [
      84.4368797,
      27.7820474
     ],
     [
      84.4369987,
      27.7818716
     ],
     [
      84.4372123,
      27.7815528
     ],
     [
      84.4374526,
      27.7811831
     ],
     [
      84.4376484,
      27.7808828
     ],
     [
      84.4378906,
      27.7805318
     ],
     [
      84.4380002,
      27.7803244
     ],
     [
      84.4381302,
      27.7800584
     ],
     [
      84.4382122,
      27.7799601
     ],
     [
      84.4383876,
      27.7798403
     ],
     [
      84.438581,
      27.7797594
     ],
     [
      84.4388532,
      27.7796442
     ],
     [
      84.4390819,
      27.7795674
     ],
     [
      84.4392781,
      27.7795287
     ],
     [
      84.4394752,
      27.7795075
     ],
     [
      84.4400906,
      27.7794952
     ],
     [
      84.4402024,
      27.7794938
     ],
     [
      84.4408866,
      27.7794857
     ]
    ]
   },
   "properties": {
    "name": "Bharatpur-Mugling Highway",
    "name_local": "Bharatpur-Mugling Highway",
    "highway": "trunk",
    "why_it_matters": "A valley road is the route relief arrives on and the route people leave on, and it runs where the river runs because there is nowhere else to put it.",
    "osm_id": "way/140332523",
    "source": "OpenStreetMap via the Overpass API",
    "source_url": "https://www.openstreetmap.org/copyright",
    "licence": "ODbL 1.0, (c) OpenStreetMap contributors",
    "retrieved": "2026-08-28"
   }
  },
  {
   "type": "Feature",
   "geometry": {
    "type": "LineString",
    "coordinates": [
     [
      84.4415064,
      27.7794882
     ],
     [
      84.4417502,
      27.7794844
     ],
     [
      84.4420195,
      27.7794735
     ],
     [
      84.4422755,
      27.7794537
     ],
     [
      84.4423774,
      27.7794432
     ],
     [
      84.4424517,
      27.7794308
     ],
     [
      84.442603,
      27.7794068
     ],
     [
      84.4427704,
      27.7793784
     ],
     [
      84.4429354,
      27.77936
     ],
     [
      84.4430667,
      27.7793571
     ],
     [
      84.4432765,
      27.7793788
     ],
     [
      84.4435473,
      27.7794305
     ],
     [
      84.4436023,
      27.7794516
     ],
     [
      84.4437642,
      27.7794876
     ],
     [
      84.4440702,
      27.7795691
     ],
     [
      84.4441657,
      27.7795741
     ],
     [
      84.4443289,
      27.7795859
     ],
     [
      84.4444758,
      27.7795803
     ],
     [
      84.4447103,
      27.7795614
     ],
     [
      84.4449699,
      27.7795153
     ],
     [
      84.4452705,
      27.7794418
     ],
     [
      84.4454181,
      27.7794032
     ],
     [
      84.4456345,
      27.7793574
     ],
     [
      84.4459032,
      27.7793024
     ],
     [
      84.4461431,
      27.7792691
     ],
     [
      84.4465934,
      27.7792797
     ],
     [
      84.4473165,
      27.779278
     ],
     [
      84.4480737,
      27.7793786
     ],
     [
      84.4481998,
      27.7793861
     ],
     [
      84.448742,
      27.7794186
     ],
     [
      84.4488898,
      27.7793947
     ],
     [
      84.4490518,
      27.7793419
     ],
     [
      84.4492063,
      27.7792743
     ],
     [
      84.4494292,
      27.7791735
     ],
     [
      84.4495149,
      27.7791393
     ],
     [
      84.4496181,
      27.779111
     ],
     [
      84.4497755,
      27.7791089
     ],
     [
      84.4501122,
      27.7791587
     ],
     [
      84.4508426,
      27.7791936
     ],
     [
      84.4522126,
      27.779334
     ],
     [
      84.4525487,
      27.7793365
     ],
     [
      84.4527692,
      27.7793063
     ],
     [
      84.4529763,
      27.779262
     ]
    ]
   },
   "properties": {
    "name": "Bharatpur-Mugling Highway",
    "name_local": "Bharatpur-Mugling Highway",
    "highway": "trunk",
    "why_it_matters": "A valley road is the route relief arrives on and the route people leave on, and it runs where the river runs because there is nowhere else to put it.",
    "osm_id": "way/140332524",
    "source": "OpenStreetMap via the Overpass API",
    "source_url": "https://www.openstreetmap.org/copyright",
    "licence": "ODbL 1.0, (c) OpenStreetMap contributors",
    "retrieved": "2026-08-28"
   }
  },
  {
   "type": "Feature",
   "geometry": {
    "type": "LineString",
    "coordinates": [
     [
      84.4537713,
      27.8196031
     ],
     [
      84.4535283,
      27.8197308
     ],
     [
      84.4532348,
      27.8198429
     ],
     [
      84.4523071,
      27.8201309
     ],
     [
      84.4521121,
      27.8201782
     ],
     [
      84.4519786,
      27.8201809
     ],
     [
      84.4516844,
      27.8201546
     ],
     [
      84.4515418,
      27.8201308
     ],
     [
      84.451404,
      27.8201385
     ],
     [
      84.4512385,
      27.8201765
     ],
     [
      84.4511217,
      27.8202483
     ],
     [
      84.4510341,
      27.8203452
     ],
     [
      84.4508906,
      27.8204748
     ],
     [
      84.4507484,
      27.8205378
     ],
     [
      84.450622,
      27.8205786
     ],
     [
      84.4504014,
      27.8206449
     ],
     [
      84.4498554,
      27.8207371
     ],
     [
      84.4482879,
      27.8210893
     ],
     [
      84.446706,
      27.8214434
     ],
     [
      84.4465354,
      27.8214658
     ],
     [
      84.4464177,
      27.8214671
     ],
     [
      84.4463141,
      27.8214536
     ],
     [
      84.4462068,
      27.8214198
     ],
     [
      84.4460546,
      27.8213655
     ],
     [
      84.4455409,
      27.8211486
     ],
     [
      84.4452738,
      27.8210134
     ],
     [
      84.4450221,
      27.8207999
     ],
     [
      84.4449413,
      27.8206752
     ],
     [
      84.4448687,
      27.8205588
     ],
     [
      84.4448184,
      27.8204812
     ]
    ]
   },
   "properties": {
    "name": "Bharatpur-Mugling Highway",
    "name_local": "Bharatpur-Mugling Highway",
    "highway": "trunk",
    "why_it_matters": "A valley road is the route relief arrives on and the route people leave on, and it runs where the river runs because there is nowhere else to put it.",
    "osm_id": "way/140332525",
    "source": "OpenStreetMap via the Overpass API",
    "source_url": "https://www.openstreetmap.org/copyright",
    "licence": "ODbL 1.0, (c) OpenStreetMap contributors",
    "retrieved": "2026-08-28"
   }
  },
  {
   "type": "Feature",
   "geometry": {
    "type": "LineString",
    "coordinates": [
     [
      84.4445407,
      27.8200954
     ],
     [
      84.4444791,
      27.8199993
     ],
     [
      84.4443622,
      27.8198186
     ],
     [
      84.4434004,
      27.8183461
     ]
    ]
   },
   "properties": {
    "name": "Narayanghat-Muglin Highway",
    "name_local": "Narayanghat-Muglin Highway",
    "highway": "trunk",
    "why_it_matters": "A valley road is the route relief arrives on and the route people leave on, and it runs where the river runs because there is nowhere else to put it.",
    "osm_id": "way/140332526",
    "source": "OpenStreetMap via the Overpass API",
    "source_url": "https://www.openstreetmap.org/copyright",
    "licence": "ODbL 1.0, (c) OpenStreetMap contributors",
    "retrieved": "2026-08-28"
   }
  },
  {
   "type": "Feature",
   "geometry": {
    "type": "LineString",
    "coordinates": [
     [
      84.4825541,
      27.8202873
     ],
     [
      84.4811838,
      27.8207127
     ],
     [
      84.4799226,
      27.8210949
     ],
     [
      84.479166,
      27.8213255
     ],
     [
      84.479103,
      27.8213447
     ],
     [
      84.4786374,
      27.8214825
     ],
     [
      84.4779963,
      27.8217848
     ],
     [
      84.4777623,
      27.8218944
     ],
     [
      84.4775626,
      27.821968
     ],
     [
      84.4774253,
      27.821996
     ],
     [
      84.4771008,
      27.8220069
     ],
     [
      84.4769392,
      27.8220283
     ],
     [
      84.4767998,
      27.8220618
     ],
     [
      84.4766753,
      27.8221152
     ],
     [
      84.4765692,
      27.8221662
     ],
     [
      84.4763825,
      27.8222303
     ],
     [
      84.4761063,
      27.8223036
     ],
     [
      84.4755253,
      27.8223985
     ],
     [
      84.4743844,
      27.8225427
     ],
     [
      84.4740151,
      27.822603
     ],
     [
      84.472746,
      27.8227358
     ],
     [
      84.4725861,
      27.8227621
     ],
     [
      84.4724679,
      27.8227876
     ],
     [
      84.4723479,
      27.8228329
     ],
     [
      84.4720161,
      27.8229782
     ],
     [
      84.4718735,
      27.8230411
     ],
     [
      84.4717325,
      27.8230903
     ],
     [
      84.4715519,
      27.8231285
     ],
     [
      84.4709629,
      27.823214
     ],
     [
      84.4707112,
      27.8232622
     ],
     [
      84.4705548,
      27.8232958
     ],
     [
      84.4703569,
      27.8232919
     ],
     [
      84.4699961,
      27.8232408
     ],
     [
      84.4693512,
      27.8232431
     ],
     [
      84.4685486,
      27.8233747
     ],
     [
      84.4680183,
      27.8234524
     ],
     [
      84.4672069,
      27.8235622
     ],
     [
      84.4669767,
      27.8235772
     ],
     [
      84.4668455,
      27.8235812
     ],
     [
      84.4667492,
      27.8235681
     ],
     [
      84.4666693,
      27.8235351
     ],
     [
      84.4665993,
      27.8234888
     ],
     [
      84.4665575,
      27.8234238
     ],
     [
      84.4665291,
      27.8233531
     ],
     [
      84.4665271,
      27.8232504
     ],
     [
      84.4665671,
      27.8230505
     ],
     [
      84.466828,
      27.8222971
     ],
     [
      84.466935,
      27.8220357
     ],
     [
      84.4670191,
      27.8218864
     ],
     [
      84.4671252,
      27.8217472
     ],
     [
      84.4672074,
      27.8215804
     ],
     [
      84.4672593,
      27.821416
     ],
     [
      84.4672658,
      27.8212801
     ],
     [
      84.4672616,
      27.8211095
     ],
     [
      84.467243,
      27.8209257
     ],
     [
      84.4671948,
      27.8207086
     ],
     [
      84.4670337,
      27.8202048
     ],
     [
      84.4667658,
      27.8194373
     ]
    ]
   },
   "properties": {
    "name": "Narayanghat-Muglin Highway",
    "name_local": "Narayanghat-Muglin Highway",
    "highway": "trunk",
    "why_it_matters": "A valley road is the route relief arrives on and the route people leave on, and it runs where the river runs because there is nowhere else to put it.",
    "osm_id": "way/140332527",
    "source": "OpenStreetMap via the Overpass API",
    "source_url": "https://www.openstreetmap.org/copyright",
    "licence": "ODbL 1.0, (c) OpenStreetMap contributors",
    "retrieved": "2026-08-28"
   }
  },
  {
   "type": "Feature",
   "geometry": {
    "type": "LineString",
    "coordinates": [
     [
      84.5584816,
      27.8430545
     ],
     [
      84.5584913,
      27.8429907
     ],
     [
      84.5585029,
      27.8429131
     ],
     [
      84.5584972,
      27.8428274
     ],
     [
      84.5584648,
      27.8426684
     ],
     [
      84.5584017,
      27.8424359
     ],
     [
      84.5582917,
      27.8420358
     ],
     [
      84.5582767,
      27.8418559
     ],
     [
      84.5582831,
      27.8417021
     ],
     [
      84.5582622,
      27.8414045
     ],
     [
      84.5581652,
      27.8409571
     ],
     [
      84.5580547,
      27.8406276
     ],
     [
      84.5578804,
      27.8402775
     ],
     [
      84.5577395,
      27.8400236
     ],
     [
      84.557671,
      27.8399014
     ],
     [
      84.5576239,
      27.8398014
     ],
     [
      84.5576117,
      27.8397251
     ],
     [
      84.5576027,
      27.8396927
     ],
     [
      84.557599,
      27.8396472
     ],
     [
      84.5576061,
      27.8395809
     ],
     [
      84.5576146,
      27.839517
     ],
     [
      84.5576497,
      27.839388
     ],
     [
      84.5577238,
      27.8392531
     ],
     [
      84.5578101,
      27.8390609
     ],
     [
      84.5579032,
      27.8388239
     ],
     [
      84.5579548,
      27.8386379
     ],
     [
      84.5579913,
      27.8385441
     ],
     [
      84.5580149,
      27.8384345
     ],
     [
      84.5580265,
      27.8383236
     ],
     [
      84.5580261,
      27.8382104
     ],
     [
      84.5580136,
      27.8380792
     ],
     [
      84.5579983,
      27.8379612
     ],
     [
      84.5579741,
      27.8378799
     ],
     [
      84.5579487,
      27.8377747
     ],
     [
      84.5579006,
      27.8376318
     ],
     [
      84.5578462,
      27.8375036
     ],
     [
      84.5577389,
      27.8372949
     ],
     [
      84.5575677,
      27.83702
     ],
     [
      84.557358,
      27.8367446
     ],
     [
      84.5571295,
      27.8365002
     ],
     [
      84.5569687,
      27.8363126
     ],
     [
      84.5568392,
      27.8361879
     ],
     [
      84.5565052,
      27.8359254
     ],
     [
      84.5560284,
      27.8355974
     ],
     [
      84.5559033,
      27.835514
     ],
     [
      84.5557889,
      27.8354318
     ],
     [
      84.5556181,
      27.8352737
     ],
     [
      84.5554999,
      27.8351704
     ],
     [
      84.555324,
      27.8350563
     ],
     [
      84.5552301,
      27.8350087
     ],
     [
      84.5551,
      27.8349588
     ],
     [
      84.5546841,
      27.8348002
     ],
     [
      84.554346,
      27.8346987
     ],
     [
      84.5542224,
      27.8346649
     ],
     [
      84.5540681,
      27.8346113
     ],
     [
      84.5539633,
      27.8345577
     ],
     [
      84.5538101,
      27.8344477
     ],
     [
      84.55361,
      27.8343045
     ],
     [
      84.5533429,
      27.8341103
     ],
     [
      84.5531011,
      27.8339375
     ]
    ]
   },
   "properties": {
    "name": "Bharatpur-Mugling Highway",
    "name_local": "Bharatpur-Mugling Highway",
    "highway": "trunk",
    "why_it_matters": "A valley road is the route relief arrives on and the route people leave on, and it runs where the river runs because there is nowhere else to put it.",
    "osm_id": "way/140332529",
    "source": "OpenStreetMap via the Overpass API",
    "source_url": "https://www.openstreetmap.org/copyright",
    "licence": "ODbL 1.0, (c) OpenStreetMap contributors",
    "retrieved": "2026-08-28"
   }
  },
  {
   "type": "Feature",
   "geometry": {
    "type": "LineString",
    "coordinates": [
     [
      84.4702065,
      27.7661102
     ],
     [
      84.4700233,
      27.7665488
     ]
    ]
   },
   "properties": {
    "name": "Bharatpur-Mugling Highway",
    "name_local": "Bharatpur-Mugling Highway",
    "highway": "trunk",
    "why_it_matters": "A valley road is the route relief arrives on and the route people leave on, and it runs where the river runs because there is nowhere else to put it.",
    "osm_id": "way/140332530",
    "source": "OpenStreetMap via the Overpass API",
    "source_url": "https://www.openstreetmap.org/copyright",
    "licence": "ODbL 1.0, (c) OpenStreetMap contributors",
    "retrieved": "2026-08-28"
   }
  },
  {
   "type": "Feature",
   "geometry": {
    "type": "LineString",
    "coordinates": [
     [
      84.558352,
      27.8434729
     ],
     [
      84.5584816,
      27.8430545
     ]
    ]
   },
   "properties": {
    "name": "unnamed",
    "name_local": "",
    "highway": "trunk",
    "why_it_matters": "A valley road is the route relief arrives on and the route people leave on, and it runs where the river runs because there is nowhere else to put it.",
    "osm_id": "way/140332531",
    "source": "OpenStreetMap via the Overpass API",
    "source_url": "https://www.openstreetmap.org/copyright",
    "licence": "ODbL 1.0, (c) OpenStreetMap contributors",
    "retrieved": "2026-08-28"
   }
  },
  {
   "type": "Feature",
   "geometry": {
    "type": "LineString",
    "coordinates": [
     [
      84.558365,
      27.8505201
     ],
     [
      84.5586527,
      27.8500938
     ]
    ]
   },
   "properties": {
    "name": "unnamed",
    "name_local": "",
    "highway": "trunk",
    "why_it_matters": "A valley road is the route relief arrives on and the route people leave on, and it runs where the river runs because there is nowhere else to put it.",
    "osm_id": "way/140332532",
    "source": "OpenStreetMap via the Overpass API",
    "source_url": "https://www.openstreetmap.org/copyright",
    "licence": "ODbL 1.0, (c) OpenStreetMap contributors",
    "retrieved": "2026-08-28"
   }
  },
  {
   "type": "Feature",
   "geometry": {
    "type": "LineString",
    "coordinates": [
     [
      84.521499,
      27.825064
     ],
     [
      84.5214867,
      27.8250092
     ],
     [
      84.5214367,
      27.8248357
     ],
     [
      84.5214329,
      27.8247305
     ],
     [
      84.5214779,
      27.8243913
     ],
     [
      84.5215296,
      27.82414
     ],
     [
      84.5216214,
      27.8238499
     ],
     [
      84.5216767,
      27.8235804
     ],
     [
      84.5216979,
      27.8233656
     ],
     [
      84.5216883,
      27.8231672
     ],
     [
      84.5216381,
      27.8229752
     ],
     [
      84.5215623,
      27.8227347
     ],
     [
      84.5215158,
      27.8224844
     ],
     [
      84.5214928,
      27.8221884
     ],
     [
      84.5213927,
      27.821846
     ],
     [
      84.5212526,
      27.8214801
     ],
     [
      84.5210363,
      27.821091
     ],
     [
      84.5207115,
      27.8205609
     ],
     [
      84.5206407,
      27.8203845
     ],
     [
      84.5205813,
      27.8202165
     ],
     [
      84.5205291,
      27.8199142
     ],
     [
      84.520508,
      27.819698
     ],
     [
      84.5204539,
      27.8193951
     ],
     [
      84.5203765,
      27.8191741
     ],
     [
      84.5200345,
      27.8184334
     ],
     [
      84.5195434,
      27.8175507
     ],
     [
      84.5192995,
      27.8170945
     ],
     [
      84.5191417,
      27.816863
     ],
     [
      84.5188177,
      27.8165124
     ],
     [
      84.5183208,
      27.8160235
     ],
     [
      84.5179521,
      27.8157145
     ],
     [
      84.5176494,
      27.8154956
     ],
     [
      84.5175089,
      27.8154069
     ],
     [
      84.5173982,
      27.8153198
     ],
     [
      84.5172847,
      27.8152539
     ],
     [
      84.5172027,
      27.8152271
     ],
     [
      84.5171225,
      27.8152008
     ],
     [
      84.5169152,
      27.8151731
     ],
     [
      84.5161037,
      27.8151337
     ],
     [
      84.5157166,
      27.8151046
     ],
     [
      84.5155067,
      27.815078
     ],
     [
      84.5152193,
      27.815014
     ],
     [
      84.5145271,
      27.8148094
     ],
     [
      84.514192,
      27.8147499
     ],
     [
      84.5138632,
      27.8147216
     ],
     [
      84.5134386,
      27.8147159
     ],
     [
      84.5129127,
      27.8146998
     ],
     [
      84.5124053,
      27.8146708
     ]
    ]
   },
   "properties": {
    "name": "Bharatpur-Mugling Highway",
    "name_local": "Bharatpur-Mugling Highway",
    "highway": "trunk",
    "why_it_matters": "A valley road is the route relief arrives on and the route people leave on, and it runs where the river runs because there is nowhere else to put it.",
    "osm_id": "way/140332534",
    "source": "OpenStreetMap via the Overpass API",
    "source_url": "https://www.openstreetmap.org/copyright",
    "licence": "ODbL 1.0, (c) OpenStreetMap contributors",
    "retrieved": "2026-08-28"
   }
  },
  {
   "type": "Feature",
   "geometry": {
    "type": "LineString",
    "coordinates": [
     [
      84.4317837,
      27.8016244
     ],
     [
      84.4318339,
      27.8014356
     ],
     [
      84.431871,
      27.8012353
     ],
     [
      84.43187,
      27.8009722
     ],
     [
      84.4319435,
      27.8006713
     ],
     [
      84.4321036,
      27.8001719
     ],
     [
      84.4321809,
      27.7998497
     ],
     [
      84.4322011,
      27.7993902
     ],
     [
      84.4321915,
      27.7991439
     ]
    ]
   },
   "properties": {
    "name": "Narayanghat-Muglin Highway",
    "name_local": "Narayanghat-Muglin Highway",
    "highway": "trunk",
    "why_it_matters": "A valley road is the route relief arrives on and the route people leave on, and it runs where the river runs because there is nowhere else to put it.",
    "osm_id": "way/140332537",
    "source": "OpenStreetMap via the Overpass API",
    "source_url": "https://www.openstreetmap.org/copyright",
    "licence": "ODbL 1.0, (c) OpenStreetMap contributors",
    "retrieved": "2026-08-28"
   }
  },
  {
   "type": "Feature",
   "geometry": {
    "type": "LineString",
    "coordinates": [
     [
      84.5488112,
      27.8311466
     ],
     [
      84.5487153,
      27.8311439
     ],
     [
      84.5485074,
      27.8310673
     ],
     [
      84.5483394,
      27.8310314
     ],
     [
      84.5476335,
      27.8309179
     ],
     [
      84.5472799,
      27.8308706
     ]
    ]
   },
   "properties": {
    "name": "unnamed",
    "name_local": "",
    "highway": "trunk",
    "why_it_matters": "A valley road is the route relief arrives on and the route people leave on, and it runs where the river runs because there is nowhere else to put it.",
    "osm_id": "way/140332538",
    "source": "OpenStreetMap via the Overpass API",
    "source_url": "https://www.openstreetmap.org/copyright",
    "licence": "ODbL 1.0, (c) OpenStreetMap contributors",
    "retrieved": "2026-08-28"
   }
  },
  {
   "type": "Feature",
   "geometry": {
    "type": "LineString",
    "coordinates": [
     [
      84.5586527,
      27.8500938
     ],
     [
      84.5586992,
      27.8499973
     ],
     [
      84.5587928,
      27.8497851
     ],
     [
      84.5588774,
      27.8496049
     ],
     [
      84.558911,
      27.8494792
     ],
     [
      84.5589673,
      27.8492255
     ],
     [
      84.5590558,
      27.8488628
     ],
     [
      84.5591369,
      27.8485594
     ],
     [
      84.5591375,
      27.8484883
     ],
     [
      84.55912,
      27.8483183
     ],
     [
      84.5590681,
      27.8480347
     ],
     [
      84.5590569,
      27.8479006
     ],
     [
      84.5590483,
      27.8478032
     ],
     [
      84.5590417,
      27.8477003
     ],
     [
      84.5590585,
      27.8476063
     ]
    ]
   },
   "properties": {
    "name": "Bharatpur-Mugling Highway",
    "name_local": "Bharatpur-Mugling Highway",
    "highway": "trunk",
    "why_it_matters": "A valley road is the route relief arrives on and the route people leave on, and it runs where the river runs because there is nowhere else to put it.",
    "osm_id": "way/140332539",
    "source": "OpenStreetMap via the Overpass API",
    "source_url": "https://www.openstreetmap.org/copyright",
    "licence": "ODbL 1.0, (c) OpenStreetMap contributors",
    "retrieved": "2026-08-28"
   }
  },
  {
   "type": "Feature",
   "geometry": {
    "type": "LineString",
    "coordinates": [
     [
      84.4704453,
      27.7655922
     ],
     [
      84.4708648,
      27.7646396
     ],
     [
      84.4711374,
      27.7639567
     ],
     [
      84.4711889,
      27.7638526
     ],
     [
      84.4712484,
      27.7637104
     ],
     [
      84.4713287,
      27.7635645
     ],
     [
      84.4713959,
      27.7634339
     ],
     [
      84.4714866,
      27.7633143
     ],
     [
      84.471577,
      27.7632002
     ],
     [
      84.4716902,
      27.7630961
     ],
     [
      84.4718465,
      27.7629557
     ],
     [
      84.4720189,
      27.7628187
     ],
     [
      84.4721976,
      27.7626782
     ],
     [
      84.4726517,
      27.7623823
     ],
     [
      84.4730607,
      27.7621068
     ],
     [
      84.4737097,
      27.7616517
     ],
     [
      84.4740595,
      27.7614059
     ],
     [
      84.4742605,
      27.7612456
     ],
     [
      84.4744584,
      27.7610538
     ],
     [
      84.4745821,
      27.7609089
     ],
     [
      84.474675,
      27.7607769
     ],
     [
      84.4747439,
      27.760674
     ],
     [
      84.474809,
      27.7605644
     ],
     [
      84.4748527,
      27.7604477
     ],
     [
      84.4749176,
      27.7602701
     ],
     [
      84.4749818,
      27.7600832
     ],
     [
      84.4750661,
      27.7597448
     ],
     [
      84.4752864,
      27.7590512
     ],
     [
      84.4753571,
      27.7587865
     ],
     [
      84.4754943,
      27.7582942
     ],
     [
      84.4755871,
      27.7579828
     ],
     [
      84.4758174,
      27.7572771
     ],
     [
      84.476079,
      27.7563668
     ],
     [
      84.4763525,
      27.7554684
     ],
     [
      84.4764278,
      27.7551521
     ],
     [
      84.4764506,
      27.7549787
     ],
     [
      84.4764528,
      27.7548701
     ],
     [
      84.4764568,
      27.7547526
     ],
     [
      84.476438,
      27.7544298
     ],
     [
      84.4763285,
      27.7537986
     ],
     [
      84.47625,
      27.7532976
     ],
     [
      84.4761708,
      27.7530001
     ],
     [
      84.4758074,
      27.7522347
     ],
     [
      84.4757021,
      27.751997
     ],
     [
      84.4756553,
      27.751921
     ],
     [
      84.4755805,
      27.7518142
     ],
     [
      84.4754232,
      27.7516789
     ],
     [
      84.4753629,
      27.7516267
     ],
     [
      84.4752593,
      27.7515204
     ],
     [
      84.4751623,
      27.7514098
     ],
     [
      84.47507,
      27.7512691
     ],
     [
      84.4749933,
      27.7510506
     ],
     [
      84.4748896,
      27.7504467
     ],
     [
      84.4748527,
      27.7503175
     ],
     [
      84.474624,
      27.7495628
     ],
     [
      84.4745786,
      27.7494086
     ],
     [
      84.4745232,
      27.7493044
     ],
     [
      84.4744364,
      27.7491644
     ],
     [
      84.4743253,
      27.7490521
     ],
     [
      84.4741239,
      27.7489014
     ],
     [
      84.4733628,
      27.7483919
     ],
     [
      84.4727512,
      27.7480016
     ],
     [
      84.4722339,
      27.7477141
     ],
     [
      84.4716172,
      27.7474371
     ],
     [
      84.4711061,
      27.7472526
     ],
     [
      84.4694224,
      27.746763
     ],
     [
      84.4680207,
      27.7463808
     ],
     [
      84.4675142,
      27.7462336
     ],
     [
      84.4665939,
      27.7459712
     ],
     [
      84.4662937,
      27.7458574
     ],
     [
      84.4661361,
      27.7457825
     ],
     [
      84.4659884,
      27.745693
     ],
     [
      84.4657233,
      27.7455206
     ],
     [
      84.4651536,
      27.7450403
     ],
     [
      84.4638192,
      27.7438901
     ],
     [
      84.4612318,
      27.7416981
     ],
     [
      84.4596445,
      27.7404135
     ],
     [
      84.4591965,
      27.7399205
     ],
     [
      84.45877,
      27.7394624
     ],
     [
      84.4576241,
      27.7380179
     ],
     [
      84.4569227,
      27.7371913
     ],
     [
      84.4558149,
      27.7360012
     ],
     [
      84.4549679,
      27.7349729
     ],
     [
      84.4546059,
      27.7345048
     ],
     [
      84.4542387,
      27.7340227
     ],
     [
      84.4538928,
      27.7335772
     ],
     [
      84.4534582,
      27.7330208
     ],
     [
      84.4529121,
      27.7323147
     ],
     [
      84.4527373,
      27.7320783
     ],
     [
      84.4523026,
      27.7315336
     ],
     [
      84.4522152,
      27.7314276
     ],
     [
      84.4518333,
      27.7309822
     ],
     [
      84.451271,
      27.7302622
     ],
     [
      84.4509994,
      27.7299291
     ],
     [
      84.4499493,
      27.7286602
     ],
     [
      84.4494769,
      27.728108
     ],
     [
      84.4492462,
      27.7278113
     ],
     [
      84.4490218,
      27.7275396
     ],
     [
      84.4488325,
      27.7272857
     ],
     [
      84.44875,
      27.7271619
     ],
     [
      84.4486998,
      27.7270426
     ],
     [
      84.4485542,
      27.7266681
     ],
     [
      84.4483879,
      27.7262276
     ],
     [
      84.4478373,
      27.7246968
     ],
     [
      84.4476335,
      27.7241502
     ],
     [
      84.4474719,
      27.7236848
     ],
     [
      84.4474399,
      27.7235352
     ],
     [
      84.4474236,
      27.7234485
     ],
     [
      84.4474219,
      27.7233557
     ],
     [
      84.4474264,
      27.7232788
     ],
     [
      84.4474412,
      27.7232038
     ],
     [
      84.4475111,
      27.7230309
     ],
     [
      84.4476105,
      27.7228775
     ],
     [
      84.4479149,
      27.7225574
     ],
     [
      84.4484829,
      27.7219603
     ],
     [
      84.4485341,
      27.7218946
     ],
     [
      84.4485735,
      27.7218149
     ],
     [
      84.4485838,
      27.7217771
     ],
     [
      84.4485958,
      27.7217474
     ],
     [
      84.4486023,
      27.7216608
     ],
     [
      84.4486025,
      27.7215325
     ],
     [
      84.4485918,
      27.7213888
     ],
     [
      84.44858,
      27.721097
     ],
     [
      84.4485816,
      27.7210231
     ],
     [
      84.448541,
      27.7206079
     ],
     [
      84.448504,
      27.7203721
     ],
     [
      84.4484724,
      27.7202622
     ],
     [
      84.4484313,
      27.7201589
     ],
     [
      84.4483785,
      27.7200647
     ],
     [
      84.4482936,
      27.7199349
     ],
     [
      84.4481174,
      27.7197243
     ],
     [
      84.4475,
      27.7190349
     ],
     [
      84.4465372,
      27.7179697
     ],
     [
      84.4455553,
      27.7168879
     ],
     [
      84.4433058,
      27.7144183
     ],
     [
      84.4427788,
      27.7138222
     ],
     [
      84.4416334,
      27.7124933
     ],
     [
      84.4409689,
      27.7118198
     ],
     [
      84.440317,
      27.7111353
     ],
     [
      84.4401892,
      27.710992
     ],
     [
      84.4400859,
      27.7108762
     ]
    ]
   },
   "properties": {
    "name": "Bharatpur-Mugling Highway",
    "name_local": "Bharatpur-Mugling Highway",
    "highway": "trunk",
    "why_it_matters": "A valley road is the route relief arrives on and the route people leave on, and it runs where the river runs because there is nowhere else to put it.",
    "osm_id": "way/140332540",
    "source": "OpenStreetMap via the Overpass API",
    "source_url": "https://www.openstreetmap.org/copyright",
    "licence": "ODbL 1.0, (c) OpenStreetMap contributors",
    "retrieved": "2026-08-28"
   }
  },
  {
   "type": "Feature",
   "geometry": {
    "type": "LineString",
    "coordinates": [
     [
      84.5592061,
      27.8471683
     ],
     [
      84.5592368,
      27.8470119
     ],
     [
      84.5592669,
      27.8467781
     ],
     [
      84.559251,
      27.8465316
     ],
     [
      84.5592193,
      27.8463839
     ],
     [
      84.5591734,
      27.8463125
     ],
     [
      84.558999,
      27.8461846
     ],
     [
      84.5589057,
      27.8460774
     ],
     [
      84.5588279,
      27.8458924
     ],
     [
      84.5588091,
      27.8456196
     ],
     [
      84.558721,
      27.8450127
     ],
     [
      84.5586688,
      27.8447125
     ],
     [
      84.558592,
      27.8444205
     ],
     [
      84.5584144,
      27.8438268
     ],
     [
      84.558357,
      27.8435605
     ],
     [
      84.558352,
      27.8434729
     ]
    ]
   },
   "properties": {
    "name": "Bharatpur-Mugling Highway",
    "name_local": "Bharatpur-Mugling Highway",
    "highway": "trunk",
    "why_it_matters": "A valley road is the route relief arrives on and the route people leave on, and it runs where the river runs because there is nowhere else to put it.",
    "osm_id": "way/140332542",
    "source": "OpenStreetMap via the Overpass API",
    "source_url": "https://www.openstreetmap.org/copyright",
    "licence": "ODbL 1.0, (c) OpenStreetMap contributors",
    "retrieved": "2026-08-28"
   }
  },
  {
   "type": "Feature",
   "geometry": {
    "type": "LineString",
    "coordinates": [
     [
      84.4660601,
      27.8185595
     ],
     [
      84.4651281,
      27.8179469
     ],
     [
      84.4649572,
      27.8178419
     ],
     [
      84.4647534,
      27.8177505
     ],
     [
      84.4644781,
      27.8176918
     ],
     [
      84.464213,
      27.817659
     ],
     [
      84.4638545,
      27.8176263
     ],
     [
      84.4634325,
      27.8175944
     ],
     [
      84.463142,
      27.8176167
     ]
    ]
   },
   "properties": {
    "name": "Bharatpur-Mugling Highway",
    "name_local": "Bharatpur-Mugling Highway",
    "highway": "trunk",
    "why_it_matters": "A valley road is the route relief arrives on and the route people leave on, and it runs where the river runs because there is nowhere else to put it.",
    "osm_id": "way/140332543",
    "source": "OpenStreetMap via the Overpass API",
    "source_url": "https://www.openstreetmap.org/copyright",
    "licence": "ODbL 1.0, (c) OpenStreetMap contributors",
    "retrieved": "2026-08-28"
   }
  },
  {
   "type": "Feature",
   "geometry": {
    "type": "LineString",
    "coordinates": [
     [
      84.5524844,
      27.8334876
     ],
     [
      84.5522788,
      27.8333576
     ],
     [
      84.5520474,
      27.8332167
     ],
     [
      84.5517775,
      27.8330466
     ],
     [
      84.5515358,
      27.832886
     ],
     [
      84.5512889,
      27.8327101
     ],
     [
      84.5510718,
      27.832544
     ],
     [
      84.5508386,
      27.8323762
     ],
     [
      84.5501222,
      27.8318284
     ],
     [
      84.5499171,
      27.8316912
     ],
     [
      84.549443,
      27.8314058
     ],
     [
      84.5491636,
      27.8312645
     ]
    ]
   },
   "properties": {
    "name": "Bharatpur-Mugling Highway",
    "name_local": "Bharatpur-Mugling Highway",
    "highway": "trunk",
    "why_it_matters": "A valley road is the route relief arrives on and the route people leave on, and it runs where the river runs because there is nowhere else to put it.",
    "osm_id": "way/140332544",
    "source": "OpenStreetMap via the Overpass API",
    "source_url": "https://www.openstreetmap.org/copyright",
    "licence": "ODbL 1.0, (c) OpenStreetMap contributors",
    "retrieved": "2026-08-28"
   }
  },
  {
   "type": "Feature",
   "geometry": {
    "type": "LineString",
    "coordinates": [
     [
      84.4953998,
      27.8192683
     ],
     [
      84.4950777,
      27.8191807
     ],
     [
      84.4947655,
      27.8190704
     ],
     [
      84.4944427,
      27.8189344
     ],
     [
      84.4938314,
      27.8186666
     ],
     [
      84.4934694,
      27.8185587
     ],
     [
      84.4927624,
      27.8183821
     ],
     [
      84.492636,
      27.818362
     ],
     [
      84.4925147,
      27.8183542
     ],
     [
      84.4923966,
      27.8183801
     ],
     [
      84.4922942,
      27.8184376
     ],
     [
      84.4919985,
      27.8185995
     ],
     [
      84.4918285,
      27.8186513
     ],
     [
      84.4915739,
      27.8187076
     ],
     [
      84.4910843,
      27.8188219
     ],
     [
      84.4902943,
      27.819047
     ],
     [
      84.490028,
      27.8191539
     ],
     [
      84.4895504,
      27.8193803
     ],
     [
      84.4888263,
      27.8197478
     ],
     [
      84.4881874,
      27.8200541
     ],
     [
      84.4880397,
      27.8201168
     ],
     [
      84.4878365,
      27.8201637
     ],
     [
      84.4875093,
      27.8202003
     ],
     [
      84.4870275,
      27.8202467
     ],
     [
      84.4864814,
      27.8203137
     ],
     [
      84.4861701,
      27.8203404
     ],
     [
      84.4859682,
      27.8203442
     ],
     [
      84.4857813,
      27.8203197
     ],
     [
      84.4853913,
      27.8202371
     ],
     [
      84.4848871,
      27.8201307
     ],
     [
      84.4846318,
      27.820085
     ],
     [
      84.4843532,
      27.8200734
     ]
    ]
   },
   "properties": {
    "name": "Bharatpur-Mugling Highway",
    "name_local": "Bharatpur-Mugling Highway",
    "highway": "trunk",
    "why_it_matters": "A valley road is the route relief arrives on and the route people leave on, and it runs where the river runs because there is nowhere else to put it.",
    "osm_id": "way/140332547",
    "source": "OpenStreetMap via the Overpass API",
    "source_url": "https://www.openstreetmap.org/copyright",
    "licence": "ODbL 1.0, (c) OpenStreetMap contributors",
    "retrieved": "2026-08-28"
   }
  },
  {
   "type": "Feature",
   "geometry": {
    "type": "LineString",
    "coordinates": [
     [
      85.3066441,
      28.1240862
     ],
     [
      85.306942,
      28.1238971
     ],
     [
      85.3074255,
      28.1232076
     ],
     [
      85.3074281,
      28.1231554
     ],
     [
      85.3074444,
      28.1230758
     ],
     [
      85.3074696,
      28.1229948
     ],
     [
      85.3076614,
      28.1228865
     ],
     [
      85.3077447,
      28.1228394
     ],
     [
      85.3079683,
      28.1227131
     ],
     [
      85.3081127,
      28.1224133
     ],
     [
      85.3081101,
      28.1222907
     ],
     [
      85.3080712,
      28.1221238
     ],
     [
      85.3080894,
      28.1220417
     ],
     [
      85.3081101,
      28.122001
     ],
     [
      85.3081694,
      28.1219558
     ],
     [
      85.3082611,
      28.1219183
     ],
     [
      85.3083293,
      28.1218515
     ],
     [
      85.3083688,
      28.1217241
     ],
     [
      85.3084593,
      28.1214729
     ],
     [
      85.3082866,
      28.1207712
     ],
     [
      85.308513,
      28.1202861
     ],
     [
      85.3085852,
      28.1202169
     ],
     [
      85.3086819,
      28.1200965
     ],
     [
      85.308775,
      28.1198608
     ],
     [
      85.3088583,
      28.1196985
     ],
     [
      85.3090232,
      28.1194824
     ],
     [
      85.3090723,
      28.1193968
     ],
     [
      85.3090586,
      28.1193354
     ],
     [
      85.3089917,
      28.1192275
     ],
     [
      85.3089859,
      28.1191384
     ],
     [
      85.3090003,
      28.1190716
     ],
     [
      85.3092604,
      28.1187358
     ],
     [
      85.3094383,
      28.1185201
     ],
     [
      85.3095178,
      28.118441
     ],
     [
      85.3096526,
      28.11838
     ],
     [
      85.3097073,
      28.1183357
     ],
     [
      85.3097315,
      28.1182956
     ],
     [
      85.3097542,
      28.1175596
     ],
     [
      85.3097391,
      28.1171594
     ],
     [
      85.3098222,
      28.1167493
     ],
     [
      85.3098625,
      28.1165473
     ],
     [
      85.3099698,
      28.116382
     ],
     [
      85.3103835,
      28.1157888
     ],
     [
      85.3103931,
      28.1156709
     ],
     [
      85.310368,
      28.1156046
     ],
     [
      85.3101197,
      28.1151951
     ],
     [
      85.3099657,
      28.1146773
     ],
     [
      85.3097931,
      28.1141963
     ],
     [
      85.3097737,
      28.1140676
     ],
     [
      85.3097796,
      28.1139832
     ],
     [
      85.3098223,
      28.113775
     ],
     [
      85.3100771,
      28.113217
     ],
     [
      85.3102088,
      28.1129065
     ],
     [
      85.3102758,
      28.1124755
     ],
     [
      85.3102957,
      28.1122903
     ],
     [
      85.3103876,
      28.1121568
     ],
     [
      85.310483,
      28.1119631
     ],
     [
      85.310537,
      28.1119013
     ],
     [
      85.310752,
      28.1117826
     ],
     [
      85.3109337,
      28.1116244
     ],
     [
      85.3110703,
      28.1114969
     ],
     [
      85.311116,
      28.1113312
     ],
     [
      85.3111065,
      28.1110926
     ],
     [
      85.311108,
      28.1110112
     ],
     [
      85.3111351,
      28.1109298
     ],
     [
      85.311168,
      28.1108604
     ],
     [
      85.3112926,
      28.1107516
     ],
     [
      85.31145,
      28.1106464
     ],
     [
      85.3115773,
      28.1105889
     ],
     [
      85.3117393,
      28.110474
     ],
     [
      85.3119519,
      28.1104085
     ],
     [
      85.3120587,
      28.1103142
     ],
     [
      85.3120999,
      28.1101733
     ],
     [
      85.3120822,
      28.1100633
     ],
     [
      85.3119345,
      28.1096044
     ],
     [
      85.3119445,
      28.1094402
     ],
     [
      85.3119881,
      28.1093253
     ],
     [
      85.312019,
      28.109238
     ],
     [
      85.3120729,
      28.1092001
     ],
     [
      85.3121411,
      28.1091972
     ],
     [
      85.312217,
      28.1092147
     ],
     [
      85.3123733,
      28.1092797
     ],
     [
      85.3124591,
      28.109302
     ],
     [
      85.3125262,
      28.1092972
     ],
     [
      85.3125779,
      28.1092729
     ],
     [
      85.3126032,
      28.109236
     ],
     [
      85.3126164,
      28.1091778
     ],
     [
      85.3126142,
      28.109137
     ],
     [
      85.3125933,
      28.1090914
     ],
     [
      85.3122877,
      28.1086789
     ],
     [
      85.3120043,
      28.1082534
     ],
     [
      85.3119467,
      28.108182
     ],
     [
      85.3119218,
      28.1081134
     ],
     [
      85.3119203,
      28.1080256
     ],
     [
      85.3120401,
      28.1077716
     ],
     [
      85.3120401,
      28.1077181
     ],
     [
      85.3121314,
      28.107583
     ],
     [
      85.3121551,
      28.107417
     ]
    ]
   },
   "properties": {
    "name": "Pasang Lhamu Highway",
    "name_local": "Pasang Lhamu Highway",
    "highway": "primary",
    "why_it_matters": "A valley road is the route relief arrives on and the route people leave on, and it runs where the river runs because there is nowhere else to put it.",
    "osm_id": "way/141325664",
    "source": "OpenStreetMap via the Overpass API",
    "source_url": "https://www.openstreetmap.org/copyright",
    "licence": "ODbL 1.0, (c) OpenStreetMap contributors",
    "retrieved": "2026-08-28"
   }
  },
  {
   "type": "Feature",
   "geometry": {
    "type": "LineString",
    "coordinates": [
     [
      85.1088901,
      27.8583444
     ],
     [
      85.1088167,
      27.8583728
     ],
     [
      85.1087504,
      27.8583979
     ],
     [
      85.1086379,
      27.858426
     ],
     [
      85.1085179,
      27.8584361
     ],
     [
      85.1084477,
      27.8584503
     ],
     [
      85.1081031,
      27.8583244
     ],
     [
      85.1077595,
      27.8582517
     ],
     [
      85.1075897,
      27.8581963
     ],
     [
      85.1072569,
      27.858231
     ],
     [
      85.1064169,
      27.8580379
     ],
     [
      85.1056782,
      27.8578509
     ],
     [
      85.1053551,
      27.8577679
     ],
     [
      85.1049749,
      27.8577788
     ],
     [
      85.1045121,
      27.8577811
     ],
     [
      85.1042443,
      27.8577254
     ],
     [
      85.1040022,
      27.8576626
     ],
     [
      85.1037508,
      27.857534
     ],
     [
      85.1033252,
      27.8574296
     ],
     [
      85.103014,
      27.8573661
     ],
     [
      85.1026859,
      27.8573377
     ],
     [
      85.1023767,
      27.8572511
     ],
     [
      85.1021677,
      27.8571976
     ],
     [
      85.1020269,
      27.8572428
     ],
     [
      85.1019498,
      27.8572898
     ],
     [
      85.1018495,
      27.8573264
     ],
     [
      85.1018242,
      27.8573706
     ],
     [
      85.1017786,
      27.8574468
     ],
     [
      85.1016975,
      27.8574935
     ],
     [
      85.1015148,
      27.8575911
     ],
     [
      85.1011789,
      27.8577056
     ],
     [
      85.100794,
      27.8577812
     ],
     [
      85.1001152,
      27.8579705
     ],
     [
      85.0986713,
      27.8584724
     ],
     [
      85.0982968,
      27.8585269
     ],
     [
      85.0980618,
      27.8585611
     ],
     [
      85.0979221,
      27.8585957
     ],
     [
      85.0971381,
      27.8588271
     ],
     [
      85.0958424,
      27.8592299
     ],
     [
      85.0955312,
      27.859339
     ],
     [
      85.0952535,
      27.8594209
     ],
     [
      85.0948879,
      27.8594315
     ],
     [
      85.0942807,
      27.8593877
     ],
     [
      85.0937545,
      27.8594259
     ],
     [
      85.0933868,
      27.8595218
     ],
     [
      85.0929738,
      27.8595386
     ],
     [
      85.0921193,
      27.8593837
     ],
     [
      85.0919427,
      27.8593271
     ],
     [
      85.0918029,
      27.859273
     ],
     [
      85.0916072,
      27.8591978
     ],
     [
      85.0913635,
      27.8590345
     ],
     [
      85.0912443,
      27.8589356
     ],
     [
      85.0911525,
      27.8588253
     ],
     [
      85.091116,
      27.8587542
     ],
     [
      85.0910796,
      27.8583969
     ],
     [
      85.0910999,
      27.8581413
     ],
     [
      85.0911159,
      27.8580607
     ],
     [
      85.0911071,
      27.8577809
     ],
     [
      85.0911127,
      27.8576237
     ],
     [
      85.0910578,
      27.8575582
     ],
     [
      85.0908778,
      27.8574629
     ],
     [
      85.0907848,
      27.8574038
     ],
     [
      85.0907314,
      27.8573664
     ],
     [
      85.0907077,
      27.8573249
     ],
     [
      85.0906528,
      27.8572678
     ],
     [
      85.090647,
      27.8572277
     ],
     [
      85.0906571,
      27.8571388
     ],
     [
      85.0905949,
      27.8570364
     ],
     [
      85.0902935,
      27.8567492
     ],
     [
      85.0900622,
      27.8565809
     ],
     [
      85.089907,
      27.8563903
     ],
     [
      85.0898274,
      27.8562665
     ],
     [
      85.0897331,
      27.8560584
     ],
     [
      85.0896859,
      27.855981
     ],
     [
      85.0896359,
      27.8559236
     ],
     [
      85.0895333,
      27.855804
     ],
     [
      85.0893104,
      27.8556334
     ],
     [
      85.0890649,
      27.8554679
     ],
     [
      85.0889858,
      27.8554098
     ],
     [
      85.0887766,
      27.8552081
     ],
     [
      85.0882938,
      27.8547268
     ],
     [
      85.0878271,
      27.8543367
     ],
     [
      85.0875455,
      27.8541482
     ],
     [
      85.0872558,
      27.854026
     ],
     [
      85.0871241,
      27.8539786
     ],
     [
      85.0869527,
      27.8539312
     ],
     [
      85.0865343,
      27.8538506
     ],
     [
      85.0862128,
      27.8538428
     ],
     [
      85.0860121,
      27.853894
     ],
     [
      85.085768,
      27.8539954
     ],
     [
      85.0855888,
      27.8540735
     ],
     [
      85.0852428,
      27.8542288
     ],
     [
      85.084992,
      27.8543379
     ],
     [
      85.0847801,
      27.85446
     ],
     [
      85.0844149,
      27.8546563
     ],
     [
      85.0841866,
      27.8548445
     ],
     [
      85.0840945,
      27.8550341
     ],
     [
      85.0839952,
      27.8552026
     ],
     [
      85.0839031,
      27.8552798
     ],
     [
      85.0836455,
      27.8553529
     ],
     [
      85.0835262,
      27.8553718
     ],
     [
      85.0830281,
      27.855414
     ],
     [
      85.0825445,
      27.8554607
     ],
     [
      85.0823594,
      27.855443
     ],
     [
      85.0822537,
      27.8554235
     ],
     [
      85.0820553,
      27.8553787
     ],
     [
      85.0818437,
      27.8552779
     ],
     [
      85.0816538,
      27.8550941
     ],
     [
      85.0815381,
      27.8547903
     ],
     [
      85.0814259,
      27.8546048
     ],
     [
      85.0812811,
      27.8545515
     ]
    ]
   },
   "properties": {
    "name": "Pasang Lhamu Highway",
    "name_local": "Pasang Lhamu Highway",
    "highway": "primary",
    "why_it_matters": "A valley road is the route relief arrives on and the route people leave on, and it runs where the river runs because there is nowhere else to put it.",
    "osm_id": "way/168199208",
    "source": "OpenStreetMap via the Overpass API",
    "source_url": "https://www.openstreetmap.org/copyright",
    "licence": "ODbL 1.0, (c) OpenStreetMap contributors",
    "retrieved": "2026-08-28"
   }
  },
  {
   "type": "Feature",
   "geometry": {
    "type": "LineString",
    "coordinates": [
     [
      84.5599866,
      27.8557173
     ],
     [
      84.5600635,
      27.8557062
     ],
     [
      84.5601164,
      27.8556833
     ],
     [
      84.5601722,
      27.85563
     ],
     [
      84.5602148,
      27.8555199
     ]
    ]
   },
   "properties": {
    "name": "unnamed",
    "name_local": "",
    "highway": "trunk",
    "why_it_matters": "A valley road is the route relief arrives on and the route people leave on, and it runs where the river runs because there is nowhere else to put it.",
    "osm_id": "way/185161098",
    "source": "OpenStreetMap via the Overpass API",
    "source_url": "https://www.openstreetmap.org/copyright",
    "licence": "ODbL 1.0, (c) OpenStreetMap contributors",
    "retrieved": "2026-08-28"
   }
  },
  {
   "type": "Feature",
   "geometry": {
    "type": "LineString",
    "coordinates": [
     [
      84.4210478,
      27.6968137
     ],
     [
      84.4210181,
      27.6968476
     ]
    ]
   },
   "properties": {
    "name": "Mahendra Highway",
    "name_local": "महेन्द्र राज्मार्ग्",
    "highway": "trunk",
    "why_it_matters": "A valley road is the route relief arrives on and the route people leave on, and it runs where the river runs because there is nowhere else to put it.",
    "osm_id": "way/186168188",
    "source": "OpenStreetMap via the Overpass API",
    "source_url": "https://www.openstreetmap.org/copyright",
    "licence": "ODbL 1.0, (c) OpenStreetMap contributors",
    "retrieved": "2026-08-28"
   }
  },
  {
   "type": "Feature",
   "geometry": {
    "type": "LineString",
    "coordinates": [
     [
      84.4210478,
      27.6968137
     ],
     [
      84.4211429,
      27.6967801
     ],
     [
      84.4212022,
      27.6967085
     ],
     [
      84.4223042,
      27.6952472
     ],
     [
      84.4223081,
      27.6952419
     ],
     [
      84.4227348,
      27.6947075
     ],
     [
      84.4228378,
      27.6945807
     ]
    ]
   },
   "properties": {
    "name": "Mahendra Highway",
    "name_local": "महेन्द्र राज्मार्ग्",
    "highway": "trunk",
    "why_it_matters": "A valley road is the route relief arrives on and the route people leave on, and it runs where the river runs because there is nowhere else to put it.",
    "osm_id": "way/186168189",
    "source": "OpenStreetMap via the Overpass API",
    "source_url": "https://www.openstreetmap.org/copyright",
    "licence": "ODbL 1.0, (c) OpenStreetMap contributors",
    "retrieved": "2026-08-28"
   }
  },
  {
   "type": "Feature",
   "geometry": {
    "type": "LineString",
    "coordinates": [
     [
      84.4228378,
      27.6945807
     ],
     [
      84.4229757,
      27.6944177
     ],
     [
      84.4231263,
      27.6942299
     ],
     [
      84.4237675,
      27.6935023
     ],
     [
      84.424072,
      27.6931563
     ],
     [
      84.4247005,
      27.6924355
     ],
     [
      84.4248105,
      27.6923104
     ],
     [
      84.4248728,
      27.6922451
     ]
    ]
   },
   "properties": {
    "name": "Mahendra Highway",
    "name_local": "महेन्द्र राज्मार्ग्",
    "highway": "trunk",
    "why_it_matters": "A valley road is the route relief arrives on and the route people leave on, and it runs where the river runs because there is nowhere else to put it.",
    "osm_id": "way/186168190",
    "source": "OpenStreetMap via the Overpass API",
    "source_url": "https://www.openstreetmap.org/copyright",
    "licence": "ODbL 1.0, (c) OpenStreetMap contributors",
    "retrieved": "2026-08-28"
   }
  },
  {
   "type": "Feature",
   "geometry": {
    "type": "LineString",
    "coordinates": [
     [
      84.4247612,
      27.6921705
     ],
     [
      84.424708,
      27.6922345
     ],
     [
      84.4241507,
      27.6928625
     ],
     [
      84.4237388,
      27.6933348
     ],
     [
      84.4233139,
      27.6938464
     ],
     [
      84.4228931,
      27.6943581
     ],
     [
      84.4227754,
      27.6944916
     ]
    ]
   },
   "properties": {
    "name": "Mahendra Highway",
    "name_local": "महेन्द्र राज्मार्ग्",
    "highway": "trunk",
    "why_it_matters": "A valley road is the route relief arrives on and the route people leave on, and it runs where the river runs because there is nowhere else to put it.",
    "osm_id": "way/186168191",
    "source": "OpenStreetMap via the Overpass API",
    "source_url": "https://www.openstreetmap.org/copyright",
    "licence": "ODbL 1.0, (c) OpenStreetMap contributors",
    "retrieved": "2026-08-28"
   }
  },
  {
   "type": "Feature",
   "geometry": {
    "type": "LineString",
    "coordinates": [
     [
      84.4227754,
      27.6944916
     ],
     [
      84.4226414,
      27.6946472
     ],
     [
      84.4221306,
      27.6952845
     ],
     [
      84.4218239,
      27.6956768
     ],
     [
      84.4213633,
      27.6963097
     ],
     [
      84.4211097,
      27.6966537
     ],
     [
      84.4210563,
      27.696729
     ],
     [
      84.4210478,
      27.6968137
     ]
    ]
   },
   "properties": {
    "name": "Mahendra Highway",
    "name_local": "महेन्द्र राज्मार्ग्",
    "highway": "trunk",
    "why_it_matters": "A valley road is the route relief arrives on and the route people leave on, and it runs where the river runs because there is nowhere else to put it.",
    "osm_id": "way/186168192",
    "source": "OpenStreetMap via the Overpass API",
    "source_url": "https://www.openstreetmap.org/copyright",
    "licence": "ODbL 1.0, (c) OpenStreetMap contributors",
    "retrieved": "2026-08-28"
   }
  },
  {
   "type": "Feature",
   "geometry": {
    "type": "LineString",
    "coordinates": [
     [
      84.9943641,
      27.7972978
     ],
     [
      84.9944386,
      27.7965369
     ],
     [
      84.9945041,
      27.796315
     ],
     [
      84.9946226,
      27.7961617
     ],
     [
      84.9947546,
      27.7960649
     ],
     [
      84.9949217,
      27.7960085
     ],
     [
      84.9951575,
      27.7959735
     ],
     [
      84.9955573,
      27.7959415
     ],
     [
      84.9958316,
      27.7959441
     ],
     [
      84.996118,
      27.7959658
     ],
     [
      84.9972157,
      27.7961252
     ],
     [
      84.9973947,
      27.7961401
     ],
     [
      84.9975518,
      27.7961254
     ],
     [
      84.9976946,
      27.796073
     ],
     [
      84.9978249,
      27.7960011
     ],
     [
      84.9979309,
      27.7959097
     ],
     [
      84.9980446,
      27.7957746
     ],
     [
      84.9981374,
      27.7956643
     ],
     [
      84.9982886,
      27.7955102
     ],
     [
      84.9984348,
      27.7954099
     ],
     [
      84.9985891,
      27.7953428
     ],
     [
      84.9987489,
      27.7952977
     ],
     [
      84.9989436,
      27.7952644
     ],
     [
      84.99913,
      27.795267
     ],
     [
      84.9993031,
      27.7953069
     ],
     [
      84.9995522,
      27.7954091
     ],
     [
      84.9998203,
      27.7955549
     ],
     [
      85.0002524,
      27.7958216
     ],
     [
      85.0004835,
      27.7960231
     ],
     [
      85.0005817,
      27.7961742
     ],
     [
      85.0006304,
      27.7962838
     ],
     [
      85.0006409,
      27.7964001
     ],
     [
      85.0006397,
      27.7964785
     ],
     [
      85.0006138,
      27.7966068
     ],
     [
      85.0005699,
      27.7967212
     ],
     [
      85.0004823,
      27.796897
     ],
     [
      85.0003839,
      27.7970567
     ],
     [
      85.0003184,
      27.7972454
     ],
     [
      85.0002979,
      27.7973429
     ],
     [
      85.0002752,
      27.7974823
     ],
     [
      85.0002827,
      27.7976142
     ],
     [
      85.0003665,
      27.7978437
     ],
     [
      85.0006339,
      27.7983884
     ],
     [
      85.0007239,
      27.7985085
     ],
     [
      85.0007989,
      27.798592
     ],
     [
      85.0009,
      27.7986517
     ],
     [
      85.0010205,
      27.7986814
     ],
     [
      85.0011519,
      27.7986805
     ],
     [
      85.0012658,
      27.7986324
     ],
     [
      85.0014808,
      27.7984997
     ],
     [
      85.0018711,
      27.7982252
     ],
     [
      85.0023022,
      27.7979616
     ],
     [
      85.0024784,
      27.7978846
     ],
     [
      85.0026852,
      27.7978202
     ],
     [
      85.0031777,
      27.7976317
     ],
     [
      85.003872,
      27.7973539
     ],
     [
      85.0040641,
      27.7973083
     ],
     [
      85.0042564,
      27.7973075
     ],
     [
      85.0044024,
      27.797328
     ],
     [
      85.0046767,
      27.7973636
     ],
     [
      85.0048114,
      27.7973677
     ],
     [
      85.0050611,
      27.7973404
     ],
     [
      85.0052588,
      27.7972491
     ],
     [
      85.0054068,
      27.7971608
     ],
     [
      85.0059568,
      27.7967662
     ],
     [
      85.0066032,
      27.7961281
     ],
     [
      85.0068365,
      27.7958653
     ],
     [
      85.0070867,
      27.7955267
     ],
     [
      85.007244,
      27.7952802
     ],
     [
      85.007364,
      27.7949895
     ],
     [
      85.0074268,
      27.7947826
     ],
     [
      85.0074917,
      27.7944941
     ],
     [
      85.00757,
      27.7942224
     ],
     [
      85.007805,
      27.7936434
     ],
     [
      85.0079233,
      27.7934481
     ],
     [
      85.0081494,
      27.7932289
     ],
     [
      85.0084444,
      27.7929247
     ],
     [
      85.0085884,
      27.7926843
     ],
     [
      85.0086558,
      27.7924702
     ],
     [
      85.0087554,
      27.7922891
     ],
     [
      85.0088262,
      27.7921815
     ],
     [
      85.008967,
      27.7920438
     ],
     [
      85.0091761,
      27.7919197
     ],
     [
      85.0094174,
      27.7918097
     ],
     [
      85.0095676,
      27.7916645
     ],
     [
      85.009664,
      27.7915194
     ],
     [
      85.0097268,
      27.7913874
     ],
     [
      85.0097899,
      27.7912322
     ],
     [
      85.010052,
      27.7903323
     ],
     [
      85.0102517,
      27.7898363
     ],
     [
      85.0104146,
      27.789401
     ],
     [
      85.0105594,
      27.7890824
     ],
     [
      85.0106607,
      27.7888249
     ],
     [
      85.0107528,
      27.7886357
     ],
     [
      85.0108988,
      27.7883447
     ],
     [
      85.0109506,
      27.7881736
     ],
     [
      85.01097,
      27.7880398
     ],
     [
      85.0109535,
      27.787872
     ],
     [
      85.0109162,
      27.7877086
     ],
     [
      85.0108297,
      27.7875243
     ],
     [
      85.0106864,
      27.7872816
     ],
     [
      85.0106228,
      27.7871461
     ],
     [
      85.0106135,
      27.7870612
     ],
     [
      85.0106457,
      27.7869895
     ],
     [
      85.0106943,
      27.7869094
     ],
     [
      85.0107801,
      27.7868228
     ],
     [
      85.0108753,
      27.7867431
     ],
     [
      85.0110015,
      27.7866482
     ],
     [
      85.0111505,
      27.7865445
     ],
     [
      85.0112633,
      27.786403
     ],
     [
      85.0117312,
      27.7856261
     ],
     [
      85.0117807,
      27.7855172
     ],
     [
      85.0118026,
      27.7854106
     ],
     [
      85.0118377,
      27.7852795
     ],
     [
      85.0118749,
      27.7846835
     ],
     [
      85.011934,
      27.7845591
     ],
     [
      85.0120317,
      27.7844477
     ],
     [
      85.0121978,
      27.7842948
     ],
     [
      85.0126726,
      27.7839864
     ],
     [
      85.01278,
      27.7839048
     ],
     [
      85.0128905,
      27.7837872
     ],
     [
      85.0129788,
      27.7836352
     ],
     [
      85.0130708,
      27.7834232
     ],
     [
      85.0134043,
      27.7826198
     ],
     [
      85.0135481,
      27.7822632
     ],
     [
      85.013639,
      27.781984
     ],
     [
      85.0136956,
      27.7817416
     ],
     [
      85.0136862,
      27.7813936
     ],
     [
      85.0136143,
      27.7810308
     ],
     [
      85.0136085,
      27.7809484
     ],
     [
      85.0136265,
      27.7808654
     ],
     [
      85.0136587,
      27.7808057
     ],
     [
      85.0137062,
      27.780755
     ]
    ]
   },
   "properties": {
    "name": "Prithvi Highway",
    "name_local": "Prithvi Rajmarg",
    "highway": "trunk",
    "why_it_matters": "A valley road is the route relief arrives on and the route people leave on, and it runs where the river runs because there is nowhere else to put it.",
    "osm_id": "way/188865974",
    "source": "OpenStreetMap via the Overpass API",
    "source_url": "https://www.openstreetmap.org/copyright",
    "licence": "ODbL 1.0, (c) OpenStreetMap contributors",
    "retrieved": "2026-08-28"
   }
  },
  {
   "type": "Feature",
   "geometry": {
    "type": "LineString",
    "coordinates": [
     [
      85.1280871,
      27.865777
     ],
     [
      85.1278467,
      27.8657081
     ],
     [
      85.1277332,
      27.8657118
     ],
     [
      85.1276475,
      27.8657354
     ],
     [
      85.1275604,
      27.8657875
     ],
     [
      85.1270542,
      27.8663286
     ],
     [
      85.1268058,
      27.8667221
     ],
     [
      85.1265483,
      27.8670106
     ],
     [
      85.1264144,
      27.8671354
     ],
     [
      85.1263037,
      27.8671972
     ],
     [
      85.1261818,
      27.8672324
     ],
     [
      85.1260842,
      27.8672551
     ],
     [
      85.1258067,
      27.8673196
     ],
     [
      85.1253813,
      27.8674185
     ],
     [
      85.125241,
      27.867444
     ],
     [
      85.125088,
      27.8674533
     ],
     [
      85.1249429,
      27.8674478
     ],
     [
      85.1242389,
      27.8673711
     ],
     [
      85.1240787,
      27.8673354
     ],
     [
      85.1239731,
      27.8672784
     ],
     [
      85.1238846,
      27.8671916
     ],
     [
      85.1237226,
      27.8669691
     ],
     [
      85.1236466,
      27.8668795
     ],
     [
      85.12359,
      27.8668319
     ],
     [
      85.1234991,
      27.8667827
     ],
     [
      85.1234194,
      27.8667603
     ],
     [
      85.1233277,
      27.8667405
     ],
     [
      85.1230619,
      27.8666758
     ],
     [
      85.122893,
      27.8666228
     ],
     [
      85.1227809,
      27.8665694
     ],
     [
      85.122665,
      27.8664807
     ],
     [
      85.1226148,
      27.8663671
     ],
     [
      85.1225692,
      27.8663007
     ],
     [
      85.1225223,
      27.866175
     ],
     [
      85.1225102,
      27.8660707
     ],
     [
      85.1225229,
      27.8659563
     ],
     [
      85.1225276,
      27.8658958
     ],
     [
      85.1225337,
      27.8658466
     ],
     [
      85.122531,
      27.8658018
     ],
     [
      85.1225202,
      27.8657674
     ],
     [
      85.1224968,
      27.8657342
     ],
     [
      85.1224723,
      27.8657179
     ],
     [
      85.1224478,
      27.8657144
     ],
     [
      85.1224056,
      27.8657185
     ],
     [
      85.1223694,
      27.8657316
     ],
     [
      85.1223392,
      27.8657618
     ],
     [
      85.1223211,
      27.8658193
     ],
     [
      85.1222715,
      27.8660398
     ],
     [
      85.1222245,
      27.8663789
     ],
     [
      85.1221763,
      27.8665224
     ],
     [
      85.1221162,
      27.8666173
     ],
     [
      85.1220526,
      27.8667143
     ],
     [
      85.1219905,
      27.8667737
     ],
     [
      85.1219196,
      27.866839
     ],
     [
      85.1218291,
      27.8669464
     ],
     [
      85.1218038,
      27.8670057
     ],
     [
      85.1217705,
      27.8670719
     ],
     [
      85.1217335,
      27.8671925
     ],
     [
      85.1216721,
      27.8674203
     ],
     [
      85.1215832,
      27.8676085
     ],
     [
      85.1214507,
      27.867753
     ],
     [
      85.1210663,
      27.8681905
     ],
     [
      85.1209489,
      27.8682953
     ],
     [
      85.1208206,
      27.8683629
     ]
    ]
   },
   "properties": {
    "name": "Devighat -galchi path",
    "name_local": "Devighat -galchi path",
    "highway": "primary",
    "why_it_matters": "A valley road is the route relief arrives on and the route people leave on, and it runs where the river runs because there is nowhere else to put it.",
    "osm_id": "way/209004730",
    "source": "OpenStreetMap via the Overpass API",
    "source_url": "https://www.openstreetmap.org/copyright",
    "licence": "ODbL 1.0, (c) OpenStreetMap contributors",
    "retrieved": "2026-08-28"
   }
  },
  {
   "type": "Feature",
   "geometry": {
    "type": "LineString",
    "coordinates": [
     [
      85.1208206,
      27.8683629
     ],
     [
      85.1205873,
      27.8683731
     ],
     [
      85.1201498,
      27.8682379
     ],
     [
      85.1199594,
      27.8681573
     ],
     [
      85.1197576,
      27.8680611
     ],
     [
      85.1196154,
      27.8680184
     ],
     [
      85.1194726,
      27.8679786
     ],
     [
      85.1191584,
      27.8679074
     ],
     [
      85.1189907,
      27.8678625
     ],
     [
      85.1188924,
      27.8678082
     ],
     [
      85.1187265,
      27.8677079
     ],
     [
      85.1183554,
      27.8673883
     ],
     [
      85.1180507,
      27.8671065
     ],
     [
      85.1174604,
      27.8663257
     ],
     [
      85.1173112,
      27.8661056
     ],
     [
      85.117189,
      27.8659545
     ],
     [
      85.1171083,
      27.8658496
     ],
     [
      85.1170117,
      27.86576
     ],
     [
      85.1168695,
      27.8656936
     ],
     [
      85.1166764,
      27.8656509
     ],
     [
      85.1163411,
      27.8655727
     ],
     [
      85.1159227,
      27.8654684
     ],
     [
      85.1156598,
      27.8653762
     ],
     [
      85.1153862,
      27.8652336
     ],
     [
      85.1152666,
      27.8651408
     ],
     [
      85.1151502,
      27.8650036
     ],
     [
      85.1146352,
      27.864029
     ],
     [
      85.1142338,
      27.8637253
     ],
     [
      85.1139747,
      27.8634708
     ],
     [
      85.1129065,
      27.8626335
     ],
     [
      85.1125713,
      27.8624308
     ],
     [
      85.1125444,
      27.8624023
     ],
     [
      85.1125257,
      27.8623822
     ],
     [
      85.1121946,
      27.8620429
     ],
     [
      85.1113307,
      27.8611977
     ],
     [
      85.1111537,
      27.8609867
     ],
     [
      85.1105073,
      27.8600595
     ],
     [
      85.1104402,
      27.8599599
     ],
     [
      85.11014,
      27.8595643
     ],
     [
      85.11,
      27.8594319
     ],
     [
      85.109845,
      27.8593093
     ],
     [
      85.1095793,
      27.8591181
     ],
     [
      85.1094183,
      27.8589806
     ],
     [
      85.1093171,
      27.8588806
     ],
     [
      85.1092389,
      27.8588683
     ]
    ]
   },
   "properties": {
    "name": "Devighat Path",
    "name_local": "Devighat Path",
    "highway": "primary",
    "why_it_matters": "A valley road is the route relief arrives on and the route people leave on, and it runs where the river runs because there is nowhere else to put it.",
    "osm_id": "way/209007487",
    "source": "OpenStreetMap via the Overpass API",
    "source_url": "https://www.openstreetmap.org/copyright",
    "licence": "ODbL 1.0, (c) OpenStreetMap contributors",
    "retrieved": "2026-08-28"
   }
  },
  {
   "type": "Feature",
   "geometry": {
    "type": "LineString",
    "coordinates": [
     [
      85.039786,
      27.8513406
     ],
     [
      85.0391257,
      27.8512869
     ],
     [
      85.0383844,
      27.8511863
     ],
     [
      85.0373642,
      27.8510631
     ],
     [
      85.0370578,
      27.8510189
     ],
     [
      85.0368989,
      27.8509772
     ],
     [
      85.0367067,
      27.8508922
     ],
     [
      85.0365529,
      27.8507933
     ],
     [
      85.0362192,
      27.8505682
     ],
     [
      85.035835,
      27.8503009
     ],
     [
      85.0352315,
      27.8499667
     ],
     [
      85.0346725,
      27.8496504
     ],
     [
      85.0341535,
      27.8493966
     ],
     [
      85.0338257,
      27.84926
     ],
     [
      85.0334771,
      27.8490916
     ],
     [
      85.0334397,
      27.8490671
     ],
     [
      85.0333071,
      27.8489992
     ],
     [
      85.0332346,
      27.8489528
     ],
     [
      85.0327393,
      27.848688
     ],
     [
      85.0324913,
      27.8485742
     ],
     [
      85.0323142,
      27.8484837
     ],
     [
      85.0321123,
      27.8484313
     ],
     [
      85.0320473,
      27.8484086
     ],
     [
      85.0319428,
      27.8484015
     ],
     [
      85.0317053,
      27.8484382
     ],
     [
      85.031578,
      27.8484288
     ],
     [
      85.0313832,
      27.8483863
     ],
     [
      85.0311915,
      27.8483672
     ],
     [
      85.0310534,
      27.8483637
     ],
     [
      85.0308849,
      27.8483437
     ],
     [
      85.030724,
      27.8482963
     ],
     [
      85.0305695,
      27.8482307
     ],
     [
      85.0304354,
      27.8481643
     ],
     [
      85.0303112,
      27.8481088
     ],
     [
      85.0300867,
      27.8480126
     ],
     [
      85.0298024,
      27.8479272
     ],
     [
      85.0295557,
      27.8478465
     ],
     [
      85.0293939,
      27.8477721
     ],
     [
      85.0291962,
      27.84769
     ],
     [
      85.0291508,
      27.8476724
     ],
     [
      85.0289916,
      27.8476108
     ],
     [
      85.0287877,
      27.8475349
     ],
     [
      85.0286223,
      27.8474623
     ],
     [
      85.0284444,
      27.8473784
     ],
     [
      85.0283111,
      27.8472916
     ],
     [
      85.0281609,
      27.8472157
     ],
     [
      85.0280711,
      27.8471102
     ],
     [
      85.027953,
      27.8469857
     ],
     [
      85.0278457,
      27.8469157
     ],
     [
      85.0276969,
      27.8468505
     ],
     [
      85.0275896,
      27.8467936
     ],
     [
      85.0274394,
      27.8467153
     ],
     [
      85.0272651,
      27.8466275
     ],
     [
      85.0270502,
      27.846501
     ],
     [
      85.0269671,
      27.8464369
     ],
     [
      85.0268839,
      27.8463706
     ],
     [
      85.0267473,
      27.8463027
     ],
     [
      85.0266688,
      27.8462567
     ],
     [
      85.0265052,
      27.8461665
     ],
     [
      85.0263442,
      27.8460835
     ],
     [
      85.0261726,
      27.8460029
     ],
     [
      85.0259829,
      27.8459113
     ],
     [
      85.025832,
      27.8458416
     ],
     [
      85.0256933,
      27.8457832
     ],
     [
      85.0254572,
      27.8457026
     ],
     [
      85.0252043,
      27.845576
     ],
     [
      85.024953,
      27.8454654
     ],
     [
      85.0247934,
      27.8454121
     ],
     [
      85.0246383,
      27.8453459
     ],
     [
      85.024497,
      27.8452698
     ],
     [
      85.0243227,
      27.8451476
     ],
     [
      85.0241979,
      27.8450552
     ],
     [
      85.0240671,
      27.8449333
     ],
     [
      85.0239364,
      27.8448121
     ],
     [
      85.0237916,
      27.8446768
     ],
     [
      85.0236535,
      27.8445517
     ],
     [
      85.0235144,
      27.8444205
     ],
     [
      85.0233467,
      27.8442179
     ],
     [
      85.0232015,
      27.8440639
     ],
     [
      85.0230718,
      27.8439037
     ],
     [
      85.0229294,
      27.8437503
     ],
     [
      85.0228108,
      27.8436171
     ],
     [
      85.0226475,
      27.8433965
     ],
     [
      85.0225476,
      27.8432608
     ],
     [
      85.0224973,
      27.8431761
     ],
     [
      85.0224637,
      27.8431318
     ],
     [
      85.0224301,
      27.8430475
     ],
     [
      85.0224039,
      27.8429154
     ],
     [
      85.0224071,
      27.8426306
     ],
     [
      85.0224119,
      27.842488
     ],
     [
      85.02242,
      27.8422604
     ],
     [
      85.0224334,
      27.8420848
     ],
     [
      85.0224307,
      27.8419546
     ],
     [
      85.0224778,
      27.8418647
     ],
     [
      85.0225397,
      27.8417909
     ],
     [
      85.0226218,
      27.8417486
     ],
     [
      85.0229862,
      27.841625
     ],
     [
      85.0230851,
      27.8415683
     ],
     [
      85.0231454,
      27.8415067
     ],
     [
      85.0231778,
      27.8414506
     ],
     [
      85.0232106,
      27.8413996
     ],
     [
      85.0232564,
      27.8413316
     ],
     [
      85.0233328,
      27.8412202
     ],
     [
      85.0233731,
      27.841149
     ],
     [
      85.023424,
      27.8410565
     ],
     [
      85.0234616,
      27.8409652
     ],
     [
      85.0235018,
      27.8408265
     ],
     [
      85.0235622,
      27.8406913
     ],
     [
      85.0236279,
      27.840549
     ],
     [
      85.0236614,
      27.8404244
     ],
     [
      85.0236695,
      27.8403296
     ],
     [
      85.0236721,
      27.8402062
     ],
     [
      85.0236701,
      27.8400817
     ],
     [
      85.0236877,
      27.8399613
     ],
     [
      85.0237751,
      27.8397497
     ],
     [
      85.0239363,
      27.839356
     ],
     [
      85.02399,
      27.8392255
     ],
     [
      85.0240433,
      27.8390917
     ],
     [
      85.0240642,
      27.8389848
     ],
     [
      85.0240795,
      27.8388586
     ],
     [
      85.0240779,
      27.838766
     ],
     [
      85.0240517,
      27.8383476
     ],
     [
      85.0240665,
      27.8380788
     ],
     [
      85.0240942,
      27.8377775
     ],
     [
      85.0241334,
      27.8373053
     ],
     [
      85.0241556,
      27.8370212
     ],
     [
      85.0242439,
      27.8363649
     ],
     [
      85.0242537,
      27.8361539
     ],
     [
      85.0242188,
      27.8358459
     ],
     [
      85.0241773,
      27.8356993
     ],
     [
      85.0240959,
      27.8356998
     ],
     [
      85.0240825,
      27.8356156
     ],
     [
      85.0240704,
      27.8355706
     ],
     [
      85.0240611,
      27.8355124
     ],
     [
      85.0240235,
      27.8354093
     ],
     [
      85.0239913,
      27.8353156
     ],
     [
      85.0239337,
      27.8352251
     ],
     [
      85.0239124,
      27.8351213
     ],
     [
      85.0239234,
      27.8350468
     ],
     [
      85.0239457,
      27.8349836
     ],
     [
      85.0239913,
      27.8348898
     ],
     [
      85.0240731,
      27.8348436
     ],
     [
      85.0243092,
      27.8348021
     ],
     [
      85.0244578,
      27.8344824
     ],
     [
      85.0244541,
      27.8344308
     ],
     [
      85.0243489,
      27.834257
     ],
     [
      85.0242482,
      27.8340828
     ],
     [
      85.0240535,
      27.8336254
     ],
     [
      85.0239706,
      27.8334402
     ],
     [
      85.0238235,
      27.8331994
     ],
     [
      85.0237402,
      27.8330578
     ],
     [
      85.0235057,
      27.8327249
     ],
     [
      85.0234214,
      27.832574
     ],
     [
      85.0233557,
      27.8324613
     ],
     [
      85.0232319,
      27.832216
     ],
     [
      85.0230352,
      27.8317623
     ],
     [
      85.0229486,
      27.831607
     ],
     [
      85.0228733,
      27.8314161
     ],
     [
      85.0227999,
      27.8312012
     ],
     [
      85.0227817,
      27.8311098
     ],
     [
      85.0227516,
      27.8310079
     ],
     [
      85.0226812,
      27.8309064
     ],
     [
      85.0226012,
      27.8308182
     ],
     [
      85.0225163,
      27.830707
     ],
     [
      85.0225057,
      27.830695
     ],
     [
      85.0224635,
      27.8306104
     ],
     [
      85.022394,
      27.830367
     ],
     [
      85.0223835,
      27.8302166
     ],
     [
      85.0223889,
      27.8299861
     ],
     [
      85.022416,
      27.8297432
     ],
     [
      85.0224252,
      27.8296059
     ],
     [
      85.02241,
      27.8294768
     ],
     [
      85.0223553,
      27.829345
     ],
     [
      85.0222719,
      27.8292042
     ],
     [
      85.0221179,
      27.8289723
     ],
     [
      85.0220663,
      27.8288463
     ],
     [
      85.0219954,
      27.8285813
     ],
     [
      85.0218823,
      27.8281175
     ],
     [
      85.021805,
      27.8277619
     ],
     [
      85.0217589,
      27.8276182
     ],
     [
      85.021701,
      27.8275031
     ],
     [
      85.0216425,
      27.8273983
     ],
     [
      85.02152,
      27.8272096
     ],
     [
      85.0213754,
      27.8269882
     ],
     [
      85.0212879,
      27.8267285
     ],
     [
      85.0210476,
      27.8261832
     ],
     [
      85.0209004,
      27.8259101
     ],
     [
      85.0207729,
      27.8257446
     ],
     [
      85.0206545,
      27.8256141
     ],
     [
      85.0205175,
      27.825499
     ],
     [
      85.0203737,
      27.8253791
     ],
     [
      85.0202913,
      27.8252169
     ],
     [
      85.0202008,
      27.8250284
     ],
     [
      85.0200382,
      27.8246917
     ],
     [
      85.0199781,
      27.8245374
     ],
     [
      85.0199218,
      27.8243996
     ],
     [
      85.0198683,
      27.8241538
     ],
     [
      85.0198527,
      27.8240438
     ],
     [
      85.0198293,
      27.823933
     ],
     [
      85.019807,
      27.8238496
     ],
     [
      85.019759,
      27.8237616
     ],
     [
      85.0196413,
      27.8235165
     ],
     [
      85.0195591,
      27.8233615
     ],
     [
      85.0194915,
      27.823184
     ],
     [
      85.0194532,
      27.8230524
     ],
     [
      85.0193909,
      27.8227957
     ],
     [
      85.0192709,
      27.8224231
     ],
     [
      85.0192647,
      27.8223585
     ],
     [
      85.0192498,
      27.8222457
     ],
     [
      85.0192461,
      27.8221336
     ],
     [
      85.0192453,
      27.8220165
     ],
     [
      85.0192622,
      27.8219059
     ],
     [
      85.0192568,
      27.8217778
     ],
     [
      85.0192354,
      27.8216924
     ],
     [
      85.0191937,
      27.8215998
     ],
     [
      85.0190474,
      27.8213868
     ],
     [
      85.0189242,
      27.8211797
     ],
     [
      85.0188317,
      27.8209754
     ],
     [
      85.0187424,
      27.8208391
     ],
     [
      85.0186346,
      27.8206729
     ],
     [
      85.0185668,
      27.8205639
     ],
     [
      85.0184942,
      27.820456
     ],
     [
      85.0184291,
      27.8203104
     ],
     [
      85.0183923,
      27.8201856
     ],
     [
      85.0184173,
      27.8200727
     ],
     [
      85.0184699,
      27.8199349
     ],
     [
      85.0184962,
      27.8197968
     ],
     [
      85.0184903,
      27.8195722
     ],
     [
      85.0183755,
      27.8193739
     ],
     [
      85.0182367,
      27.819232
     ],
     [
      85.0181348,
      27.8191276
     ],
     [
      85.0180114,
      27.8189995
     ],
     [
      85.0179557,
      27.8188275
     ],
     [
      85.0178517,
      27.8186783
     ],
     [
      85.0176776,
      27.81847
     ],
     [
      85.0174778,
      27.8182034
     ],
     [
      85.0172761,
      27.8179325
     ],
     [
      85.0171631,
      27.8177534
     ],
     [
      85.0169298,
      27.8173005
     ],
     [
      85.0167576,
      27.8170166
     ],
     [
      85.016532,
      27.8166152
     ],
     [
      85.0164647,
      27.8164852
     ],
     [
      85.0164258,
      27.8163251
     ],
     [
      85.0164247,
      27.8161362
     ],
     [
      85.0163971,
      27.8159415
     ],
     [
      85.016256,
      27.8156307
     ],
     [
      85.0162428,
      27.8156128
     ],
     [
      85.0160235,
      27.8153159
     ],
     [
      85.0157118,
      27.814929
     ],
     [
      85.0154294,
      27.8145783
     ],
     [
      85.0151665,
      27.81426
     ],
     [
      85.0151037,
      27.8141967
     ],
     [
      85.0147982,
      27.8138925
     ],
     [
      85.0144334,
      27.8135765
     ],
     [
      85.0142458,
      27.8133852
     ],
     [
      85.0141752,
      27.8133132
     ],
     [
      85.0140207,
      27.8131519
     ],
     [
      85.013972,
      27.8130735
     ],
     [
      85.0139447,
      27.8129735
     ],
     [
      85.0139766,
      27.8127808
     ],
     [
      85.0139927,
      27.8127001
     ],
     [
      85.0139766,
      27.8125815
     ],
     [
      85.0139774,
      27.8124567
     ],
     [
      85.0140141,
      27.8123395
     ],
     [
      85.0140525,
      27.812229
     ],
     [
      85.0140632,
      27.8121388
     ],
     [
      85.0140364,
      27.8119538
     ],
     [
      85.0140034,
      27.8116895
     ],
     [
      85.0139613,
      27.8114081
     ],
     [
      85.013939,
      27.8111581
     ],
     [
      85.0139291,
      27.8109764
     ],
     [
      85.0139184,
      27.8107913
     ],
     [
      85.0139389,
      27.8104877
     ],
     [
      85.0139707,
      27.8104402
     ],
     [
      85.0139868,
      27.8103903
     ],
     [
      85.0139979,
      27.8103781
     ],
     [
      85.0140275,
      27.810342
     ],
     [
      85.014074,
      27.8102931
     ],
     [
      85.0141705,
      27.8102551
     ],
     [
      85.0142724,
      27.8102694
     ],
     [
      85.0144154,
      27.8103058
     ],
     [
      85.0145689,
      27.8103449
     ],
     [
      85.0147819,
      27.8103786
     ],
     [
      85.0148908,
      27.8104255
     ],
     [
      85.0150071,
      27.8104453
     ],
     [
      85.0151966,
      27.8104783
     ],
     [
      85.0153545,
      27.8104243
     ],
     [
      85.015544,
      27.8104233
     ],
     [
      85.0158277,
      27.81033
     ],
     [
      85.016054,
      27.8102898
     ],
     [
      85.0160868,
      27.8102419
     ],
     [
      85.0161092,
      27.8102101
     ],
     [
      85.016132,
      27.8101426
     ]
    ]
   },
   "properties": {
    "name": "Pasang Lhamu Highway",
    "name_local": "Pasang Lhamu Highway",
    "highway": "primary",
    "why_it_matters": "A valley road is the route relief arrives on and the route people leave on, and it runs where the river runs because there is nowhere else to put it.",
    "osm_id": "way/209012213",
    "source": "OpenStreetMap via the Overpass API",
    "source_url": "https://www.openstreetmap.org/copyright",
    "licence": "ODbL 1.0, (c) OpenStreetMap contributors",
    "retrieved": "2026-08-28"
   }
  },
  {
   "type": "Feature",
   "geometry": {
    "type": "LineString",
    "coordinates": [
     [
      85.016132,
      27.8101426
     ],
     [
      85.0161977,
      27.8097536
     ]
    ]
   },
   "properties": {
    "name": "unnamed",
    "name_local": "",
    "highway": "primary",
    "why_it_matters": "A valley road is the route relief arrives on and the route people leave on, and it runs where the river runs because there is nowhere else to put it.",
    "osm_id": "way/209012420",
    "source": "OpenStreetMap via the Overpass API",
    "source_url": "https://www.openstreetmap.org/copyright",
    "licence": "ODbL 1.0, (c) OpenStreetMap contributors",
    "retrieved": "2026-08-28"
   }
  },
  {
   "type": "Feature",
   "geometry": {
    "type": "LineString",
    "coordinates": [
     [
      85.0161977,
      27.8097536
     ],
     [
      85.0159758,
      27.8096458
     ],
     [
      85.0158349,
      27.8096325
     ],
     [
      85.0157392,
      27.8095673
     ],
     [
      85.015649,
      27.8095686
     ],
     [
      85.0155344,
      27.8095747
     ],
     [
      85.0154687,
      27.8095244
     ],
     [
      85.0153346,
      27.8095197
     ],
     [
      85.0151951,
      27.8094817
     ],
     [
      85.0150878,
      27.8094295
     ],
     [
      85.0149966,
      27.8093584
     ],
     [
      85.0149476,
      27.809311
     ],
     [
      85.0149307,
      27.8092498
     ],
     [
      85.0149264,
      27.809115
     ],
     [
      85.0149844,
      27.8084294
     ],
     [
      85.0150048,
      27.8082628
     ],
     [
      85.0150182,
      27.8081359
     ],
     [
      85.015004,
      27.808026
     ],
     [
      85.0149841,
      27.8079323
     ],
     [
      85.0149475,
      27.8078224
     ],
     [
      85.0149001,
      27.8077119
     ],
     [
      85.014851,
      27.8075615
     ],
     [
      85.0148081,
      27.8074476
     ],
     [
      85.0147767,
      27.8073608
     ],
     [
      85.0146694,
      27.8072943
     ],
     [
      85.0145621,
      27.8072421
     ],
     [
      85.0144495,
      27.8071093
     ],
     [
      85.0144119,
      27.8070049
     ],
     [
      85.0143046,
      27.8069147
     ],
     [
      85.0142081,
      27.8068436
     ],
     [
      85.0140471,
      27.8067629
     ],
     [
      85.0138425,
      27.8066837
     ],
     [
      85.0136716,
      27.8066016
     ],
     [
      85.0134884,
      27.8065271
     ],
     [
      85.0133176,
      27.806426
     ],
     [
      85.0131566,
      27.8063359
     ],
     [
      85.0130056,
      27.8062519
     ],
     [
      85.0129099,
      27.806165
     ],
     [
      85.0128079,
      27.8060939
     ],
     [
      85.0126838,
      27.8060431
     ],
     [
      85.0124432,
      27.80598
     ],
     [
      85.0122661,
      27.805923
     ],
     [
      85.011837,
      27.805719
     ],
     [
      85.0113408,
      27.8055317
     ],
     [
      85.0109834,
      27.8053728
     ],
     [
      85.010807,
      27.8052635
     ],
     [
      85.0107114,
      27.8051572
     ],
     [
      85.010584,
      27.8050312
     ],
     [
      85.0104721,
      27.8049464
     ],
     [
      85.0103624,
      27.8049069
     ],
     [
      85.0099694,
      27.8047752
     ],
     [
      85.0093612,
      27.8045888
     ],
     [
      85.0091226,
      27.80449
     ],
     [
      85.0089477,
      27.8043866
     ],
     [
      85.0087486,
      27.8043595
     ],
     [
      85.0085442,
      27.8043536
     ],
     [
      85.0080551,
      27.8042375
     ],
     [
      85.0078451,
      27.8042035
     ],
     [
      85.007402,
      27.8041553
     ],
     [
      85.0072298,
      27.8041204
     ],
     [
      85.0070527,
      27.8040599
     ],
     [
      85.0069146,
      27.8039885
     ],
     [
      85.0068105,
      27.8039035
     ],
     [
      85.0066456,
      27.8037053
     ],
     [
      85.006527,
      27.8035817
     ],
     [
      85.0062238,
      27.8033251
     ],
     [
      85.0061024,
      27.8032516
     ],
     [
      85.0059147,
      27.8031709
     ],
     [
      85.0056894,
      27.8030997
     ],
     [
      85.0054881,
      27.8030096
     ],
     [
      85.0053298,
      27.8028827
     ],
     [
      85.0051314,
      27.8026941
     ],
     [
      85.0046701,
      27.8023974
     ],
     [
      85.0045547,
      27.8022421
     ],
     [
      85.0043535,
      27.8020926
     ],
     [
      85.0041108,
      27.8019253
     ],
     [
      85.0037957,
      27.8016809
     ],
     [
      85.0036146,
      27.8014995
     ],
     [
      85.0033611,
      27.8013085
     ],
     [
      85.0032458,
      27.80121
     ],
     [
      85.0030272,
      27.8010783
     ],
     [
      85.0025457,
      27.8008814
     ],
     [
      85.0022802,
      27.8007367
     ],
     [
      85.0020522,
      27.8006251
     ],
     [
      85.0018457,
      27.8005789
     ],
     [
      85.0015667,
      27.8005397
     ],
     [
      85.0014715,
      27.800516
     ],
     [
      85.0013722,
      27.8004792
     ],
     [
      85.0013146,
      27.8004389
     ],
     [
      85.0012703,
      27.8003786
     ],
     [
      85.0012596,
      27.8003493
     ],
     [
      85.0012381,
      27.8003226
     ],
     [
      85.0011674,
      27.8002921
     ]
    ]
   },
   "properties": {
    "name": "Pasang Lhamu Highway",
    "name_local": "Pasang Lhamu Highway",
    "highway": "primary",
    "why_it_matters": "A valley road is the route relief arrives on and the route people leave on, and it runs where the river runs because there is nowhere else to put it.",
    "osm_id": "way/209012918",
    "source": "OpenStreetMap via the Overpass API",
    "source_url": "https://www.openstreetmap.org/copyright",
    "licence": "ODbL 1.0, (c) OpenStreetMap contributors",
    "retrieved": "2026-08-28"
   }
  },
  {
   "type": "Feature",
   "geometry": {
    "type": "LineString",
    "coordinates": [
     [
      85.0011674,
      27.8002921
     ],
     [
      85.0007781,
      27.8002021
     ]
    ]
   },
   "properties": {
    "name": "unnamed",
    "name_local": "",
    "highway": "primary",
    "why_it_matters": "A valley road is the route relief arrives on and the route people leave on, and it runs where the river runs because there is nowhere else to put it.",
    "osm_id": "way/209012932",
    "source": "OpenStreetMap via the Overpass API",
    "source_url": "https://www.openstreetmap.org/copyright",
    "licence": "ODbL 1.0, (c) OpenStreetMap contributors",
    "retrieved": "2026-08-28"
   }
  },
  {
   "type": "Feature",
   "geometry": {
    "type": "LineString",
    "coordinates": [
     [
      85.0007781,
      27.8002021
     ],
     [
      85.0003715,
      27.800132
     ],
     [
      85.000165,
      27.8000816
     ],
     [
      84.9998806,
      27.7999748
     ],
     [
      84.9997754,
      27.7999303
     ],
     [
      84.9997021,
      27.7998738
     ],
     [
      84.9996689,
      27.7998183
     ],
     [
      84.9996481,
      27.7997438
     ],
     [
      84.9996456,
      27.7996622
     ],
     [
      84.9996583,
      27.7995503
     ],
     [
      84.9997374,
      27.7990901
     ],
     [
      84.9999145,
      27.7979393
     ],
     [
      85.0001398,
      27.7963971
     ],
     [
      85.0002055,
      27.7960495
     ],
     [
      85.0002524,
      27.7958216
     ]
    ]
   },
   "properties": {
    "name": "Pasang Lhamu Highway",
    "name_local": "Pasang Lhamu Highway",
    "highway": "primary",
    "why_it_matters": "A valley road is the route relief arrives on and the route people leave on, and it runs where the river runs because there is nowhere else to put it.",
    "osm_id": "way/209013028",
    "source": "OpenStreetMap via the Overpass API",
    "source_url": "https://www.openstreetmap.org/copyright",
    "licence": "ODbL 1.0, (c) OpenStreetMap contributors",
    "retrieved": "2026-08-28"
   }
  },
  {
   "type": "Feature",
   "geometry": {
    "type": "LineString",
    "coordinates": [
     [
      85.1385165,
      27.8748496
     ],
     [
      85.1385663,
      27.8747903
     ],
     [
      85.1387494,
      27.8745531
     ],
     [
      85.1389483,
      27.8742955
     ],
     [
      85.1391468,
      27.874043
     ],
     [
      85.1393191,
      27.8739133
     ],
     [
      85.1395192,
      27.8737439
     ],
     [
      85.1396955,
      27.8735721
     ],
     [
      85.1397311,
      27.8735046
     ],
     [
      85.1397058,
      27.8734415
     ],
     [
      85.1394146,
      27.8731841
     ],
     [
      85.1392521,
      27.8730476
     ],
     [
      85.1391213,
      27.8729404
     ],
     [
      85.1389012,
      27.872774
     ],
     [
      85.138713,
      27.8726697
     ],
     [
      85.1385822,
      27.8725936
     ],
     [
      85.1384004,
      27.8724695
     ],
     [
      85.1383798,
      27.8724486
     ],
     [
      85.1382919,
      27.8723595
     ],
     [
      85.1381165,
      27.8722806
     ],
     [
      85.1377082,
      27.8721424
     ],
     [
      85.1376446,
      27.8721107
     ],
     [
      85.1373796,
      27.8719788
     ],
     [
      85.1372495,
      27.871932
     ],
     [
      85.1369075,
      27.8718012
     ],
     [
      85.1366694,
      27.8716916
     ],
     [
      85.1364843,
      27.8715758
     ],
     [
      85.1364098,
      27.8715361
     ],
     [
      85.1360494,
      27.8712513
     ],
     [
      85.1355007,
      27.8707634
     ],
     [
      85.1354018,
      27.8705999
     ],
     [
      85.1353741,
      27.8705346
     ],
     [
      85.1353253,
      27.8704194
     ],
     [
      85.135102,
      27.8701261
     ],
     [
      85.1350271,
      27.8700422
     ],
     [
      85.1349233,
      27.8699259
     ],
     [
      85.1347606,
      27.8698808
     ],
     [
      85.1346171,
      27.8698441
     ],
     [
      85.134381,
      27.8697257
     ],
     [
      85.1342121,
      27.8695662
     ],
     [
      85.134089,
      27.8694577
     ],
     [
      85.1338672,
      27.8692543
     ],
     [
      85.1337713,
      27.8691684
     ],
     [
      85.1336166,
      27.8690342
     ],
     [
      85.133347,
      27.8687423
     ],
     [
      85.1328881,
      27.8682367
     ],
     [
      85.1328397,
      27.8681841
     ],
     [
      85.1327063,
      27.8680393
     ],
     [
      85.1324379,
      27.8677151
     ],
     [
      85.1323235,
      27.8675769
     ],
     [
      85.1318291,
      27.8671482
     ],
     [
      85.1315947,
      27.86697
     ],
     [
      85.1313952,
      27.8668183
     ],
     [
      85.131162,
      27.8666442
     ],
     [
      85.1311277,
      27.8666254
     ],
     [
      85.1308601,
      27.8664177
     ],
     [
      85.1305771,
      27.8662775
     ],
     [
      85.1300972,
      27.866051
     ],
     [
      85.1292244,
      27.867012
     ]
    ]
   },
   "properties": {
    "name": "unnamed",
    "name_local": "",
    "highway": "secondary",
    "why_it_matters": "A valley road is the route relief arrives on and the route people leave on, and it runs where the river runs because there is nowhere else to put it.",
    "osm_id": "way/225746347",
    "source": "OpenStreetMap via the Overpass API",
    "source_url": "https://www.openstreetmap.org/copyright",
    "licence": "ODbL 1.0, (c) OpenStreetMap contributors",
    "retrieved": "2026-08-28"
   }
  },
  {
   "type": "Feature",
   "geometry": {
    "type": "LineString",
    "coordinates": [
     [
      85.3265876,
      28.1507835
     ],
     [
      85.3264635,
      28.1506167
     ],
     [
      85.3263977,
      28.1505342
     ],
     [
      85.3263469,
      28.1504783
     ],
     [
      85.325841,
      28.1500215
     ],
     [
      85.3258054,
      28.1499848
     ],
     [
      85.325777,
      28.1499449
     ],
     [
      85.3256896,
      28.1497918
     ],
     [
      85.3256472,
      28.149749
     ],
     [
      85.3256095,
      28.1497258
     ],
     [
      85.3255587,
      28.14971
     ],
     [
      85.325309,
      28.1496695
     ],
     [
      85.325237,
      28.1496527
     ],
     [
      85.3251664,
      28.1496305
     ],
     [
      85.3251208,
      28.1496068
     ],
     [
      85.3247679,
      28.1493621
     ],
     [
      85.3246986,
      28.1493331
     ],
     [
      85.3246032,
      28.1493079
     ],
     [
      85.3245226,
      28.1492941
     ],
     [
      85.3244384,
      28.1493002
     ],
     [
      85.3241506,
      28.1493384
     ],
     [
      85.3240561,
      28.1493415
     ],
     [
      85.3239728,
      28.1493377
     ],
     [
      85.3238965,
      28.1493308
     ],
     [
      85.3236251,
      28.1492727
     ],
     [
      85.3234413,
      28.1492207
     ],
     [
      85.3233407,
      28.1491641
     ],
     [
      85.323224,
      28.1490853
     ],
     [
      85.3231456,
      28.149012
     ],
     [
      85.3229974,
      28.1488369
     ],
     [
      85.322921,
      28.1487391
     ],
     [
      85.3228581,
      28.1486381
     ],
     [
      85.3228239,
      28.1485556
     ],
     [
      85.3227064,
      28.1481163
     ],
     [
      85.3226895,
      28.1480838
     ],
     [
      85.3226709,
      28.1480617
     ],
     [
      85.3224099,
      28.1478497
     ],
     [
      85.3223861,
      28.1478258
     ],
     [
      85.3223718,
      28.1478067
     ],
     [
      85.3223635,
      28.1477895
     ],
     [
      85.3223579,
      28.1477689
     ],
     [
      85.3223592,
      28.1477452
     ],
     [
      85.3223692,
      28.1477245
     ],
     [
      85.3223826,
      28.1477117
     ],
     [
      85.3224064,
      28.1477012
     ],
     [
      85.3224285,
      28.1476981
     ],
     [
      85.3224576,
      28.1477004
     ],
     [
      85.322497,
      28.1477123
     ],
     [
      85.3225231,
      28.1477264
     ],
     [
      85.3225495,
      28.1477455
     ],
     [
      85.3228239,
      28.1479997
     ],
     [
      85.3228716,
      28.148059
     ],
     [
      85.3229106,
      28.1481114
     ],
     [
      85.3231185,
      28.1484249
     ],
     [
      85.3231482,
      28.1484516
     ],
     [
      85.3231838,
      28.148473
     ],
     [
      85.32343,
      28.148564
     ],
     [
      85.3234847,
      28.1485724
     ],
     [
      85.3235341,
      28.1485709
     ],
     [
      85.323567,
      28.1485632
     ],
     [
      85.3235883,
      28.1485483
     ],
     [
      85.3236095,
      28.1485223
     ],
     [
      85.3236169,
      28.1484925
     ],
     [
      85.323613,
      28.1484531
     ],
     [
      85.3235982,
      28.1484111
     ],
     [
      85.3235653,
      28.1483675
     ],
     [
      85.3235202,
      28.1483239
     ],
     [
      85.3232852,
      28.1481855
     ],
     [
      85.3232055,
      28.1481152
     ],
     [
      85.3231396,
      28.1480204
     ],
     [
      85.3225603,
      28.1472098
     ],
     [
      85.3224546,
      28.1470555
     ],
     [
      85.3223401,
      28.1468613
     ],
     [
      85.3222407,
      28.146632
     ],
     [
      85.3221172,
      28.1461815
     ],
     [
      85.3220132,
      28.1459408
     ],
     [
      85.3219664,
      28.1458682
     ],
     [
      85.3219048,
      28.1457979
     ],
     [
      85.321832,
      28.1457436
     ],
     [
      85.3214973,
      28.1455876
     ],
     [
      85.3212549,
      28.1454813
     ],
     [
      85.3212003,
      28.1454616
     ],
     [
      85.3211583,
      28.1454561
     ],
     [
      85.3208929,
      28.1454469
     ],
     [
      85.3208417,
      28.1454377
     ],
     [
      85.3208067,
      28.1454263
     ],
     [
      85.3206424,
      28.1453445
     ],
     [
      85.3206018,
      28.1453286
     ],
     [
      85.3205569,
      28.1453162
     ],
     [
      85.3205097,
      28.1453131
     ],
     [
      85.3204585,
      28.1453173
     ],
     [
      85.3203415,
      28.1453296
     ],
     [
      85.3202981,
      28.1453307
     ],
     [
      85.3202535,
      28.1453273
     ],
     [
      85.3202114,
      28.1453173
     ],
     [
      85.3201876,
      28.145302
     ],
     [
      85.3201676,
      28.1452715
     ],
     [
      85.3201616,
      28.1452466
     ],
     [
      85.3201646,
      28.145208
     ],
     [
      85.3201832,
      28.1451782
     ],
     [
      85.3202088,
      28.1451625
     ],
     [
      85.32024,
      28.1451491
     ],
     [
      85.3202708,
      28.1451491
     ],
     [
      85.3203666,
      28.1451549
     ],
     [
      85.3204854,
      28.1451572
     ],
     [
      85.3206104,
      28.1451515
     ],
     [
      85.3207065,
      28.1451419
     ],
     [
      85.3207893,
      28.1451403
     ],
     [
      85.3208574,
      28.1451426
     ],
     [
      85.3210078,
      28.145173
     ],
     [
      85.3210568,
      28.145169
     ],
     [
      85.3211186,
      28.1451484
     ],
     [
      85.3212164,
      28.1451
     ],
     [
      85.3212806,
      28.1450887
     ],
     [
      85.3213425,
      28.145091
     ],
     [
      85.3214214,
      28.1451071
     ],
     [
      85.321706,
      28.1452142
     ],
     [
      85.3217869,
      28.1452359
     ],
     [
      85.3218962,
      28.1452581
     ],
     [
      85.3220626,
      28.145281
     ],
     [
      85.3222256,
      28.1453154
     ],
     [
      85.3223504,
      28.1453531
     ],
     [
      85.3224485,
      28.1454118
     ],
     [
      85.3225487,
      28.1454845
     ],
     [
      85.3226627,
      28.1456029
     ],
     [
      85.322766,
      28.1457989
     ],
     [
      85.3228022,
      28.1458834
     ],
     [
      85.3228297,
      28.1460623
     ],
     [
      85.3228565,
      28.146178
     ],
     [
      85.3228622,
      28.1462214
     ],
     [
      85.3228866,
      28.146312
     ],
     [
      85.3229381,
      28.1463396
     ],
     [
      85.323016,
      28.1463335
     ],
     [
      85.3230583,
      28.1463231
     ],
     [
      85.3231138,
      28.1462996
     ],
     [
      85.3231419,
      28.1462714
     ],
     [
      85.3231552,
      28.1462463
     ],
     [
      85.3231651,
      28.1462149
     ],
     [
      85.3231651,
      28.1461824
     ],
     [
      85.3231427,
      28.1460734
     ],
     [
      85.3230997,
      28.1459607
     ],
     [
      85.3230234,
      28.1457558
     ],
     [
      85.322882,
      28.1454278
     ],
     [
      85.3228231,
      28.1452764
     ],
     [
      85.322765,
      28.1451855
     ],
     [
      85.3227008,
      28.1451251
     ],
     [
      85.3226375,
      28.1450723
     ],
     [
      85.3224989,
      28.144994
     ],
     [
      85.3221933,
      28.1448563
     ],
     [
      85.3219723,
      28.144737
     ],
     [
      85.3218667,
      28.1446701
     ],
     [
      85.3217435,
      28.1445626
     ],
     [
      85.321532,
      28.1443445
     ],
     [
      85.3212525,
      28.1440812
     ],
     [
      85.3210346,
      28.1438302
     ],
     [
      85.3208214,
      28.1436085
     ],
     [
      85.3207928,
      28.1435619
     ],
     [
      85.3207846,
      28.143526
     ],
     [
      85.320785,
      28.1434835
     ],
     [
      85.3207975,
      28.1434347
     ],
     [
      85.3208175,
      28.143404
     ],
     [
      85.3208531,
      28.1433853
     ],
     [
      85.3209074,
      28.1433727
     ],
     [
      85.3209415,
      28.1433761
     ],
     [
      85.320991,
      28.1433881
     ],
     [
      85.3210377,
      28.1434201
     ],
     [
      85.3210962,
      28.1434786
     ],
     [
      85.3211444,
      28.1435416
     ],
     [
      85.3211863,
      28.1436085
     ],
     [
      85.3213057,
      28.1437572
     ],
     [
      85.3213612,
      28.1438016
     ],
     [
      85.3214271,
      28.1438406
     ],
     [
      85.321649,
      28.1439094
     ],
     [
      85.3217826,
      28.1439522
     ],
     [
      85.3219967,
      28.1440386
     ],
     [
      85.3223418,
      28.1441808
     ],
     [
      85.3226189,
      28.144286
     ],
     [
      85.3226523,
      28.144297
     ],
     [
      85.3226869,
      28.1443039
     ],
     [
      85.3227238,
      28.1443007
     ],
     [
      85.3227485,
      28.1442902
     ],
     [
      85.3227671,
      28.1442657
     ],
     [
      85.3227728,
      28.1442313
     ],
     [
      85.3227667,
      28.1441999
     ],
     [
      85.3227442,
      28.1441648
     ],
     [
      85.3226907,
      28.1441182
     ],
     [
      85.3223852,
      28.1439484
     ],
     [
      85.3223029,
      28.1438932
     ],
     [
      85.3222551,
      28.143849
     ],
     [
      85.3220317,
      28.1435969
     ],
     [
      85.3217165,
      28.1432626
     ],
     [
      85.321675,
      28.1432167
     ],
     [
      85.321659,
      28.143193
     ],
     [
      85.3216464,
      28.1431647
     ],
     [
      85.3216447,
      28.1431391
     ],
     [
      85.3216516,
      28.1431143
     ],
     [
      85.3216655,
      28.1430936
     ],
     [
      85.3216863,
      28.1430791
     ],
     [
      85.3217132,
      28.1430718
     ],
     [
      85.3217409,
      28.1430749
     ],
     [
      85.3217808,
      28.1430886
     ],
     [
      85.3218437,
      28.1431227
     ],
     [
      85.3218871,
      28.1431555
     ],
     [
      85.3220574,
      28.1433062
     ],
     [
      85.3221251,
      28.143362
     ],
     [
      85.3222197,
      28.1434074
     ],
     [
      85.3223228,
      28.1434491
     ],
     [
      85.3224343,
      28.1434829
     ],
     [
      85.3226514,
      28.1435501
     ],
     [
      85.3227277,
      28.1435745
     ],
     [
      85.3227927,
      28.1436085
     ],
     [
      85.3229882,
      28.1437809
     ],
     [
      85.3230986,
      28.1438848
     ],
     [
      85.3231252,
      28.1439014
     ],
     [
      85.3231493,
      28.1439079
     ],
     [
      85.323176,
      28.1439098
     ],
     [
      85.323205,
      28.1439019
     ],
     [
      85.3232237,
      28.1438857
     ],
     [
      85.3232316,
      28.1438625
     ],
     [
      85.3232328,
      28.1438402
     ],
     [
      85.3232267,
      28.1438052
     ],
     [
      85.3232128,
      28.1437743
     ],
     [
      85.3231942,
      28.1437492
     ],
     [
      85.3229002,
      28.1434522
     ],
     [
      85.3228265,
      28.1433765
     ],
     [
      85.322765,
      28.1432932
     ],
     [
      85.3225968,
      28.1430263
     ],
     [
      85.3225032,
      28.1428907
     ],
     [
      85.3223939,
      28.1427625
     ],
     [
      85.3223609,
      28.1427331
     ],
     [
      85.3223306,
      28.1427109
     ],
     [
      85.3222967,
      28.1426945
     ],
     [
      85.3222544,
      28.1426803
     ],
     [
      85.3222148,
      28.1426727
     ],
     [
      85.3221565,
      28.1426709
     ],
     [
      85.3220045,
      28.1426742
     ],
     [
      85.3219603,
      28.1426704
     ],
     [
      85.32192,
      28.1426559
     ],
     [
      85.3218983,
      28.1426437
     ],
     [
      85.3218771,
      28.1426207
     ],
     [
      85.3218662,
      28.1426012
     ],
     [
      85.3218628,
      28.1425787
     ],
     [
      85.3218649,
      28.142558
     ],
     [
      85.3218822,
      28.1425328
     ],
     [
      85.3219057,
      28.1425206
     ],
     [
      85.3219368,
      28.1425146
     ],
     [
      85.3220599,
      28.1425074
     ],
     [
      85.3222913,
      28.1425168
     ],
     [
      85.32236,
      28.1425263
     ],
     [
      85.3224416,
      28.1425515
     ],
     [
      85.3225161,
      28.1425875
     ],
     [
      85.3226072,
      28.1426395
     ],
     [
      85.3227008,
      28.1427067
     ],
     [
      85.3230632,
      28.1429988
     ],
     [
      85.3232436,
      28.1431609
     ],
     [
      85.3234569,
      28.1433765
     ],
     [
      85.3234925,
      28.1434071
     ],
     [
      85.3235358,
      28.1434247
     ],
     [
      85.3235852,
      28.1434285
     ],
     [
      85.3236364,
      28.143414
     ],
     [
      85.3236624,
      28.143388
     ],
     [
      85.3236704,
      28.1433421
     ],
     [
      85.3236598,
      28.1432947
     ],
     [
      85.3236321,
      28.1432419
     ],
     [
      85.3235988,
      28.1431837
     ],
     [
      85.323528,
      28.1430646
     ],
     [
      85.32345,
      28.1429422
     ],
     [
      85.323357,
      28.1428189
     ],
     [
      85.3232748,
      28.1427419
     ],
     [
      85.322452,
      28.142157
     ],
     [
      85.3223609,
      28.1420974
     ],
     [
      85.3222403,
      28.14203
     ],
     [
      85.3220136,
      28.14191
     ],
     [
      85.3219564,
      28.1418837
     ],
     [
      85.3219057,
      28.1418588
     ],
     [
      85.321881,
      28.141834
     ],
     [
      85.3218701,
      28.1418164
     ],
     [
      85.3218669,
      28.1417992
     ],
     [
      85.3218718,
      28.141778
     ],
     [
      85.3218825,
      28.1417617
     ],
     [
      85.3219001,
      28.1417422
     ],
     [
      85.3219235,
      28.1417304
     ],
     [
      85.3219499,
      28.1417235
     ],
     [
      85.3219756,
      28.1417193
     ],
     [
      85.3220084,
      28.1417204
     ],
     [
      85.3220436,
      28.1417252
     ],
     [
      85.3220939,
      28.1417342
     ],
     [
      85.3226089,
      28.1419605
     ],
     [
      85.3232159,
      28.1422403
     ],
     [
      85.3234956,
      28.1423819
     ],
     [
      85.3236407,
      28.1424743
     ],
     [
      85.3237983,
      28.142612
     ],
     [
      85.3241296,
      28.1429303
     ],
     [
      85.3241861,
      28.1429923
     ],
     [
      85.3242247,
      28.1430187
     ],
     [
      85.3242598,
      28.1430324
     ],
     [
      85.3242828,
      28.1430351
     ],
     [
      85.3243086,
      28.143028
     ],
     [
      85.3243253,
      28.1430107
     ],
     [
      85.3243366,
      28.1429881
     ],
     [
      85.3243361,
      28.1429413
     ],
     [
      85.3243205,
      28.1429009
     ],
     [
      85.3242832,
      28.1428375
     ],
     [
      85.3242225,
      28.1427603
     ],
     [
      85.3239078,
      28.1423703
     ],
     [
      85.3235809,
      28.1419942
     ],
     [
      85.3235037,
      28.1419078
     ],
     [
      85.3234335,
      28.1418626
     ],
     [
      85.3233303,
      28.1418305
     ],
     [
      85.3231742,
      28.1418015
     ],
     [
      85.3229627,
      28.1417449
     ],
     [
      85.3228101,
      28.1416822
     ],
     [
      85.3226839,
      28.1416094
     ],
     [
      85.3223332,
      28.1413198
     ],
     [
      85.3220297,
      28.1411149
     ],
     [
      85.3217061,
      28.1409389
     ],
     [
      85.3212883,
      28.1407498
     ],
     [
      85.3212011,
      28.1406969
     ],
     [
      85.3211149,
      28.1406263
     ],
     [
      85.3210651,
      28.1405578
     ],
     [
      85.3210348,
      28.1404646
     ],
     [
      85.3210117,
      28.1403044
     ],
     [
      85.3209979,
      28.1402073
     ],
     [
      85.3209762,
      28.1401561
     ],
     [
      85.320932,
      28.1400965
     ],
     [
      85.3208557,
      28.1400185
     ],
     [
      85.3207672,
      28.1399267
     ],
     [
      85.3207152,
      28.1398411
     ],
     [
      85.3206754,
      28.1397335
     ],
     [
      85.3206371,
      28.1395796
     ],
     [
      85.3206146,
      28.1394985
     ],
     [
      85.32057,
      28.1394293
     ],
     [
      85.3205517,
      28.1394125
     ],
     [
      85.3205262,
      28.139398
     ],
     [
      85.3204927,
      28.1393948
     ],
     [
      85.3204559,
      28.1394007
     ],
     [
      85.3203719,
      28.1394295
     ],
     [
      85.3201854,
      28.1394878
     ],
     [
      85.3200198,
      28.1395307
     ],
     [
      85.3199296,
      28.1395509
     ],
     [
      85.3198533,
      28.1395918
     ],
     [
      85.3197127,
      28.1397164
     ],
     [
      85.3195627,
      28.1398956
     ],
     [
      85.3191822,
      28.1403704
     ],
     [
      85.3190038,
      28.1405578
     ],
     [
      85.3189229,
      28.1406171
     ],
     [
      85.3188371,
      28.1406622
     ],
     [
      85.3185881,
      28.1407536
     ],
     [
      85.3184703,
      28.140822
     ],
     [
      85.3182917,
      28.140962
     ],
     [
      85.3182215,
      28.1410155
     ],
     [
      85.3181399,
      28.1410507
     ],
     [
      85.3178832,
      28.1411027
     ],
     [
      85.3176137,
      28.141153
     ],
     [
      85.3175612,
      28.1411596
     ],
     [
      85.3175,
      28.1411596
     ],
     [
      85.3174532,
      28.1411508
     ],
     [
      85.317393,
      28.1411267
     ],
     [
      85.3173392,
      28.1410939
     ],
     [
      85.3172902,
      28.1410415
     ],
     [
      85.3166428,
      28.1402253
     ],
     [
      85.3161825,
      28.1398573
     ],
     [
      85.3161149,
      28.139753
     ],
     [
      85.3160576,
      28.1396155
     ],
     [
      85.3160458,
      28.1394638
     ],
     [
      85.3160537,
      28.1393457
     ],
     [
      85.3160074,
      28.1392178
     ],
     [
      85.3159098,
      28.1390337
     ],
     [
      85.3158832,
      28.1389031
     ],
     [
      85.3158798,
      28.1388115
     ],
     [
      85.3158734,
      28.1386544
     ],
     [
      85.3158734,
      28.1385803
     ],
     [
      85.3158635,
      28.1385216
     ],
     [
      85.3158507,
      28.1384065
     ],
     [
      85.3157671,
      28.1383232
     ],
     [
      85.315641,
      28.1382681
     ],
     [
      85.3154206,
      28.1381855
     ],
     [
      85.3153175,
      28.1380857
     ],
     [
      85.3152909,
      28.1379803
     ],
     [
      85.3152924,
      28.1379045
     ],
     [
      85.3153023,
      28.1378207
     ],
     [
      85.3153813,
      28.1375712
     ],
     [
      85.3153924,
      28.1374791
     ],
     [
      85.3153972,
      28.1373988
     ],
     [
      85.3153921,
      28.1373087
     ],
     [
      85.3153514,
      28.1372093
     ],
     [
      85.3152969,
      28.1370763
     ],
     [
      85.3152426,
      28.1369713
     ],
     [
      85.3151102,
      28.1368455
     ],
     [
      85.3149019,
      28.1366816
     ],
     [
      85.3146657,
      28.1365661
     ],
     [
      85.3145329,
      28.1365057
     ],
     [
      85.3145031,
      28.1364623
     ],
     [
      85.3144927,
      28.1364046
     ],
     [
      85.3144973,
      28.136341
     ],
     [
      85.3145188,
      28.1362942
     ],
     [
      85.3147202,
      28.1357811
     ],
     [
      85.31482,
      28.1355508
     ],
     [
      85.3150757,
      28.1350806
     ],
     [
      85.3151011,
      28.135018
     ],
     [
      85.3151164,
      28.1349491
     ],
     [
      85.3151199,
      28.1348703
     ],
     [
      85.3151199,
      28.1347258
     ],
     [
      85.315136,
      28.1346555
     ],
     [
      85.3151667,
      28.1345966
     ],
     [
      85.3153037,
      28.1344031
     ],
     [
      85.3153297,
      28.1343481
     ],
     [
      85.3153436,
      28.1342777
     ],
     [
      85.315354,
      28.1341241
     ],
     [
      85.3153609,
      28.1340599
     ],
     [
      85.3153774,
      28.1340048
     ],
     [
      85.3155428,
      28.133641
     ],
     [
      85.3157147,
      28.1333067
     ],
     [
      85.3157648,
      28.1332063
     ],
     [
      85.3157997,
      28.1331017
     ],
     [
      85.3158769,
      28.1327515
     ],
     [
      85.3159063,
      28.1325493
     ],
     [
      85.315915,
      28.132464
     ],
     [
      85.3159175,
      28.1323779
     ],
     [
      85.3159037,
      28.1323119
     ],
     [
      85.3156549,
      28.1317177
     ],
     [
      85.3156237,
      28.1316673
     ],
     [
      85.3155803,
      28.1316153
     ],
     [
      85.315517,
      28.1315694
     ],
     [
      85.3152989,
      28.1314642
     ],
     [
      85.315237,
      28.131431
     ],
     [
      85.3151962,
      28.1314004
     ],
     [
      85.3151737,
      28.1313652
     ],
     [
      85.3151624,
      28.1313117
     ],
     [
      85.315172,
      28.1312469
     ],
     [
      85.3151971,
      28.1311863
     ],
     [
      85.3152404,
      28.1311396
     ],
     [
      85.3153002,
      28.1311045
     ],
     [
      85.3153797,
      28.1310778
     ],
     [
      85.3155018,
      28.131065
     ],
     [
      85.3157321,
      28.1310594
     ],
     [
      85.3157845,
      28.1310487
     ],
     [
      85.3158153,
      28.1310326
     ],
     [
      85.3158296,
      28.1310129
     ],
     [
      85.3158331,
      28.1309825
     ],
     [
      85.3158244,
      28.1309577
     ],
     [
      85.3158079,
      28.1309294
     ],
     [
      85.3157849,
      28.1308988
     ],
     [
      85.3155422,
      28.1306931
     ],
     [
      85.3154173,
      28.1306082
     ],
     [
      85.3152733,
      28.1305322
     ],
     [
      85.3150791,
      28.1304522
     ],
     [
      85.3147271,
      28.1303184
     ],
     [
      85.3146543,
      28.1302978
     ],
     [
      85.3145728,
      28.1302855
     ],
     [
      85.3144982,
      28.1302962
     ],
     [
      85.314421,
      28.1303115
     ],
     [
      85.3143378,
      28.1303115
     ],
     [
      85.3142615,
      28.1302947
     ],
     [
      85.3141297,
      28.1302565
     ],
     [
      85.3139381,
      28.1301846
     ],
     [
      85.3138367,
      28.1301535
     ],
     [
      85.3136025,
      28.1300974
     ],
     [
      85.3134768,
      28.1300538
     ],
     [
      85.3131173,
      28.1298831
     ],
     [
      85.3129348,
      28.1298038
     ],
     [
      85.3127554,
      28.1297441
     ],
     [
      85.3125569,
      28.1296974
     ],
     [
      85.3123933,
      28.1296543
     ],
     [
      85.3123435,
      28.129639
     ],
     [
      85.3122991,
      28.1296164
     ],
     [
      85.3122635,
      28.1295912
     ],
     [
      85.3122403,
      28.1295685
     ],
     [
      85.3122208,
      28.1295323
     ],
     [
      85.3121839,
      28.1294299
     ],
     [
      85.3121558,
      28.129288
     ],
     [
      85.3121142,
      28.1292443
     ],
     [
      85.3120619,
      28.1292029
     ],
     [
      85.312015,
      28.1291816
     ],
     [
      85.3119144,
      28.1291674
     ],
     [
      85.3118567,
      28.129165
     ],
     [
      85.3116967,
      28.1291813
     ],
     [
      85.3115814,
      28.1291857
     ],
     [
      85.3114202,
      28.1291764
     ],
     [
      85.3113341,
      28.1291567
     ],
     [
      85.3112403,
      28.1291374
     ],
     [
      85.310944,
      28.1290108
     ],
     [
      85.3108668,
      28.1289527
     ],
     [
      85.3108122,
      28.1288877
     ],
     [
      85.310738,
      28.1287902
     ],
     [
      85.3105773,
      28.1285553
     ],
     [
      85.3104498,
      28.1284059
     ],
     [
      85.3102755,
      28.128211
     ],
     [
      85.3101548,
      28.1281064
     ],
     [
      85.3099818,
      28.1280048
     ],
     [
      85.3095107,
      28.1278424
     ],
     [
      85.3093451,
      28.1278049
     ],
     [
      85.3092003,
      28.1277858
     ],
     [
      85.3090538,
      28.1277927
     ],
     [
      85.3089588,
      28.1278123
     ],
     [
      85.3087294,
      28.1278698
     ],
     [
      85.3086636,
      28.1278783
     ],
     [
      85.3085717,
      28.127876
     ],
     [
      85.3084548,
      28.1278577
     ],
     [
      85.3081961,
      28.1277754
     ],
     [
      85.3078378,
      28.1276667
     ],
     [
      85.307532,
      28.1275472
     ],
     [
      85.3067417,
      28.1272244
     ],
     [
      85.3063632,
      28.1271045
     ],
     [
      85.3062718,
      28.1270628
     ],
     [
      85.3062045,
      28.1270158
     ],
     [
      85.3058177,
      28.1268303
     ],
     [
      85.3058016,
      28.12666
     ],
     [
      85.3057909,
      28.1265796
     ],
     [
      85.305807,
      28.1264923
     ],
     [
      85.3058509,
      28.1263584
     ],
     [
      85.3058938,
      28.1262491
     ],
     [
      85.3059964,
      28.1260665
     ],
     [
      85.3060745,
      28.1259625
     ],
     [
      85.3062644,
      28.1257166
     ],
     [
      85.306392,
      28.1255724
     ],
     [
      85.3065271,
      28.1254266
     ],
     [
      85.3066151,
      28.1253059
     ],
     [
      85.306637,
      28.1252318
     ],
     [
      85.3066332,
      28.125141
     ],
     [
      85.3066043,
      28.1249289
     ],
     [
      85.3065835,
      28.1247393
     ],
     [
      85.3065734,
      28.124513
     ],
     [
      85.3065889,
      28.1242255
     ],
     [
      85.3066025,
      28.1241703
     ],
     [
      85.3066173,
      28.1241287
     ],
     [
      85.3066441,
      28.1240862
     ]
    ]
   },
   "properties": {
    "name": "Pasang Lhamu Highway",
    "name_local": "Pasang Lhamu Highway",
    "highway": "primary",
    "why_it_matters": "A valley road is the route relief arrives on and the route people leave on, and it runs where the river runs because there is nowhere else to put it.",
    "osm_id": "way/246173479",
    "source": "OpenStreetMap via the Overpass API",
    "source_url": "https://www.openstreetmap.org/copyright",
    "licence": "ODbL 1.0, (c) OpenStreetMap contributors",
    "retrieved": "2026-08-28"
   }
  },
  {
   "type": "Feature",
   "geometry": {
    "type": "LineString",
    "coordinates": [
     [
      85.2877654,
      28.1030753
     ],
     [
      85.2878663,
      28.1032475
     ],
     [
      85.287962,
      28.1034294
     ],
     [
      85.287962,
      28.1035164
     ],
     [
      85.2879291,
      28.1036323
     ],
     [
      85.2878873,
      28.1036692
     ],
     [
      85.2878604,
      28.1037114
     ],
     [
      85.2878215,
      28.1037721
     ],
     [
      85.2878126,
      28.1039987
     ],
     [
      85.2878394,
      28.1042597
     ],
     [
      85.2878365,
      28.1043071
     ],
     [
      85.2878036,
      28.1043941
     ],
     [
      85.2875764,
      28.1048472
     ],
     [
      85.2875572,
      28.105047
     ],
     [
      85.2876323,
      28.1051984
     ],
     [
      85.2876025,
      28.105325
     ],
     [
      85.2875156,
      28.1055323
     ],
     [
      85.2875036,
      28.1057331
     ],
     [
      85.2875107,
      28.1058966
     ],
     [
      85.2874582,
      28.1060261
     ],
     [
      85.2873077,
      28.1062686
     ],
     [
      85.287016,
      28.1067875
     ],
     [
      85.286934,
      28.1069325
     ],
     [
      85.2868832,
      28.1070248
     ],
     [
      85.2868683,
      28.107117
     ],
     [
      85.2868922,
      28.1072093
     ],
     [
      85.2869489,
      28.107262
     ],
     [
      85.2870834,
      28.1073332
     ],
     [
      85.2875077,
      28.107573
     ],
     [
      85.2879171,
      28.107747
     ],
     [
      85.2886297,
      28.1080921
     ],
     [
      85.2891856,
      28.1084032
     ],
     [
      85.289246,
      28.1085735
     ],
     [
      85.2892596,
      28.1086769
     ],
     [
      85.2893399,
      28.1088148
     ],
     [
      85.2895343,
      28.1089341
     ],
     [
      85.2897823,
      28.1092553
     ],
     [
      85.2899696,
      28.1094373
     ],
     [
      85.2902603,
      28.1096974
     ],
     [
      85.2906753,
      28.1099182
     ],
     [
      85.2911149,
      28.1102276
     ],
     [
      85.2913642,
      28.1104139
     ],
     [
      85.2916896,
      28.1108314
     ],
     [
      85.2918925,
      28.1111147
     ],
     [
      85.291977,
      28.1112899
     ],
     [
      85.2921714,
      28.1114912
     ],
     [
      85.2925855,
      28.1117223
     ],
     [
      85.2931222,
      28.1120764
     ],
     [
      85.2941275,
      28.1126807
     ],
     [
      85.2949427,
      28.1131447
     ],
     [
      85.2950368,
      28.1131983
     ],
     [
      85.2951418,
      28.113186
     ],
     [
      85.2953334,
      28.1130808
     ],
     [
      85.295596,
      28.1129436
     ],
     [
      85.2962718,
      28.1125544
     ],
     [
      85.2964034,
      28.1124637
     ],
     [
      85.2965696,
      28.1123214
     ],
     [
      85.2969252,
      28.1120592
     ],
     [
      85.297205,
      28.111874
     ],
     [
      85.2973907,
      28.1117739
     ],
     [
      85.2979462,
      28.1115551
     ],
     [
      85.2980518,
      28.1115302
     ],
     [
      85.2982988,
      28.1115379
     ],
     [
      85.2984062,
      28.1115038
     ],
     [
      85.2984869,
      28.1114552
     ],
     [
      85.2985813,
      28.1113765
     ],
     [
      85.2986983,
      28.111221
     ],
     [
      85.2987492,
      28.1111799
     ],
     [
      85.2988255,
      28.1111457
     ],
     [
      85.2988967,
      28.1111432
     ],
     [
      85.2989889,
      28.111149
     ],
     [
      85.2991984,
      28.1111906
     ],
     [
      85.2992741,
      28.1111835
     ],
     [
      85.2993507,
      28.1111527
     ],
     [
      85.2996144,
      28.1110011
     ],
     [
      85.2997351,
      28.1109125
     ],
     [
      85.2999914,
      28.1105609
     ],
     [
      85.3001822,
      28.1103955
     ],
     [
      85.3004481,
      28.1102616
     ],
     [
      85.3005333,
      28.1102133
     ],
     [
      85.3006064,
      28.1101958
     ],
     [
      85.3007099,
      28.1101999
     ],
     [
      85.3007738,
      28.1102307
     ],
     [
      85.3007906,
      28.1102952
     ],
     [
      85.3007906,
      28.1103489
     ],
     [
      85.3007601,
      28.1104201
     ],
     [
      85.3006871,
      28.1104818
     ],
     [
      85.3004632,
      28.110635
     ],
     [
      85.3002889,
      28.1108097
     ],
     [
      85.3001781,
      28.111185
     ],
     [
      85.3000149,
      28.1114061
     ],
     [
      85.2998109,
      28.1115758
     ],
     [
      85.2994575,
      28.1117261
     ],
     [
      85.2992427,
      28.1118248
     ],
     [
      85.2991323,
      28.1119131
     ],
     [
      85.299067,
      28.1119716
     ],
     [
      85.298984,
      28.1120083
     ],
     [
      85.2989116,
      28.1120485
     ],
     [
      85.2988311,
      28.1121185
     ],
     [
      85.2987635,
      28.1122291
     ],
     [
      85.2987165,
      28.1123269
     ],
     [
      85.2984346,
      28.1125883
     ],
     [
      85.298327,
      28.1127399
     ],
     [
      85.2982886,
      28.1128144
     ],
     [
      85.2982831,
      28.1128852
     ],
     [
      85.2982893,
      28.1129784
     ],
     [
      85.2983584,
      28.1130452
     ],
     [
      85.2984234,
      28.1130721
     ],
     [
      85.2984922,
      28.1130836
     ],
     [
      85.2985793,
      28.1130688
     ],
     [
      85.298651,
      28.1130268
     ],
     [
      85.298716,
      28.1129664
     ],
     [
      85.2987535,
      28.1129089
     ],
     [
      85.2987745,
      28.1128377
     ],
     [
      85.2988055,
      28.112699
     ],
     [
      85.2988436,
      28.1125132
     ],
     [
      85.2989073,
      28.1124218
     ],
     [
      85.2989715,
      28.1123619
     ],
     [
      85.299057,
      28.1123167
     ],
     [
      85.2991419,
      28.112305
     ],
     [
      85.2992544,
      28.1123105
     ],
     [
      85.2993813,
      28.1123029
     ],
     [
      85.2994866,
      28.112259
     ],
     [
      85.2997345,
      28.1121355
     ],
     [
      85.3000544,
      28.1119694
     ],
     [
      85.3001301,
      28.1119494
     ],
     [
      85.300344,
      28.1118852
     ],
     [
      85.3006594,
      28.1116709
     ],
     [
      85.3009086,
      28.1114984
     ],
     [
      85.3010483,
      28.1113577
     ],
     [
      85.3011539,
      28.1112772
     ],
     [
      85.3013139,
      28.1112091
     ],
     [
      85.3015705,
      28.1111351
     ],
     [
      85.3018297,
      28.1110649
     ],
     [
      85.3022148,
      28.1109372
     ],
     [
      85.3024797,
      28.1107769
     ],
     [
      85.3027414,
      28.1106733
     ],
     [
      85.3029718,
      28.1105536
     ],
     [
      85.3031419,
      28.1104416
     ],
     [
      85.303327,
      28.1102821
     ],
     [
      85.3038868,
      28.1097333
     ],
     [
      85.3040849,
      28.1095871
     ],
     [
      85.3042097,
      28.1094883
     ],
     [
      85.3042963,
      28.1094158
     ],
     [
      85.3044542,
      28.1093918
     ]
    ]
   },
   "properties": {
    "name": "Pasang Lhamu Highway",
    "name_local": "Pasang Lhamu Highway",
    "highway": "primary",
    "why_it_matters": "A valley road is the route relief arrives on and the route people leave on, and it runs where the river runs because there is nowhere else to put it.",
    "osm_id": "way/246173482",
    "source": "OpenStreetMap via the Overpass API",
    "source_url": "https://www.openstreetmap.org/copyright",
    "licence": "ODbL 1.0, (c) OpenStreetMap contributors",
    "retrieved": "2026-08-28"
   }
  },
  {
   "type": "Feature",
   "geometry": {
    "type": "LineString",
    "coordinates": [
     [
      84.4049161,
      27.7071995
     ],
     [
      84.4050154,
      27.7059265
     ],
     [
      84.4050208,
      27.7053661
     ],
     [
      84.4050529,
      27.7050658
     ]
    ]
   },
   "properties": {
    "name": "unnamed",
    "name_local": "",
    "highway": "secondary",
    "why_it_matters": "A valley road is the route relief arrives on and the route people leave on, and it runs where the river runs because there is nowhere else to put it.",
    "osm_id": "way/246947150",
    "source": "OpenStreetMap via the Overpass API",
    "source_url": "https://www.openstreetmap.org/copyright",
    "licence": "ODbL 1.0, (c) OpenStreetMap contributors",
    "retrieved": "2026-08-28"
   }
  },
  {
   "type": "Feature",
   "geometry": {
    "type": "LineString",
    "coordinates": [
     [
      84.6650071,
      27.8251976
     ],
     [
      84.6651501,
      27.8250837
     ],
     [
      84.6652298,
      27.8250178
     ],
     [
      84.6653624,
      27.8248676
     ],
     [
      84.665491,
      27.824712
     ],
     [
      84.6656224,
      27.8245137
     ],
     [
      84.6658561,
      27.8241654
     ],
     [
      84.6661476,
      27.8237155
     ],
     [
      84.6663564,
      27.8233654
     ],
     [
      84.6665599,
      27.823019
     ],
     [
      84.6666607,
      27.8228353
     ],
     [
      84.6667683,
      27.8226546
     ],
     [
      84.6668594,
      27.8224848
     ],
     [
      84.6669545,
      27.8223298
     ],
     [
      84.6670629,
      27.8221613
     ],
     [
      84.6671166,
      27.8220519
     ],
     [
      84.6671517,
      27.821976
     ],
     [
      84.6671751,
      27.8218895
     ],
     [
      84.6671815,
      27.821815
     ],
     [
      84.6671645,
      27.8216578
     ],
     [
      84.6671485,
      27.8215451
     ],
     [
      84.6670957,
      27.821363
     ],
     [
      84.6670465,
      27.821255
     ],
     [
      84.6670074,
      27.8211872
     ],
     [
      84.6669366,
      27.8211212
     ],
     [
      84.6668429,
      27.8210709
     ],
     [
      84.6667463,
      27.8210254
     ],
     [
      84.6666661,
      27.8209744
     ],
     [
      84.6665764,
      27.8209014
     ],
     [
      84.6665079,
      27.8208269
     ],
     [
      84.6664637,
      27.8207576
     ],
     [
      84.6664339,
      27.8206725
     ],
     [
      84.6664093,
      27.8205615
     ],
     [
      84.6663909,
      27.8204042
     ],
     [
      84.6663506,
      27.8200648
     ],
     [
      84.6663363,
      27.8198543
     ],
     [
      84.6663428,
      27.819565
     ],
     [
      84.6663628,
      27.8193618
     ],
     [
      84.6664123,
      27.819138
     ],
     [
      84.6664968,
      27.8189296
     ],
     [
      84.6665492,
      27.8188239
     ],
     [
      84.6666245,
      27.8187101
     ],
     [
      84.6667157,
      27.8185962
     ],
     [
      84.6667734,
      27.8185203
     ],
     [
      84.6668877,
      27.8184224
     ],
     [
      84.6671161,
      27.8182229
     ],
     [
      84.6672781,
      27.8180977
     ],
     [
      84.6674509,
      27.8179856
     ],
     [
      84.6675439,
      27.8179212
     ],
     [
      84.6676523,
      27.8178539
     ],
     [
      84.6678304,
      27.8177652
     ],
     [
      84.6680428,
      27.8176655
     ],
     [
      84.6682584,
      27.8175907
     ],
     [
      84.668415,
      27.8175243
     ],
     [
      84.6685477,
      27.8174567
     ],
     [
      84.6686752,
      27.8173835
     ],
     [
      84.668792,
      27.8172959
     ],
     [
      84.6689221,
      27.8172012
     ],
     [
      84.6689969,
      27.8171468
     ],
     [
      84.6690738,
      27.8170955
     ],
     [
      84.6691726,
      27.8170543
     ],
     [
      84.6692758,
      27.8170279
     ],
     [
      84.6694439,
      27.8169741
     ],
     [
      84.6697125,
      27.8168942
     ],
     [
      84.6699612,
      27.8168135
     ],
     [
      84.6702353,
      27.8167126
     ],
     [
      84.67044,
      27.816664
     ],
     [
      84.6705995,
      27.8166379
     ],
     [
      84.6707802,
      27.8166341
     ],
     [
      84.6709952,
      27.8166518
     ],
     [
      84.671132,
      27.8166463
     ],
     [
      84.6712564,
      27.816642
     ],
     [
      84.6714029,
      27.8166237
     ],
     [
      84.6715263,
      27.8165905
     ],
     [
      84.6718328,
      27.8165301
     ],
     [
      84.6720166,
      27.8164648
     ],
     [
      84.672209,
      27.8164112
     ],
     [
      84.6724846,
      27.8163043
     ],
     [
      84.6727106,
      27.8162582
     ],
     [
      84.6728258,
      27.8162299
     ],
     [
      84.6729425,
      27.8162157
     ],
     [
      84.6732067,
      27.8161908
     ],
     [
      84.6733592,
      27.8161657
     ],
     [
      84.6735337,
      27.8161541
     ],
     [
      84.6736626,
      27.8161341
     ],
     [
      84.6737637,
      27.8161186
     ],
     [
      84.6738128,
      27.8161113
     ],
     [
      84.6738662,
      27.8160946
     ],
     [
      84.6739376,
      27.816071
     ],
     [
      84.6739972,
      27.816036
     ],
     [
      84.6741591,
      27.8159643
     ],
     [
      84.6743522,
      27.8158846
     ],
     [
      84.6746068,
      27.8158124
     ],
     [
      84.6750213,
      27.8157349
     ],
     [
      84.6752855,
      27.8156795
     ],
     [
      84.6754841,
      27.815634
     ],
     [
      84.6756314,
      27.8156001
     ],
     [
      84.6757698,
      27.8155543
     ],
     [
      84.6760354,
      27.8154699
     ],
     [
      84.6761721,
      27.815423
     ],
     [
      84.6762389,
      27.8153967
     ],
     [
      84.6762984,
      27.8153649
     ],
     [
      84.6764191,
      27.81528
     ],
     [
      84.6765286,
      27.8152134
     ],
     [
      84.6766403,
      27.8151432
     ],
     [
      84.6767999,
      27.8150426
     ],
     [
      84.6771929,
      27.8148056
     ],
     [
      84.6775698,
      27.8145364
     ],
     [
      84.6779766,
      27.8142378
     ],
     [
      84.6781915,
      27.8140809
     ],
     [
      84.6783115,
      27.814001
     ],
     [
      84.6784502,
      27.8139296
     ],
     [
      84.6785916,
      27.8138629
     ],
     [
      84.6787468,
      27.8138042
     ],
     [
      84.6789235,
      27.8137468
     ],
     [
      84.6791331,
      27.8136887
     ],
     [
      84.6793272,
      27.8136217
     ],
     [
      84.6794066,
      27.8135937
     ],
     [
      84.6794869,
      27.8135575
     ],
     [
      84.6795843,
      27.8135077
     ],
     [
      84.6796751,
      27.8134507
     ],
     [
      84.6798042,
      27.813376
     ],
     [
      84.6799352,
      27.8132786
     ],
     [
      84.6800347,
      27.8132086
     ],
     [
      84.6801655,
      27.8131017
     ],
     [
      84.680323,
      27.8129494
     ],
     [
      84.6805197,
      27.812777
     ],
     [
      84.6807273,
      27.8126145
     ],
     [
      84.6808851,
      27.8124773
     ],
     [
      84.681009,
      27.8123714
     ],
     [
      84.6811073,
      27.8122927
     ],
     [
      84.6811801,
      27.8122355
     ],
     [
      84.6812917,
      27.8121593
     ],
     [
      84.6813912,
      27.8120995
     ],
     [
      84.6814674,
      27.8120539
     ],
     [
      84.6815718,
      27.8119733
     ],
     [
      84.6817356,
      27.8118193
     ],
     [
      84.6820099,
      27.8115678
     ],
     [
      84.6820895,
      27.8114799
     ],
     [
      84.6821833,
      27.811395
     ],
     [
      84.6822683,
      27.8113065
     ],
     [
      84.6825468,
      27.8110363
     ],
     [
      84.68259,
      27.8110114
     ],
     [
      84.6826852,
      27.8109482
     ],
     [
      84.6827778,
      27.810891
     ],
     [
      84.6828497,
      27.8108449
     ],
     [
      84.6830148,
      27.8107408
     ],
     [
      84.6831947,
      27.8106503
     ],
     [
      84.6835087,
      27.8104994
     ],
     [
      84.6837966,
      27.8103659
     ],
     [
      84.6840301,
      27.8102554
     ],
     [
      84.6842899,
      27.8101573
     ],
     [
      84.6844077,
      27.8100982
     ],
     [
      84.6846642,
      27.8100243
     ],
     [
      84.6848862,
      27.8099735
     ],
     [
      84.6849682,
      27.809968
     ],
     [
      84.6851242,
      27.8099514
     ],
     [
      84.685286,
      27.8099301
     ],
     [
      84.6855202,
      27.8098809
     ],
     [
      84.6857406,
      27.8098566
     ],
     [
      84.6859067,
      27.8098744
     ],
     [
      84.6861215,
      27.8098803
     ],
     [
      84.6863803,
      27.8098685
     ],
     [
      84.6866284,
      27.809853
     ],
     [
      84.6869744,
      27.8098531
     ],
     [
      84.6873527,
      27.8098423
     ],
     [
      84.6876695,
      27.8098315
     ],
     [
      84.6878596,
      27.8098258
     ],
     [
      84.6880496,
      27.8098183
     ],
     [
      84.6882086,
      27.8098043
     ],
     [
      84.6883355,
      27.8097808
     ],
     [
      84.6885404,
      27.8097282
     ],
     [
      84.6886929,
      27.8096496
     ],
     [
      84.6888077,
      27.8095814
     ],
     [
      84.6888938,
      27.8095385
     ],
     [
      84.6891394,
      27.8094344
     ],
     [
      84.6893562,
      27.8093878
     ],
     [
      84.6895512,
      27.8093563
     ],
     [
      84.6897056,
      27.8093222
     ],
     [
      84.6898401,
      27.8092925
     ],
     [
      84.6899544,
      27.8092623
     ],
     [
      84.6900574,
      27.8092317
     ],
     [
      84.6902454,
      27.8091816
     ],
     [
      84.6905282,
      27.8091134
     ],
     [
      84.6906551,
      27.8090855
     ],
     [
      84.6907858,
      27.8090665
     ],
     [
      84.6908945,
      27.8090429
     ],
     [
      84.6910355,
      27.8090137
     ],
     [
      84.6911623,
      27.8090107
     ],
     [
      84.6913134,
      27.8090065
     ],
     [
      84.6916409,
      27.8090291
     ],
     [
      84.6918437,
      27.8090688
     ],
     [
      84.6920624,
      27.8091168
     ],
     [
      84.6922173,
      27.8091521
     ],
     [
      84.6923346,
      27.8091625
     ],
     [
      84.6924059,
      27.8091728
     ],
     [
      84.6925003,
      27.8091669
     ],
     [
      84.6926017,
      27.8091657
     ],
     [
      84.6926991,
      27.8091484
     ],
     [
      84.6929026,
      27.8091008
     ],
     [
      84.6930363,
      27.8090796
     ],
     [
      84.6931525,
      27.8090322
     ],
     [
      84.6933114,
      27.8089498
     ],
     [
      84.6934251,
      27.8088708
     ],
     [
      84.6935512,
      27.8087665
     ],
     [
      84.6936692,
      27.8086835
     ],
     [
      84.6938981,
      27.8084634
     ],
     [
      84.6941269,
      27.8082833
     ],
     [
      84.6942833,
      27.8081991
     ],
     [
      84.6944892,
      27.8081055
     ],
     [
      84.6947152,
      27.8080356
     ],
     [
      84.6949266,
      27.8079975
     ],
     [
      84.6952822,
      27.8079395
     ],
     [
      84.6956478,
      27.8078549
     ],
     [
      84.6959377,
      27.8077875
     ],
     [
      84.6961633,
      27.807688
     ],
     [
      84.6963769,
      27.8075767
     ],
     [
      84.6966369,
      27.8073765
     ],
     [
      84.6966827,
      27.8073525
     ]
    ]
   },
   "properties": {
    "name": "Prithvi Rajmarg",
    "name_local": "Prithvi Rajmarg",
    "highway": "trunk",
    "why_it_matters": "A valley road is the route relief arrives on and the route people leave on, and it runs where the river runs because there is nowhere else to put it.",
    "osm_id": "way/302727042",
    "source": "OpenStreetMap via the Overpass API",
    "source_url": "https://www.openstreetmap.org/copyright",
    "licence": "ODbL 1.0, (c) OpenStreetMap contributors",
    "retrieved": "2026-08-28"
   }
  },
  {
   "type": "Feature",
   "geometry": {
    "type": "LineString",
    "coordinates": [
     [
      84.3743021,
      27.7072386
     ],
     [
      84.3741536,
      27.7073417
     ],
     [
      84.3740222,
      27.707437
     ],
     [
      84.3735623,
      27.7077619
     ],
     [
      84.3731224,
      27.7079899
     ],
     [
      84.3730105,
      27.7080455
     ],
     [
      84.3729229,
      27.7080891
     ],
     [
      84.3727426,
      27.7081618
     ],
     [
      84.3723392,
      27.7083033
     ],
     [
      84.3721394,
      27.7083612
     ],
     [
      84.3719339,
      27.7084111
     ],
     [
      84.371371,
      27.7085191
     ],
     [
      84.3712156,
      27.7085351
     ],
     [
      84.3711001,
      27.7085428
     ],
     [
      84.370923,
      27.7085547
     ],
     [
      84.3706612,
      27.7085512
     ],
     [
      84.3705509,
      27.7085539
     ],
     [
      84.369771,
      27.7085215
     ],
     [
      84.3689868,
      27.708477
     ],
     [
      84.3679249,
      27.7084131
     ],
     [
      84.3673616,
      27.7083809
     ],
     [
      84.3657634,
      27.7082837
     ],
     [
      84.365332,
      27.7082674
     ],
     [
      84.3652082,
      27.7082602
     ],
     [
      84.3649029,
      27.7082426
     ],
     [
      84.3642569,
      27.70819
     ],
     [
      84.36417,
      27.7081751
     ],
     [
      84.3639561,
      27.708168
     ],
     [
      84.3630573,
      27.7081203
     ],
     [
      84.3627285,
      27.7081003
     ],
     [
      84.3617863,
      27.7080498
     ],
     [
      84.3613543,
      27.708012
     ],
     [
      84.3610257,
      27.7080015
     ],
     [
      84.3607015,
      27.7079781
     ],
     [
      84.3603532,
      27.7079566
     ],
     [
      84.3602264,
      27.7079493
     ],
     [
      84.3596868,
      27.7079167
     ],
     [
      84.3593907,
      27.7078997
     ],
     [
      84.3587,
      27.7078618
     ],
     [
      84.3585567,
      27.7078578
     ],
     [
      84.3584118,
      27.7078383
     ],
     [
      84.3580018,
      27.7078028
     ],
     [
      84.3577453,
      27.7077735
     ],
     [
      84.3574943,
      27.7077279
     ],
     [
      84.3573833,
      27.7077094
     ],
     [
      84.3572735,
      27.7076848
     ],
     [
      84.3571626,
      27.7076554
     ],
     [
      84.3570497,
      27.7076168
     ],
     [
      84.3568421,
      27.7075455
     ],
     [
      84.3566429,
      27.7074674
     ],
     [
      84.3562741,
      27.7072822
     ],
     [
      84.3560535,
      27.7071377
     ],
     [
      84.3558253,
      27.7069728
     ],
     [
      84.3557365,
      27.706923
     ],
     [
      84.355512,
      27.7067782
     ],
     [
      84.3551186,
      27.706535
     ],
     [
      84.3545976,
      27.7061839
     ],
     [
      84.3542827,
      27.7059426
     ],
     [
      84.3540228,
      27.7057497
     ],
     [
      84.3537388,
      27.7055606
     ],
     [
      84.3535604,
      27.7054499
     ],
     [
      84.3533773,
      27.7053617
     ],
     [
      84.3532117,
      27.7053068
     ],
     [
      84.3530461,
      27.7052613
     ],
     [
      84.3526277,
      27.7051851
     ],
     [
      84.3522303,
      27.7051214
     ],
     [
      84.3520041,
      27.7050794
     ],
     [
      84.3516769,
      27.7050414
     ],
     [
      84.3514489,
      27.7050307
     ],
     [
      84.3513429,
      27.7050358
     ],
     [
      84.3511485,
      27.7050604
     ],
     [
      84.3508159,
      27.7051447
     ],
     [
      84.3506924,
      27.705202
     ],
     [
      84.3504913,
      27.7053074
     ],
     [
      84.3503223,
      27.7054323
     ],
     [
      84.3502016,
      27.7055354
     ],
     [
      84.350093,
      27.7056458
     ],
     [
      84.3498881,
      27.7058667
     ],
     [
      84.3496075,
      27.706134
     ],
     [
      84.3493953,
      27.7062752
     ],
     [
      84.3491542,
      27.7063941
     ],
     [
      84.349063,
      27.7064306
     ],
     [
      84.3489659,
      27.7064607
     ],
     [
      84.3488297,
      27.7064977
     ],
     [
      84.3486888,
      27.70652
     ],
     [
      84.3484636,
      27.7065292
     ],
     [
      84.3483843,
      27.70652
     ],
     [
      84.3480639,
      27.7064674
     ],
     [
      84.3477387,
      27.706396
     ],
     [
      84.3470621,
      27.7062252
     ],
     [
      84.3463805,
      27.7060873
     ],
     [
      84.3461783,
      27.7060352
     ],
     [
      84.3459836,
      27.7059712
     ],
     [
      84.3458243,
      27.7059153
     ],
     [
      84.345668,
      27.7058352
     ],
     [
      84.3455105,
      27.7057242
     ],
     [
      84.3453708,
      27.7056068
     ],
     [
      84.3452382,
      27.7054689
     ],
     [
      84.3451183,
      27.7053174
     ],
     [
      84.3448158,
      27.704899
     ],
     [
      84.3445905,
      27.704576
     ],
     [
      84.3444429,
      27.7044003
     ],
     [
      84.3442927,
      27.7042768
     ],
     [
      84.3442087,
      27.7042237
     ],
     [
      84.344044,
      27.7041319
     ],
     [
      84.3438761,
      27.7040479
     ],
     [
      84.3435602,
      27.7039254
     ],
     [
      84.3427555,
      27.7037829
     ],
     [
      84.3419369,
      27.7036988
     ],
     [
      84.3393759,
      27.7030325
     ],
     [
      84.3380013,
      27.7026798
     ],
     [
      84.3378822,
      27.7026513
     ],
     [
      84.3377615,
      27.7026382
     ],
     [
      84.3376918,
      27.7026228
     ],
     [
      84.3376301,
      27.7026204
     ],
     [
      84.3375059,
      27.7026088
     ],
     [
      84.337272,
      27.7026192
     ],
     [
      84.3370478,
      27.7026525
     ],
     [
      84.3365757,
      27.7027285
     ],
     [
      84.336293,
      27.7027771
     ],
     [
      84.3360119,
      27.702813
     ],
     [
      84.3358679,
      27.7028234
     ],
     [
      84.3357311,
      27.7028199
     ],
     [
      84.3355836,
      27.7028068
     ],
     [
      84.3354277,
      27.702776
     ],
     [
      84.334432,
      27.7025578
     ],
     [
      84.3338198,
      27.7024304
     ],
     [
      84.3332497,
      27.7023639
     ],
     [
      84.3330328,
      27.7023616
     ],
     [
      84.3323949,
      27.7024354
     ],
     [
      84.3317276,
      27.7024981
     ],
     [
      84.3316461,
      27.7025043
     ],
     [
      84.3313552,
      27.7025199
     ],
     [
      84.3310357,
      27.7025257
     ],
     [
      84.3308329,
      27.7025206
     ],
     [
      84.3306562,
      27.7025061
     ],
     [
      84.3305826,
      27.7024945
     ],
     [
      84.3304352,
      27.7024635
     ],
     [
      84.3301873,
      27.7024024
     ],
     [
      84.3299415,
      27.7023313
     ],
     [
      84.3297979,
      27.7022826
     ],
     [
      84.3296841,
      27.7022357
     ],
     [
      84.3294628,
      27.702125
     ],
     [
      84.3275893,
      27.7011647
     ],
     [
      84.3273777,
      27.7010594
     ],
     [
      84.327042,
      27.7008966
     ],
     [
      84.3267955,
      27.7007813
     ],
     [
      84.3265692,
      27.7006812
     ],
     [
      84.3264739,
      27.7006425
     ],
     [
      84.3259346,
      27.7004203
     ],
     [
      84.3248588,
      27.699963
     ],
     [
      84.3238637,
      27.6995664
     ],
     [
      84.3235994,
      27.6994544
     ],
     [
      84.3234535,
      27.6993964
     ],
     [
      84.3233198,
      27.699349
     ],
     [
      84.3232648,
      27.6993331
     ],
     [
      84.3232216,
      27.6993243
     ],
     [
      84.3231931,
      27.6993242
     ],
     [
      84.3230558,
      27.699371
     ],
     [
      84.3229541,
      27.6993993
     ],
     [
      84.3228977,
      27.69941
     ],
     [
      84.3228387,
      27.6994167
     ],
     [
      84.3227778,
      27.699418
     ],
     [
      84.322716,
      27.6994126
     ],
     [
      84.3226539,
      27.6993992
     ],
     [
      84.3225923,
      27.6993764
     ],
     [
      84.3225227,
      27.6993366
     ],
     [
      84.3224627,
      27.6992931
     ],
     [
      84.3224114,
      27.6992473
     ],
     [
      84.3223678,
      27.6992003
     ],
     [
      84.3223311,
      27.6991533
     ],
     [
      84.3223003,
      27.6991075
     ],
     [
      84.3222175,
      27.6989599
     ],
     [
      84.3222022,
      27.6989378
     ],
     [
      84.3221873,
      27.698924
     ],
     [
      84.3219785,
      27.6988317
     ],
     [
      84.3211602,
      27.6984884
     ],
     [
      84.3209374,
      27.6983909
     ],
     [
      84.3207535,
      27.6982997
     ],
     [
      84.320686,
      27.6982614
     ],
     [
      84.3206269,
      27.6982203
     ],
     [
      84.3206028,
      27.6981989
     ],
     [
      84.3205637,
      27.6981552
     ],
     [
      84.3205388,
      27.6981335
     ],
     [
      84.3204756,
      27.6980925
     ],
     [
      84.3203986,
      27.6980572
     ],
     [
      84.3203129,
      27.6980306
     ],
     [
      84.3202684,
      27.6980215
     ],
     [
      84.3202235,
      27.6980157
     ],
     [
      84.320179,
      27.6980137
     ],
     [
      84.3200894,
      27.6980169
     ],
     [
      84.3200374,
      27.6980127
     ],
     [
      84.3199803,
      27.6980033
     ],
     [
      84.3198526,
      27.697971
     ],
     [
      84.3197834,
      27.6979489
     ],
     [
      84.3196371,
      27.6978948
     ],
     [
      84.3194846,
      27.6978305
     ],
     [
      84.3193307,
      27.6977592
     ],
     [
      84.3190304,
      27.6976227
     ],
     [
      84.3186387,
      27.6974599
     ],
     [
      84.3181801,
      27.6972581
     ],
     [
      84.3176434,
      27.6970809
     ],
     [
      84.3174077,
      27.6969985
     ],
     [
      84.3169255,
      27.696804
     ],
     [
      84.3166646,
      27.6966929
     ],
     [
      84.315887,
      27.6963235
     ],
     [
      84.3156066,
      27.6961944
     ],
     [
      84.3141528,
      27.6956001
     ],
     [
      84.3140808,
      27.6955687
     ],
     [
      84.3136885,
      27.6954107
     ],
     [
      84.3123122,
      27.6948605
     ],
     [
      84.3109039,
      27.6942856
     ],
     [
      84.3106301,
      27.6941777
     ],
     [
      84.3105486,
      27.6941456
     ],
     [
      84.3104695,
      27.6941144
     ],
     [
      84.3095479,
      27.6937513
     ],
     [
      84.3091024,
      27.6935698
     ],
     [
      84.308846,
      27.6934653
     ],
     [
      84.3085551,
      27.6933466
     ],
     [
      84.308141,
      27.6931776
     ],
     [
      84.3081039,
      27.6931627
     ],
     [
      84.3070784,
      27.6927505
     ],
     [
      84.3060154,
      27.6923327
     ],
     [
      84.3058241,
      27.6922561
     ],
     [
      84.3054924,
      27.6921232
     ],
     [
      84.3053811,
      27.6920786
     ],
     [
      84.3050189,
      27.6919913
     ],
     [
      84.3046032,
      27.6918912
     ],
     [
      84.3041401,
      27.6917803
     ],
     [
      84.3036411,
      27.6917044
     ],
     [
      84.3034227,
      27.6916719
     ],
     [
      84.3029432,
      27.69162
     ],
     [
      84.3027295,
      27.6915854
     ],
     [
      84.3020855,
      27.691525
     ],
     [
      84.3018065,
      27.6914924
     ],
     [
      84.3014985,
      27.6914563
     ],
     [
      84.3010153,
      27.6914157
     ],
     [
      84.3005261,
      27.6913543
     ],
     [
      84.3004201,
      27.6913432
     ],
     [
      84.2993806,
      27.691234
     ],
     [
      84.2979221,
      27.6910807
     ],
     [
      84.2941924,
      27.6906878
     ],
     [
      84.2938787,
      27.6906476
     ],
     [
      84.2928211,
      27.6905453
     ],
     [
      84.2917648,
      27.6904315
     ],
     [
      84.291251,
      27.690376
     ],
     [
      84.2905316,
      27.6902984
     ],
     [
      84.2891733,
      27.6901534
     ],
     [
      84.2889547,
      27.690113
     ],
     [
      84.2885248,
      27.6900278
     ],
     [
      84.2883722,
      27.6899966
     ],
     [
      84.2876811,
      27.689833
     ],
     [
      84.2874489,
      27.6897609
     ],
     [
      84.2867121,
      27.6895348
     ],
     [
      84.2846329,
      27.6887515
     ],
     [
      84.2844635,
      27.6886793
     ],
     [
      84.2831223,
      27.6881667
     ],
     [
      84.2817844,
      27.687663
     ],
     [
      84.2806842,
      27.6872412
     ],
     [
      84.2796634,
      27.6868393
     ],
     [
      84.2794125,
      27.6867405
     ],
     [
      84.2792072,
      27.6866856
     ],
     [
      84.2790373,
      27.6866443
     ],
     [
      84.2788621,
      27.6865911
     ],
     [
      84.2785129,
      27.6865184
     ],
     [
      84.2783994,
      27.686502
     ],
     [
      84.2780024,
      27.6864652
     ],
     [
      84.2778933,
      27.6864614
     ],
     [
      84.277782,
      27.6864614
     ],
     [
      84.2775732,
      27.6864688
     ],
     [
      84.2772777,
      27.6864899
     ],
     [
      84.2769877,
      27.686522
     ],
     [
      84.2769079,
      27.6865376
     ],
     [
      84.2763665,
      27.686642
     ]
    ]
   },
   "properties": {
    "name": "Mahendra Highway",
    "name_local": "Mahendra Rajmarg",
    "highway": "trunk",
    "why_it_matters": "A valley road is the route relief arrives on and the route people leave on, and it runs where the river runs because there is nowhere else to put it.",
    "osm_id": "way/327721568",
    "source": "OpenStreetMap via the Overpass API",
    "source_url": "https://www.openstreetmap.org/copyright",
    "licence": "ODbL 1.0, (c) OpenStreetMap contributors",
    "retrieved": "2026-08-28"
   }
  },
  {
   "type": "Feature",
   "geometry": {
    "type": "LineString",
    "coordinates": [
     [
      85.1280871,
      27.865777
     ],
     [
      85.12818,
      27.8658651
     ],
     [
      85.1283861,
      27.8660758
     ],
     [
      85.1288599,
      27.8666236
     ],
     [
      85.1289783,
      27.8667498
     ],
     [
      85.1292244,
      27.867012
     ],
     [
      85.1298534,
      27.8677456
     ],
     [
      85.1299556,
      27.867837
     ],
     [
      85.1305232,
      27.8684864
     ],
     [
      85.1306821,
      27.868652
     ],
     [
      85.1309314,
      27.8689118
     ],
     [
      85.1315139,
      27.86954
     ],
     [
      85.1318056,
      27.8698546
     ],
     [
      85.1321401,
      27.8701566
     ],
     [
      85.1321853,
      27.8701974
     ],
     [
      85.1324606,
      27.870446
     ],
     [
      85.1325914,
      27.870564
     ],
     [
      85.1328217,
      27.870772
     ],
     [
      85.1332945,
      27.8712013
     ],
     [
      85.1338392,
      27.8716906
     ],
     [
      85.1340088,
      27.8718268
     ],
     [
      85.1342385,
      27.8720112
     ],
     [
      85.1342976,
      27.8720586
     ],
     [
      85.1351504,
      27.8727434
     ],
     [
      85.1354236,
      27.8729503
     ],
     [
      85.1356139,
      27.8731016
     ],
     [
      85.1357578,
      27.8731892
     ],
     [
      85.1362697,
      27.873501
     ],
     [
      85.1362971,
      27.8735177
     ],
     [
      85.1368418,
      27.8738495
     ],
     [
      85.1370681,
      27.8739873
     ],
     [
      85.1373879,
      27.8741821
     ],
     [
      85.1375524,
      27.8742823
     ],
     [
      85.1381039,
      27.8746181
     ],
     [
      85.1382977,
      27.8747362
     ],
     [
      85.1385165,
      27.8748496
     ],
     [
      85.1389468,
      27.8750727
     ],
     [
      85.1391751,
      27.8751658
     ],
     [
      85.139234,
      27.8751898
     ],
     [
      85.1394424,
      27.8752749
     ],
     [
      85.1401293,
      27.8755551
     ],
     [
      85.1407054,
      27.8756916
     ],
     [
      85.1412291,
      27.8758645
     ],
     [
      85.1415995,
      27.8760837
     ],
     [
      85.1420419,
      27.8765009
     ]
    ]
   },
   "properties": {
    "name": "Pasang Lhamu Highway",
    "name_local": "Pasang Lhamu Highway",
    "highway": "primary",
    "why_it_matters": "A valley road is the route relief arrives on and the route people leave on, and it runs where the river runs because there is nowhere else to put it.",
    "osm_id": "way/331673346",
    "source": "OpenStreetMap via the Overpass API",
    "source_url": "https://www.openstreetmap.org/copyright",
    "licence": "ODbL 1.0, (c) OpenStreetMap contributors",
    "retrieved": "2026-08-28"
   }
  },
  {
   "type": "Feature",
   "geometry": {
    "type": "LineString",
    "coordinates": [
     [
      84.4432096,
      27.8180616
     ],
     [
      84.4428333,
      27.8174791
     ],
     [
      84.4424831,
      27.8170318
     ],
     [
      84.4422238,
      27.8167335
     ],
     [
      84.4413542,
      27.8158479
     ],
     [
      84.4407098,
      27.8152144
     ],
     [
      84.4405304,
      27.8150806
     ],
     [
      84.440364,
      27.8150003
     ],
     [
      84.4401863,
      27.8149402
     ],
     [
      84.4399645,
      27.814918
     ],
     [
      84.4393032,
      27.8149513
     ],
     [
      84.4390421,
      27.8149602
     ],
     [
      84.4388788,
      27.8149224
     ],
     [
      84.4387183,
      27.8148561
     ],
     [
      84.4385244,
      27.8147357
     ],
     [
      84.4380136,
      27.8144398
     ],
     [
      84.4376955,
      27.8143056
     ]
    ]
   },
   "properties": {
    "name": "Bharatpur-Mugling Highway",
    "name_local": "Bharatpur-Mugling Highway",
    "highway": "trunk",
    "why_it_matters": "A valley road is the route relief arrives on and the route people leave on, and it runs where the river runs because there is nowhere else to put it.",
    "osm_id": "way/334583509",
    "source": "OpenStreetMap via the Overpass API",
    "source_url": "https://www.openstreetmap.org/copyright",
    "licence": "ODbL 1.0, (c) OpenStreetMap contributors",
    "retrieved": "2026-08-28"
   }
  },
  {
   "type": "Feature",
   "geometry": {
    "type": "LineString",
    "coordinates": [
     [
      84.4376955,
      27.8143056
     ],
     [
      84.4373545,
      27.8141844
     ]
    ]
   },
   "properties": {
    "name": "Narayanghat-Muglin Highway",
    "name_local": "Narayanghat-Muglin Highway",
    "highway": "trunk",
    "why_it_matters": "A valley road is the route relief arrives on and the route people leave on, and it runs where the river runs because there is nowhere else to put it.",
    "osm_id": "way/334583513",
    "source": "OpenStreetMap via the Overpass API",
    "source_url": "https://www.openstreetmap.org/copyright",
    "licence": "ODbL 1.0, (c) OpenStreetMap contributors",
    "retrieved": "2026-08-28"
   }
  },
  {
   "type": "Feature",
   "geometry": {
    "type": "LineString",
    "coordinates": [
     [
      84.4434004,
      27.8183461
     ],
     [
      84.4432096,
      27.8180616
     ]
    ]
   },
   "properties": {
    "name": "Narayanghat-Muglin Highway",
    "name_local": "Narayanghat-Muglin Highway",
    "highway": "trunk",
    "why_it_matters": "A valley road is the route relief arrives on and the route people leave on, and it runs where the river runs because there is nowhere else to put it.",
    "osm_id": "way/334583516",
    "source": "OpenStreetMap via the Overpass API",
    "source_url": "https://www.openstreetmap.org/copyright",
    "licence": "ODbL 1.0, (c) OpenStreetMap contributors",
    "retrieved": "2026-08-28"
   }
  },
  {
   "type": "Feature",
   "geometry": {
    "type": "LineString",
    "coordinates": [
     [
      84.4373545,
      27.8141844
     ],
     [
      84.4371882,
      27.8141274
     ],
     [
      84.4368986,
      27.8139968
     ],
     [
      84.4362763,
      27.813666
     ],
     [
      84.4353822,
      27.8132904
     ],
     [
      84.4347911,
      27.8130762
     ],
     [
      84.4345889,
      27.8129654
     ],
     [
      84.4344421,
      27.8128668
     ],
     [
      84.434306,
      27.8127374
     ],
     [
      84.4341252,
      27.8125246
     ],
     [
      84.4337277,
      27.8120361
     ],
     [
      84.4332927,
      27.8113825
     ],
     [
      84.4331502,
      27.811118
     ],
     [
      84.4330476,
      27.8108001
     ],
     [
      84.4329606,
      27.8100958
     ],
     [
      84.4328825,
      27.8094697
     ],
     [
      84.4328334,
      27.8091205
     ],
     [
      84.4328262,
      27.809002
     ],
     [
      84.43281,
      27.8088263
     ],
     [
      84.4327817,
      27.8087145
     ],
     [
      84.4327174,
      27.8086045
     ],
     [
      84.4326383,
      27.8085064
     ],
     [
      84.4325468,
      27.8084102
     ],
     [
      84.4324607,
      27.8083191
     ],
     [
      84.4324032,
      27.8082379
     ],
     [
      84.4323686,
      27.8081477
     ],
     [
      84.4323141,
      27.8078306
     ],
     [
      84.4322952,
      27.8074682
     ],
     [
      84.432201,
      27.8071243
     ],
     [
      84.432107,
      27.8067344
     ],
     [
      84.4319886,
      27.806443
     ],
     [
      84.4319457,
      27.8062829
     ],
     [
      84.4319145,
      27.8060419
     ],
     [
      84.4319177,
      27.8058631
     ],
     [
      84.4319064,
      27.8055993
     ],
     [
      84.4318854,
      27.805057
     ],
     [
      84.4318382,
      27.8047323
     ],
     [
      84.431821,
      27.8045547
     ],
     [
      84.4318422,
      27.8044049
     ],
     [
      84.4318761,
      27.8042638
     ],
     [
      84.4321135,
      27.8038457
     ],
     [
      84.4322802,
      27.8034592
     ],
     [
      84.4322955,
      27.8032996
     ],
     [
      84.4322866,
      27.8031844
     ],
     [
      84.4322246,
      27.803069
     ],
     [
      84.4320439,
      27.8029195
     ],
     [
      84.4318348,
      27.8027345
     ]
    ]
   },
   "properties": {
    "name": "Bharatpur-Mugling Highway",
    "name_local": "Bharatpur-Mugling Highway",
    "highway": "trunk",
    "why_it_matters": "A valley road is the route relief arrives on and the route people leave on, and it runs where the river runs because there is nowhere else to put it.",
    "osm_id": "way/334583519",
    "source": "OpenStreetMap via the Overpass API",
    "source_url": "https://www.openstreetmap.org/copyright",
    "licence": "ODbL 1.0, (c) OpenStreetMap contributors",
    "retrieved": "2026-08-28"
   }
  },
  {
   "type": "Feature",
   "geometry": {
    "type": "LineString",
    "coordinates": [
     [
      85.1791023,
      27.9877054
     ],
     [
      85.1788704,
      27.9876449
     ],
     [
      85.1787955,
      27.9874378
     ],
     [
      85.1786762,
      27.9871852
     ],
     [
      85.1785454,
      27.9869175
     ],
     [
      85.1784645,
      27.9867863
     ],
     [
      85.178408,
      27.986622
     ],
     [
      85.1784197,
      27.9862924
     ],
     [
      85.1783916,
      27.9861704
     ],
     [
      85.1783208,
      27.9861161
     ],
     [
      85.1781231,
      27.9859913
     ],
     [
      85.1779241,
      27.9858923
     ],
     [
      85.1777965,
      27.9858127
     ],
     [
      85.1777477,
      27.9856653
     ],
     [
      85.1779492,
      27.9853831
     ],
     [
      85.1779596,
      27.9852469
     ],
     [
      85.1779257,
      27.9850892
     ],
     [
      85.1778736,
      27.9848937
     ],
     [
      85.1777787,
      27.9848576
     ],
     [
      85.1776585,
      27.9849011
     ],
     [
      85.1774986,
      27.9849238
     ],
     [
      85.1773836,
      27.9848433
     ],
     [
      85.177177,
      27.984802
     ],
     [
      85.1771504,
      27.9848346
     ],
     [
      85.1771883,
      27.9848609
     ],
     [
      85.1772674,
      27.9848936
     ],
     [
      85.1773604,
      27.9849206
     ],
     [
      85.1774327,
      27.9849711
     ],
     [
      85.1774694,
      27.9850127
     ],
     [
      85.1774897,
      27.985114
     ],
     [
      85.1774842,
      27.9852746
     ],
     [
      85.1774489,
      27.9854559
     ],
     [
      85.177295,
      27.9855749
     ],
     [
      85.1771027,
      27.9856851
     ],
     [
      85.1770833,
      27.985872
     ],
     [
      85.1771695,
      27.9860061
     ],
     [
      85.1772038,
      27.9861119
     ],
     [
      85.177302,
      27.9863671
     ],
     [
      85.1773948,
      27.9865904
     ],
     [
      85.1773658,
      27.9867469
     ],
     [
      85.1773362,
      27.9868722
     ],
     [
      85.1774202,
      27.9870447
     ],
     [
      85.177502,
      27.9873326
     ],
     [
      85.1774839,
      27.9876907
     ],
     [
      85.177495,
      27.9878374
     ],
     [
      85.1775704,
      27.9879582
     ],
     [
      85.1776689,
      27.9881431
     ],
     [
      85.1777226,
      27.9883695
     ],
     [
      85.1778054,
      27.9885679
     ],
     [
      85.1780221,
      27.9886529
     ],
     [
      85.1781657,
      27.9887508
     ],
     [
      85.1780911,
      27.9888271
     ],
     [
      85.1779129,
      27.9887913
     ],
     [
      85.1776185,
      27.9886347
     ],
     [
      85.1774268,
      27.9883683
     ],
     [
      85.1771861,
      27.988201
     ],
     [
      85.1770192,
      27.9881537
     ],
     [
      85.1769207,
      27.9880959
     ],
     [
      85.1768643,
      27.9880168
     ],
     [
      85.1768216,
      27.9879526
     ],
     [
      85.1768153,
      27.9878043
     ],
     [
      85.1767947,
      27.9876837
     ],
     [
      85.1767524,
      27.9876675
     ],
     [
      85.1767017,
      27.9876855
     ],
     [
      85.1766725,
      27.9877396
     ],
     [
      85.1766494,
      27.987813
     ],
     [
      85.1766624,
      27.9879939
     ],
     [
      85.176727,
      27.9881423
     ],
     [
      85.1769894,
      27.9884537
     ],
     [
      85.1771682,
      27.9886281
     ],
     [
      85.1772948,
      27.9887846
     ],
     [
      85.1774558,
      27.9890045
     ],
     [
      85.1775637,
      27.9891659
     ],
     [
      85.177508,
      27.9893432
     ],
     [
      85.177473,
      27.9897405
     ],
     [
      85.1774474,
      27.9898861
     ],
     [
      85.177445,
      27.9900086
     ],
     [
      85.1774894,
      27.9901071
     ],
     [
      85.1775844,
      27.9902415
     ],
     [
      85.1776749,
      27.9905169
     ],
     [
      85.1777345,
      27.9907958
     ],
     [
      85.1777297,
      27.9909896
     ],
     [
      85.1776567,
      27.9912911
     ],
     [
      85.1776037,
      27.9914774
     ],
     [
      85.1775795,
      27.9916853
     ],
     [
      85.1776868,
      27.9918485
     ],
     [
      85.1777166,
      27.9920116
     ],
     [
      85.1776868,
      27.9922432
     ],
     [
      85.1777517,
      27.9924974
     ],
     [
      85.1778919,
      27.9926392
     ],
     [
      85.1780525,
      27.9927693
     ],
     [
      85.1781163,
      27.9928423
     ],
     [
      85.1781276,
      27.9929279
     ],
     [
      85.178116,
      27.9930011
     ],
     [
      85.1780389,
      27.9932074
     ],
     [
      85.1780213,
      27.9930061
     ],
     [
      85.1779848,
      27.9928906
     ],
     [
      85.1779009,
      27.9928297
     ],
     [
      85.1777156,
      27.9927053
     ],
     [
      85.1774824,
      27.9925096
     ],
     [
      85.1772419,
      27.9921184
     ],
     [
      85.177049,
      27.9918327
     ],
     [
      85.1769477,
      27.9915643
     ],
     [
      85.1767451,
      27.9909116
     ],
     [
      85.1766371,
      27.9908265
     ],
     [
      85.1764518,
      27.9907157
     ],
     [
      85.1763576,
      27.9905695
     ],
     [
      85.1763159,
      27.9903485
     ],
     [
      85.1763201,
      27.9900807
     ],
     [
      85.1763727,
      27.9898431
     ],
     [
      85.1763427,
      27.9896461
     ],
     [
      85.1762517,
      27.9895898
     ],
     [
      85.1761529,
      27.9895598
     ],
     [
      85.1760137,
      27.9895021
     ],
     [
      85.1758826,
      27.9894183
     ],
     [
      85.1757375,
      27.9893085
     ],
     [
      85.1754212,
      27.9890814
     ],
     [
      85.1753304,
      27.9890456
     ],
     [
      85.1752327,
      27.9890319
     ],
     [
      85.1751194,
      27.989039
     ],
     [
      85.1750262,
      27.9890465
     ],
     [
      85.1749379,
      27.9890505
     ],
     [
      85.1748473,
      27.9890299
     ],
     [
      85.1748007,
      27.9890022
     ],
     [
      85.1747419,
      27.9889624
     ],
     [
      85.1744448,
      27.9888364
     ],
     [
      85.1743144,
      27.9887745
     ],
     [
      85.1742835,
      27.988766
     ],
     [
      85.1742209,
      27.9887573
     ],
     [
      85.1741803,
      27.9887781
     ],
     [
      85.1741027,
      27.988803
     ],
     [
      85.1739259,
      27.9889565
     ],
     [
      85.1737598,
      27.9890825
     ],
     [
      85.1736448,
      27.9891437
     ],
     [
      85.1734321,
      27.9893564
     ],
     [
      85.1732549,
      27.9894835
     ],
     [
      85.1732012,
      27.989535
     ],
     [
      85.1731121,
      27.9895804
     ],
     [
      85.1730211,
      27.9895524
     ],
     [
      85.1729363,
      27.9895484
     ],
     [
      85.1727139,
      27.9896217
     ],
     [
      85.1723819,
      27.9898252
     ],
     [
      85.1723212,
      27.9898355
     ],
     [
      85.1722532,
      27.9898272
     ],
     [
      85.1721871,
      27.9898135
     ],
     [
      85.1721131,
      27.9898001
     ],
     [
      85.1720217,
      27.9898066
     ],
     [
      85.171814,
      27.9897224
     ],
     [
      85.1717077,
      27.9897046
     ],
     [
      85.1716434,
      27.989694
     ],
     [
      85.1715964,
      27.9896909
     ],
     [
      85.1715018,
      27.9896922
     ],
     [
      85.171426,
      27.9896968
     ],
     [
      85.1713201,
      27.9897388
     ],
     [
      85.1711884,
      27.9898127
     ],
     [
      85.171062,
      27.9898731
     ],
     [
      85.1710081,
      27.9898936
     ],
     [
      85.1709508,
      27.9898984
     ],
     [
      85.1708943,
      27.9898988
     ],
     [
      85.1708383,
      27.9898906
     ],
     [
      85.1706641,
      27.9898671
     ],
     [
      85.1705575,
      27.9898739
     ],
     [
      85.1705032,
      27.9898904
     ],
     [
      85.1704498,
      27.9899132
     ],
     [
      85.1703674,
      27.9899446
     ],
     [
      85.1702748,
      27.9900431
     ],
     [
      85.1702246,
      27.9901079
     ],
     [
      85.170129,
      27.9901252
     ],
     [
      85.1700789,
      27.9901272
     ],
     [
      85.1700262,
      27.9901243
     ],
     [
      85.1699774,
      27.9901121
     ],
     [
      85.169931,
      27.990091
     ],
     [
      85.1698836,
      27.9900622
     ],
     [
      85.1698522,
      27.9900253
     ],
     [
      85.1697312,
      27.9898053
     ],
     [
      85.1696475,
      27.9895774
     ],
     [
      85.1695568,
      27.9894116
     ],
     [
      85.1694852,
      27.9892274
     ],
     [
      85.1693899,
      27.9890274
     ],
     [
      85.1692707,
      27.9889116
     ]
    ]
   },
   "properties": {
    "name": "unnamed",
    "name_local": "",
    "highway": "secondary",
    "why_it_matters": "A valley road is the route relief arrives on and the route people leave on, and it runs where the river runs because there is nowhere else to put it.",
    "osm_id": "way/340424574",
    "source": "OpenStreetMap via the Overpass API",
    "source_url": "https://www.openstreetmap.org/copyright",
    "licence": "ODbL 1.0, (c) OpenStreetMap contributors",
    "retrieved": "2026-08-28"
   }
  },
  {
   "type": "Feature",
   "geometry": {
    "type": "LineString",
    "coordinates": [
     [
      84.5502807,
      27.8675856
     ],
     [
      84.550218,
      27.8674958
     ],
     [
      84.5501536,
      27.8674056
     ],
     [
      84.5500785,
      27.8673108
     ],
     [
      84.5500007,
      27.8672373
     ],
     [
      84.5499551,
      27.8672005
     ],
     [
      84.5498778,
      27.8671438
     ],
     [
      84.5497541,
      27.8670718
     ],
     [
      84.5495867,
      27.8670016
     ],
     [
      84.5492023,
      27.8668522
     ],
     [
      84.5489943,
      27.8667593
     ],
     [
      84.5486834,
      27.8666022
     ],
     [
      84.5485803,
      27.8665386
     ],
     [
      84.5484801,
      27.8664676
     ],
     [
      84.5483834,
      27.866391
     ],
     [
      84.5482036,
      27.8662293
     ],
     [
      84.5481222,
      27.8661481
     ],
     [
      84.5479798,
      27.8659946
     ],
     [
      84.5477799,
      27.8657553
     ],
     [
      84.5475701,
      27.8654976
     ],
     [
      84.547368,
      27.8652405
     ],
     [
      84.5472334,
      27.8650625
     ],
     [
      84.547117,
      27.8648996
     ],
     [
      84.5470705,
      27.8648291
     ],
     [
      84.5470053,
      27.8647149
     ],
     [
      84.5469562,
      27.8646098
     ],
     [
      84.5469021,
      27.8644606
     ],
     [
      84.5468773,
      27.8643679
     ],
     [
      84.5468602,
      27.8642815
     ],
     [
      84.5468438,
      27.864131
     ],
     [
      84.5468223,
      27.8631849
     ],
     [
      84.5468241,
      27.8631061
     ],
     [
      84.5468383,
      27.8629917
     ],
     [
      84.5468589,
      27.8628938
     ],
     [
      84.5468844,
      27.8628026
     ],
     [
      84.5468854,
      27.8627996
     ],
     [
      84.5469423,
      27.8626656
     ],
     [
      84.5470288,
      27.8625008
     ],
     [
      84.5471884,
      27.8622945
     ],
     [
      84.5474191,
      27.8621048
     ],
     [
      84.5476632,
      27.8619198
     ],
     [
      84.5478013,
      27.8618333
     ],
     [
      84.5479696,
      27.8617372
     ],
     [
      84.548087,
      27.861691
     ],
     [
      84.5482063,
      27.8616448
     ],
     [
      84.5483257,
      27.8616056
     ],
     [
      84.5491913,
      27.8613438
     ],
     [
      84.5499427,
      27.8610217
     ],
     [
      84.5506169,
      27.8606899
     ],
     [
      84.5506946,
      27.860616
     ],
     [
      84.5507631,
      27.8605384
     ],
     [
      84.5508084,
      27.8604684
     ],
     [
      84.5508285,
      27.8604257
     ],
     [
      84.5508415,
      27.8603611
     ]
    ]
   },
   "properties": {
    "name": "Prithvi Rajmarga",
    "name_local": "Prithvi Highway",
    "highway": "trunk",
    "why_it_matters": "A valley road is the route relief arrives on and the route people leave on, and it runs where the river runs because there is nowhere else to put it.",
    "osm_id": "way/340906052",
    "source": "OpenStreetMap via the Overpass API",
    "source_url": "https://www.openstreetmap.org/copyright",
    "licence": "ODbL 1.0, (c) OpenStreetMap contributors",
    "retrieved": "2026-08-28"
   }
  },
  {
   "type": "Feature",
   "geometry": {
    "type": "LineString",
    "coordinates": [
     [
      84.5336306,
      27.8323751
     ],
     [
      84.5331128,
      27.832354
     ],
     [
      84.5321708,
      27.8323908
     ],
     [
      84.5314316,
      27.8324134
     ],
     [
      84.5311594,
      27.8324325
     ],
     [
      84.5308807,
      27.8324548
     ],
     [
      84.5306556,
      27.8324942
     ],
     [
      84.5304428,
      27.8325526
     ],
     [
      84.5294245,
      27.8329771
     ],
     [
      84.5292044,
      27.8330431
     ],
     [
      84.5289994,
      27.8331017
     ],
     [
      84.5288389,
      27.8331203
     ],
     [
      84.5286653,
      27.8331183
     ],
     [
      84.5284367,
      27.8330837
     ],
     [
      84.5274974,
      27.8329063
     ],
     [
      84.526198,
      27.8326321
     ],
     [
      84.5259327,
      27.8325888
     ],
     [
      84.5257411,
      27.8325727
     ],
     [
      84.5255095,
      27.8325632
     ],
     [
      84.5250973,
      27.8325675
     ],
     [
      84.5247707,
      27.8325391
     ],
     [
      84.5243086,
      27.8324949
     ],
     [
      84.52385,
      27.8324453
     ],
     [
      84.5237196,
      27.8324206
     ],
     [
      84.5235955,
      27.8323789
     ],
     [
      84.5234458,
      27.8323098
     ],
     [
      84.5232813,
      27.8322103
     ],
     [
      84.5229953,
      27.8320169
     ],
     [
      84.5228646,
      27.8319453
     ],
     [
      84.5227066,
      27.8318869
     ],
     [
      84.522478,
      27.8318023
     ],
     [
      84.5223387,
      27.831736
     ],
     [
      84.5222167,
      27.8316709
     ],
     [
      84.5221045,
      27.8315888
     ],
     [
      84.5219871,
      27.8314747
     ],
     [
      84.521837,
      27.8312563
     ],
     [
      84.5216251,
      27.8308161
     ],
     [
      84.5210659,
      27.8296858
     ],
     [
      84.5209233,
      27.8294017
     ],
     [
      84.5208897,
      27.8292527
     ],
     [
      84.5208818,
      27.8291117
     ],
     [
      84.5209029,
      27.8289355
     ],
     [
      84.5209657,
      27.8283421
     ],
     [
      84.5210062,
      27.8276381
     ],
     [
      84.5210071,
      27.8272021
     ],
     [
      84.5210386,
      27.8267915
     ],
     [
      84.5210708,
      27.8266924
     ],
     [
      84.5211138,
      27.8265719
     ],
     [
      84.5211908,
      27.8264163
     ],
     [
      84.5212937,
      27.8262017
     ]
    ]
   },
   "properties": {
    "name": "Bharatpur-Mugling Highway",
    "name_local": "Bharatpur-Mugling Highway",
    "highway": "trunk",
    "why_it_matters": "A valley road is the route relief arrives on and the route people leave on, and it runs where the river runs because there is nowhere else to put it.",
    "osm_id": "way/341399529",
    "source": "OpenStreetMap via the Overpass API",
    "source_url": "https://www.openstreetmap.org/copyright",
    "licence": "ODbL 1.0, (c) OpenStreetMap contributors",
    "retrieved": "2026-08-28"
   }
  },
  {
   "type": "Feature",
   "geometry": {
    "type": "LineString",
    "coordinates": [
     [
      85.185882,
      27.9739074
     ],
     [
      85.1856624,
      27.9744799
     ]
    ]
   },
   "properties": {
    "name": "Falaakhu River Bridge",
    "name_local": "Falaakhu River Bridge",
    "highway": "primary",
    "why_it_matters": "A valley road is the route relief arrives on and the route people leave on, and it runs where the river runs because there is nowhere else to put it.",
    "osm_id": "way/341461646",
    "source": "OpenStreetMap via the Overpass API",
    "source_url": "https://www.openstreetmap.org/copyright",
    "licence": "ODbL 1.0, (c) OpenStreetMap contributors",
    "retrieved": "2026-08-28"
   }
  },
  {
   "type": "Feature",
   "geometry": {
    "type": "LineString",
    "coordinates": [
     [
      85.191745,
      27.9839332
     ],
     [
      85.1917145,
      27.9839972
     ],
     [
      85.1915885,
      27.9842975
     ],
     [
      85.1915087,
      27.9846132
     ],
     [
      85.1913028,
      27.9849287
     ],
     [
      85.1911446,
      27.9852818
     ],
     [
      85.1910835,
      27.9854261
     ],
     [
      85.1909748,
      27.9855514
     ],
     [
      85.1907936,
      27.9857492
     ],
     [
      85.190757,
      27.9858495
     ],
     [
      85.1907484,
      27.985952
     ],
     [
      85.190753,
      27.9860401
     ],
     [
      85.190793,
      27.9861187
     ],
     [
      85.1909627,
      27.9862591
     ],
     [
      85.1910608,
      27.9864665
     ],
     [
      85.19106,
      27.9867212
     ],
     [
      85.1909162,
      27.987222
     ],
     [
      85.1909802,
      27.9872761
     ],
     [
      85.1909973,
      27.9872997
     ],
     [
      85.1910315,
      27.987326
     ],
     [
      85.1910791,
      27.9873418
     ],
     [
      85.1911119,
      27.9873424
     ],
     [
      85.1911521,
      27.9873249
     ],
     [
      85.1911815,
      27.9872941
     ],
     [
      85.191199,
      27.9872458
     ],
     [
      85.1912156,
      27.987047
     ],
     [
      85.1912338,
      27.9866387
     ],
     [
      85.1912297,
      27.9863809
     ],
     [
      85.1912246,
      27.9863237
     ],
     [
      85.1912092,
      27.9862738
     ],
     [
      85.1911403,
      27.9861061
     ],
     [
      85.1911534,
      27.986032
     ],
     [
      85.1911807,
      27.9859637
     ],
     [
      85.1912099,
      27.9859328
     ],
     [
      85.1912378,
      27.9859143
     ],
     [
      85.1914965,
      27.985772
     ],
     [
      85.1917823,
      27.9856298
     ],
     [
      85.1920757,
      27.9855484
     ],
     [
      85.1921428,
      27.9855217
     ],
     [
      85.1922019,
      27.9854853
     ],
     [
      85.192242,
      27.9854401
     ],
     [
      85.1922688,
      27.9853887
     ],
     [
      85.1923312,
      27.9851769
     ],
     [
      85.1923955,
      27.9850514
     ],
     [
      85.1925974,
      27.9848776
     ],
     [
      85.1927563,
      27.9846515
     ],
     [
      85.1928861,
      27.9845725
     ],
     [
      85.1930577,
      27.9845266
     ],
     [
      85.1932262,
      27.9844633
     ],
     [
      85.1935254,
      27.9842654
     ],
     [
      85.1936826,
      27.9842394
     ],
     [
      85.1938259,
      27.9842539
     ],
     [
      85.1939629,
      27.9842732
     ],
     [
      85.1940695,
      27.9843176
     ],
     [
      85.1942922,
      27.9844262
     ],
     [
      85.1944766,
      27.9845122
     ],
     [
      85.1945519,
      27.9845383
     ],
     [
      85.1946437,
      27.9845421
     ],
     [
      85.1947524,
      27.9845346
     ],
     [
      85.1950488,
      27.9844492
     ],
     [
      85.1952986,
      27.9843779
     ],
     [
      85.1955518,
      27.9843077
     ],
     [
      85.1956691,
      27.9842819
     ],
     [
      85.1957386,
      27.9842666
     ],
     [
      85.1958558,
      27.9842171
     ],
     [
      85.1959565,
      27.9841346
     ],
     [
      85.1959934,
      27.9840886
     ],
     [
      85.1960712,
      27.983979
     ],
     [
      85.1961524,
      27.9837363
     ],
     [
      85.1962032,
      27.9834856
     ],
     [
      85.1962199,
      27.9832312
     ],
     [
      85.1963043,
      27.9830584
     ],
     [
      85.1963821,
      27.9829942
     ],
     [
      85.1964798,
      27.9829669
     ],
     [
      85.1965304,
      27.982969
     ],
     [
      85.1966036,
      27.983005
     ],
     [
      85.1967147,
      27.9830993
     ],
     [
      85.1967976,
      27.9832282
     ],
     [
      85.1968883,
      27.9833122
     ],
     [
      85.1970826,
      27.983386
     ],
     [
      85.1972255,
      27.9834487
     ],
     [
      85.1972835,
      27.9835046
     ],
     [
      85.1973227,
      27.9835702
     ],
     [
      85.1973935,
      27.9837003
     ],
     [
      85.1974745,
      27.9837526
     ],
     [
      85.1976147,
      27.9838299
     ],
     [
      85.1977253,
      27.9839669
     ],
     [
      85.1978734,
      27.9841829
     ],
     [
      85.1979122,
      27.9842224
     ],
     [
      85.1979544,
      27.9842592
     ],
     [
      85.1980248,
      27.9842742
     ],
     [
      85.1981055,
      27.984271
     ],
     [
      85.1983136,
      27.9841663
     ],
     [
      85.1984246,
      27.9841213
     ],
     [
      85.1985092,
      27.9841109
     ],
     [
      85.198659,
      27.9841407
     ],
     [
      85.1987243,
      27.9841587
     ],
     [
      85.1987634,
      27.9841562
     ],
     [
      85.1988212,
      27.9841551
     ],
     [
      85.1990786,
      27.9840339
     ],
     [
      85.1992501,
      27.9840003
     ],
     [
      85.1993715,
      27.9839542
     ],
     [
      85.1994535,
      27.9838867
     ],
     [
      85.1995566,
      27.9837093
     ],
     [
      85.1996459,
      27.9836018
     ],
     [
      85.1997304,
      27.9835435
     ],
     [
      85.1999764,
      27.9834163
     ],
     [
      85.2002233,
      27.9832938
     ],
     [
      85.2003527,
      27.9832624
     ],
     [
      85.2005129,
      27.9832754
     ],
     [
      85.2005943,
      27.983269
     ],
     [
      85.2007338,
      27.9832382
     ],
     [
      85.2009491,
      27.9830566
     ],
     [
      85.201035,
      27.9829861
     ],
     [
      85.2012159,
      27.9829579
     ],
     [
      85.201287,
      27.9829604
     ],
     [
      85.2013738,
      27.9829699
     ],
     [
      85.2014631,
      27.9829953
     ],
     [
      85.2016327,
      27.9830883
     ],
     [
      85.201689,
      27.9831428
     ],
     [
      85.2017476,
      27.9831586
     ],
     [
      85.2017996,
      27.9831557
     ],
     [
      85.2018775,
      27.9831324
     ],
     [
      85.202007,
      27.9830605
     ],
     [
      85.2021568,
      27.9829971
     ],
     [
      85.2022906,
      27.9829673
     ],
     [
      85.2023865,
      27.9829546
     ],
     [
      85.2024375,
      27.9829563
     ],
     [
      85.2024938,
      27.9829729
     ],
     [
      85.2025582,
      27.9830057
     ],
     [
      85.2025989,
      27.9830909
     ],
     [
      85.2025423,
      27.983154
     ],
     [
      85.2024049,
      27.9831662
     ],
     [
      85.202274,
      27.9831509
     ],
     [
      85.2022014,
      27.983162
     ],
     [
      85.2021584,
      27.9831842
     ],
     [
      85.2021061,
      27.9832292
     ],
     [
      85.2020815,
      27.983345
     ],
     [
      85.2020766,
      27.9835809
     ],
     [
      85.2020559,
      27.983657
     ],
     [
      85.2020485,
      27.9836903
     ],
     [
      85.2020021,
      27.9837421
     ],
     [
      85.2019538,
      27.9837789
     ],
     [
      85.2018766,
      27.9837887
     ],
     [
      85.2017844,
      27.9837694
     ],
     [
      85.2016206,
      27.9837006
     ],
     [
      85.2014572,
      27.9836308
     ],
     [
      85.2013618,
      27.9835999
     ],
     [
      85.2012562,
      27.983597
     ],
     [
      85.2011154,
      27.9836205
     ],
     [
      85.2010474,
      27.983642
     ],
     [
      85.2009822,
      27.9836745
     ],
     [
      85.2009554,
      27.98373
     ],
     [
      85.2009648,
      27.9838095
     ],
     [
      85.2010074,
      27.9838678
     ],
     [
      85.2011185,
      27.9839004
     ],
     [
      85.2012509,
      27.9838764
     ],
     [
      85.2013829,
      27.9838701
     ],
     [
      85.2020432,
      27.9841555
     ],
     [
      85.2021514,
      27.9841602
     ],
     [
      85.2022181,
      27.9841328
     ],
     [
      85.2022734,
      27.9840766
     ],
     [
      85.2022985,
      27.9840334
     ],
     [
      85.202338,
      27.9839413
     ],
     [
      85.2023744,
      27.9838792
     ],
     [
      85.2024413,
      27.9838408
     ],
     [
      85.2024977,
      27.9838306
     ],
     [
      85.202667,
      27.983841
     ],
     [
      85.2028322,
      27.9838366
     ],
     [
      85.203041,
      27.9837726
     ],
     [
      85.2031749,
      27.9837475
     ],
     [
      85.2033163,
      27.9837606
     ],
     [
      85.2035577,
      27.9838378
     ],
     [
      85.2036619,
      27.9838535
     ],
     [
      85.2037858,
      27.9838091
     ],
     [
      85.2039652,
      27.9836648
     ],
     [
      85.2040584,
      27.9836186
     ],
     [
      85.2042533,
      27.9835952
     ],
     [
      85.2043515,
      27.9835919
     ],
     [
      85.2045432,
      27.9835501
     ],
     [
      85.2046087,
      27.9835249
     ],
     [
      85.2046641,
      27.9835343
     ],
     [
      85.2047373,
      27.9835586
     ],
     [
      85.2047855,
      27.983581
     ],
     [
      85.2048373,
      27.983615
     ],
     [
      85.2048899,
      27.9836707
     ],
     [
      85.2049582,
      27.983832
     ],
     [
      85.2049869,
      27.9841498
     ],
     [
      85.205014,
      27.9842109
     ],
     [
      85.2050658,
      27.9842725
     ],
     [
      85.2051477,
      27.9843135
     ],
     [
      85.2052564,
      27.9843317
     ],
     [
      85.2054561,
      27.9843688
     ],
     [
      85.2055739,
      27.9844017
     ],
     [
      85.2056946,
      27.9844984
     ],
     [
      85.205788,
      27.9845615
     ],
     [
      85.2058895,
      27.9845667
     ],
     [
      85.206026,
      27.9845238
     ],
     [
      85.206641,
      27.9843343
     ],
     [
      85.2066955,
      27.9843331
     ],
     [
      85.2067348,
      27.9843443
     ],
     [
      85.2070142,
      27.9844239
     ],
     [
      85.2071688,
      27.9844384
     ],
     [
      85.2073257,
      27.9844348
     ],
     [
      85.2078353,
      27.9846306
     ],
     [
      85.2079634,
      27.9846634
     ],
     [
      85.2080601,
      27.9846467
     ],
     [
      85.208229,
      27.9845967
     ],
     [
      85.2083767,
      27.9845957
     ],
     [
      85.2084308,
      27.9846169
     ],
     [
      85.2084694,
      27.9846452
     ],
     [
      85.208503,
      27.9846898
     ],
     [
      85.2085212,
      27.9847327
     ],
     [
      85.2085121,
      27.9847873
     ],
     [
      85.2085047,
      27.9848249
     ],
     [
      85.2084753,
      27.9848435
     ],
     [
      85.2084033,
      27.9848763
     ],
     [
      85.2083432,
      27.984866
     ],
     [
      85.2080594,
      27.9847998
     ],
     [
      85.2077705,
      27.9847915
     ],
     [
      85.207512,
      27.9848065
     ],
     [
      85.2072249,
      27.984768
     ],
     [
      85.2069558,
      27.9847459
     ],
     [
      85.2068325,
      27.9847463
     ],
     [
      85.2067861,
      27.9847771
     ],
     [
      85.2067848,
      27.9848399
     ],
     [
      85.2068074,
      27.9848868
     ],
     [
      85.2068372,
      27.9849136
     ],
     [
      85.2068923,
      27.9849221
     ],
     [
      85.2069861,
      27.984915
     ],
     [
      85.2071244,
      27.9848965
     ],
     [
      85.2071868,
      27.9848978
     ],
     [
      85.2072312,
      27.9849086
     ],
     [
      85.2073089,
      27.9849458
     ],
     [
      85.2073927,
      27.9850351
     ],
     [
      85.2074387,
      27.9851114
     ],
     [
      85.2074852,
      27.9851795
     ],
     [
      85.2075316,
      27.985218
     ],
     [
      85.207903,
      27.9853086
     ],
     [
      85.2081812,
      27.9853627
     ],
     [
      85.2083277,
      27.9853614
     ],
     [
      85.2084828,
      27.9853235
     ],
     [
      85.2087786,
      27.9852847
     ],
     [
      85.2088081,
      27.9852808
     ],
     [
      85.2092434,
      27.9852118
     ],
     [
      85.209537,
      27.9852332
     ],
     [
      85.2097452,
      27.9852605
     ],
     [
      85.2098342,
      27.9853088
     ],
     [
      85.209894,
      27.9853754
     ],
     [
      85.2098925,
      27.9854894
     ],
     [
      85.2098405,
      27.9855882
     ],
     [
      85.2097874,
      27.9856427
     ],
     [
      85.209672,
      27.9856864
     ],
     [
      85.209535,
      27.985718
     ],
     [
      85.2093493,
      27.9857224
     ],
     [
      85.2092144,
      27.9857017
     ],
     [
      85.2091228,
      27.9856755
     ],
     [
      85.2089578,
      27.9856558
     ],
     [
      85.208766,
      27.9856392
     ],
     [
      85.2084677,
      27.9857089
     ],
     [
      85.2081304,
      27.9858126
     ],
     [
      85.2071614,
      27.9861505
     ],
     [
      85.2069635,
      27.9861895
     ],
     [
      85.2067396,
      27.9861686
     ],
     [
      85.2064197,
      27.9860914
     ],
     [
      85.20624,
      27.9860771
     ],
     [
      85.2061223,
      27.9861031
     ],
     [
      85.2056484,
      27.9863998
     ],
     [
      85.2055459,
      27.9864276
     ],
     [
      85.2054655,
      27.9864393
     ],
     [
      85.2053815,
      27.9864384
     ],
     [
      85.2053056,
      27.986425
     ],
     [
      85.2049309,
      27.9862971
     ],
     [
      85.2047773,
      27.9862262
     ],
     [
      85.2046789,
      27.9860531
     ],
     [
      85.2046383,
      27.9860382
     ],
     [
      85.2045999,
      27.9860395
     ],
     [
      85.2045661,
      27.9860477
     ],
     [
      85.2045407,
      27.9860669
     ],
     [
      85.2045256,
      27.986107
     ],
     [
      85.2045305,
      27.9861456
     ],
     [
      85.2045471,
      27.9861825
     ],
     [
      85.2045809,
      27.9862398
     ],
     [
      85.2046657,
      27.9863131
     ],
     [
      85.2048608,
      27.9864523
     ],
     [
      85.2050403,
      27.9865192
     ],
     [
      85.2052085,
      27.9865873
     ],
     [
      85.2054073,
      27.9867558
     ],
     [
      85.2055165,
      27.9867892
     ],
     [
      85.205633,
      27.9867898
     ],
     [
      85.2059778,
      27.9868814
     ],
     [
      85.2062582,
      27.9868829
     ],
     [
      85.2065339,
      27.9869581
     ],
     [
      85.2066503,
      27.9869749
     ],
     [
      85.2068713,
      27.9869646
     ],
     [
      85.2071484,
      27.9869631
     ],
     [
      85.2074149,
      27.9869618
     ],
     [
      85.2075175,
      27.9869535
     ],
     [
      85.2075849,
      27.986927
     ],
     [
      85.2076947,
      27.9868726
     ],
     [
      85.2079026,
      27.9866986
     ],
     [
      85.2080741,
      27.9865596
     ],
     [
      85.2081817,
      27.986544
     ],
     [
      85.2082488,
      27.9865695
     ],
     [
      85.2082801,
      27.9866114
     ],
     [
      85.208279,
      27.9866654
     ],
     [
      85.2082787,
      27.9866795
     ],
     [
      85.2082218,
      27.9867311
     ],
     [
      85.2080097,
      27.9868001
     ],
     [
      85.2078686,
      27.986897
     ],
     [
      85.2077377,
      27.9870541
     ],
     [
      85.2076055,
      27.987204
     ],
     [
      85.2075522,
      27.9872574
     ],
     [
      85.2074841,
      27.9873132
     ],
     [
      85.2073397,
      27.987344
     ],
     [
      85.2071594,
      27.9873953
     ],
     [
      85.2069952,
      27.9874678
     ],
     [
      85.2067171,
      27.9876055
     ],
     [
      85.206572,
      27.9876554
     ],
     [
      85.2063718,
      27.9877171
     ],
     [
      85.2061708,
      27.9877188
     ],
     [
      85.2058919,
      27.98768
     ],
     [
      85.2056619,
      27.9876736
     ],
     [
      85.20538,
      27.9876739
     ],
     [
      85.2052377,
      27.9876481
     ],
     [
      85.2050859,
      27.9876281
     ],
     [
      85.2048759,
      27.9876697
     ],
     [
      85.2047347,
      27.9877011
     ],
     [
      85.2045304,
      27.9876805
     ],
     [
      85.2044177,
      27.9876049
     ],
     [
      85.204331,
      27.9874678
     ],
     [
      85.2042797,
      27.9872879
     ],
     [
      85.2041365,
      27.9871243
     ],
     [
      85.2039708,
      27.9870073
     ],
     [
      85.2037812,
      27.9869509
     ],
     [
      85.2035388,
      27.9869614
     ],
     [
      85.203335,
      27.9870224
     ],
     [
      85.2031471,
      27.987178
     ],
     [
      85.202913,
      27.9874071
     ],
     [
      85.2028316,
      27.9874548
     ],
     [
      85.2027324,
      27.9874903
     ],
     [
      85.2023293,
      27.9875944
     ],
     [
      85.202068,
      27.9876788
     ],
     [
      85.2019478,
      27.9877674
     ],
     [
      85.2018446,
      27.9878815
     ],
     [
      85.2016447,
      27.9881238
     ],
     [
      85.2015939,
      27.9881745
     ],
     [
      85.2015183,
      27.9881937
     ],
     [
      85.2013443,
      27.9881865
     ],
     [
      85.2012625,
      27.988185
     ],
     [
      85.2011961,
      27.9881896
     ],
     [
      85.2011365,
      27.9882027
     ],
     [
      85.2010546,
      27.988251
     ],
     [
      85.2008616,
      27.9884685
     ],
     [
      85.2007764,
      27.9885306
     ],
     [
      85.2006752,
      27.9885579
     ],
     [
      85.2005021,
      27.988568
     ],
     [
      85.2003448,
      27.988617
     ],
     [
      85.2001951,
      27.9887273
     ],
     [
      85.1997833,
      27.9892076
     ],
     [
      85.1997352,
      27.9892513
     ],
     [
      85.1996732,
      27.9892894
     ],
     [
      85.1995544,
      27.9893284
     ],
     [
      85.1988865,
      27.9895058
     ],
     [
      85.1988002,
      27.9895531
     ],
     [
      85.1987493,
      27.9896322
     ],
     [
      85.1987148,
      27.9897799
     ],
     [
      85.1986829,
      27.989917
     ],
     [
      85.1986301,
      27.9899834
     ],
     [
      85.1985161,
      27.9900176
     ],
     [
      85.1982303,
      27.9900471
     ],
     [
      85.1979605,
      27.990095
     ],
     [
      85.1979098,
      27.9901244
     ],
     [
      85.1978752,
      27.9901677
     ],
     [
      85.1978767,
      27.9902224
     ],
     [
      85.197891,
      27.9902563
     ],
     [
      85.1979254,
      27.9902882
     ],
     [
      85.1979942,
      27.9902857
     ],
     [
      85.1981687,
      27.9902071
     ],
     [
      85.1982387,
      27.9901925
     ],
     [
      85.1983029,
      27.990199
     ],
     [
      85.1983365,
      27.990227
     ],
     [
      85.1983396,
      27.9902718
     ],
     [
      85.1983304,
      27.9903112
     ],
     [
      85.1982724,
      27.9903592
     ],
     [
      85.1981959,
      27.990403
     ],
     [
      85.198062,
      27.9904495
     ],
     [
      85.1976404,
      27.9904623
     ],
     [
      85.1975599,
      27.9904954
     ],
     [
      85.1975078,
      27.9905522
     ],
     [
      85.197479,
      27.9905863
     ],
     [
      85.1974505,
      27.9906478
     ],
     [
      85.1974562,
      27.9907383
     ],
     [
      85.1974903,
      27.9908631
     ],
     [
      85.1976154,
      27.9911936
     ],
     [
      85.197691,
      27.9913502
     ],
     [
      85.1977044,
      27.9913779
     ],
     [
      85.1978052,
      27.9915321
     ],
     [
      85.197922,
      27.9916673
     ],
     [
      85.1980855,
      27.9918412
     ],
     [
      85.1982087,
      27.9920324
     ],
     [
      85.198243,
      27.9921388
     ],
     [
      85.1982328,
      27.9922329
     ],
     [
      85.1982126,
      27.9922992
     ],
     [
      85.1981803,
      27.9923886
     ],
     [
      85.1981119,
      27.9926267
     ],
     [
      85.1980981,
      27.9927731
     ],
     [
      85.1981183,
      27.9928501
     ],
     [
      85.1981686,
      27.9929152
     ],
     [
      85.1983274,
      27.9930585
     ],
     [
      85.1985732,
      27.9933122
     ],
     [
      85.1986553,
      27.9934587
     ],
     [
      85.1986579,
      27.9935922
     ],
     [
      85.1985666,
      27.9936801
     ],
     [
      85.1984676,
      27.9937451
     ],
     [
      85.1983522,
      27.9938095
     ],
     [
      85.1981406,
      27.9940724
     ],
     [
      85.1980656,
      27.9941795
     ],
     [
      85.1980277,
      27.9942695
     ],
     [
      85.1980384,
      27.9944382
     ],
     [
      85.1981265,
      27.9946872
     ],
     [
      85.198166,
      27.9948539
     ],
     [
      85.1981571,
      27.9949758
     ],
     [
      85.198088,
      27.9951353
     ],
     [
      85.1980023,
      27.9952106
     ],
     [
      85.1978767,
      27.9953429
     ],
     [
      85.1978494,
      27.9954603
     ],
     [
      85.1978772,
      27.9955229
     ],
     [
      85.1979337,
      27.9955662
     ],
     [
      85.1979724,
      27.9955716
     ],
     [
      85.1980126,
      27.9955318
     ],
     [
      85.1980515,
      27.9954238
     ],
     [
      85.1981118,
      27.9952884
     ],
     [
      85.198202,
      27.9951824
     ],
     [
      85.1983002,
      27.9950837
     ],
     [
      85.1983737,
      27.9949786
     ],
     [
      85.1983719,
      27.994795
     ],
     [
      85.1983651,
      27.9946936
     ],
     [
      85.1984154,
      27.9945802
     ],
     [
      85.1985085,
      27.9945038
     ],
     [
      85.1987937,
      27.9943691
     ],
     [
      85.1989783,
      27.9943141
     ],
     [
      85.1991464,
      27.9941973
     ],
     [
      85.1992884,
      27.9940509
     ],
     [
      85.1994103,
      27.9938999
     ],
     [
      85.1995084,
      27.9937975
     ],
     [
      85.1996172,
      27.9937098
     ],
     [
      85.1999689,
      27.9934778
     ],
     [
      85.2001718,
      27.9933604
     ],
     [
      85.2002508,
      27.993237
     ],
     [
      85.2002755,
      27.9928252
     ],
     [
      85.200319,
      27.9924161
     ],
     [
      85.2003758,
      27.9919351
     ],
     [
      85.2004253,
      27.9916376
     ],
     [
      85.2004695,
      27.9914013
     ],
     [
      85.200488,
      27.9913231
     ],
     [
      85.2005216,
      27.9912658
     ],
     [
      85.2006454,
      27.9911931
     ],
     [
      85.2008197,
      27.9910998
     ],
     [
      85.2009454,
      27.9909786
     ],
     [
      85.201001,
      27.9909132
     ],
     [
      85.2010283,
      27.9908938
     ],
     [
      85.2010827,
      27.9908787
     ],
     [
      85.2011263,
      27.9908901
     ],
     [
      85.2011736,
      27.9909265
     ],
     [
      85.2011851,
      27.9909852
     ],
     [
      85.2011631,
      27.9910536
     ],
     [
      85.200819,
      27.9913144
     ],
     [
      85.2007317,
      27.9913952
     ],
     [
      85.2007135,
      27.991412
     ],
     [
      85.2006901,
      27.9915044
     ],
     [
      85.2006864,
      27.9915699
     ],
     [
      85.2007054,
      27.9916598
     ],
     [
      85.2009694,
      27.9927023
     ],
     [
      85.2012269,
      27.9933249
     ],
     [
      85.2012236,
      27.9934475
     ],
     [
      85.2011436,
      27.993573
     ],
     [
      85.2008919,
      27.9939499
     ],
     [
      85.2007032,
      27.9941995
     ],
     [
      85.20059,
      27.9944142
     ],
     [
      85.2005575,
      27.9944897
     ],
     [
      85.2005335,
      27.9946591
     ],
     [
      85.2005216,
      27.9947911
     ],
     [
      85.2005471,
      27.9949984
     ],
     [
      85.2006772,
      27.9953717
     ],
     [
      85.2007239,
      27.9955616
     ],
     [
      85.2007322,
      27.9957106
     ],
     [
      85.2007029,
      27.9958241
     ],
     [
      85.2005663,
      27.9959691
     ],
     [
      85.2004754,
      27.9960157
     ],
     [
      85.2003719,
      27.9960801
     ],
     [
      85.2002433,
      27.9961575
     ],
     [
      85.2000968,
      27.9962301
     ],
     [
      85.1999253,
      27.9962923
     ],
     [
      85.1997563,
      27.9963517
     ],
     [
      85.1995576,
      27.9964387
     ],
     [
      85.1995326,
      27.9964691
     ],
     [
      85.199509,
      27.9965451
     ],
     [
      85.1995404,
      27.9965965
     ],
     [
      85.19957,
      27.9966209
     ],
     [
      85.1996432,
      27.9966286
     ],
     [
      85.199768,
      27.9966061
     ],
     [
      85.2000407,
      27.9964426
     ],
     [
      85.2005781,
      27.9963573
     ],
     [
      85.2009313,
      27.9962333
     ],
     [
      85.2012769,
      27.9960678
     ],
     [
      85.2014136,
      27.9959092
     ],
     [
      85.2016354,
      27.9953713
     ],
     [
      85.2018543,
      27.994817
     ],
     [
      85.2020714,
      27.9942641
     ],
     [
      85.2023017,
      27.9938487
     ],
     [
      85.2023998,
      27.9934334
     ],
     [
      85.2024248,
      27.9933537
     ],
     [
      85.2024653,
      27.9932247
     ],
     [
      85.2024766,
      27.9930548
     ],
     [
      85.2024313,
      27.9928826
     ],
     [
      85.202436,
      27.9928099
     ],
     [
      85.2024622,
      27.9927503
     ],
     [
      85.2025487,
      27.9926732
     ],
     [
      85.2026722,
      27.9926152
     ],
     [
      85.2028328,
      27.9925686
     ],
     [
      85.2029997,
      27.9925538
     ],
     [
      85.2030826,
      27.9925677
     ],
     [
      85.2031794,
      27.9925914
     ],
     [
      85.2032553,
      27.9926607
     ],
     [
      85.2033405,
      27.9927711
     ],
     [
      85.2034106,
      27.9928614
     ],
     [
      85.2034635,
      27.9929167
     ],
     [
      85.2035669,
      27.992956
     ],
     [
      85.2036791,
      27.9929732
     ],
     [
      85.2037951,
      27.9929998
     ],
     [
      85.2039148,
      27.9930651
     ],
     [
      85.2040324,
      27.9931664
     ],
     [
      85.2040836,
      27.9932278
     ],
     [
      85.2041378,
      27.9932928
     ],
     [
      85.204195,
      27.993399
     ],
     [
      85.2042478,
      27.9934769
     ],
     [
      85.204341,
      27.9935521
     ],
     [
      85.2047862,
      27.9937755
     ],
     [
      85.205221,
      27.9940265
     ],
     [
      85.2054212,
      27.9941166
     ],
     [
      85.2055349,
      27.9942079
     ],
     [
      85.2056032,
      27.9943132
     ],
     [
      85.2056464,
      27.9944709
     ],
     [
      85.2056971,
      27.9950901
     ],
     [
      85.2057915,
      27.9955353
     ],
     [
      85.2058466,
      27.9957151
     ],
     [
      85.2058761,
      27.9959271
     ],
     [
      85.2059004,
      27.9959701
     ],
     [
      85.2059592,
      27.9960173
     ],
     [
      85.2060359,
      27.9960671
     ],
     [
      85.206119,
      27.9960775
     ],
     [
      85.206272,
      27.996045
     ],
     [
      85.2064593,
      27.9959858
     ],
     [
      85.2065131,
      27.9959653
     ],
     [
      85.2066006,
      27.9959528
     ],
     [
      85.2066388,
      27.9959557
     ],
     [
      85.2066838,
      27.9959754
     ],
     [
      85.2067283,
      27.9960019
     ],
     [
      85.2067385,
      27.9960508
     ],
     [
      85.2067236,
      27.9961009
     ],
     [
      85.2066859,
      27.9961301
     ],
     [
      85.2065988,
      27.9961561
     ],
     [
      85.2064937,
      27.9961746
     ],
     [
      85.2062791,
      27.9962249
     ],
     [
      85.2061297,
      27.9963089
     ],
     [
      85.2060088,
      27.9963582
     ],
     [
      85.2059029,
      27.9963593
     ],
     [
      85.2057815,
      27.9962779
     ],
     [
      85.2056403,
      27.9961319
     ],
     [
      85.205467,
      27.995891
     ],
     [
      85.2053439,
      27.9956213
     ],
     [
      85.2052487,
      27.9953465
     ],
     [
      85.2050994,
      27.9951687
     ],
     [
      85.2049939,
      27.995048
     ],
     [
      85.2049086,
      27.9949831
     ],
     [
      85.2047669,
      27.9949779
     ],
     [
      85.2045644,
      27.9950007
     ],
     [
      85.2043443,
      27.9950283
     ],
     [
      85.2041432,
      27.9950952
     ],
     [
      85.2040323,
      27.9951858
     ],
     [
      85.2039969,
      27.9952618
     ],
     [
      85.2039596,
      27.9954639
     ],
     [
      85.2039165,
      27.9957019
     ],
     [
      85.2037952,
      27.9961685
     ],
     [
      85.2038053,
      27.9962791
     ],
     [
      85.2038302,
      27.9963373
     ],
     [
      85.203898,
      27.9963982
     ],
     [
      85.2040082,
      27.9964599
     ],
     [
      85.2042981,
      27.9965137
     ],
     [
      85.2046017,
      27.9965434
     ],
     [
      85.2047231,
      27.9965866
     ],
     [
      85.2047983,
      27.9966448
     ],
     [
      85.2049315,
      27.9967502
     ],
     [
      85.205245,
      27.9970149
     ],
     [
      85.2053295,
      27.9970594
     ],
     [
      85.2055927,
      27.9971191
     ],
     [
      85.2056868,
      27.9971921
     ],
     [
      85.2057594,
      27.9972758
     ],
     [
      85.2058335,
      27.9973348
     ],
     [
      85.2060248,
      27.9975004
     ],
     [
      85.2064601,
      27.9976999
     ],
     [
      85.2066164,
      27.9977643
     ],
     [
      85.2073514,
      27.9978408
     ],
     [
      85.2075982,
      27.997835
     ],
     [
      85.2078275,
      27.9978148
     ],
     [
      85.2079104,
      27.9978627
     ],
     [
      85.2079697,
      27.9979447
     ],
     [
      85.2079788,
      27.9980806
     ],
     [
      85.2081161,
      27.9982478
     ],
     [
      85.2081639,
      27.998398
     ],
     [
      85.2080526,
      27.9985542
     ],
     [
      85.2078581,
      27.9988558
     ],
     [
      85.2075766,
      27.9991937
     ],
     [
      85.2075767,
      27.9992833
     ],
     [
      85.2075544,
      27.9993662
     ],
     [
      85.2075294,
      27.999491
     ],
     [
      85.2075436,
      27.9995751
     ],
     [
      85.2075604,
      27.9996429
     ],
     [
      85.2075959,
      27.9997108
     ],
     [
      85.2076723,
      27.999809
     ],
     [
      85.2077538,
      27.999876
     ],
     [
      85.2078609,
      27.9999245
     ],
     [
      85.2082224,
      27.9999826
     ],
     [
      85.20828,
      28.0000226
     ],
     [
      85.2083189,
      28.0000728
     ],
     [
      85.208378,
      28.0002752
     ],
     [
      85.2084345,
      28.0003866
     ],
     [
      85.208525,
      28.0004872
     ],
     [
      85.208641,
      28.0006397
     ],
     [
      85.2087103,
      28.0007845
     ],
     [
      85.2087974,
      28.0009028
     ],
     [
      85.208889,
      28.0009908
     ],
     [
      85.2089797,
      28.0010416
     ],
     [
      85.2090705,
      28.0010665
     ],
     [
      85.2092276,
      28.0010524
     ],
     [
      85.2093804,
      28.0009874
     ],
     [
      85.2094712,
      28.0009444
     ],
     [
      85.2095392,
      28.000942
     ],
     [
      85.2095336,
      28.0009551
     ],
     [
      85.2097456,
      28.0010441
     ],
     [
      85.2102083,
      28.0013737
     ],
     [
      85.2106837,
      28.001647
     ],
     [
      85.2114714,
      28.0019714
     ],
     [
      85.2116837,
      28.0019842
     ],
     [
      85.2118272,
      28.0019395
     ],
     [
      85.2119701,
      28.0019535
     ],
     [
      85.2125153,
      28.0020228
     ],
     [
      85.2128594,
      28.001995
     ],
     [
      85.2130013,
      28.0019823
     ],
     [
      85.2130979,
      28.0020219
     ],
     [
      85.2131547,
      28.0020559
     ],
     [
      85.2131384,
      28.0020989
     ],
     [
      85.213129,
      28.0021639
     ],
     [
      85.2130037,
      28.0021819
     ],
     [
      85.2126716,
      28.0021898
     ],
     [
      85.2123243,
      28.002203
     ],
     [
      85.2121979,
      28.0022014
     ],
     [
      85.21204,
      28.0021882
     ],
     [
      85.2119234,
      28.002197
     ],
     [
      85.2116571,
      28.0022736
     ],
     [
      85.2115885,
      28.0022837
     ],
     [
      85.2115104,
      28.0022791
     ],
     [
      85.2112808,
      28.002235
     ],
     [
      85.2106473,
      28.0020157
     ],
     [
      85.2104364,
      28.0019387
     ],
     [
      85.2101396,
      28.0019389
     ],
     [
      85.210028,
      28.0019481
     ],
     [
      85.2099386,
      28.0019602
     ],
     [
      85.209883,
      28.001976
     ],
     [
      85.2098199,
      28.0020464
     ],
     [
      85.2097999,
      28.0021354
     ],
     [
      85.2098364,
      28.0022294
     ],
     [
      85.2098912,
      28.0023073
     ],
     [
      85.2099518,
      28.0023721
     ],
     [
      85.2100146,
      28.0026458
     ],
     [
      85.2100523,
      28.0029626
     ],
     [
      85.2100281,
      28.0033056
     ],
     [
      85.210034,
      28.0035641
     ],
     [
      85.2101157,
      28.0039641
     ],
     [
      85.210115,
      28.0044393
     ],
     [
      85.2101148,
      28.0045686
     ],
     [
      85.2101874,
      28.0046732
     ],
     [
      85.2103546,
      28.00482
     ],
     [
      85.2106926,
      28.0051133
     ],
     [
      85.2109224,
      28.005544
     ],
     [
      85.211014,
      28.0057931
     ],
     [
      85.2109233,
      28.0065177
     ],
     [
      85.2109114,
      28.0068127
     ],
     [
      85.2110105,
      28.0070268
     ],
     [
      85.2110618,
      28.007204
     ],
     [
      85.2111459,
      28.007459
     ],
     [
      85.2111571,
      28.0076674
     ],
     [
      85.2111124,
      28.0079563
     ],
     [
      85.2111553,
      28.0081185
     ],
     [
      85.2111493,
      28.0082321
     ],
     [
      85.2110544,
      28.0083777
     ],
     [
      85.2109559,
      28.0084888
     ],
     [
      85.2109024,
      28.0085893
     ],
     [
      85.2108478,
      28.0087372
     ],
     [
      85.2108572,
      28.0088874
     ],
     [
      85.2108807,
      28.0092129
     ],
     [
      85.210769,
      28.0094273
     ],
     [
      85.2106755,
      28.0096198
     ],
     [
      85.2106052,
      28.0097982
     ],
     [
      85.2104761,
      28.0099446
     ],
     [
      85.2104825,
      28.0101141
     ],
     [
      85.2104111,
      28.0104011
     ],
     [
      85.2103981,
      28.0106569
     ],
     [
      85.2103659,
      28.0108911
     ],
     [
      85.210326,
      28.0111166
     ],
     [
      85.2102192,
      28.011228
     ],
     [
      85.2101451,
      28.0113097
     ],
     [
      85.2099561,
      28.0114742
     ],
     [
      85.2097905,
      28.0117484
     ],
     [
      85.209617,
      28.0119575
     ],
     [
      85.2095117,
      28.0120964
     ],
     [
      85.2093647,
      28.0122186
     ],
     [
      85.2093167,
      28.0123013
     ],
     [
      85.2092381,
      28.0124457
     ],
     [
      85.2091687,
      28.0125975
     ],
     [
      85.2091124,
      28.0126664
     ],
     [
      85.2089991,
      28.0127334
     ],
     [
      85.208888,
      28.0127787
     ],
     [
      85.2088167,
      28.0128356
     ],
     [
      85.2087338,
      28.0129572
     ],
     [
      85.2086637,
      28.0130167
     ],
     [
      85.2085932,
      28.0130335
     ],
     [
      85.2084515,
      28.0130511
     ],
     [
      85.20824,
      28.0130172
     ],
     [
      85.2081389,
      28.0130386
     ],
     [
      85.2080934,
      28.0130867
     ]
    ]
   },
   "properties": {
    "name": "Pasang Lhamu Highway",
    "name_local": "Pasang Lhamu Highway",
    "highway": "primary",
    "why_it_matters": "A valley road is the route relief arrives on and the route people leave on, and it runs where the river runs because there is nowhere else to put it.",
    "osm_id": "way/341461647",
    "source": "OpenStreetMap via the Overpass API",
    "source_url": "https://www.openstreetmap.org/copyright",
    "licence": "ODbL 1.0, (c) OpenStreetMap contributors",
    "retrieved": "2026-08-28"
   }
  },
  {
   "type": "Feature",
   "geometry": {
    "type": "LineString",
    "coordinates": [
     [
      85.0568194,
      27.8538868
     ],
     [
      85.0567757,
      27.853824
     ]
    ]
   },
   "properties": {
    "name": "Pasang Lhamu Highway",
    "name_local": "Pasang Lhamu Highway",
    "highway": "primary",
    "why_it_matters": "A valley road is the route relief arrives on and the route people leave on, and it runs where the river runs because there is nowhere else to put it.",
    "osm_id": "way/341766306",
    "source": "OpenStreetMap via the Overpass API",
    "source_url": "https://www.openstreetmap.org/copyright",
    "licence": "ODbL 1.0, (c) OpenStreetMap contributors",
    "retrieved": "2026-08-28"
   }
  },
  {
   "type": "Feature",
   "geometry": {
    "type": "LineString",
    "coordinates": [
     [
      85.0567757,
      27.853824
     ],
     [
      85.0566636,
      27.8537371
     ],
     [
      85.0565279,
      27.8536613
     ],
     [
      85.056383,
      27.8535845
     ],
     [
      85.0560692,
      27.8535323
     ],
     [
      85.0555882,
      27.8535356
     ],
     [
      85.0552069,
      27.8534919
     ],
     [
      85.0547623,
      27.8533769
     ],
     [
      85.0540411,
      27.8530716
     ],
     [
      85.0532098,
      27.8527134
     ],
     [
      85.0527782,
      27.8525452
     ],
     [
      85.0523345,
      27.8523526
     ],
     [
      85.0520817,
      27.852285
     ],
     [
      85.0518179,
      27.8522671
     ],
     [
      85.0514778,
      27.8523022
     ],
     [
      85.0510763,
      27.8523039
     ],
     [
      85.0506988,
      27.8522705
     ],
     [
      85.0501416,
      27.8521268
     ],
     [
      85.0499699,
      27.8520359
     ],
     [
      85.0497538,
      27.8518891
     ],
     [
      85.0495455,
      27.8518068
     ],
     [
      85.0493355,
      27.8517658
     ],
     [
      85.0490265,
      27.8516818
     ],
     [
      85.0487785,
      27.8515593
     ],
     [
      85.0485871,
      27.8514881
     ],
     [
      85.048268,
      27.8514182
     ],
     [
      85.0480559,
      27.8513712
     ],
     [
      85.0477235,
      27.8512272
     ],
     [
      85.0474861,
      27.8511193
     ],
     [
      85.0472452,
      27.851028
     ],
     [
      85.0469338,
      27.8509265
     ],
     [
      85.0462816,
      27.8508036
     ],
     [
      85.045858,
      27.8507387
     ],
     [
      85.04567,
      27.850706
     ],
     [
      85.0454385,
      27.8506658
     ],
     [
      85.0446376,
      27.8505236
     ],
     [
      85.0443976,
      27.8505241
     ],
     [
      85.0441631,
      27.8505367
     ],
     [
      85.0440311,
      27.8505919
     ],
     [
      85.0439287,
      27.8506402
     ],
     [
      85.0437792,
      27.850749
     ],
     [
      85.0435065,
      27.8509503
     ],
     [
      85.0433199,
      27.8510303
     ],
     [
      85.0423859,
      27.851172
     ],
     [
      85.0417242,
      27.8512425
     ],
     [
      85.0417033,
      27.851244
     ],
     [
      85.0414487,
      27.8512621
     ],
     [
      85.039786,
      27.8513406
     ]
    ]
   },
   "properties": {
    "name": "Pasang Lhamu Highway",
    "name_local": "Pasang Lhamu Highway",
    "highway": "primary",
    "why_it_matters": "A valley road is the route relief arrives on and the route people leave on, and it runs where the river runs because there is nowhere else to put it.",
    "osm_id": "way/341766307",
    "source": "OpenStreetMap via the Overpass API",
    "source_url": "https://www.openstreetmap.org/copyright",
    "licence": "ODbL 1.0, (c) OpenStreetMap contributors",
    "retrieved": "2026-08-28"
   }
  },
  {
   "type": "Feature",
   "geometry": {
    "type": "LineString",
    "coordinates": [
     [
      85.0666176,
      27.8530815
     ],
     [
      85.0654607,
      27.8537848
     ],
     [
      85.0652289,
      27.8538816
     ],
     [
      85.0642687,
      27.8541404
     ],
     [
      85.0641138,
      27.8541773
     ],
     [
      85.0623211,
      27.8545283
     ],
     [
      85.0614327,
      27.8547081
     ],
     [
      85.060423,
      27.8548559
     ],
     [
      85.0601952,
      27.8549037
     ],
     [
      85.0594493,
      27.8549855
     ],
     [
      85.0587273,
      27.8550283
     ],
     [
      85.0577942,
      27.8550156
     ],
     [
      85.0574429,
      27.8549781
     ],
     [
      85.0573346,
      27.8549554
     ],
     [
      85.057252,
      27.8549095
     ],
     [
      85.0571988,
      27.8548539
     ],
     [
      85.0571613,
      27.8548147
     ],
     [
      85.0571595,
      27.8547736
     ],
     [
      85.0571362,
      27.8546906
     ],
     [
      85.0571025,
      27.8545274
     ],
     [
      85.0568194,
      27.8538868
     ]
    ]
   },
   "properties": {
    "name": "Pasang Lhamu Highway",
    "name_local": "Pasang Lhamu Highway",
    "highway": "primary",
    "why_it_matters": "A valley road is the route relief arrives on and the route people leave on, and it runs where the river runs because there is nowhere else to put it.",
    "osm_id": "way/341768629",
    "source": "OpenStreetMap via the Overpass API",
    "source_url": "https://www.openstreetmap.org/copyright",
    "licence": "ODbL 1.0, (c) OpenStreetMap contributors",
    "retrieved": "2026-08-28"
   }
  },
  {
   "type": "Feature",
   "geometry": {
    "type": "LineString",
    "coordinates": [
     [
      85.0758195,
      27.8515805
     ],
     [
      85.0756857,
      27.8515665
     ]
    ]
   },
   "properties": {
    "name": "Pasang Lhamu Highway",
    "name_local": "Pasang Lhamu Highway",
    "highway": "primary",
    "why_it_matters": "A valley road is the route relief arrives on and the route people leave on, and it runs where the river runs because there is nowhere else to put it.",
    "osm_id": "way/341768631",
    "source": "OpenStreetMap via the Overpass API",
    "source_url": "https://www.openstreetmap.org/copyright",
    "licence": "ODbL 1.0, (c) OpenStreetMap contributors",
    "retrieved": "2026-08-28"
   }
  },
  {
   "type": "Feature",
   "geometry": {
    "type": "LineString",
    "coordinates": [
     [
      85.0809521,
      27.8545329
     ],
     [
      85.080881,
      27.8545295
     ],
     [
      85.0807616,
      27.8545378
     ],
     [
      85.0806971,
      27.8545472
     ],
     [
      85.0804773,
      27.8546504
     ],
     [
      85.0803311,
      27.8547073
     ],
     [
      85.0802332,
      27.8547133
     ],
     [
      85.0800334,
      27.8546848
     ],
     [
      85.0792274,
      27.8540801
     ],
     [
      85.0789999,
      27.8538441
     ],
     [
      85.078184,
      27.8529975
     ],
     [
      85.0776891,
      27.8525185
     ],
     [
      85.0773123,
      27.8522398
     ],
     [
      85.0768969,
      27.8519851
     ],
     [
      85.0766203,
      27.851832
     ],
     [
      85.0765076,
      27.8518118
     ],
     [
      85.0764701,
      27.8517964
     ],
     [
      85.0762863,
      27.851768
     ],
     [
      85.0762179,
      27.851749
     ],
     [
      85.0761522,
      27.8517158
     ],
     [
      85.0760114,
      27.8516523
     ],
     [
      85.0759323,
      27.8516239
     ],
     [
      85.0758195,
      27.8515805
     ]
    ]
   },
   "properties": {
    "name": "Pasang Lhamu Highway",
    "name_local": "Pasang Lhamu Highway",
    "highway": "primary",
    "why_it_matters": "A valley road is the route relief arrives on and the route people leave on, and it runs where the river runs because there is nowhere else to put it.",
    "osm_id": "way/341768632",
    "source": "OpenStreetMap via the Overpass API",
    "source_url": "https://www.openstreetmap.org/copyright",
    "licence": "ODbL 1.0, (c) OpenStreetMap contributors",
    "retrieved": "2026-08-28"
   }
  },
  {
   "type": "Feature",
   "geometry": {
    "type": "LineString",
    "coordinates": [
     [
      85.0812811,
      27.8545515
     ],
     [
      85.0809521,
      27.8545329
     ]
    ]
   },
   "properties": {
    "name": "Pasang Lhamu Highway",
    "name_local": "Pasang Lhamu Highway",
    "highway": "primary",
    "why_it_matters": "A valley road is the route relief arrives on and the route people leave on, and it runs where the river runs because there is nowhere else to put it.",
    "osm_id": "way/341768633",
    "source": "OpenStreetMap via the Overpass API",
    "source_url": "https://www.openstreetmap.org/copyright",
    "licence": "ODbL 1.0, (c) OpenStreetMap contributors",
    "retrieved": "2026-08-28"
   }
  },
  {
   "type": "Feature",
   "geometry": {
    "type": "LineString",
    "coordinates": [
     [
      85.3618155,
      28.2266752
     ],
     [
      85.3618174,
      28.2268482
     ],
     [
      85.3618125,
      28.2270966
     ],
     [
      85.3618096,
      28.2272378
     ],
     [
      85.3618085,
      28.2272924
     ],
     [
      85.3618039,
      28.2275215
     ],
     [
      85.3618016,
      28.2276626
     ],
     [
      85.3617836,
      28.2278534
     ],
     [
      85.361752,
      28.2279707
     ],
     [
      85.3617385,
      28.228074
     ],
     [
      85.3617317,
      28.2281753
     ],
     [
      85.3617272,
      28.2282687
     ],
     [
      85.3617407,
      28.2283641
     ],
     [
      85.361752,
      28.2284814
     ],
     [
      85.3617588,
      28.2285927
     ],
     [
      85.361761,
      28.2287019
     ],
     [
      85.361752,
      28.2287993
     ],
     [
      85.3617137,
      28.2289265
     ],
     [
      85.3616821,
      28.2290179
     ],
     [
      85.3616821,
      28.2291113
     ],
     [
      85.3616956,
      28.2292703
     ],
     [
      85.3616956,
      28.2294293
     ],
     [
      85.3616866,
      28.2295326
     ],
     [
      85.3616505,
      28.2296797
     ],
     [
      85.3616054,
      28.2298982
     ],
     [
      85.3615874,
      28.2299956
     ],
     [
      85.3615558,
      28.2301029
     ],
     [
      85.3615174,
      28.2301904
     ],
     [
      85.3614881,
      28.2302798
     ],
     [
      85.3614565,
      28.2304388
     ],
     [
      85.3614385,
      28.2305679
     ],
     [
      85.3614205,
      28.2306752
     ],
     [
      85.3614114,
      28.2307845
     ],
     [
      85.3613934,
      28.2308898
     ],
     [
      85.3613821,
      28.2309872
     ],
     [
      85.3613708,
      28.2310607
     ],
     [
      85.3613483,
      28.2311839
     ],
     [
      85.3612987,
      28.2313072
     ],
     [
      85.3612445,
      28.2314025
     ],
     [
      85.361231,
      28.2315079
     ],
     [
      85.361249,
      28.2316648
     ],
     [
      85.36124,
      28.2318099
     ],
     [
      85.3612423,
      28.2318934
     ],
     [
      85.3612648,
      28.2319351
     ],
     [
      85.3613235,
      28.2319967
     ],
     [
      85.361346,
      28.2320583
     ],
     [
      85.3613776,
      28.2321755
     ],
     [
      85.361355,
      28.232257
     ],
     [
      85.3613415,
      28.2323325
     ],
     [
      85.361346,
      28.232575
     ],
     [
      85.3613528,
      28.2327141
     ],
     [
      85.3613483,
      28.2328094
     ],
     [
      85.3613257,
      28.2329207
     ],
     [
      85.3613009,
      28.2330678
     ],
     [
      85.3612175,
      28.2332108
     ],
     [
      85.3610641,
      28.2334056
     ],
     [
      85.3609987,
      28.2335526
     ],
     [
      85.3609265,
      28.2336718
     ],
     [
      85.3608769,
      28.2337513
     ],
     [
      85.3607822,
      28.2339083
     ],
     [
      85.3607348,
      28.2339938
     ],
     [
      85.36071,
      28.2340573
     ],
     [
      85.3606942,
      28.2341527
     ],
     [
      85.3606784,
      28.2342521
     ],
     [
      85.3606401,
      28.2343693
     ],
     [
      85.3605859,
      28.2344568
     ],
     [
      85.3605318,
      28.2345462
     ],
     [
      85.3604371,
      28.2346336
     ],
     [
      85.3603423,
      28.2347071
     ],
     [
      85.3602634,
      28.2347667
     ],
     [
      85.360198,
      28.2348959
     ],
     [
      85.3601326,
      28.2350131
     ],
     [
      85.3601033,
      28.2351204
     ],
     [
      85.3600717,
      28.2352417
     ],
     [
      85.3600491,
      28.2353827
     ],
     [
      85.3599973,
      28.2356808
     ],
     [
      85.3599431,
      28.2358437
     ],
     [
      85.3598507,
      28.2360067
     ],
     [
      85.3597965,
      28.2360961
     ],
     [
      85.3597334,
      28.2361835
     ],
     [
      85.3596928,
      28.2363067
     ],
     [
      85.3596815,
      28.2364021
     ],
     [
      85.3596589,
      28.2365015
     ],
     [
      85.3596161,
      28.2365988
     ],
     [
      85.35958,
      28.2366525
     ],
     [
      85.3595168,
      28.236732
     ],
     [
      85.3594785,
      28.2368452
     ],
     [
      85.3594402,
      28.2369466
     ],
     [
      85.3594041,
      28.2370757
     ],
     [
      85.3593342,
      28.2372089
     ],
     [
      85.3592146,
      28.2373877
     ],
     [
      85.3591074,
      28.2375111
     ],
     [
      85.3590748,
      28.2375486
     ],
     [
      85.3589597,
      28.2377493
     ]
    ]
   },
   "properties": {
    "name": "unnamed",
    "name_local": "",
    "highway": "primary",
    "why_it_matters": "A valley road is the route relief arrives on and the route people leave on, and it runs where the river runs because there is nowhere else to put it.",
    "osm_id": "way/342026948",
    "source": "OpenStreetMap via the Overpass API",
    "source_url": "https://www.openstreetmap.org/copyright",
    "licence": "ODbL 1.0, (c) OpenStreetMap contributors",
    "retrieved": "2026-08-28"
   }
  },
  {
   "type": "Feature",
   "geometry": {
    "type": "LineString",
    "coordinates": [
     [
      84.9836485,
      27.8008651
     ],
     [
      84.9850128,
      27.8008133
     ],
     [
      84.9857823,
      27.8007851
     ],
     [
      84.9864687,
      27.8007161
     ],
     [
      84.9871925,
      27.8006086
     ],
     [
      84.988161,
      27.8004573
     ],
     [
      84.9884614,
      27.8004045
     ],
     [
      84.9888208,
      27.8003549
     ],
     [
      84.989137,
      27.8003295
     ],
     [
      84.9893478,
      27.8003219
     ],
     [
      84.9894104,
      27.8003223
     ],
     [
      84.9896444,
      27.8003238
     ],
     [
      84.9898485,
      27.8003281
     ],
     [
      84.9902571,
      27.8003547
     ],
     [
      84.990634,
      27.8003784
     ],
     [
      84.9909478,
      27.8003784
     ],
     [
      84.9923037,
      27.8003628
     ],
     [
      84.9935286,
      27.8003568
     ],
     [
      84.9936895,
      27.8003623
     ],
     [
      84.993876,
      27.8003405
     ],
     [
      84.9940182,
      27.8002849
     ],
     [
      84.9941242,
      27.8002269
     ],
     [
      84.994227,
      27.8001307
     ],
     [
      84.9942993,
      27.8000299
     ],
     [
      84.9943327,
      27.7999279
     ],
     [
      84.9943514,
      27.7998107
     ],
     [
      84.9943193,
      27.7994872
     ],
     [
      84.9942644,
      27.799147
     ],
     [
      84.9942375,
      27.7986713
     ],
     [
      84.9942374,
      27.7982557
     ],
     [
      84.994257,
      27.7980152
     ],
     [
      84.9943147,
      27.7975777
     ]
    ]
   },
   "properties": {
    "name": "Prithvi Highway",
    "name_local": "Prithvi Rajmarg",
    "highway": "trunk",
    "why_it_matters": "A valley road is the route relief arrives on and the route people leave on, and it runs where the river runs because there is nowhere else to put it.",
    "osm_id": "way/342372008",
    "source": "OpenStreetMap via the Overpass API",
    "source_url": "https://www.openstreetmap.org/copyright",
    "licence": "ODbL 1.0, (c) OpenStreetMap contributors",
    "retrieved": "2026-08-28"
   }
  },
  {
   "type": "Feature",
   "geometry": {
    "type": "LineString",
    "coordinates": [
     [
      84.9835242,
      27.800874
     ],
     [
      84.9836485,
      27.8008651
     ]
    ]
   },
   "properties": {
    "name": "Prithvi Highway",
    "name_local": "Prithvi Rajmarg",
    "highway": "trunk",
    "why_it_matters": "A valley road is the route relief arrives on and the route people leave on, and it runs where the river runs because there is nowhere else to put it.",
    "osm_id": "way/342372009",
    "source": "OpenStreetMap via the Overpass API",
    "source_url": "https://www.openstreetmap.org/copyright",
    "licence": "ODbL 1.0, (c) OpenStreetMap contributors",
    "retrieved": "2026-08-28"
   }
  },
  {
   "type": "Feature",
   "geometry": {
    "type": "LineString",
    "coordinates": [
     [
      84.4649769,
      27.772167
     ],
     [
      84.4651989,
      27.7720021
     ],
     [
      84.4661512,
      27.7713305
     ],
     [
      84.4665839,
      27.7710358
     ],
     [
      84.4669421,
      27.7707571
     ],
     [
      84.467102,
      27.7705948
     ],
     [
      84.4674134,
      27.7702976
     ],
     [
      84.4678124,
      27.7699639
     ],
     [
      84.4681214,
      27.7696714
     ],
     [
      84.4683172,
      27.7694596
     ],
     [
      84.4684677,
      27.7692485
     ],
     [
      84.4686459,
      27.7689357
     ],
     [
      84.468758,
      27.7687662
     ],
     [
      84.4689737,
      27.7684399
     ],
     [
      84.4690623,
      27.7683059
     ],
     [
      84.4693846,
      27.7677752
     ],
     [
      84.4696255,
      27.7674019
     ],
     [
      84.4696791,
      27.7673041
     ],
     [
      84.4697087,
      27.7672524
     ],
     [
      84.4697745,
      27.7671103
     ]
    ]
   },
   "properties": {
    "name": "Bharatpur-Mugling Highway",
    "name_local": "Bharatpur-Mugling Highway",
    "highway": "trunk",
    "why_it_matters": "A valley road is the route relief arrives on and the route people leave on, and it runs where the river runs because there is nowhere else to put it.",
    "osm_id": "way/343002863",
    "source": "OpenStreetMap via the Overpass API",
    "source_url": "https://www.openstreetmap.org/copyright",
    "licence": "ODbL 1.0, (c) OpenStreetMap contributors",
    "retrieved": "2026-08-28"
   }
  },
  {
   "type": "Feature",
   "geometry": {
    "type": "LineString",
    "coordinates": [
     [
      84.7935775,
      27.8123097
     ],
     [
      84.7939691,
      27.8124069
     ],
     [
      84.794299,
      27.8125208
     ],
     [
      84.7948717,
      27.8126691
     ],
     [
      84.7952887,
      27.8127379
     ],
     [
      84.7957487,
      27.812809
     ],
     [
      84.7963576,
      27.8129312
     ],
     [
      84.7967774,
      27.8129905
     ],
     [
      84.7972021,
      27.8130489
     ],
     [
      84.7972825,
      27.8130599
     ],
     [
      84.7976011,
      27.8131134
     ],
     [
      84.797774,
      27.8131411
     ],
     [
      84.7978342,
      27.8131507
     ],
     [
      84.7979736,
      27.8131732
     ],
     [
      84.7980662,
      27.8131957
     ],
     [
      84.798156,
      27.8132301
     ],
     [
      84.7982284,
      27.8132673
     ],
     [
      84.7983055,
      27.8133068
     ],
     [
      84.7985314,
      27.8134624
     ],
     [
      84.7986184,
      27.8135281
     ],
     [
      84.7986951,
      27.813586
     ],
     [
      84.7988267,
      27.8136797
     ],
     [
      84.7990264,
      27.8138114
     ],
     [
      84.7990653,
      27.8138333
     ],
     [
      84.7991149,
      27.8138552
     ],
     [
      84.7991686,
      27.8138641
     ],
     [
      84.7992088,
      27.8138718
     ],
     [
      84.7992557,
      27.8138772
     ],
     [
      84.7993147,
      27.813879
     ],
     [
      84.7994473,
      27.8138514
     ],
     [
      84.7998771,
      27.8137526
     ],
     [
      84.799998,
      27.8137466
     ],
     [
      84.8000906,
      27.813754
     ],
     [
      84.8002226,
      27.8137786
     ],
     [
      84.8003585,
      27.8138311
     ]
    ]
   },
   "properties": {
    "name": "Prithvi Rajmarg",
    "name_local": "Prithvi Rajmarg",
    "highway": "trunk",
    "why_it_matters": "A valley road is the route relief arrives on and the route people leave on, and it runs where the river runs because there is nowhere else to put it.",
    "osm_id": "way/345035727",
    "source": "OpenStreetMap via the Overpass API",
    "source_url": "https://www.openstreetmap.org/copyright",
    "licence": "ODbL 1.0, (c) OpenStreetMap contributors",
    "retrieved": "2026-08-28"
   }
  },
  {
   "type": "Feature",
   "geometry": {
    "type": "LineString",
    "coordinates": [
     [
      84.778999,
      27.8098072
     ],
     [
      84.7791849,
      27.8100677
     ],
     [
      84.7793257,
      27.8102232
     ],
     [
      84.7794463,
      27.8103431
     ],
     [
      84.7795965,
      27.8104746
     ],
     [
      84.7797602,
      27.8105889
     ],
     [
      84.779976,
      27.8107225
     ],
     [
      84.7801774,
      27.8108904
     ],
     [
      84.7805285,
      27.8111484
     ],
     [
      84.7808627,
      27.8114164
     ],
     [
      84.7811666,
      27.8116379
     ],
     [
      84.7817074,
      27.812038
     ],
     [
      84.7822319,
      27.8124326
     ],
     [
      84.7823203,
      27.8124994
     ],
     [
      84.7824161,
      27.8125588
     ],
     [
      84.7825295,
      27.8126133
     ],
     [
      84.7826446,
      27.8126493
     ],
     [
      84.7827979,
      27.8126672
     ],
     [
      84.7829186,
      27.8126682
     ],
     [
      84.7831535,
      27.8126466
     ],
     [
      84.7832898,
      27.81263
     ],
     [
      84.7838927,
      27.8125148
     ],
     [
      84.7840997,
      27.8124858
     ],
     [
      84.7842058,
      27.812486
     ],
     [
      84.7843315,
      27.8124941
     ],
     [
      84.7844858,
      27.8125188
     ],
     [
      84.7846023,
      27.8125665
     ],
     [
      84.7848429,
      27.8127106
     ],
     [
      84.7849274,
      27.812764
     ],
     [
      84.7850151,
      27.8128037
     ],
     [
      84.7852492,
      27.8128695
     ],
     [
      84.7856156,
      27.8129408
     ],
     [
      84.7858052,
      27.81297
     ],
     [
      84.7860576,
      27.8129874
     ],
     [
      84.7861746,
      27.8129949
     ],
     [
      84.7864438,
      27.8129946
     ],
     [
      84.7866253,
      27.8129632
     ],
     [
      84.7868419,
      27.8128891
     ],
     [
      84.7869532,
      27.8128415
     ],
     [
      84.7870951,
      27.8127691
     ],
     [
      84.7872504,
      27.8126714
     ],
     [
      84.7875159,
      27.8124774
     ],
     [
      84.7877091,
      27.8123622
     ]
    ]
   },
   "properties": {
    "name": "Prithvi Rajmarg",
    "name_local": "Prithvi Rajmarg",
    "highway": "trunk",
    "why_it_matters": "A valley road is the route relief arrives on and the route people leave on, and it runs where the river runs because there is nowhere else to put it.",
    "osm_id": "way/345035729",
    "source": "OpenStreetMap via the Overpass API",
    "source_url": "https://www.openstreetmap.org/copyright",
    "licence": "ODbL 1.0, (c) OpenStreetMap contributors",
    "retrieved": "2026-08-28"
   }
  },
  {
   "type": "Feature",
   "geometry": {
    "type": "LineString",
    "coordinates": [
     [
      84.7928686,
      27.8121317
     ],
     [
      84.7935775,
      27.8123097
     ]
    ]
   },
   "properties": {
    "name": "Prithvi Rajmarga",
    "name_local": "Prithvi Rajmarga",
    "highway": "trunk",
    "why_it_matters": "A valley road is the route relief arrives on and the route people leave on, and it runs where the river runs because there is nowhere else to put it.",
    "osm_id": "way/345035730",
    "source": "OpenStreetMap via the Overpass API",
    "source_url": "https://www.openstreetmap.org/copyright",
    "licence": "ODbL 1.0, (c) OpenStreetMap contributors",
    "retrieved": "2026-08-28"
   }
  },
  {
   "type": "Feature",
   "geometry": {
    "type": "LineString",
    "coordinates": [
     [
      84.7787398,
      27.8093882
     ],
     [
      84.778999,
      27.8098072
     ]
    ]
   },
   "properties": {
    "name": "Prithvi Rajmarga",
    "name_local": "Prithvi Rajmarga",
    "highway": "trunk",
    "why_it_matters": "A valley road is the route relief arrives on and the route people leave on, and it runs where the river runs because there is nowhere else to put it.",
    "osm_id": "way/345035731",
    "source": "OpenStreetMap via the Overpass API",
    "source_url": "https://www.openstreetmap.org/copyright",
    "licence": "ODbL 1.0, (c) OpenStreetMap contributors",
    "retrieved": "2026-08-28"
   }
  },
  {
   "type": "Feature",
   "geometry": {
    "type": "LineString",
    "coordinates": [
     [
      84.8003585,
      27.8138311
     ],
     [
      84.8006988,
      27.8139894
     ]
    ]
   },
   "properties": {
    "name": "Prithvi Rajmarga",
    "name_local": "Prithvi Rajmarga",
    "highway": "trunk",
    "why_it_matters": "A valley road is the route relief arrives on and the route people leave on, and it runs where the river runs because there is nowhere else to put it.",
    "osm_id": "way/345107841",
    "source": "OpenStreetMap via the Overpass API",
    "source_url": "https://www.openstreetmap.org/copyright",
    "licence": "ODbL 1.0, (c) OpenStreetMap contributors",
    "retrieved": "2026-08-28"
   }
  },
  {
   "type": "Feature",
   "geometry": {
    "type": "LineString",
    "coordinates": [
     [
      84.8006988,
      27.8139894
     ],
     [
      84.8008052,
      27.8140417
     ],
     [
      84.8009061,
      27.8140733
     ],
     [
      84.8010219,
      27.8140931
     ],
     [
      84.8011416,
      27.8141019
     ],
     [
      84.801315,
      27.8140917
     ],
     [
      84.8018891,
      27.8140353
     ],
     [
      84.8021711,
      27.8140156
     ],
     [
      84.8023767,
      27.8140273
     ],
     [
      84.8025092,
      27.8140544
     ],
     [
      84.8027048,
      27.8141016
     ],
     [
      84.8029404,
      27.8141843
     ],
     [
      84.8031476,
      27.8142846
     ],
     [
      84.8032455,
      27.8143143
     ],
     [
      84.8035365,
      27.8143819
     ],
     [
      84.8038155,
      27.8144471
     ],
     [
      84.8040309,
      27.8145291
     ],
     [
      84.8042012,
      27.8146702
     ],
     [
      84.8042929,
      27.8147556
     ],
     [
      84.8043733,
      27.814818
     ],
     [
      84.8045128,
      27.8148813
     ],
     [
      84.8046358,
      27.8149226
     ],
     [
      84.8048314,
      27.8150033
     ],
     [
      84.804997,
      27.8150415
     ],
     [
      84.8051324,
      27.8150651
     ],
     [
      84.8052977,
      27.8150773
     ],
     [
      84.8055815,
      27.815098
     ],
     [
      84.8057565,
      27.8151322
     ],
     [
      84.8058747,
      27.8151664
     ],
     [
      84.8059789,
      27.8152142
     ],
     [
      84.8060739,
      27.8152798
     ],
     [
      84.8061387,
      27.8153547
     ],
     [
      84.8062412,
      27.8155086
     ],
     [
      84.8063346,
      27.8156496
     ],
     [
      84.8064266,
      27.8157447
     ],
     [
      84.8065205,
      27.8158005
     ],
     [
      84.8066413,
      27.8158329
     ],
     [
      84.8068253,
      27.8158748
     ],
     [
      84.8069739,
      27.8159425
     ],
     [
      84.807106,
      27.816003
     ],
     [
      84.8072943,
      27.8160934
     ],
     [
      84.8075198,
      27.8162063
     ],
     [
      84.8076571,
      27.8162497
     ],
     [
      84.8077728,
      27.8162741
     ],
     [
      84.8078927,
      27.8162857
     ],
     [
      84.8080385,
      27.8162831
     ],
     [
      84.8082545,
      27.8162368
     ],
     [
      84.8085852,
      27.8161603
     ],
     [
      84.8088574,
      27.81609
     ],
     [
      84.8090345,
      27.8160303
     ],
     [
      84.8092315,
      27.815898
     ],
     [
      84.8093618,
      27.8157724
     ],
     [
      84.8094573,
      27.8156088
     ],
     [
      84.8095562,
      27.8154059
     ],
     [
      84.8095661,
      27.8152534
     ],
     [
      84.8096358,
      27.8151022
     ],
     [
      84.8097577,
      27.814955
     ],
     [
      84.8098361,
      27.8148865
     ],
     [
      84.809961,
      27.8147876
     ],
     [
      84.810188,
      27.8146323
     ],
     [
      84.8105323,
      27.814441
     ],
     [
      84.8108582,
      27.8142709
     ],
     [
      84.8111051,
      27.8141305
     ],
     [
      84.8113216,
      27.8139666
     ],
     [
      84.8116609,
      27.8137531
     ],
     [
      84.8118692,
      27.8136366
     ],
     [
      84.8120685,
      27.8135523
     ],
     [
      84.812343,
      27.8134903
     ],
     [
      84.8125743,
      27.8134585
     ],
     [
      84.8128202,
      27.81344
     ],
     [
      84.8130153,
      27.8134228
     ],
     [
      84.8131221,
      27.8133967
     ],
     [
      84.8132233,
      27.8133655
     ],
     [
      84.8133968,
      27.8132885
     ],
     [
      84.8137794,
      27.8130972
     ],
     [
      84.8140775,
      27.8129664
     ],
     [
      84.8142575,
      27.8128771
     ],
     [
      84.8144307,
      27.812771
     ],
     [
      84.8146341,
      27.8126142
     ],
     [
      84.8147935,
      27.8124766
     ],
     [
      84.8150745,
      27.8122183
     ],
     [
      84.8151974,
      27.8120926
     ],
     [
      84.815302,
      27.8119562
     ],
     [
      84.8154039,
      27.8118139
     ],
     [
      84.8154907,
      27.8116555
     ],
     [
      84.8155444,
      27.8114963
     ],
     [
      84.8156306,
      27.8111875
     ],
     [
      84.8157352,
      27.8108354
     ],
     [
      84.8159559,
      27.8103116
     ],
     [
      84.8161616,
      27.8098178
     ],
     [
      84.8163235,
      27.8094272
     ],
     [
      84.8164266,
      27.8092194
     ],
     [
      84.8164897,
      27.8090225
     ],
     [
      84.8165295,
      27.8087203
     ],
     [
      84.8165712,
      27.8085123
     ],
     [
      84.8166197,
      27.8083611
     ],
     [
      84.8167046,
      27.8082019
     ],
     [
      84.8168011,
      27.8080406
     ],
     [
      84.8169208,
      27.8078862
     ],
     [
      84.8170904,
      27.8077129
     ],
     [
      84.8172604,
      27.8074954
     ],
     [
      84.8174157,
      27.8073326
     ],
     [
      84.8175571,
      27.8072087
     ],
     [
      84.8177375,
      27.807094
     ],
     [
      84.8178983,
      27.807023
     ],
     [
      84.8181901,
      27.8069297
     ],
     [
      84.8185258,
      27.80684
     ],
     [
      84.8188143,
      27.806808
     ],
     [
      84.8190745,
      27.8067986
     ],
     [
      84.8193819,
      27.8067849
     ],
     [
      84.8200375,
      27.806846
     ],
     [
      84.8205015,
      27.8069053
     ],
     [
      84.8208636,
      27.8069765
     ],
     [
      84.8211426,
      27.8070215
     ],
     [
      84.8212847,
      27.8070832
     ],
     [
      84.8215127,
      27.8071781
     ],
     [
      84.8217373,
      27.8072618
     ],
     [
      84.8218057,
      27.8072992
     ],
     [
      84.8218701,
      27.8073685
     ],
     [
      84.8219137,
      27.807483
     ],
     [
      84.8219915,
      27.8075975
     ],
     [
      84.8220941,
      27.8076983
     ],
     [
      84.8221765,
      27.8077825
     ],
     [
      84.822436,
      27.8079332
     ],
     [
      84.8228511,
      27.808101
     ],
     [
      84.8234868,
      27.808362
     ],
     [
      84.8236464,
      27.808445
     ],
     [
      84.8237792,
      27.8085328
     ],
     [
      84.8238404,
      27.8085786
     ],
     [
      84.8239091,
      27.8086509
     ],
     [
      84.8239432,
      27.8087116
     ],
     [
      84.8239705,
      27.8087953
     ],
     [
      84.8240331,
      27.809151
     ],
     [
      84.8240726,
      27.8092575
     ],
     [
      84.82411,
      27.8093219
     ],
     [
      84.8241517,
      27.8093722
     ],
     [
      84.8242072,
      27.8094217
     ],
     [
      84.8242992,
      27.8094653
     ],
     [
      84.8244041,
      27.8095016
     ],
     [
      84.8245683,
      27.8095192
     ],
     [
      84.8248671,
      27.8095305
     ],
     [
      84.8249922,
      27.809539
     ],
     [
      84.8251001,
      27.8095779
     ],
     [
      84.8251886,
      27.8096241
     ],
     [
      84.8252677,
      27.8096882
     ],
     [
      84.8253335,
      27.8097689
     ],
     [
      84.8253743,
      27.8098589
     ],
     [
      84.8253939,
      27.8099845
     ],
     [
      84.8254898,
      27.8102357
     ],
     [
      84.8255272,
      27.8103025
     ],
     [
      84.8255653,
      27.8103442
     ],
     [
      84.8256652,
      27.8103983
     ],
     [
      84.825764,
      27.8104273
     ],
     [
      84.8259631,
      27.8104939
     ],
     [
      84.8262822,
      27.8106114
     ],
     [
      84.8264722,
      27.810691
     ],
     [
      84.8265648,
      27.8107465
     ],
     [
      84.8266089,
      27.8107961
     ],
     [
      84.8266343,
      27.8108405
     ],
     [
      84.8266604,
      27.810892
     ],
     [
      84.8266618,
      27.8109593
     ],
     [
      84.8266542,
      27.8110283
     ],
     [
      84.8266309,
      27.8110838
     ],
     [
      84.8265744,
      27.8111442
     ],
     [
      84.826507,
      27.8111875
     ],
     [
      84.8264194,
      27.811212
     ],
     [
      84.8263237,
      27.8112126
     ],
     [
      84.8260722,
      27.8111638
     ],
     [
      84.8256967,
      27.8110918
     ],
     [
      84.8255437,
      27.8110717
     ],
     [
      84.825437,
      27.8110709
     ],
     [
      84.8253466,
      27.8110878
     ],
     [
      84.8252499,
      27.8111203
     ],
     [
      84.8251566,
      27.8111794
     ],
     [
      84.8250824,
      27.8112462
     ],
     [
      84.8250307,
      27.8113325
     ],
     [
      84.8249983,
      27.8114113
     ],
     [
      84.8249716,
      27.8115231
     ],
     [
      84.8249669,
      27.8116962
     ],
     [
      84.8249578,
      27.8119371
     ],
     [
      84.8249653,
      27.8124398
     ],
     [
      84.8249855,
      27.8125785
     ],
     [
      84.8250075,
      27.812691
     ],
     [
      84.8250348,
      27.8127941
     ],
     [
      84.8250894,
      27.8129205
     ],
     [
      84.825176,
      27.8130577
     ],
     [
      84.8252651,
      27.8131613
     ],
     [
      84.8253627,
      27.8132539
     ],
     [
      84.8254595,
      27.8133281
     ],
     [
      84.8255982,
      27.8134076
     ],
     [
      84.8257113,
      27.8134554
     ],
     [
      84.8258434,
      27.813498
     ],
     [
      84.8260112,
      27.8135245
     ],
     [
      84.8261676,
      27.8135362
     ],
     [
      84.8263688,
      27.8135303
     ],
     [
      84.8265788,
      27.8135044
     ],
     [
      84.8268798,
      27.8134531
     ],
     [
      84.8270381,
      27.8134362
     ],
     [
      84.8271871,
      27.8134245
     ],
     [
      84.8274001,
      27.8134222
     ],
     [
      84.8277446,
      27.8134654
     ],
     [
      84.8280813,
      27.8135301
     ],
     [
      84.8284998,
      27.813598
     ],
     [
      84.8286704,
      27.8136317
     ],
     [
      84.8289913,
      27.8136835
     ],
     [
      84.8292944,
      27.8137114
     ],
     [
      84.8295137,
      27.8137156
     ],
     [
      84.8296892,
      27.8137055
     ],
     [
      84.8298568,
      27.8136801
     ],
     [
      84.8300907,
      27.8136251
     ],
     [
      84.830349,
      27.8135102
     ],
     [
      84.8311873,
      27.8130736
     ],
     [
      84.8315122,
      27.812897
     ],
     [
      84.8321908,
      27.8125282
     ],
     [
      84.8323992,
      27.8123904
     ],
     [
      84.8325683,
      27.8122414
     ],
     [
      84.8326578,
      27.8121476
     ],
     [
      84.8327088,
      27.8120942
     ],
     [
      84.8328392,
      27.8119172
     ],
     [
      84.8331167,
      27.8114242
     ],
     [
      84.8332107,
      27.811247
     ],
     [
      84.8333962,
      27.8108885
     ],
     [
      84.8335694,
      27.8105552
     ],
     [
      84.8337118,
      27.8101918
     ],
     [
      84.8338951,
      27.809661
     ],
     [
      84.8340248,
      27.8092482
     ],
     [
      84.8340902,
      27.8091139
     ],
     [
      84.8341832,
      27.8089789
     ],
     [
      84.8342774,
      27.8088829
     ],
     [
      84.8343712,
      27.8087879
     ],
     [
      84.8344511,
      27.8086739
     ],
     [
      84.8346385,
      27.8082442
     ],
     [
      84.8348875,
      27.8077328
     ],
     [
      84.8350016,
      27.8075386
     ],
     [
      84.8351833,
      27.8073006
     ]
    ]
   },
   "properties": {
    "name": "Prithvi Rajmarg",
    "name_local": "Prithvi Rajmarg",
    "highway": "trunk",
    "why_it_matters": "A valley road is the route relief arrives on and the route people leave on, and it runs where the river runs because there is nowhere else to put it.",
    "osm_id": "way/345107844",
    "source": "OpenStreetMap via the Overpass API",
    "source_url": "https://www.openstreetmap.org/copyright",
    "licence": "ODbL 1.0, (c) OpenStreetMap contributors",
    "retrieved": "2026-08-28"
   }
  },
  {
   "type": "Feature",
   "geometry": {
    "type": "LineString",
    "coordinates": [
     [
      85.1848977,
      27.9705002
     ],
     [
      85.1849162,
      27.9705547
     ],
     [
      85.1850981,
      27.9710899
     ],
     [
      85.1852623,
      27.9716016
     ],
     [
      85.1852933,
      27.9716628
     ],
     [
      85.1853681,
      27.9718221
     ],
     [
      85.1854067,
      27.9718887
     ],
     [
      85.1854794,
      27.9721522
     ],
     [
      85.1855732,
      27.9723589
     ],
     [
      85.1856963,
      27.9727768
     ],
     [
      85.1857418,
      27.9728707
     ],
     [
      85.1857782,
      27.9729727
     ],
     [
      85.1858966,
      27.973395
     ],
     [
      85.1859169,
      27.973602
     ],
     [
      85.185915,
      27.9737232
     ],
     [
      85.185882,
      27.9739074
     ]
    ]
   },
   "properties": {
    "name": "Pasang Lhamu Highway",
    "name_local": "Pasang Lhamu Highway",
    "highway": "primary",
    "why_it_matters": "A valley road is the route relief arrives on and the route people leave on, and it runs where the river runs because there is nowhere else to put it.",
    "osm_id": "way/345313941",
    "source": "OpenStreetMap via the Overpass API",
    "source_url": "https://www.openstreetmap.org/copyright",
    "licence": "ODbL 1.0, (c) OpenStreetMap contributors",
    "retrieved": "2026-08-28"
   }
  },
  {
   "type": "Feature",
   "geometry": {
    "type": "LineString",
    "coordinates": [
     [
      85.1848274,
      27.9703144
     ],
     [
      85.1848977,
      27.9705002
     ]
    ]
   },
   "properties": {
    "name": "Pasang Lhamu Highway",
    "name_local": "Pasang Lhamu Highway",
    "highway": "primary",
    "why_it_matters": "A valley road is the route relief arrives on and the route people leave on, and it runs where the river runs because there is nowhere else to put it.",
    "osm_id": "way/345313942",
    "source": "OpenStreetMap via the Overpass API",
    "source_url": "https://www.openstreetmap.org/copyright",
    "licence": "ODbL 1.0, (c) OpenStreetMap contributors",
    "retrieved": "2026-08-28"
   }
  },
  {
   "type": "Feature",
   "geometry": {
    "type": "LineString",
    "coordinates": [
     [
      84.4829397,
      27.8201724
     ],
     [
      84.4832179,
      27.8201195
     ]
    ]
   },
   "properties": {
    "name": "Narayanghat-Muglin Highway",
    "name_local": "Narayanghat-Muglin Highway",
    "highway": "trunk",
    "why_it_matters": "A valley road is the route relief arrives on and the route people leave on, and it runs where the river runs because there is nowhere else to put it.",
    "osm_id": "way/378605395",
    "source": "OpenStreetMap via the Overpass API",
    "source_url": "https://www.openstreetmap.org/copyright",
    "licence": "ODbL 1.0, (c) OpenStreetMap contributors",
    "retrieved": "2026-08-28"
   }
  },
  {
   "type": "Feature",
   "geometry": {
    "type": "LineString",
    "coordinates": [
     [
      84.4832179,
      27.8201195
     ],
     [
      84.4836651,
      27.8200887
     ]
    ]
   },
   "properties": {
    "name": "Simaltal Bridge",
    "name_local": "सिमलताल पुल",
    "highway": "trunk",
    "why_it_matters": "A valley road is the route relief arrives on and the route people leave on, and it runs where the river runs because there is nowhere else to put it.",
    "osm_id": "way/378605396",
    "source": "OpenStreetMap via the Overpass API",
    "source_url": "https://www.openstreetmap.org/copyright",
    "licence": "ODbL 1.0, (c) OpenStreetMap contributors",
    "retrieved": "2026-08-28"
   }
  },
  {
   "type": "Feature",
   "geometry": {
    "type": "LineString",
    "coordinates": [
     [
      85.1548193,
      27.9308323
     ],
     [
      85.1549519,
      27.9308719
     ]
    ]
   },
   "properties": {
    "name": "Pasang Lhamu Highway",
    "name_local": "Pasang Lhamu Highway",
    "highway": "primary",
    "why_it_matters": "A valley road is the route relief arrives on and the route people leave on, and it runs where the river runs because there is nowhere else to put it.",
    "osm_id": "way/379104231",
    "source": "OpenStreetMap via the Overpass API",
    "source_url": "https://www.openstreetmap.org/copyright",
    "licence": "ODbL 1.0, (c) OpenStreetMap contributors",
    "retrieved": "2026-08-28"
   }
  },
  {
   "type": "Feature",
   "geometry": {
    "type": "LineString",
    "coordinates": [
     [
      85.1549519,
      27.9308719
     ],
     [
      85.1551889,
      27.9308215
     ],
     [
      85.1553653,
      27.9308984
     ],
     [
      85.1556744,
      27.931018
     ],
     [
      85.1558585,
      27.9310126
     ],
     [
      85.1560224,
      27.9310804
     ],
     [
      85.1561059,
      27.9311414
     ],
     [
      85.1561778,
      27.9312473
     ],
     [
      85.1561981,
      27.931307
     ],
     [
      85.1562201,
      27.9317723
     ],
     [
      85.15662,
      27.9322748
     ],
     [
      85.1569603,
      27.9327241
     ],
     [
      85.1570813,
      27.9331048
     ],
     [
      85.1571241,
      27.9332397
     ],
     [
      85.1576726,
      27.933917
     ],
     [
      85.1578503,
      27.9341894
     ],
     [
      85.1578556,
      27.9345557
     ],
     [
      85.1577447,
      27.9348559
     ],
     [
      85.1577504,
      27.9350659
     ],
     [
      85.1577418,
      27.9351641
     ],
     [
      85.1577729,
      27.9355287
     ],
     [
      85.1576669,
      27.936864
     ],
     [
      85.1577112,
      27.9372456
     ],
     [
      85.1577783,
      27.937429
     ],
     [
      85.1578882,
      27.9376365
     ],
     [
      85.1581229,
      27.9381045
     ],
     [
      85.1583335,
      27.9384114
     ],
     [
      85.1585856,
      27.9386779
     ],
     [
      85.1588513,
      27.9389604
     ],
     [
      85.159578,
      27.9397976
     ],
     [
      85.1597675,
      27.9400325
     ],
     [
      85.1599535,
      27.9402845
     ],
     [
      85.1600876,
      27.9405677
     ],
     [
      85.1602016,
      27.9408722
     ],
     [
      85.1603343,
      27.9411818
     ],
     [
      85.1607776,
      27.9420212
     ],
     [
      85.1609358,
      27.9422783
     ],
     [
      85.1610394,
      27.9426012
     ],
     [
      85.1612281,
      27.9432776
     ],
     [
      85.1618388,
      27.944425
     ],
     [
      85.1623063,
      27.9455154
     ],
     [
      85.1625473,
      27.9458248
     ],
     [
      85.162688,
      27.9460054
     ],
     [
      85.1628507,
      27.9462694
     ],
     [
      85.1629952,
      27.946554
     ],
     [
      85.163107,
      27.946742
     ],
     [
      85.1634655,
      27.9471879
     ],
     [
      85.163754,
      27.9474932
     ],
     [
      85.1639898,
      27.9483084
     ],
     [
      85.1641788,
      27.9486331
     ],
     [
      85.1642363,
      27.9487319
     ],
     [
      85.1642276,
      27.948934
     ],
     [
      85.1640844,
      27.9493523
     ],
     [
      85.1640745,
      27.9495036
     ],
     [
      85.1641529,
      27.950022
     ],
     [
      85.1640751,
      27.9503251
     ],
     [
      85.1639165,
      27.9505716
     ],
     [
      85.1638472,
      27.9507623
     ],
     [
      85.163897,
      27.9513227
     ],
     [
      85.1639423,
      27.9522161
     ],
     [
      85.1640911,
      27.9533377
     ],
     [
      85.1642476,
      27.9536159
     ],
     [
      85.1644139,
      27.9538812
     ],
     [
      85.1647975,
      27.9544736
     ],
     [
      85.1649724,
      27.9547528
     ],
     [
      85.1652427,
      27.9551677
     ],
     [
      85.1653384,
      27.9554008
     ],
     [
      85.1654924,
      27.9555891
     ],
     [
      85.1657903,
      27.9556621
     ],
     [
      85.1661719,
      27.9559182
     ],
     [
      85.1668106,
      27.9562192
     ],
     [
      85.1673635,
      27.9565651
     ],
     [
      85.1676642,
      27.9568093
     ],
     [
      85.1678899,
      27.9570985
     ],
     [
      85.1682729,
      27.9578785
     ],
     [
      85.1685423,
      27.958259
     ],
     [
      85.1688186,
      27.9585694
     ],
     [
      85.1693869,
      27.9592706
     ],
     [
      85.1696032,
      27.9594906
     ],
     [
      85.170583,
      27.9604872
     ],
     [
      85.1717464,
      27.9616001
     ],
     [
      85.1724484,
      27.9622715
     ],
     [
      85.1726825,
      27.9624994
     ],
     [
      85.1727612,
      27.9625831
     ],
     [
      85.1727728,
      27.9625936
     ],
     [
      85.1731663,
      27.9629473
     ],
     [
      85.173829,
      27.963543
     ],
     [
      85.1739,
      27.9636064
     ],
     [
      85.1739519,
      27.9636417
     ],
     [
      85.1740413,
      27.9636786
     ],
     [
      85.1742895,
      27.9637383
     ],
     [
      85.1745316,
      27.9638024
     ],
     [
      85.1746397,
      27.9638375
     ],
     [
      85.1748079,
      27.9639019
     ],
     [
      85.1748842,
      27.9639266
     ],
     [
      85.1753427,
      27.9640382
     ],
     [
      85.1754531,
      27.9640704
     ],
     [
      85.1755024,
      27.9640904
     ],
     [
      85.1755906,
      27.9641365
     ],
     [
      85.1756633,
      27.9641845
     ],
     [
      85.1757706,
      27.9642688
     ],
     [
      85.1758487,
      27.9643102
     ],
     [
      85.1759189,
      27.9643392
     ],
     [
      85.1759968,
      27.9643653
     ],
     [
      85.176166,
      27.9644061
     ],
     [
      85.1763277,
      27.9644587
     ],
     [
      85.1764424,
      27.9645091
     ],
     [
      85.1764988,
      27.9645393
     ],
     [
      85.176605,
      27.9646103
     ],
     [
      85.1766506,
      27.9646515
     ],
     [
      85.1766887,
      27.9646963
     ],
     [
      85.1767494,
      27.9647919
     ],
     [
      85.176827,
      27.964933
     ],
     [
      85.1768561,
      27.9649748
     ],
     [
      85.1768897,
      27.9650122
     ],
     [
      85.1769295,
      27.9650438
     ],
     [
      85.1771088,
      27.965167
     ],
     [
      85.1773264,
      27.9653234
     ],
     [
      85.1775223,
      27.9654726
     ],
     [
      85.1777414,
      27.9656872
     ],
     [
      85.1780846,
      27.9660366
     ],
     [
      85.1784474,
      27.9664543
     ],
     [
      85.1785657,
      27.9665813
     ],
     [
      85.1786291,
      27.966632
     ],
     [
      85.1787203,
      27.9666965
     ],
     [
      85.1790698,
      27.9669235
     ],
     [
      85.1791138,
      27.9669598
     ],
     [
      85.1792013,
      27.9670455
     ],
     [
      85.1793153,
      27.9671796
     ],
     [
      85.1793838,
      27.9672778
     ],
     [
      85.1797191,
      27.9679763
     ],
     [
      85.1798193,
      27.9681543
     ],
     [
      85.1799,
      27.9682786
     ],
     [
      85.1799577,
      27.968358
     ],
     [
      85.1799932,
      27.9683987
     ],
     [
      85.1800382,
      27.9684417
     ],
     [
      85.1801478,
      27.96853
     ],
     [
      85.1803248,
      27.9686504
     ],
     [
      85.1804593,
      27.9687276
     ],
     [
      85.1805912,
      27.9687778
     ],
     [
      85.180675,
      27.968802
     ],
     [
      85.1808256,
      27.9688454
     ],
     [
      85.180903,
      27.9688485
     ],
     [
      85.1809313,
      27.9688705
     ],
     [
      85.1810176,
      27.9688844
     ],
     [
      85.1810387,
      27.9688845
     ],
     [
      85.1811268,
      27.9688849
     ],
     [
      85.1813196,
      27.968866
     ],
     [
      85.1813935,
      27.9688454
     ],
     [
      85.1815031,
      27.9688326
     ],
     [
      85.1817176,
      27.9687805
     ],
     [
      85.1818324,
      27.9687646
     ],
     [
      85.1819183,
      27.9687595
     ],
     [
      85.1820203,
      27.9687601
     ],
     [
      85.1821429,
      27.9687766
     ],
     [
      85.1823566,
      27.9688247
     ],
     [
      85.1828063,
      27.9689446
     ],
     [
      85.1828695,
      27.9689615
     ],
     [
      85.1830947,
      27.9690215
     ],
     [
      85.1833824,
      27.9691032
     ],
     [
      85.1837196,
      27.9691989
     ],
     [
      85.1838151,
      27.9692289
     ],
     [
      85.1839225,
      27.9692683
     ],
     [
      85.184035,
      27.9693186
     ],
     [
      85.1840884,
      27.9693366
     ],
     [
      85.184182,
      27.9693799
     ],
     [
      85.1842839,
      27.9694247
     ],
     [
      85.1843756,
      27.9695158
     ],
     [
      85.1844578,
      27.9695976
     ],
     [
      85.1845374,
      27.9696716
     ],
     [
      85.1846331,
      27.9698244
     ],
     [
      85.1846972,
      27.9699407
     ],
     [
      85.1847372,
      27.9700219
     ],
     [
      85.184759,
      27.9700976
     ],
     [
      85.1848274,
      27.9703144
     ]
    ]
   },
   "properties": {
    "name": "Pasang Lhamu Highway",
    "name_local": "Pasang Lhamu Highway",
    "highway": "primary",
    "why_it_matters": "A valley road is the route relief arrives on and the route people leave on, and it runs where the river runs because there is nowhere else to put it.",
    "osm_id": "way/379104232",
    "source": "OpenStreetMap via the Overpass API",
    "source_url": "https://www.openstreetmap.org/copyright",
    "licence": "ODbL 1.0, (c) OpenStreetMap contributors",
    "retrieved": "2026-08-28"
   }
  },
  {
   "type": "Feature",
   "geometry": {
    "type": "LineString",
    "coordinates": [
     [
      85.0756857,
      27.8515665
     ],
     [
      85.0755206,
      27.8515865
     ],
     [
      85.0751732,
      27.8517098
     ],
     [
      85.0747052,
      27.851845
     ],
     [
      85.0745469,
      27.851915
     ],
     [
      85.0743431,
      27.8519517
     ],
     [
      85.0740212,
      27.8519718
     ],
     [
      85.0739457,
      27.8519657
     ],
     [
      85.073867,
      27.852011
     ],
     [
      85.0737289,
      27.8521035
     ],
     [
      85.0735921,
      27.8521699
     ],
     [
      85.0735358,
      27.8522363
     ],
     [
      85.0734486,
      27.852279
     ],
     [
      85.0730771,
      27.8524284
     ],
     [
      85.0726855,
      27.852477
     ],
     [
      85.0723529,
      27.8525553
     ],
     [
      85.0722295,
      27.8525731
     ],
     [
      85.072137,
      27.8526063
     ],
     [
      85.0719331,
      27.8527142
     ],
     [
      85.071111,
      27.853026
     ],
     [
      85.0708226,
      27.8531244
     ],
     [
      85.0703895,
      27.8532596
     ],
     [
      85.0695829,
      27.8533337
     ],
     [
      85.0685749,
      27.8534035
     ],
     [
      85.0681414,
      27.8534069
     ],
     [
      85.0677426,
      27.8534064
     ],
     [
      85.0675746,
      27.8533894
     ],
     [
      85.067471,
      27.8533442
     ],
     [
      85.0672583,
      27.8531967
     ],
     [
      85.0671759,
      27.8531226
     ],
     [
      85.0670856,
      27.8530789
     ],
     [
      85.066917,
      27.853037
     ],
     [
      85.0667809,
      27.8530384
     ]
    ]
   },
   "properties": {
    "name": "Pasang Lhamu Highway",
    "name_local": "Pasang Lhamu Highway",
    "highway": "primary",
    "why_it_matters": "A valley road is the route relief arrives on and the route people leave on, and it runs where the river runs because there is nowhere else to put it.",
    "osm_id": "way/400000900",
    "source": "OpenStreetMap via the Overpass API",
    "source_url": "https://www.openstreetmap.org/copyright",
    "licence": "ODbL 1.0, (c) OpenStreetMap contributors",
    "retrieved": "2026-08-28"
   }
  },
  {
   "type": "Feature",
   "geometry": {
    "type": "LineString",
    "coordinates": [
     [
      85.0667809,
      27.8530384
     ],
     [
      85.0666176,
      27.8530815
     ]
    ]
   },
   "properties": {
    "name": "Pasang Lhamu Highway",
    "name_local": "Pasang Lhamu Highway",
    "highway": "primary",
    "why_it_matters": "A valley road is the route relief arrives on and the route people leave on, and it runs where the river runs because there is nowhere else to put it.",
    "osm_id": "way/400000901",
    "source": "OpenStreetMap via the Overpass API",
    "source_url": "https://www.openstreetmap.org/copyright",
    "licence": "ODbL 1.0, (c) OpenStreetMap contributors",
    "retrieved": "2026-08-28"
   }
  },
  {
   "type": "Feature",
   "geometry": {
    "type": "LineString",
    "coordinates": [
     [
      84.8445053,
      27.8019177
     ],
     [
      84.8438618,
      27.8028976
     ]
    ]
   },
   "properties": {
    "name": "Furke Khola Bridge",
    "name_local": "Furke Khola Bridge",
    "highway": "secondary",
    "why_it_matters": "A valley road is the route relief arrives on and the route people leave on, and it runs where the river runs because there is nowhere else to put it.",
    "osm_id": "way/435417464",
    "source": "OpenStreetMap via the Overpass API",
    "source_url": "https://www.openstreetmap.org/copyright",
    "licence": "ODbL 1.0, (c) OpenStreetMap contributors",
    "retrieved": "2026-08-28"
   }
  },
  {
   "type": "Feature",
   "geometry": {
    "type": "LineString",
    "coordinates": [
     [
      84.5565774,
      27.8559205
     ],
     [
      84.5564957,
      27.8557235
     ],
     [
      84.5563958,
      27.855541
     ],
     [
      84.5563857,
      27.8554235
     ],
     [
      84.5564243,
      27.8553154
     ],
     [
      84.5565099,
      27.855112
     ],
     [
      84.5565265,
      27.8550156
     ],
     [
      84.5565224,
      27.8549149
     ],
     [
      84.5563529,
      27.8545043
     ],
     [
      84.5563081,
      27.8544067
     ],
     [
      84.5563053,
      27.8543469
     ],
     [
      84.5563229,
      27.8542971
     ],
     [
      84.5563641,
      27.8542386
     ],
     [
      84.5564141,
      27.8542092
     ],
     [
      84.5565078,
      27.8541753
     ]
    ]
   },
   "properties": {
    "name": "Prithvi Rajmarga",
    "name_local": "Prithvi Highway",
    "highway": "trunk",
    "why_it_matters": "A valley road is the route relief arrives on and the route people leave on, and it runs where the river runs because there is nowhere else to put it.",
    "osm_id": "way/671317242",
    "source": "OpenStreetMap via the Overpass API",
    "source_url": "https://www.openstreetmap.org/copyright",
    "licence": "ODbL 1.0, (c) OpenStreetMap contributors",
    "retrieved": "2026-08-28"
   }
  },
  {
   "type": "Feature",
   "geometry": {
    "type": "LineString",
    "coordinates": [
     [
      84.556724,
      27.8570424
     ],
     [
      84.5566361,
      27.8564852
     ],
     [
      84.5565774,
      27.8559205
     ]
    ]
   },
   "properties": {
    "name": "Prithvi Rajmarga",
    "name_local": "Prithvi Highway",
    "highway": "trunk",
    "why_it_matters": "A valley road is the route relief arrives on and the route people leave on, and it runs where the river runs because there is nowhere else to put it.",
    "osm_id": "way/671317245",
    "source": "OpenStreetMap via the Overpass API",
    "source_url": "https://www.openstreetmap.org/copyright",
    "licence": "ODbL 1.0, (c) OpenStreetMap contributors",
    "retrieved": "2026-08-28"
   }
  },
  {
   "type": "Feature",
   "geometry": {
    "type": "LineString",
    "coordinates": [
     [
      84.5514228,
      27.8597838
     ],
     [
      84.5515108,
      27.8598272
     ],
     [
      84.5515917,
      27.8598516
     ],
     [
      84.5516771,
      27.8598663
     ],
     [
      84.5517682,
      27.8598649
     ],
     [
      84.5519146,
      27.8598154
     ],
     [
      84.5520718,
      27.8597241
     ],
     [
      84.5527111,
      27.8593731
     ],
     [
      84.5530182,
      27.8591916
     ],
     [
      84.5533596,
      27.8590356
     ],
     [
      84.5540102,
      27.8587863
     ],
     [
      84.5551538,
      27.8584097
     ],
     [
      84.555668,
      27.8581572
     ],
     [
      84.5560009,
      27.8579765
     ],
     [
      84.5564467,
      27.8577044
     ],
     [
      84.556574,
      27.8575977
     ],
     [
      84.5566598,
      27.8574454
     ],
     [
      84.5567148,
      27.85727
     ],
     [
      84.5567197,
      27.8571463
     ],
     [
      84.556724,
      27.8570424
     ]
    ]
   },
   "properties": {
    "name": "Prithvi Rajmarga",
    "name_local": "Prithvi Highway",
    "highway": "trunk",
    "why_it_matters": "A valley road is the route relief arrives on and the route people leave on, and it runs where the river runs because there is nowhere else to put it.",
    "osm_id": "way/671317247",
    "source": "OpenStreetMap via the Overpass API",
    "source_url": "https://www.openstreetmap.org/copyright",
    "licence": "ODbL 1.0, (c) OpenStreetMap contributors",
    "retrieved": "2026-08-28"
   }
  },
  {
   "type": "Feature",
   "geometry": {
    "type": "LineString",
    "coordinates": [
     [
      84.550844,
      27.8602732
     ],
     [
      84.5508402,
      27.8602141
     ],
     [
      84.5508252,
      27.860133
     ],
     [
      84.550808,
      27.8600558
     ],
     [
      84.5507969,
      27.8599635
     ],
     [
      84.5507781,
      27.8598774
     ],
     [
      84.5507687,
      27.8598147
     ],
     [
      84.5507687,
      27.8597724
     ],
     [
      84.5507898,
      27.8597305
     ],
     [
      84.550819,
      27.8596779
     ],
     [
      84.5508845,
      27.8596353
     ],
     [
      84.55099,
      27.8595801
     ],
     [
      84.5510589,
      27.8595722
     ],
     [
      84.5511364,
      27.8595839
     ],
     [
      84.5512893,
      27.8596696
     ],
     [
      84.5514228,
      27.8597838
     ]
    ]
   },
   "properties": {
    "name": "Prithvi Rajmarga",
    "name_local": "Prithvi Highway",
    "highway": "trunk",
    "why_it_matters": "A valley road is the route relief arrives on and the route people leave on, and it runs where the river runs because there is nowhere else to put it.",
    "osm_id": "way/671317250",
    "source": "OpenStreetMap via the Overpass API",
    "source_url": "https://www.openstreetmap.org/copyright",
    "licence": "ODbL 1.0, (c) OpenStreetMap contributors",
    "retrieved": "2026-08-28"
   }
  },
  {
   "type": "Feature",
   "geometry": {
    "type": "LineString",
    "coordinates": [
     [
      84.5508415,
      27.8603611
     ],
     [
      84.5508537,
      27.8603145
     ],
     [
      84.550844,
      27.8602732
     ]
    ]
   },
   "properties": {
    "name": "Prithvi Rajmarga",
    "name_local": "Prithvi Highway",
    "highway": "trunk",
    "why_it_matters": "A valley road is the route relief arrives on and the route people leave on, and it runs where the river runs because there is nowhere else to put it.",
    "osm_id": "way/671317252",
    "source": "OpenStreetMap via the Overpass API",
    "source_url": "https://www.openstreetmap.org/copyright",
    "licence": "ODbL 1.0, (c) OpenStreetMap contributors",
    "retrieved": "2026-08-28"
   }
  },
  {
   "type": "Feature",
   "geometry": {
    "type": "LineString",
    "coordinates": [
     [
      84.500862,
      27.8188593
     ],
     [
      84.4996764,
      27.8191287
     ],
     [
      84.4991994,
      27.8192477
     ],
     [
      84.4985636,
      27.819398
     ],
     [
      84.4977122,
      27.8196069
     ],
     [
      84.4975255,
      27.8196402
     ]
    ]
   },
   "properties": {
    "name": "Bharatpur-Mugling Highway",
    "name_local": "Bharatpur-Mugling Highway",
    "highway": "trunk",
    "why_it_matters": "A valley road is the route relief arrives on and the route people leave on, and it runs where the river runs because there is nowhere else to put it.",
    "osm_id": "way/671328482",
    "source": "OpenStreetMap via the Overpass API",
    "source_url": "https://www.openstreetmap.org/copyright",
    "licence": "ODbL 1.0, (c) OpenStreetMap contributors",
    "retrieved": "2026-08-28"
   }
  },
  {
   "type": "Feature",
   "geometry": {
    "type": "LineString",
    "coordinates": [
     [
      84.5083447,
      27.8153296
     ],
     [
      84.5082737,
      27.8154299
     ],
     [
      84.50819,
      27.8155152
     ],
     [
      84.5081132,
      27.8155617
     ],
     [
      84.5080279,
      27.8156083
     ],
     [
      84.5078822,
      27.8156629
     ],
     [
      84.5075897,
      27.8157528
     ],
     [
      84.5072575,
      27.8158555
     ],
     [
      84.5070049,
      27.8159628
     ],
     [
      84.5067086,
      27.8161081
     ]
    ]
   },
   "properties": {
    "name": "Bharatpur-Mugling Highway",
    "name_local": "Bharatpur-Mugling Highway",
    "highway": "trunk",
    "why_it_matters": "A valley road is the route relief arrives on and the route people leave on, and it runs where the river runs because there is nowhere else to put it.",
    "osm_id": "way/671328484",
    "source": "OpenStreetMap via the Overpass API",
    "source_url": "https://www.openstreetmap.org/copyright",
    "licence": "ODbL 1.0, (c) OpenStreetMap contributors",
    "retrieved": "2026-08-28"
   }
  },
  {
   "type": "Feature",
   "geometry": {
    "type": "LineString",
    "coordinates": [
     [
      84.5091127,
      27.8145687
     ],
     [
      84.5089938,
      27.8146051
     ],
     [
      84.5088959,
      27.814657
     ],
     [
      84.5088071,
      27.8147292
     ],
     [
      84.5087155,
      27.8148282
     ],
     [
      84.5086052,
      27.814964
     ],
     [
      84.5083447,
      27.8153296
     ]
    ]
   },
   "properties": {
    "name": "Bharatpur-Mugling Highway",
    "name_local": "Bharatpur-Mugling Highway",
    "highway": "trunk",
    "why_it_matters": "A valley road is the route relief arrives on and the route people leave on, and it runs where the river runs because there is nowhere else to put it.",
    "osm_id": "way/671328486",
    "source": "OpenStreetMap via the Overpass API",
    "source_url": "https://www.openstreetmap.org/copyright",
    "licence": "ODbL 1.0, (c) OpenStreetMap contributors",
    "retrieved": "2026-08-28"
   }
  },
  {
   "type": "Feature",
   "geometry": {
    "type": "LineString",
    "coordinates": [
     [
      84.5106042,
      27.8145735
     ],
     [
      84.5103718,
      27.8145538
     ],
     [
      84.5100023,
      27.8145396
     ],
     [
      84.509648,
      27.814529
     ],
     [
      84.5093496,
      27.8145402
     ],
     [
      84.5091798,
      27.8145601
     ],
     [
      84.5091127,
      27.8145687
     ]
    ]
   },
   "properties": {
    "name": "Bharatpur-Mugling Highway",
    "name_local": "Bharatpur-Mugling Highway",
    "highway": "trunk",
    "why_it_matters": "A valley road is the route relief arrives on and the route people leave on, and it runs where the river runs because there is nowhere else to put it.",
    "osm_id": "way/671328489",
    "source": "OpenStreetMap via the Overpass API",
    "source_url": "https://www.openstreetmap.org/copyright",
    "licence": "ODbL 1.0, (c) OpenStreetMap contributors",
    "retrieved": "2026-08-28"
   }
  },
  {
   "type": "Feature",
   "geometry": {
    "type": "LineString",
    "coordinates": [
     [
      84.5067086,
      27.8161081
     ],
     [
      84.5063616,
      27.8163139
     ],
     [
      84.5057133,
      27.816729
     ],
     [
      84.5054075,
      27.8169506
     ],
     [
      84.5049039,
      27.8174255
     ],
     [
      84.5046804,
      27.81763
     ],
     [
      84.50448,
      27.8177747
     ],
     [
      84.5042695,
      27.8178945
     ],
     [
      84.5037603,
      27.8182073
     ],
     [
      84.5034328,
      27.8183948
     ],
     [
      84.5033194,
      27.8184512
     ],
     [
      84.5031568,
      27.818501
     ],
     [
      84.5030086,
      27.8185317
     ],
     [
      84.5015388,
      27.8187222
     ],
     [
      84.500862,
      27.8188593
     ]
    ]
   },
   "properties": {
    "name": "Bharatpur-Mugling Highway",
    "name_local": "Bharatpur-Mugling Highway",
    "highway": "trunk",
    "why_it_matters": "A valley road is the route relief arrives on and the route people leave on, and it runs where the river runs because there is nowhere else to put it.",
    "osm_id": "way/671328491",
    "source": "OpenStreetMap via the Overpass API",
    "source_url": "https://www.openstreetmap.org/copyright",
    "licence": "ODbL 1.0, (c) OpenStreetMap contributors",
    "retrieved": "2026-08-28"
   }
  },
  {
   "type": "Feature",
   "geometry": {
    "type": "LineString",
    "coordinates": [
     [
      84.5124053,
      27.8146708
     ],
     [
      84.5114441,
      27.8146202
     ],
     [
      84.5109533,
      27.8145953
     ],
     [
      84.5106042,
      27.8145735
     ]
    ]
   },
   "properties": {
    "name": "Bharatpur-Mugling Highway",
    "name_local": "Bharatpur-Mugling Highway",
    "highway": "trunk",
    "why_it_matters": "A valley road is the route relief arrives on and the route people leave on, and it runs where the river runs because there is nowhere else to put it.",
    "osm_id": "way/671328493",
    "source": "OpenStreetMap via the Overpass API",
    "source_url": "https://www.openstreetmap.org/copyright",
    "licence": "ODbL 1.0, (c) OpenStreetMap contributors",
    "retrieved": "2026-08-28"
   }
  },
  {
   "type": "Feature",
   "geometry": {
    "type": "LineString",
    "coordinates": [
     [
      84.5214132,
      27.8259723
     ],
     [
      84.5214765,
      27.8257729
     ]
    ]
   },
   "properties": {
    "name": "Narayanghat-Muglin Highway",
    "name_local": "Narayanghat-Muglin Highway",
    "highway": "trunk",
    "why_it_matters": "A valley road is the route relief arrives on and the route people leave on, and it runs where the river runs because there is nowhere else to put it.",
    "osm_id": "way/671328495",
    "source": "OpenStreetMap via the Overpass API",
    "source_url": "https://www.openstreetmap.org/copyright",
    "licence": "ODbL 1.0, (c) OpenStreetMap contributors",
    "retrieved": "2026-08-28"
   }
  },
  {
   "type": "Feature",
   "geometry": {
    "type": "LineString",
    "coordinates": [
     [
      84.5212937,
      27.8262017
     ],
     [
      84.5214132,
      27.8259723
     ]
    ]
   },
   "properties": {
    "name": "Narayanghat-Muglin Highway",
    "name_local": "Narayanghat-Muglin Highway",
    "highway": "trunk",
    "why_it_matters": "A valley road is the route relief arrives on and the route people leave on, and it runs where the river runs because there is nowhere else to put it.",
    "osm_id": "way/671328497",
    "source": "OpenStreetMap via the Overpass API",
    "source_url": "https://www.openstreetmap.org/copyright",
    "licence": "ODbL 1.0, (c) OpenStreetMap contributors",
    "retrieved": "2026-08-28"
   }
  },
  {
   "type": "Feature",
   "geometry": {
    "type": "LineString",
    "coordinates": [
     [
      84.5355296,
      27.8326207
     ],
     [
      84.535244,
      27.8325937
     ],
     [
      84.5347898,
      27.8325316
     ],
     [
      84.5340247,
      27.8324062
     ],
     [
      84.5336306,
      27.8323751
     ]
    ]
   },
   "properties": {
    "name": "Narayanghat-Muglin Highway",
    "name_local": "Narayanghat-Muglin Highway",
    "highway": "trunk",
    "why_it_matters": "A valley road is the route relief arrives on and the route people leave on, and it runs where the river runs because there is nowhere else to put it.",
    "osm_id": "way/671328499",
    "source": "OpenStreetMap via the Overpass API",
    "source_url": "https://www.openstreetmap.org/copyright",
    "licence": "ODbL 1.0, (c) OpenStreetMap contributors",
    "retrieved": "2026-08-28"
   }
  },
  {
   "type": "Feature",
   "geometry": {
    "type": "LineString",
    "coordinates": [
     [
      84.5392303,
      27.8328219
     ],
     [
      84.5388359,
      27.8327915
     ],
     [
      84.5376539,
      27.8327118
     ],
     [
      84.5372426,
      27.8326623
     ],
     [
      84.5368988,
      27.8326128
     ],
     [
      84.5366943,
      27.8325923
     ],
     [
      84.5364581,
      27.8326042
     ],
     [
      84.5361712,
      27.8326178
     ],
     [
      84.5358916,
      27.8326334
     ],
     [
      84.5355296,
      27.8326207
     ]
    ]
   },
   "properties": {
    "name": "Bharatpur-Mugling Highway",
    "name_local": "Bharatpur-Mugling Highway",
    "highway": "trunk",
    "why_it_matters": "A valley road is the route relief arrives on and the route people leave on, and it runs where the river runs because there is nowhere else to put it.",
    "osm_id": "way/671328503",
    "source": "OpenStreetMap via the Overpass API",
    "source_url": "https://www.openstreetmap.org/copyright",
    "licence": "ODbL 1.0, (c) OpenStreetMap contributors",
    "retrieved": "2026-08-28"
   }
  },
  {
   "type": "Feature",
   "geometry": {
    "type": "LineString",
    "coordinates": [
     [
      84.5413785,
      27.8323192
     ],
     [
      84.5412301,
      27.8324193
     ],
     [
      84.5410777,
      27.8324945
     ],
     [
      84.5408241,
      27.8325876
     ],
     [
      84.5404525,
      27.8327045
     ],
     [
      84.5402175,
      27.832765
     ],
     [
      84.5400201,
      27.8327971
     ],
     [
      84.5397138,
      27.8328162
     ],
     [
      84.5395217,
      27.8328268
     ],
     [
      84.5392303,
      27.8328219
     ]
    ]
   },
   "properties": {
    "name": "Bharatpur-Mugling Highway",
    "name_local": "Bharatpur-Mugling Highway",
    "highway": "trunk",
    "why_it_matters": "A valley road is the route relief arrives on and the route people leave on, and it runs where the river runs because there is nowhere else to put it.",
    "osm_id": "way/671328505",
    "source": "OpenStreetMap via the Overpass API",
    "source_url": "https://www.openstreetmap.org/copyright",
    "licence": "ODbL 1.0, (c) OpenStreetMap contributors",
    "retrieved": "2026-08-28"
   }
  },
  {
   "type": "Feature",
   "geometry": {
    "type": "LineString",
    "coordinates": [
     [
      84.5468332,
      27.8308511
     ],
     [
      84.5458957,
      27.8308611
     ],
     [
      84.5447134,
      27.8308486
     ],
     [
      84.5446001,
      27.8308752
     ],
     [
      84.5444867,
      27.8309041
     ],
     [
      84.5439628,
      27.831085
     ],
     [
      84.543508,
      27.8312214
     ],
     [
      84.5433676,
      27.8312802
     ],
     [
      84.5432327,
      27.8313312
     ],
     [
      84.5431062,
      27.8314204
     ],
     [
      84.5429712,
      27.8314897
     ],
     [
      84.5425259,
      27.831685
     ],
     [
      84.5420904,
      27.8318743
     ],
     [
      84.5417943,
      27.8320357
     ],
     [
      84.5413785,
      27.8323192
     ]
    ]
   },
   "properties": {
    "name": "Bharatpur-Mugling Highway",
    "name_local": "Bharatpur-Mugling Highway",
    "highway": "trunk",
    "why_it_matters": "A valley road is the route relief arrives on and the route people leave on, and it runs where the river runs because there is nowhere else to put it.",
    "osm_id": "way/671328507",
    "source": "OpenStreetMap via the Overpass API",
    "source_url": "https://www.openstreetmap.org/copyright",
    "licence": "ODbL 1.0, (c) OpenStreetMap contributors",
    "retrieved": "2026-08-28"
   }
  },
  {
   "type": "Feature",
   "geometry": {
    "type": "LineString",
    "coordinates": [
     [
      84.4557732,
      27.818894
     ],
     [
      84.4556391,
      27.8189609
     ],
     [
      84.4555636,
      27.8190374
     ],
     [
      84.4554102,
      27.8190909
     ],
     [
      84.4544352,
      27.8193312
     ],
     [
      84.4541151,
      27.8194415
     ],
     [
      84.4537713,
      27.8196031
     ]
    ]
   },
   "properties": {
    "name": "Bharatpur-Mugling Highway",
    "name_local": "Bharatpur-Mugling Highway",
    "highway": "trunk",
    "why_it_matters": "A valley road is the route relief arrives on and the route people leave on, and it runs where the river runs because there is nowhere else to put it.",
    "osm_id": "way/671340084",
    "source": "OpenStreetMap via the Overpass API",
    "source_url": "https://www.openstreetmap.org/copyright",
    "licence": "ODbL 1.0, (c) OpenStreetMap contributors",
    "retrieved": "2026-08-28"
   }
  },
  {
   "type": "Feature",
   "geometry": {
    "type": "LineString",
    "coordinates": [
     [
      84.4566615,
      27.8186497
     ],
     [
      84.4557732,
      27.818894
     ]
    ]
   },
   "properties": {
    "name": "Bharatpur-Mugling Highway",
    "name_local": "Bharatpur-Mugling Highway",
    "highway": "trunk",
    "why_it_matters": "A valley road is the route relief arrives on and the route people leave on, and it runs where the river runs because there is nowhere else to put it.",
    "osm_id": "way/671340085",
    "source": "OpenStreetMap via the Overpass API",
    "source_url": "https://www.openstreetmap.org/copyright",
    "licence": "ODbL 1.0, (c) OpenStreetMap contributors",
    "retrieved": "2026-08-28"
   }
  },
  {
   "type": "Feature",
   "geometry": {
    "type": "LineString",
    "coordinates": [
     [
      84.4571333,
      27.8186382
     ],
     [
      84.4568312,
      27.8186496
     ],
     [
      84.4566615,
      27.8186497
     ]
    ]
   },
   "properties": {
    "name": "Bharatpur-Mugling Highway",
    "name_local": "Bharatpur-Mugling Highway",
    "highway": "trunk",
    "why_it_matters": "A valley road is the route relief arrives on and the route people leave on, and it runs where the river runs because there is nowhere else to put it.",
    "osm_id": "way/671340086",
    "source": "OpenStreetMap via the Overpass API",
    "source_url": "https://www.openstreetmap.org/copyright",
    "licence": "ODbL 1.0, (c) OpenStreetMap contributors",
    "retrieved": "2026-08-28"
   }
  },
  {
   "type": "Feature",
   "geometry": {
    "type": "LineString",
    "coordinates": [
     [
      84.4627952,
      27.8177183
     ],
     [
      84.4626228,
      27.8177761
     ],
     [
      84.4624896,
      27.8178326
     ],
     [
      84.4620999,
      27.818005
     ],
     [
      84.4617215,
      27.8181683
     ],
     [
      84.461364,
      27.8182786
     ],
     [
      84.4608406,
      27.8184271
     ],
     [
      84.4604073,
      27.8185273
     ],
     [
      84.4599407,
      27.8186324
     ],
     [
      84.4597175,
      27.818658
     ],
     [
      84.4594305,
      27.81866
     ],
     [
      84.459062,
      27.81863
     ],
     [
      84.4586393,
      27.8186061
     ],
     [
      84.4582184,
      27.8186074
     ],
     [
      84.4575874,
      27.8186192
     ],
     [
      84.4571333,
      27.8186382
     ]
    ]
   },
   "properties": {
    "name": "Bharatpur-Mugling Highway",
    "name_local": "Bharatpur-Mugling Highway",
    "highway": "trunk",
    "why_it_matters": "A valley road is the route relief arrives on and the route people leave on, and it runs where the river runs because there is nowhere else to put it.",
    "osm_id": "way/671340087",
    "source": "OpenStreetMap via the Overpass API",
    "source_url": "https://www.openstreetmap.org/copyright",
    "licence": "ODbL 1.0, (c) OpenStreetMap contributors",
    "retrieved": "2026-08-28"
   }
  },
  {
   "type": "Feature",
   "geometry": {
    "type": "LineString",
    "coordinates": [
     [
      84.4383313,
      27.6705627
     ],
     [
      84.438317,
      27.6706027
     ],
     [
      84.4383179,
      27.670636
     ],
     [
      84.4383266,
      27.6706771
     ],
     [
      84.4383609,
      27.6707193
     ],
     [
      84.4383896,
      27.6707729
     ],
     [
      84.4384104,
      27.6708425
     ],
     [
      84.4384426,
      27.6711178
     ],
     [
      84.4384522,
      27.6712342
     ],
     [
      84.4384894,
      27.6716058
     ],
     [
      84.4385326,
      27.6720774
     ],
     [
      84.4386064,
      27.6728461
     ],
     [
      84.4386485,
      27.6732812
     ],
     [
      84.4386841,
      27.6736891
     ],
     [
      84.4387345,
      27.6742427
     ],
     [
      84.4388322,
      27.6753245
     ],
     [
      84.4388562,
      27.6755594
     ],
     [
      84.4388863,
      27.6759561
     ],
     [
      84.4388924,
      27.676029
     ],
     [
      84.4389325,
      27.6765507
     ],
     [
      84.4389718,
      27.6769201
     ],
     [
      84.438996,
      27.6771478
     ],
     [
      84.4390733,
      27.6780848
     ],
     [
      84.4390983,
      27.6783697
     ],
     [
      84.4391632,
      27.6791091
     ],
     [
      84.4392455,
      27.680046
     ],
     [
      84.4392829,
      27.6805171
     ],
     [
      84.439292,
      27.6806154
     ],
     [
      84.4393296,
      27.6810346
     ],
     [
      84.4393424,
      27.6811971
     ],
     [
      84.4395041,
      27.6829168
     ],
     [
      84.4396195,
      27.6840569
     ],
     [
      84.4396506,
      27.684339
     ],
     [
      84.4397285,
      27.6851534
     ],
     [
      84.4397977,
      27.6859266
     ],
     [
      84.4398406,
      27.686407
     ],
     [
      84.4398499,
      27.6864785
     ],
     [
      84.4398866,
      27.6869198
     ],
     [
      84.4398926,
      27.6869884
     ],
     [
      84.43997,
      27.6878542
     ],
     [
      84.4399931,
      27.6881857
     ],
     [
      84.4400382,
      27.688676
     ],
     [
      84.4400636,
      27.6889304
     ],
     [
      84.4401024,
      27.6894146
     ],
     [
      84.440128,
      27.6897109
     ],
     [
      84.4401479,
      27.6899264
     ],
     [
      84.4401681,
      27.6901452
     ],
     [
      84.4401833,
      27.690324
     ],
     [
      84.4402071,
      27.6906006
     ],
     [
      84.4402676,
      27.6914586
     ],
     [
      84.440299,
      27.6917499
     ],
     [
      84.4403307,
      27.6920648
     ],
     [
      84.4403565,
      27.6922997
     ],
     [
      84.4404465,
      27.6933143
     ],
     [
      84.4405136,
      27.6940749
     ],
     [
      84.4405805,
      27.6948332
     ],
     [
      84.4407109,
      27.6963103
     ],
     [
      84.440747,
      27.6967555
     ],
     [
      84.4408298,
      27.6977492
     ],
     [
      84.4408548,
      27.6980123
     ],
     [
      84.4408693,
      27.6984084
     ],
     [
      84.4408998,
      27.6988299
     ],
     [
      84.4409408,
      27.6993978
     ],
     [
      84.4409642,
      27.6997216
     ],
     [
      84.4410414,
      27.7007992
     ],
     [
      84.4410653,
      27.701302
     ],
     [
      84.4411506,
      27.701994
     ],
     [
      84.4412347,
      27.7029123
     ],
     [
      84.4412734,
      27.7033339
     ],
     [
      84.4413492,
      27.7039752
     ],
     [
      84.4413641,
      27.7041629
     ],
     [
      84.4414174,
      27.7048355
     ],
     [
      84.441427,
      27.7051641
     ],
     [
      84.441418,
      27.7055419
     ],
     [
      84.4413933,
      27.7059291
     ],
     [
      84.4413598,
      27.7063267
     ],
     [
      84.4413114,
      27.7070765
     ],
     [
      84.4412588,
      27.7077207
     ],
     [
      84.441239,
      27.7080521
     ],
     [
      84.4412214,
      27.7082618
     ],
     [
      84.4412026,
      27.7084483
     ],
     [
      84.4410695,
      27.7090323
     ],
     [
      84.4410444,
      27.7090979
     ],
     [
      84.4409992,
      27.7092021
     ],
     [
      84.4409177,
      27.7093796
     ],
     [
      84.4408311,
      27.7095345
     ],
     [
      84.440586,
      27.7098749
     ],
     [
      84.4403192,
      27.7102454
     ],
     [
      84.4400871,
      27.7105133
     ],
     [
      84.4399864,
      27.7106099
     ]
    ]
   },
   "properties": {
    "name": "Bypass Road",
    "name_local": "Bypass Road",
    "highway": "trunk",
    "why_it_matters": "A valley road is the route relief arrives on and the route people leave on, and it runs where the river runs because there is nowhere else to put it.",
    "osm_id": "way/800664805",
    "source": "OpenStreetMap via the Overpass API",
    "source_url": "https://www.openstreetmap.org/copyright",
    "licence": "ODbL 1.0, (c) OpenStreetMap contributors",
    "retrieved": "2026-08-28"
   }
  },
  {
   "type": "Feature",
   "geometry": {
    "type": "LineString",
    "coordinates": [
     [
      84.4338523,
      27.7039252
     ],
     [
      84.43384,
      27.7039111
     ],
     [
      84.4335514,
      27.7036204
     ],
     [
      84.4331007,
      27.7032574
     ],
     [
      84.4329814,
      27.7031917
     ],
     [
      84.4325568,
      27.7029755
     ],
     [
      84.4318,
      27.7025922
     ],
     [
      84.4306035,
      27.70201
     ],
     [
      84.4297817,
      27.7016153
     ],
     [
      84.4296612,
      27.7015518
     ],
     [
      84.4293216,
      27.7013856
     ],
     [
      84.4291417,
      27.7012978
     ],
     [
      84.4285618,
      27.7010237
     ],
     [
      84.4277241,
      27.700616
     ],
     [
      84.4271251,
      27.7003377
     ],
     [
      84.4270127,
      27.7002822
     ],
     [
      84.4259195,
      27.6997413
     ],
     [
      84.4248764,
      27.6992528
     ],
     [
      84.423792,
      27.6987118
     ],
     [
      84.4237501,
      27.6986903
     ],
     [
      84.4231968,
      27.6983711
     ],
     [
      84.4227216,
      27.6980436
     ],
     [
      84.4221472,
      27.6976302
     ],
     [
      84.4215782,
      27.6972343
     ],
     [
      84.4211771,
      27.6969552
     ],
     [
      84.4211265,
      27.6969211
     ],
     [
      84.4210181,
      27.6968476
     ]
    ]
   },
   "properties": {
    "name": "Bharatpur-Mugling Highway",
    "name_local": "Bharatpur-Mugling Highway",
    "highway": "secondary",
    "why_it_matters": "A valley road is the route relief arrives on and the route people leave on, and it runs where the river runs because there is nowhere else to put it.",
    "osm_id": "way/812945325",
    "source": "OpenStreetMap via the Overpass API",
    "source_url": "https://www.openstreetmap.org/copyright",
    "licence": "ODbL 1.0, (c) OpenStreetMap contributors",
    "retrieved": "2026-08-28"
   }
  },
  {
   "type": "Feature",
   "geometry": {
    "type": "LineString",
    "coordinates": [
     [
      84.4340348,
      27.7041338
     ],
     [
      84.4338523,
      27.7039252
     ]
    ]
   },
   "properties": {
    "name": "Bharatpur-Mugling Highway",
    "name_local": "Bharatpur-Mugling Highway",
    "highway": "secondary",
    "why_it_matters": "A valley road is the route relief arrives on and the route people leave on, and it runs where the river runs because there is nowhere else to put it.",
    "osm_id": "way/812945326",
    "source": "OpenStreetMap via the Overpass API",
    "source_url": "https://www.openstreetmap.org/copyright",
    "licence": "ODbL 1.0, (c) OpenStreetMap contributors",
    "retrieved": "2026-08-28"
   }
  },
  {
   "type": "Feature",
   "geometry": {
    "type": "LineString",
    "coordinates": [
     [
      84.5584079,
      27.8544118
     ],
     [
      84.558255,
      27.8544122
     ],
     [
      84.5579868,
      27.8544946
     ],
     [
      84.5566539,
      27.8548887
     ],
     [
      84.5565224,
      27.8549149
     ]
    ]
   },
   "properties": {
    "name": "Trishuli Bridge",
    "name_local": "Trishuli Bridge",
    "highway": "trunk",
    "why_it_matters": "A valley road is the route relief arrives on and the route people leave on, and it runs where the river runs because there is nowhere else to put it.",
    "osm_id": "way/899453263",
    "source": "OpenStreetMap via the Overpass API",
    "source_url": "https://www.openstreetmap.org/copyright",
    "licence": "ODbL 1.0, (c) OpenStreetMap contributors",
    "retrieved": "2026-08-28"
   }
  },
  {
   "type": "Feature",
   "geometry": {
    "type": "LineString",
    "coordinates": [
     [
      85.1840244,
      27.9748923
     ],
     [
      85.184006,
      27.9749368
     ],
     [
      85.1839761,
      27.9750531
     ],
     [
      85.1839408,
      27.9754006
     ],
     [
      85.1839475,
      27.975968
     ],
     [
      85.1839417,
      27.9760572
     ],
     [
      85.1839226,
      27.9761536
     ],
     [
      85.1838808,
      27.9762605
     ],
     [
      85.1837464,
      27.9765246
     ],
     [
      85.1833882,
      27.9771113
     ],
     [
      85.1833419,
      27.9772203
     ],
     [
      85.1833096,
      27.977329
     ],
     [
      85.1832948,
      27.9774361
     ],
     [
      85.1832555,
      27.9781768
     ],
     [
      85.1831764,
      27.9789077
     ],
     [
      85.1831268,
      27.9792582
     ],
     [
      85.1830342,
      27.9794856
     ],
     [
      85.1830127,
      27.9795757
     ],
     [
      85.183018,
      27.9796415
     ],
     [
      85.1830423,
      27.9797023
     ],
     [
      85.1831497,
      27.9798417
     ],
     [
      85.1831804,
      27.9799048
     ],
     [
      85.1831803,
      27.9799403
     ],
     [
      85.18317,
      27.9799721
     ],
     [
      85.18312,
      27.9800336
     ],
     [
      85.1830681,
      27.98006
     ],
     [
      85.1828841,
      27.9801036
     ],
     [
      85.1828443,
      27.9801203
     ],
     [
      85.182812,
      27.9801398
     ],
     [
      85.1827662,
      27.9801842
     ],
     [
      85.1827392,
      27.9802295
     ],
     [
      85.182712,
      27.980302
     ],
     [
      85.1826498,
      27.9806745
     ],
     [
      85.1826039,
      27.9807521
     ],
     [
      85.1824643,
      27.9809044
     ],
     [
      85.1824461,
      27.9809362
     ],
     [
      85.1824366,
      27.9809741
     ],
     [
      85.1824343,
      27.9810166
     ],
     [
      85.1824455,
      27.9811081
     ],
     [
      85.1825157,
      27.9813611
     ],
     [
      85.1825643,
      27.9816773
     ],
     [
      85.1826091,
      27.9817842
     ],
     [
      85.1827219,
      27.9819716
     ],
     [
      85.1827808,
      27.9821171
     ],
     [
      85.1827978,
      27.9824627
     ],
     [
      85.1828279,
      27.9825893
     ],
     [
      85.1828735,
      27.9826819
     ],
     [
      85.1829395,
      27.9827749
     ],
     [
      85.1830099,
      27.9828498
     ],
     [
      85.1832138,
      27.9830667
     ],
     [
      85.1832952,
      27.9831671
     ],
     [
      85.1833423,
      27.983246
     ],
     [
      85.183533,
      27.9836446
     ],
     [
      85.1836158,
      27.9837564
     ],
     [
      85.1837289,
      27.9838649
     ],
     [
      85.183821,
      27.9839288
     ],
     [
      85.1839735,
      27.9839977
     ],
     [
      85.1840202,
      27.9840121
     ],
     [
      85.1841547,
      27.9840411
     ],
     [
      85.1842835,
      27.9840521
     ],
     [
      85.1843593,
      27.9840488
     ],
     [
      85.1844796,
      27.9840259
     ],
     [
      85.184569,
      27.9839996
     ],
     [
      85.184698,
      27.9839467
     ],
     [
      85.1848006,
      27.9838798
     ],
     [
      85.1849121,
      27.9837567
     ],
     [
      85.1850154,
      27.9835966
     ],
     [
      85.1850463,
      27.9834977
     ],
     [
      85.1850875,
      27.9833038
     ],
     [
      85.1850907,
      27.9832153
     ],
     [
      85.1851152,
      27.982936
     ],
     [
      85.1851053,
      27.9828316
     ],
     [
      85.1851399,
      27.9827268
     ],
     [
      85.1851796,
      27.9826361
     ],
     [
      85.1852416,
      27.9825499
     ],
     [
      85.1855362,
      27.9822485
     ],
     [
      85.1856242,
      27.9821188
     ],
     [
      85.1856562,
      27.9819929
     ],
     [
      85.18567,
      27.9818957
     ],
     [
      85.1856983,
      27.9816017
     ],
     [
      85.1857269,
      27.9815254
     ],
     [
      85.1857716,
      27.9814311
     ],
     [
      85.1859578,
      27.9811093
     ]
    ]
   },
   "properties": {
    "name": "Pasang Lhamu Highway",
    "name_local": "Pasang Lhamu Highway",
    "highway": "primary",
    "why_it_matters": "A valley road is the route relief arrives on and the route people leave on, and it runs where the river runs because there is nowhere else to put it.",
    "osm_id": "way/912405504",
    "source": "OpenStreetMap via the Overpass API",
    "source_url": "https://www.openstreetmap.org/copyright",
    "licence": "ODbL 1.0, (c) OpenStreetMap contributors",
    "retrieved": "2026-08-28"
   }
  },
  {
   "type": "Feature",
   "geometry": {
    "type": "LineString",
    "coordinates": [
     [
      85.1856624,
      27.9744799
     ],
     [
      85.1855856,
      27.9746585
     ],
     [
      85.1855461,
      27.9747503
     ],
     [
      85.1855113,
      27.9748073
     ],
     [
      85.1854764,
      27.9748499
     ],
     [
      85.1854238,
      27.9748878
     ],
     [
      85.1853336,
      27.9749165
     ],
     [
      85.1852767,
      27.9749262
     ],
     [
      85.1851838,
      27.9749263
     ],
     [
      85.1846789,
      27.9748746
     ],
     [
      85.1846057,
      27.9748619
     ],
     [
      85.1844251,
      27.9748088
     ],
     [
      85.1842654,
      27.9747864
     ],
     [
      85.1841789,
      27.9747887
     ],
     [
      85.1841192,
      27.9748002
     ],
     [
      85.1840688,
      27.974826
     ],
     [
      85.1840353,
      27.9748659
     ],
     [
      85.1840244,
      27.9748923
     ]
    ]
   },
   "properties": {
    "name": "Pasang Lhamu Highway",
    "name_local": "Pasang Lhamu Highway",
    "highway": "primary",
    "why_it_matters": "A valley road is the route relief arrives on and the route people leave on, and it runs where the river runs because there is nowhere else to put it.",
    "osm_id": "way/1128013962",
    "source": "OpenStreetMap via the Overpass API",
    "source_url": "https://www.openstreetmap.org/copyright",
    "licence": "ODbL 1.0, (c) OpenStreetMap contributors",
    "retrieved": "2026-08-28"
   }
  },
  {
   "type": "Feature",
   "geometry": {
    "type": "LineString",
    "coordinates": [
     [
      84.4398553,
      27.7106566
     ],
     [
      84.4398139,
      27.710723
     ],
     [
      84.4398145,
      27.7107989
     ],
     [
      84.4398569,
      27.7108648
     ],
     [
      84.4399081,
      27.7108967
     ],
     [
      84.4399689,
      27.71091
     ],
     [
      84.440031,
      27.7109028
     ],
     [
      84.4400859,
      27.7108762
     ]
    ]
   },
   "properties": {
    "name": "unnamed",
    "name_local": "",
    "highway": "trunk",
    "why_it_matters": "A valley road is the route relief arrives on and the route people leave on, and it runs where the river runs because there is nowhere else to put it.",
    "osm_id": "way/1206321922",
    "source": "OpenStreetMap via the Overpass API",
    "source_url": "https://www.openstreetmap.org/copyright",
    "licence": "ODbL 1.0, (c) OpenStreetMap contributors",
    "retrieved": "2026-08-28"
   }
  },
  {
   "type": "Feature",
   "geometry": {
    "type": "LineString",
    "coordinates": [
     [
      84.4400859,
      27.7108762
     ],
     [
      84.4401367,
      27.710814
     ],
     [
      84.4401462,
      27.7107378
     ],
     [
      84.4401119,
      27.7106673
     ],
     [
      84.4400562,
      27.7106265
     ],
     [
      84.4399864,
      27.7106099
     ],
     [
      84.4399151,
      27.7106206
     ],
     [
      84.4398553,
      27.7106566
     ]
    ]
   },
   "properties": {
    "name": "Bharatpur-Mugling Highway",
    "name_local": "Bharatpur-Mugling Highway",
    "highway": "trunk",
    "why_it_matters": "A valley road is the route relief arrives on and the route people leave on, and it runs where the river runs because there is nowhere else to put it.",
    "osm_id": "way/1206793734",
    "source": "OpenStreetMap via the Overpass API",
    "source_url": "https://www.openstreetmap.org/copyright",
    "licence": "ODbL 1.0, (c) OpenStreetMap contributors",
    "retrieved": "2026-08-28"
   }
  },
  {
   "type": "Feature",
   "geometry": {
    "type": "LineString",
    "coordinates": [
     [
      84.4316432,
      27.8023545
     ],
     [
      84.431653,
      27.8024991
     ],
     [
      84.4316697,
      27.8025333
     ],
     [
      84.4317083,
      27.802622
     ],
     [
      84.43172,
      27.8026386
     ],
     [
      84.4318348,
      27.8027345
     ]
    ]
   },
   "properties": {
    "name": "Bharatpur-Mugling Highway",
    "name_local": "Bharatpur-Mugling Highway",
    "highway": "trunk",
    "why_it_matters": "A valley road is the route relief arrives on and the route people leave on, and it runs where the river runs because there is nowhere else to put it.",
    "osm_id": "way/1265212908",
    "source": "OpenStreetMap via the Overpass API",
    "source_url": "https://www.openstreetmap.org/copyright",
    "licence": "ODbL 1.0, (c) OpenStreetMap contributors",
    "retrieved": "2026-08-28"
   }
  },
  {
   "type": "Feature",
   "geometry": {
    "type": "LineString",
    "coordinates": [
     [
      84.4317837,
      27.8016244
     ],
     [
      84.4316976,
      27.801821
     ],
     [
      84.4316772,
      27.8019353
     ]
    ]
   },
   "properties": {
    "name": "Narayanghat-Muglin Highway",
    "name_local": "Narayanghat-Muglin Highway",
    "highway": "trunk",
    "why_it_matters": "A valley road is the route relief arrives on and the route people leave on, and it runs where the river runs because there is nowhere else to put it.",
    "osm_id": "way/1265212909",
    "source": "OpenStreetMap via the Overpass API",
    "source_url": "https://www.openstreetmap.org/copyright",
    "licence": "ODbL 1.0, (c) OpenStreetMap contributors",
    "retrieved": "2026-08-28"
   }
  },
  {
   "type": "Feature",
   "geometry": {
    "type": "LineString",
    "coordinates": [
     [
      84.4317877,
      27.8019348
     ],
     [
      84.4317971,
      27.8018399
     ],
     [
      84.4317837,
      27.8016244
     ]
    ]
   },
   "properties": {
    "name": "Khani khola",
    "name_local": "Khani khola",
    "highway": "trunk",
    "why_it_matters": "A valley road is the route relief arrives on and the route people leave on, and it runs where the river runs because there is nowhere else to put it.",
    "osm_id": "way/1265212910",
    "source": "OpenStreetMap via the Overpass API",
    "source_url": "https://www.openstreetmap.org/copyright",
    "licence": "ODbL 1.0, (c) OpenStreetMap contributors",
    "retrieved": "2026-08-28"
   }
  },
  {
   "type": "Feature",
   "geometry": {
    "type": "LineString",
    "coordinates": [
     [
      84.4317757,
      27.8023619
     ],
     [
      84.4317877,
      27.8019348
     ]
    ]
   },
   "properties": {
    "name": "Khani khola",
    "name_local": "Khani khola",
    "highway": "trunk",
    "why_it_matters": "A valley road is the route relief arrives on and the route people leave on, and it runs where the river runs because there is nowhere else to put it.",
    "osm_id": "way/1265212911",
    "source": "OpenStreetMap via the Overpass API",
    "source_url": "https://www.openstreetmap.org/copyright",
    "licence": "ODbL 1.0, (c) OpenStreetMap contributors",
    "retrieved": "2026-08-28"
   }
  },
  {
   "type": "Feature",
   "geometry": {
    "type": "LineString",
    "coordinates": [
     [
      84.4318348,
      27.8027345
     ],
     [
      84.4317837,
      27.8025493
     ],
     [
      84.4317797,
      27.8024924
     ],
     [
      84.4317757,
      27.8023619
     ]
    ]
   },
   "properties": {
    "name": "Khani khola",
    "name_local": "Khani khola",
    "highway": "trunk",
    "why_it_matters": "A valley road is the route relief arrives on and the route people leave on, and it runs where the river runs because there is nowhere else to put it.",
    "osm_id": "way/1265212912",
    "source": "OpenStreetMap via the Overpass API",
    "source_url": "https://www.openstreetmap.org/copyright",
    "licence": "ODbL 1.0, (c) OpenStreetMap contributors",
    "retrieved": "2026-08-28"
   }
  },
  {
   "type": "Feature",
   "geometry": {
    "type": "LineString",
    "coordinates": [
     [
      84.4701809,
      27.7667729
     ],
     [
      84.4703903,
      27.7662769
     ]
    ]
   },
   "properties": {
    "name": "Bharatpur-Mugling Highway",
    "name_local": "Bharatpur-Mugling Highway",
    "highway": "trunk",
    "why_it_matters": "A valley road is the route relief arrives on and the route people leave on, and it runs where the river runs because there is nowhere else to put it.",
    "osm_id": "way/1426817350",
    "source": "OpenStreetMap via the Overpass API",
    "source_url": "https://www.openstreetmap.org/copyright",
    "licence": "ODbL 1.0, (c) OpenStreetMap contributors",
    "retrieved": "2026-08-28"
   }
  },
  {
   "type": "Feature",
   "geometry": {
    "type": "LineString",
    "coordinates": [
     [
      84.4697745,
      27.7671103
     ],
     [
      84.4700399,
      27.7669207
     ],
     [
      84.4701809,
      27.7667729
     ]
    ]
   },
   "properties": {
    "name": "Bharatpur-Mugling Highway",
    "name_local": "Bharatpur-Mugling Highway",
    "highway": "trunk",
    "why_it_matters": "A valley road is the route relief arrives on and the route people leave on, and it runs where the river runs because there is nowhere else to put it.",
    "osm_id": "way/1426817351",
    "source": "OpenStreetMap via the Overpass API",
    "source_url": "https://www.openstreetmap.org/copyright",
    "licence": "ODbL 1.0, (c) OpenStreetMap contributors",
    "retrieved": "2026-08-28"
   }
  },
  {
   "type": "Feature",
   "geometry": {
    "type": "LineString",
    "coordinates": [
     [
      84.4703903,
      27.7662769
     ],
     [
      84.4704146,
      27.7659561
     ],
     [
      84.4704453,
      27.7655922
     ]
    ]
   },
   "properties": {
    "name": "Bharatpur-Mugling Highway",
    "name_local": "Bharatpur-Mugling Highway",
    "highway": "trunk",
    "why_it_matters": "A valley road is the route relief arrives on and the route people leave on, and it runs where the river runs because there is nowhere else to put it.",
    "osm_id": "way/1426817352",
    "source": "OpenStreetMap via the Overpass API",
    "source_url": "https://www.openstreetmap.org/copyright",
    "licence": "ODbL 1.0, (c) OpenStreetMap contributors",
    "retrieved": "2026-08-28"
   }
  },
  {
   "type": "Feature",
   "geometry": {
    "type": "LineString",
    "coordinates": [
     [
      84.4642446,
      27.7728496
     ],
     [
      84.4646375,
      27.7726099
     ]
    ]
   },
   "properties": {
    "name": "Khahare Bridge",
    "name_local": "Khahare Bridge",
    "highway": "trunk",
    "why_it_matters": "A valley road is the route relief arrives on and the route people leave on, and it runs where the river runs because there is nowhere else to put it.",
    "osm_id": "way/1426817363",
    "source": "OpenStreetMap via the Overpass API",
    "source_url": "https://www.openstreetmap.org/copyright",
    "licence": "ODbL 1.0, (c) OpenStreetMap contributors",
    "retrieved": "2026-08-28"
   }
  },
  {
   "type": "Feature",
   "geometry": {
    "type": "LineString",
    "coordinates": [
     [
      84.4646375,
      27.7726099
     ],
     [
      84.4649769,
      27.772167
     ]
    ]
   },
   "properties": {
    "name": "Bharatpur-Mugling Highway",
    "name_local": "Bharatpur-Mugling Highway",
    "highway": "trunk",
    "why_it_matters": "A valley road is the route relief arrives on and the route people leave on, and it runs where the river runs because there is nowhere else to put it.",
    "osm_id": "way/1426817364",
    "source": "OpenStreetMap via the Overpass API",
    "source_url": "https://www.openstreetmap.org/copyright",
    "licence": "ODbL 1.0, (c) OpenStreetMap contributors",
    "retrieved": "2026-08-28"
   }
  },
  {
   "type": "Feature",
   "geometry": {
    "type": "LineString",
    "coordinates": [
     [
      84.4634824,
      27.7730799
     ],
     [
      84.4638657,
      27.7730005
     ],
     [
      84.4641787,
      27.7728829
     ],
     [
      84.4642446,
      27.7728496
     ]
    ]
   },
   "properties": {
    "name": "Bharatpur-Mugling Highway",
    "name_local": "Bharatpur-Mugling Highway",
    "highway": "trunk",
    "why_it_matters": "A valley road is the route relief arrives on and the route people leave on, and it runs where the river runs because there is nowhere else to put it.",
    "osm_id": "way/1426817365",
    "source": "OpenStreetMap via the Overpass API",
    "source_url": "https://www.openstreetmap.org/copyright",
    "licence": "ODbL 1.0, (c) OpenStreetMap contributors",
    "retrieved": "2026-08-28"
   }
  },
  {
   "type": "Feature",
   "geometry": {
    "type": "LineString",
    "coordinates": [
     [
      84.4641398,
      27.7727275
     ],
     [
      84.4640532,
      27.7727702
     ],
     [
      84.4634824,
      27.7730799
     ]
    ]
   },
   "properties": {
    "name": "Bharatpur-Mugling Highway",
    "name_local": "Bharatpur-Mugling Highway",
    "highway": "trunk",
    "why_it_matters": "A valley road is the route relief arrives on and the route people leave on, and it runs where the river runs because there is nowhere else to put it.",
    "osm_id": "way/1427135763",
    "source": "OpenStreetMap via the Overpass API",
    "source_url": "https://www.openstreetmap.org/copyright",
    "licence": "ODbL 1.0, (c) OpenStreetMap contributors",
    "retrieved": "2026-08-28"
   }
  },
  {
   "type": "Feature",
   "geometry": {
    "type": "LineString",
    "coordinates": [
     [
      84.4649769,
      27.772167
     ],
     [
      84.4647079,
      27.7723589
     ],
     [
      84.4645003,
      27.7724978
     ]
    ]
   },
   "properties": {
    "name": "Bharatpur-Mugling Highway",
    "name_local": "Bharatpur-Mugling Highway",
    "highway": "trunk",
    "why_it_matters": "A valley road is the route relief arrives on and the route people leave on, and it runs where the river runs because there is nowhere else to put it.",
    "osm_id": "way/1427135764",
    "source": "OpenStreetMap via the Overpass API",
    "source_url": "https://www.openstreetmap.org/copyright",
    "licence": "ODbL 1.0, (c) OpenStreetMap contributors",
    "retrieved": "2026-08-28"
   }
  },
  {
   "type": "Feature",
   "geometry": {
    "type": "LineString",
    "coordinates": [
     [
      84.4700233,
      27.7665488
     ],
     [
      84.469942,
      27.7667531
     ],
     [
      84.4698817,
      27.7669153
     ],
     [
      84.4697745,
      27.7671103
     ]
    ]
   },
   "properties": {
    "name": "Bharatpur-Mugling Highway",
    "name_local": "Bharatpur-Mugling Highway",
    "highway": "trunk",
    "why_it_matters": "A valley road is the route relief arrives on and the route people leave on, and it runs where the river runs because there is nowhere else to put it.",
    "osm_id": "way/1427135765",
    "source": "OpenStreetMap via the Overpass API",
    "source_url": "https://www.openstreetmap.org/copyright",
    "licence": "ODbL 1.0, (c) OpenStreetMap contributors",
    "retrieved": "2026-08-28"
   }
  },
  {
   "type": "Feature",
   "geometry": {
    "type": "LineString",
    "coordinates": [
     [
      84.4704453,
      27.7655922
     ],
     [
      84.4703274,
      27.7658471
     ],
     [
      84.4702065,
      27.7661102
     ]
    ]
   },
   "properties": {
    "name": "Bharatpur-Mugling Highway",
    "name_local": "Bharatpur-Mugling Highway",
    "highway": "trunk",
    "why_it_matters": "A valley road is the route relief arrives on and the route people leave on, and it runs where the river runs because there is nowhere else to put it.",
    "osm_id": "way/1427135766",
    "source": "OpenStreetMap via the Overpass API",
    "source_url": "https://www.openstreetmap.org/copyright",
    "licence": "ODbL 1.0, (c) OpenStreetMap contributors",
    "retrieved": "2026-08-28"
   }
  },
  {
   "type": "Feature",
   "geometry": {
    "type": "LineString",
    "coordinates": [
     [
      84.4248728,
      27.6922451
     ],
     [
      84.4251145,
      27.6919642
     ],
     [
      84.4253009,
      27.6917417
     ],
     [
      84.4254923,
      27.6915228
     ],
     [
      84.4256231,
      27.6913652
     ],
     [
      84.4260106,
      27.6909306
     ],
     [
      84.4264263,
      27.6904543
     ],
     [
      84.4266147,
      27.6902296
     ],
     [
      84.4269782,
      27.6898023
     ]
    ]
   },
   "properties": {
    "name": "Mahendra Highway",
    "name_local": "महेन्द्र राज्मार्ग्",
    "highway": "trunk",
    "why_it_matters": "A valley road is the route relief arrives on and the route people leave on, and it runs where the river runs because there is nowhere else to put it.",
    "osm_id": "way/1428273357",
    "source": "OpenStreetMap via the Overpass API",
    "source_url": "https://www.openstreetmap.org/copyright",
    "licence": "ODbL 1.0, (c) OpenStreetMap contributors",
    "retrieved": "2026-08-28"
   }
  },
  {
   "type": "Feature",
   "geometry": {
    "type": "LineString",
    "coordinates": [
     [
      84.9958316,
      27.7959441
     ],
     [
      84.9961815,
      27.7959214
     ],
     [
      84.9967927,
      27.7960043
     ],
     [
      84.997246,
      27.7960648
     ],
     [
      84.9974404,
      27.7960708
     ],
     [
      84.9975491,
      27.7960494
     ],
     [
      84.9976725,
      27.7960067
     ],
     [
      84.9977945,
      27.795945
     ],
     [
      84.9980446,
      27.7957746
     ]
    ]
   },
   "properties": {
    "name": "unnamed",
    "name_local": "",
    "highway": "trunk",
    "why_it_matters": "A valley road is the route relief arrives on and the route people leave on, and it runs where the river runs because there is nowhere else to put it.",
    "osm_id": "way/1485311034",
    "source": "OpenStreetMap via the Overpass API",
    "source_url": "https://www.openstreetmap.org/copyright",
    "licence": "ODbL 1.0, (c) OpenStreetMap contributors",
    "retrieved": "2026-08-28"
   }
  },
  {
   "type": "Feature",
   "geometry": {
    "type": "LineString",
    "coordinates": [
     [
      84.916646,
      27.800059
     ],
     [
      84.9169396,
      27.799921
     ]
    ]
   },
   "properties": {
    "name": "Pokhare khola",
    "name_local": "Pokhare khola",
    "highway": "trunk",
    "why_it_matters": "A valley road is the route relief arrives on and the route people leave on, and it runs where the river runs because there is nowhere else to put it.",
    "osm_id": "way/1485331752",
    "source": "OpenStreetMap via the Overpass API",
    "source_url": "https://www.openstreetmap.org/copyright",
    "licence": "ODbL 1.0, (c) OpenStreetMap contributors",
    "retrieved": "2026-08-28"
   }
  },
  {
   "type": "Feature",
   "geometry": {
    "type": "LineString",
    "coordinates": [
     [
      84.9169396,
      27.799921
     ],
     [
      84.9174982,
      27.7997307
     ]
    ]
   },
   "properties": {
    "name": "unnamed",
    "name_local": "",
    "highway": "trunk",
    "why_it_matters": "A valley road is the route relief arrives on and the route people leave on, and it runs where the river runs because there is nowhere else to put it.",
    "osm_id": "way/1485331753",
    "source": "OpenStreetMap via the Overpass API",
    "source_url": "https://www.openstreetmap.org/copyright",
    "licence": "ODbL 1.0, (c) OpenStreetMap contributors",
    "retrieved": "2026-08-28"
   }
  },
  {
   "type": "Feature",
   "geometry": {
    "type": "LineString",
    "coordinates": [
     [
      84.916646,
      27.800059
     ],
     [
      84.9160984,
      27.8001992
     ]
    ]
   },
   "properties": {
    "name": "unnamed",
    "name_local": "",
    "highway": "trunk",
    "why_it_matters": "A valley road is the route relief arrives on and the route people leave on, and it runs where the river runs because there is nowhere else to put it.",
    "osm_id": "way/1485331754",
    "source": "OpenStreetMap via the Overpass API",
    "source_url": "https://www.openstreetmap.org/copyright",
    "licence": "ODbL 1.0, (c) OpenStreetMap contributors",
    "retrieved": "2026-08-28"
   }
  },
  {
   "type": "Feature",
   "geometry": {
    "type": "LineString",
    "coordinates": [
     [
      84.4317598,
      27.7983805
     ],
     [
      84.4319824,
      27.7986832
     ]
    ]
   },
   "properties": {
    "name": "Lamnbauluwa Bridge",
    "name_local": "लामुबालुवा पुल",
    "highway": "trunk",
    "why_it_matters": "A valley road is the route relief arrives on and the route people leave on, and it runs where the river runs because there is nowhere else to put it.",
    "osm_id": "way/1485643964",
    "source": "OpenStreetMap via the Overpass API",
    "source_url": "https://www.openstreetmap.org/copyright",
    "licence": "ODbL 1.0, (c) OpenStreetMap contributors",
    "retrieved": "2026-08-28"
   }
  },
  {
   "type": "Feature",
   "geometry": {
    "type": "LineString",
    "coordinates": [
     [
      84.4317789,
      27.7978203
     ],
     [
      84.431697,
      27.7981958
     ],
     [
      84.4317144,
      27.7982941
     ],
     [
      84.4317598,
      27.7983805
     ]
    ]
   },
   "properties": {
    "name": "Bharatpur-Mugling Highway",
    "name_local": "Bharatpur-Mugling Highway",
    "highway": "trunk",
    "why_it_matters": "A valley road is the route relief arrives on and the route people leave on, and it runs where the river runs because there is nowhere else to put it.",
    "osm_id": "way/1485643965",
    "source": "OpenStreetMap via the Overpass API",
    "source_url": "https://www.openstreetmap.org/copyright",
    "licence": "ODbL 1.0, (c) OpenStreetMap contributors",
    "retrieved": "2026-08-28"
   }
  },
  {
   "type": "Feature",
   "geometry": {
    "type": "LineString",
    "coordinates": [
     [
      84.4319824,
      27.7986832
     ],
     [
      84.4321153,
      27.7989301
     ],
     [
      84.4321915,
      27.7991439
     ]
    ]
   },
   "properties": {
    "name": "Narayanghat-Muglin Highway",
    "name_local": "Narayanghat-Muglin Highway",
    "highway": "trunk",
    "why_it_matters": "A valley road is the route relief arrives on and the route people leave on, and it runs where the river runs because there is nowhere else to put it.",
    "osm_id": "way/1485643966",
    "source": "OpenStreetMap via the Overpass API",
    "source_url": "https://www.openstreetmap.org/copyright",
    "licence": "ODbL 1.0, (c) OpenStreetMap contributors",
    "retrieved": "2026-08-28"
   }
  },
  {
   "type": "Feature",
   "geometry": {
    "type": "LineString",
    "coordinates": [
     [
      84.4663305,
      27.8188665
     ],
     [
      84.4665969,
      27.8191124
     ]
    ]
   },
   "properties": {
    "name": "Dumpe khola",
    "name_local": "Dumpe khola",
    "highway": "trunk",
    "why_it_matters": "A valley road is the route relief arrives on and the route people leave on, and it runs where the river runs because there is nowhere else to put it.",
    "osm_id": "way/1485643969",
    "source": "OpenStreetMap via the Overpass API",
    "source_url": "https://www.openstreetmap.org/copyright",
    "licence": "ODbL 1.0, (c) OpenStreetMap contributors",
    "retrieved": "2026-08-28"
   }
  },
  {
   "type": "Feature",
   "geometry": {
    "type": "LineString",
    "coordinates": [
     [
      84.4665969,
      27.8191124
     ],
     [
      84.4666898,
      27.8192331
     ],
     [
      84.4667658,
      27.8194373
     ]
    ]
   },
   "properties": {
    "name": "Narayanghat-Muglin Highway",
    "name_local": "Narayanghat-Muglin Highway",
    "highway": "trunk",
    "why_it_matters": "A valley road is the route relief arrives on and the route people leave on, and it runs where the river runs because there is nowhere else to put it.",
    "osm_id": "way/1485643970",
    "source": "OpenStreetMap via the Overpass API",
    "source_url": "https://www.openstreetmap.org/copyright",
    "licence": "ODbL 1.0, (c) OpenStreetMap contributors",
    "retrieved": "2026-08-28"
   }
  },
  {
   "type": "Feature",
   "geometry": {
    "type": "LineString",
    "coordinates": [
     [
      84.4660601,
      27.8185595
     ],
     [
      84.4663305,
      27.8188665
     ]
    ]
   },
   "properties": {
    "name": "Bharatpur-Mugling Highway",
    "name_local": "Bharatpur-Mugling Highway",
    "highway": "trunk",
    "why_it_matters": "A valley road is the route relief arrives on and the route people leave on, and it runs where the river runs because there is nowhere else to put it.",
    "osm_id": "way/1485643971",
    "source": "OpenStreetMap via the Overpass API",
    "source_url": "https://www.openstreetmap.org/copyright",
    "licence": "ODbL 1.0, (c) OpenStreetMap contributors",
    "retrieved": "2026-08-28"
   }
  },
  {
   "type": "Feature",
   "geometry": {
    "type": "LineString",
    "coordinates": [
     [
      84.4836696,
      27.8199922
     ],
     [
      84.4832497,
      27.8200159
     ]
    ]
   },
   "properties": {
    "name": "Simaltal Bridge",
    "name_local": "सिमलताल पुल",
    "highway": "trunk",
    "why_it_matters": "A valley road is the route relief arrives on and the route people leave on, and it runs where the river runs because there is nowhere else to put it.",
    "osm_id": "way/1485643973",
    "source": "OpenStreetMap via the Overpass API",
    "source_url": "https://www.openstreetmap.org/copyright",
    "licence": "ODbL 1.0, (c) OpenStreetMap contributors",
    "retrieved": "2026-08-28"
   }
  },
  {
   "type": "Feature",
   "geometry": {
    "type": "LineString",
    "coordinates": [
     [
      84.4843532,
      27.8200734
     ],
     [
      84.4836696,
      27.8199922
     ]
    ]
   },
   "properties": {
    "name": "Bharatpur-Mugling Highway",
    "name_local": "Bharatpur-Mugling Highway",
    "highway": "trunk",
    "why_it_matters": "A valley road is the route relief arrives on and the route people leave on, and it runs where the river runs because there is nowhere else to put it.",
    "osm_id": "way/1485643974",
    "source": "OpenStreetMap via the Overpass API",
    "source_url": "https://www.openstreetmap.org/copyright",
    "licence": "ODbL 1.0, (c) OpenStreetMap contributors",
    "retrieved": "2026-08-28"
   }
  },
  {
   "type": "Feature",
   "geometry": {
    "type": "LineString",
    "coordinates": [
     [
      84.4832497,
      27.8200159
     ],
     [
      84.4830041,
      27.8200877
     ],
     [
      84.4828271,
      27.8201501
     ],
     [
      84.4825541,
      27.8202873
     ]
    ]
   },
   "properties": {
    "name": "Narayanghat-Muglin Highway",
    "name_local": "Narayanghat-Muglin Highway",
    "highway": "trunk",
    "why_it_matters": "A valley road is the route relief arrives on and the route people leave on, and it runs where the river runs because there is nowhere else to put it.",
    "osm_id": "way/1485643975",
    "source": "OpenStreetMap via the Overpass API",
    "source_url": "https://www.openstreetmap.org/copyright",
    "licence": "ODbL 1.0, (c) OpenStreetMap contributors",
    "retrieved": "2026-08-28"
   }
  },
  {
   "type": "Feature",
   "geometry": {
    "type": "LineString",
    "coordinates": [
     [
      84.4968128,
      27.8195262
     ],
     [
      84.4959011,
      27.8193849
     ]
    ]
   },
   "properties": {
    "name": "unnamed",
    "name_local": "",
    "highway": "trunk",
    "why_it_matters": "A valley road is the route relief arrives on and the route people leave on, and it runs where the river runs because there is nowhere else to put it.",
    "osm_id": "way/1485643976",
    "source": "OpenStreetMap via the Overpass API",
    "source_url": "https://www.openstreetmap.org/copyright",
    "licence": "ODbL 1.0, (c) OpenStreetMap contributors",
    "retrieved": "2026-08-28"
   }
  },
  {
   "type": "Feature",
   "geometry": {
    "type": "LineString",
    "coordinates": [
     [
      84.4968128,
      27.8195262
     ],
     [
      84.4972328,
      27.8196243
     ]
    ]
   },
   "properties": {
    "name": "Narayanghat-Muglin Highway",
    "name_local": "Narayanghat-Muglin Highway",
    "highway": "trunk",
    "why_it_matters": "A valley road is the route relief arrives on and the route people leave on, and it runs where the river runs because there is nowhere else to put it.",
    "osm_id": "way/1485643977",
    "source": "OpenStreetMap via the Overpass API",
    "source_url": "https://www.openstreetmap.org/copyright",
    "licence": "ODbL 1.0, (c) OpenStreetMap contributors",
    "retrieved": "2026-08-28"
   }
  },
  {
   "type": "Feature",
   "geometry": {
    "type": "LineString",
    "coordinates": [
     [
      84.4959011,
      27.8193849
     ],
     [
      84.4953998,
      27.8192683
     ]
    ]
   },
   "properties": {
    "name": "Bharatpur-Mugling Highway",
    "name_local": "Bharatpur-Mugling Highway",
    "highway": "trunk",
    "why_it_matters": "A valley road is the route relief arrives on and the route people leave on, and it runs where the river runs because there is nowhere else to put it.",
    "osm_id": "way/1485643978",
    "source": "OpenStreetMap via the Overpass API",
    "source_url": "https://www.openstreetmap.org/copyright",
    "licence": "ODbL 1.0, (c) OpenStreetMap contributors",
    "retrieved": "2026-08-28"
   }
  },
  {
   "type": "Feature",
   "geometry": {
    "type": "LineString",
    "coordinates": [
     [
      84.4321915,
      27.7991439
     ],
     [
      84.4321843,
      27.7989596
     ],
     [
      84.4321247,
      27.798725
     ],
     [
      84.4320804,
      27.7986447
     ]
    ]
   },
   "properties": {
    "name": "Narayanghat-Muglin Highway",
    "name_local": "Narayanghat-Muglin Highway",
    "highway": "trunk",
    "why_it_matters": "A valley road is the route relief arrives on and the route people leave on, and it runs where the river runs because there is nowhere else to put it.",
    "osm_id": "way/1485729644",
    "source": "OpenStreetMap via the Overpass API",
    "source_url": "https://www.openstreetmap.org/copyright",
    "licence": "ODbL 1.0, (c) OpenStreetMap contributors",
    "retrieved": "2026-08-28"
   }
  },
  {
   "type": "Feature",
   "geometry": {
    "type": "LineString",
    "coordinates": [
     [
      84.4318578,
      27.798342
     ],
     [
      84.4318232,
      27.7982787
     ],
     [
      84.4317903,
      27.7981341
     ],
     [
      84.431773,
      27.7979524
     ],
     [
      84.4317789,
      27.7978203
     ]
    ]
   },
   "properties": {
    "name": "Bharatpur-Mugling Highway",
    "name_local": "Bharatpur-Mugling Highway",
    "highway": "trunk",
    "why_it_matters": "A valley road is the route relief arrives on and the route people leave on, and it runs where the river runs because there is nowhere else to put it.",
    "osm_id": "way/1485729645",
    "source": "OpenStreetMap via the Overpass API",
    "source_url": "https://www.openstreetmap.org/copyright",
    "licence": "ODbL 1.0, (c) OpenStreetMap contributors",
    "retrieved": "2026-08-28"
   }
  },
  {
   "type": "Feature",
   "geometry": {
    "type": "LineString",
    "coordinates": [
     [
      84.4975255,
      27.8196402
     ],
     [
      84.4974384,
      27.8196458
     ],
     [
      84.4973643,
      27.8196442
     ],
     [
      84.4972328,
      27.8196243
     ]
    ]
   },
   "properties": {
    "name": "Narayanghat-Muglin Highway",
    "name_local": "Narayanghat-Muglin Highway",
    "highway": "trunk",
    "why_it_matters": "A valley road is the route relief arrives on and the route people leave on, and it runs where the river runs because there is nowhere else to put it.",
    "osm_id": "way/1485737173",
    "source": "OpenStreetMap via the Overpass API",
    "source_url": "https://www.openstreetmap.org/copyright",
    "licence": "ODbL 1.0, (c) OpenStreetMap contributors",
    "retrieved": "2026-08-28"
   }
  },
  {
   "type": "Feature",
   "geometry": {
    "type": "LineString",
    "coordinates": [
     [
      84.4825541,
      27.8202873
     ],
     [
      84.4829397,
      27.8201724
     ]
    ]
   },
   "properties": {
    "name": "Narayanghat-Muglin Highway",
    "name_local": "Narayanghat-Muglin Highway",
    "highway": "trunk",
    "why_it_matters": "A valley road is the route relief arrives on and the route people leave on, and it runs where the river runs because there is nowhere else to put it.",
    "osm_id": "way/1485742549",
    "source": "OpenStreetMap via the Overpass API",
    "source_url": "https://www.openstreetmap.org/copyright",
    "licence": "ODbL 1.0, (c) OpenStreetMap contributors",
    "retrieved": "2026-08-28"
   }
  },
  {
   "type": "Feature",
   "geometry": {
    "type": "LineString",
    "coordinates": [
     [
      84.4836651,
      27.8200887
     ],
     [
      84.4843532,
      27.8200734
     ]
    ]
   },
   "properties": {
    "name": "Bharatpur-Mugling Highway",
    "name_local": "Bharatpur-Mugling Highway",
    "highway": "trunk",
    "why_it_matters": "A valley road is the route relief arrives on and the route people leave on, and it runs where the river runs because there is nowhere else to put it.",
    "osm_id": "way/1485742550",
    "source": "OpenStreetMap via the Overpass API",
    "source_url": "https://www.openstreetmap.org/copyright",
    "licence": "ODbL 1.0, (c) OpenStreetMap contributors",
    "retrieved": "2026-08-28"
   }
  },
  {
   "type": "Feature",
   "geometry": {
    "type": "LineString",
    "coordinates": [
     [
      84.4664485,
      27.8188182
     ],
     [
      84.4662612,
      27.8186648
     ],
     [
      84.4660601,
      27.8185595
     ]
    ]
   },
   "properties": {
    "name": "Bharatpur-Mugling Highway",
    "name_local": "Bharatpur-Mugling Highway",
    "highway": "trunk",
    "why_it_matters": "A valley road is the route relief arrives on and the route people leave on, and it runs where the river runs because there is nowhere else to put it.",
    "osm_id": "way/1485747617",
    "source": "OpenStreetMap via the Overpass API",
    "source_url": "https://www.openstreetmap.org/copyright",
    "licence": "ODbL 1.0, (c) OpenStreetMap contributors",
    "retrieved": "2026-08-28"
   }
  },
  {
   "type": "Feature",
   "geometry": {
    "type": "LineString",
    "coordinates": [
     [
      84.4667658,
      27.8194373
     ],
     [
      84.4667528,
      27.8193058
     ],
     [
      84.4667354,
      27.8191551
     ],
     [
      84.4666909,
      27.8190488
     ]
    ]
   },
   "properties": {
    "name": "Narayanghat-Muglin Highway",
    "name_local": "Narayanghat-Muglin Highway",
    "highway": "trunk",
    "why_it_matters": "A valley road is the route relief arrives on and the route people leave on, and it runs where the river runs because there is nowhere else to put it.",
    "osm_id": "way/1485747618",
    "source": "OpenStreetMap via the Overpass API",
    "source_url": "https://www.openstreetmap.org/copyright",
    "licence": "ODbL 1.0, (c) OpenStreetMap contributors",
    "retrieved": "2026-08-28"
   }
  },
  {
   "type": "Feature",
   "geometry": {
    "type": "LineString",
    "coordinates": [
     [
      85.0241773,
      27.8356993
     ],
     [
      85.0241381,
      27.8354319
     ],
     [
      85.0241431,
      27.8352659
     ],
     [
      85.0241781,
      27.835111
     ],
     [
      85.0242403,
      27.8349646
     ],
     [
      85.0243092,
      27.8348021
     ]
    ]
   },
   "properties": {
    "name": "unnamed",
    "name_local": "",
    "highway": "primary",
    "why_it_matters": "A valley road is the route relief arrives on and the route people leave on, and it runs where the river runs because there is nowhere else to put it.",
    "osm_id": "way/1493014869",
    "source": "OpenStreetMap via the Overpass API",
    "source_url": "https://www.openstreetmap.org/copyright",
    "licence": "ODbL 1.0, (c) OpenStreetMap contributors",
    "retrieved": "2026-08-28"
   }
  },
  {
   "type": "Feature",
   "geometry": {
    "type": "LineString",
    "coordinates": [
     [
      84.7237403,
      27.798661
     ],
     [
      84.7240266,
      27.7984833
     ],
     [
      84.7242166,
      27.7982438
     ],
     [
      84.7244036,
      27.7980928
     ],
     [
      84.7245408,
      27.798
     ]
    ]
   },
   "properties": {
    "name": "Prithvi Highway",
    "name_local": "Prithvi Rajmarg",
    "highway": "trunk",
    "why_it_matters": "A valley road is the route relief arrives on and the route people leave on, and it runs where the river runs because there is nowhere else to put it.",
    "osm_id": "way/1549325207",
    "source": "OpenStreetMap via the Overpass API",
    "source_url": "https://www.openstreetmap.org/copyright",
    "licence": "ODbL 1.0, (c) OpenStreetMap contributors",
    "retrieved": "2026-08-28"
   }
  },
  {
   "type": "Feature",
   "geometry": {
    "type": "LineString",
    "coordinates": [
     [
      85.1859578,
      27.9811093
     ],
     [
      85.1859895,
      27.9810363
     ],
     [
      85.1859989,
      27.9809595
     ],
     [
      85.1859874,
      27.9807516
     ],
     [
      85.1860103,
      27.980666
     ],
     [
      85.1860328,
      27.9806379
     ],
     [
      85.1860638,
      27.9806166
     ],
     [
      85.1861923,
      27.9805637
     ],
     [
      85.1863375,
      27.9804859
     ],
     [
      85.1863664,
      27.980454
     ],
     [
      85.1863907,
      27.9803997
     ],
     [
      85.186398,
      27.9803562
     ],
     [
      85.1863892,
      27.9803079
     ],
     [
      85.1863721,
      27.9802687
     ],
     [
      85.1863406,
      27.9802309
     ],
     [
      85.1862904,
      27.9802044
     ],
     [
      85.186132,
      27.9801787
     ],
     [
      85.1860662,
      27.9801373
     ],
     [
      85.186033,
      27.9800988
     ],
     [
      85.1859163,
      27.9798912
     ],
     [
      85.1857323,
      27.9796283
     ],
     [
      85.185708,
      27.9795469
     ],
     [
      85.1857201,
      27.9794842
     ],
     [
      85.1857527,
      27.9794405
     ],
     [
      85.1861134,
      27.9791172
     ],
     [
      85.1861539,
      27.9790901
     ],
     [
      85.1862009,
      27.9790706
     ],
     [
      85.1863252,
      27.9790499
     ],
     [
      85.1867946,
      27.9790582
     ],
     [
      85.1870039,
      27.9790544
     ],
     [
      85.1871729,
      27.9790208
     ],
     [
      85.1872658,
      27.9789922
     ],
     [
      85.1873153,
      27.9789392
     ],
     [
      85.1873371,
      27.9788794
     ],
     [
      85.1873303,
      27.9788225
     ],
     [
      85.1872949,
      27.9786873
     ],
     [
      85.1872903,
      27.9786335
     ],
     [
      85.1873159,
      27.9785821
     ],
     [
      85.187359,
      27.9785551
     ],
     [
      85.187396,
      27.9785487
     ],
     [
      85.1874406,
      27.9785559
     ],
     [
      85.1874749,
      27.9785816
     ],
     [
      85.1875043,
      27.9786313
     ],
     [
      85.1875481,
      27.9788856
     ],
     [
      85.1875477,
      27.9788908
     ],
     [
      85.1875352,
      27.978953
     ],
     [
      85.1875089,
      27.9790137
     ],
     [
      85.1874601,
      27.9790713
     ],
     [
      85.1874252,
      27.979094
     ],
     [
      85.1870878,
      27.9791881
     ],
     [
      85.1867819,
      27.9792983
     ],
     [
      85.1864916,
      27.9793526
     ],
     [
      85.1863452,
      27.9793936
     ],
     [
      85.1863135,
      27.9794091
     ],
     [
      85.1862852,
      27.979443
     ],
     [
      85.1862518,
      27.9795126
     ],
     [
      85.1862413,
      27.9795708
     ],
     [
      85.1862525,
      27.9796369
     ],
     [
      85.1862958,
      27.9797094
     ],
     [
      85.1863599,
      27.9797699
     ],
     [
      85.1864239,
      27.9798053
     ],
     [
      85.1865115,
      27.979826
     ],
     [
      85.1869341,
      27.9798439
     ],
     [
      85.1870039,
      27.9798539
     ],
     [
      85.1870812,
      27.9798789
     ],
     [
      85.1873799,
      27.9799983
     ],
     [
      85.187551,
      27.980085
     ],
     [
      85.187642,
      27.9801539
     ],
     [
      85.1876955,
      27.9802213
     ],
     [
      85.1877153,
      27.9802624
     ],
     [
      85.1877727,
      27.9804967
     ],
     [
      85.1878403,
      27.980657
     ],
     [
      85.1878536,
      27.9807342
     ],
     [
      85.1878434,
      27.9807943
     ],
     [
      85.1878067,
      27.9808392
     ],
     [
      85.1877707,
      27.9808683
     ],
     [
      85.1876992,
      27.9808962
     ],
     [
      85.1876396,
      27.9808961
     ],
     [
      85.1874636,
      27.9808742
     ],
     [
      85.187395,
      27.980875
     ],
     [
      85.1873349,
      27.980887
     ],
     [
      85.1872355,
      27.9809428
     ],
     [
      85.18719,
      27.9809823
     ],
     [
      85.187157,
      27.9810363
     ],
     [
      85.1871446,
      27.9811104
     ],
     [
      85.1871487,
      27.9811567
     ],
     [
      85.1871764,
      27.9812456
     ],
     [
      85.1872207,
      27.9813167
     ],
     [
      85.1873398,
      27.9814484
     ],
     [
      85.1873661,
      27.9814942
     ],
     [
      85.187377,
      27.981534
     ],
     [
      85.1873761,
      27.9815682
     ],
     [
      85.1873601,
      27.9816126
     ],
     [
      85.1873285,
      27.9816633
     ],
     [
      85.18728,
      27.9817205
     ],
     [
      85.1872452,
      27.981794
     ],
     [
      85.1872329,
      27.981859
     ],
     [
      85.1872377,
      27.9818924
     ],
     [
      85.1872538,
      27.9819239
     ],
     [
      85.1872839,
      27.9819517
     ],
     [
      85.1873311,
      27.9819737
     ],
     [
      85.1876592,
      27.9820219
     ],
     [
      85.1877887,
      27.9820573
     ],
     [
      85.1878439,
      27.9820966
     ],
     [
      85.1878622,
      27.9821231
     ],
     [
      85.1878841,
      27.9821809
     ],
     [
      85.18789,
      27.9822616
     ],
     [
      85.1878675,
      27.9823438
     ],
     [
      85.187661,
      27.9826631
     ],
     [
      85.1876176,
      27.9827472
     ],
     [
      85.1876007,
      27.98282
     ],
     [
      85.1876031,
      27.982857
     ],
     [
      85.187616,
      27.9828924
     ],
     [
      85.1876417,
      27.9829245
     ],
     [
      85.1876828,
      27.9829521
     ],
     [
      85.1877415,
      27.9829734
     ],
     [
      85.1878571,
      27.9829988
     ],
     [
      85.1880724,
      27.9830261
     ],
     [
      85.1883064,
      27.9831051
     ],
     [
      85.1883773,
      27.9831191
     ],
     [
      85.1885041,
      27.98311
     ],
     [
      85.1886132,
      27.9830788
     ],
     [
      85.1888342,
      27.9829995
     ],
     [
      85.1889897,
      27.9829655
     ],
     [
      85.1890853,
      27.9829734
     ],
     [
      85.1893803,
      27.9830397
     ],
     [
      85.1894227,
      27.9830377
     ],
     [
      85.1894725,
      27.9830027
     ],
     [
      85.1894873,
      27.9829652
     ],
     [
      85.1894869,
      27.9829441
     ],
     [
      85.1894662,
      27.9829
     ],
     [
      85.1894449,
      27.9828797
     ],
     [
      85.1893852,
      27.9828484
     ],
     [
      85.189276,
      27.98282
     ],
     [
      85.1890278,
      27.982785
     ],
     [
      85.1888795,
      27.9827794
     ],
     [
      85.1887702,
      27.9827894
     ],
     [
      85.1884979,
      27.9828597
     ],
     [
      85.1884264,
      27.982868
     ],
     [
      85.1883427,
      27.9828553
     ],
     [
      85.1883034,
      27.9828396
     ],
     [
      85.1882696,
      27.9828167
     ],
     [
      85.1882441,
      27.9827862
     ],
     [
      85.1882298,
      27.9827472
     ],
     [
      85.1882294,
      27.9826993
     ],
     [
      85.1882458,
      27.9826418
     ],
     [
      85.1883179,
      27.9824682
     ],
     [
      85.1883432,
      27.9823741
     ],
     [
      85.1883826,
      27.9820567
     ],
     [
      85.1883793,
      27.9819825
     ],
     [
      85.188368,
      27.9819144
     ],
     [
      85.1883065,
      27.9818032
     ],
     [
      85.1882733,
      27.9817201
     ],
     [
      85.1882651,
      27.9816254
     ],
     [
      85.1882769,
      27.9815754
     ],
     [
      85.1883027,
      27.9815247
     ],
     [
      85.188345,
      27.9814741
     ],
     [
      85.1884938,
      27.981332
     ],
     [
      85.1885823,
      27.9812579
     ],
     [
      85.1886327,
      27.9812139
     ],
     [
      85.1886939,
      27.9811788
     ],
     [
      85.1887796,
      27.9811615
     ],
     [
      85.1888324,
      27.9811656
     ],
     [
      85.1888922,
      27.9811813
     ],
     [
      85.1889592,
      27.9812111
     ],
     [
      85.1891547,
      27.981323
     ],
     [
      85.1892489,
      27.981358
     ],
     [
      85.18935,
      27.9813702
     ],
     [
      85.1895426,
      27.9813618
     ],
     [
      85.1896759,
      27.9813656
     ],
     [
      85.1897382,
      27.9813772
     ],
     [
      85.189795,
      27.9813983
     ],
     [
      85.1900004,
      27.9815518
     ],
     [
      85.1901464,
      27.9816365
     ],
     [
      85.1902108,
      27.9817065
     ],
     [
      85.1902817,
      27.9818185
     ],
     [
      85.1905769,
      27.9824305
     ],
     [
      85.1905994,
      27.9824702
     ],
     [
      85.1906578,
      27.9825389
     ],
     [
      85.1907315,
      27.982592
     ],
     [
      85.1908176,
      27.982628
     ],
     [
      85.1909128,
      27.9826454
     ],
     [
      85.1910864,
      27.9826454
     ],
     [
      85.1911691,
      27.9826528
     ],
     [
      85.1912353,
      27.9826723
     ],
     [
      85.1913303,
      27.9827223
     ],
     [
      85.1913981,
      27.9827488
     ],
     [
      85.1914715,
      27.982766
     ],
     [
      85.1915579,
      27.9827651
     ],
     [
      85.1916066,
      27.9827553
     ],
     [
      85.1917089,
      27.9827125
     ],
     [
      85.1919872,
      27.9825372
     ],
     [
      85.1920572,
      27.982502
     ],
     [
      85.1921489,
      27.9824711
     ],
     [
      85.1924264,
      27.982402
     ],
     [
      85.1927009,
      27.9823528
     ],
     [
      85.1928753,
      27.9823339
     ],
     [
      85.1929665,
      27.9823149
     ],
     [
      85.1930711,
      27.9822723
     ],
     [
      85.1932856,
      27.9821728
     ],
     [
      85.1935102,
      27.9820971
     ],
     [
      85.1936316,
      27.9820662
     ],
     [
      85.1939039,
      27.9820363
     ],
     [
      85.194111,
      27.9820172
     ],
     [
      85.1941734,
      27.9820213
     ],
     [
      85.1942236,
      27.9820341
     ],
     [
      85.1942599,
      27.9820628
     ],
     [
      85.1942814,
      27.982102
     ],
     [
      85.1942831,
      27.9821657
     ],
     [
      85.194262,
      27.9822012
     ],
     [
      85.1942234,
      27.9822225
     ],
     [
      85.1941724,
      27.9822244
     ],
     [
      85.1941185,
      27.9822131
     ],
     [
      85.1939575,
      27.9821752
     ],
     [
      85.1938258,
      27.9821693
     ],
     [
      85.1937238,
      27.9821823
     ],
     [
      85.1936254,
      27.982195
     ],
     [
      85.1935402,
      27.9822147
     ],
     [
      85.1933933,
      27.9822773
     ],
     [
      85.1932985,
      27.9823441
     ],
     [
      85.193119,
      27.9825482
     ],
     [
      85.1930303,
      27.9826269
     ],
     [
      85.1929745,
      27.9826655
     ],
     [
      85.1928667,
      27.9827134
     ],
     [
      85.192557,
      27.9828243
     ],
     [
      85.1921983,
      27.9830111
     ],
     [
      85.1920316,
      27.9831123
     ],
     [
      85.191902,
      27.9832286
     ],
     [
      85.1917782,
      27.9833619
     ],
     [
      85.1917257,
      27.9834611
     ],
     [
      85.1917079,
      27.9835606
     ],
     [
      85.191711,
      27.9836136
     ],
     [
      85.1917661,
      27.9837697
     ],
     [
      85.1917561,
      27.9838767
     ]
    ]
   },
   "properties": {
    "name": "Pasang Lhamu Highway",
    "name_local": "Pasang Lhamu Highway",
    "highway": "primary",
    "why_it_matters": "A valley road is the route relief arrives on and the route people leave on, and it runs where the river runs because there is nowhere else to put it.",
    "osm_id": "way/1553085193",
    "source": "OpenStreetMap via the Overpass API",
    "source_url": "https://www.openstreetmap.org/copyright",
    "licence": "ODbL 1.0, (c) OpenStreetMap contributors",
    "retrieved": "2026-08-28"
   }
  },
  {
   "type": "Feature",
   "geometry": {
    "type": "LineString",
    "coordinates": [
     [
      85.1457243,
      27.9054072
     ],
     [
      85.1457944,
      27.9052795
     ],
     [
      85.1458535,
      27.905087
     ],
     [
      85.1458749,
      27.9050175
     ],
     [
      85.1459299,
      27.9047521
     ],
     [
      85.1459382,
      27.9044283
     ],
     [
      85.1459401,
      27.9041535
     ],
     [
      85.1459393,
      27.9036996
     ],
     [
      85.1459554,
      27.9031687
     ],
     [
      85.1459561,
      27.902939
     ],
     [
      85.1459594,
      27.9017571
     ],
     [
      85.1459742,
      27.901411
     ],
     [
      85.1459715,
      27.900918
     ],
     [
      85.145976,
      27.9008842
     ],
     [
      85.146043,
      27.9003848
     ],
     [
      85.1461016,
      27.8999615
     ],
     [
      85.1462725,
      27.899022
     ],
     [
      85.146284,
      27.8989695
     ],
     [
      85.1463064,
      27.8987568
     ],
     [
      85.1464,
      27.8981442
     ],
     [
      85.1464217,
      27.8980024
     ],
     [
      85.1464566,
      27.8977931
     ],
     [
      85.1464536,
      27.8975412
     ],
     [
      85.146402,
      27.8971501
     ],
     [
      85.1464233,
      27.8969254
     ],
     [
      85.1464324,
      27.8968821
     ],
     [
      85.1464497,
      27.8968027
     ],
     [
      85.1465616,
      27.8963394
     ],
     [
      85.1466742,
      27.8960146
     ],
     [
      85.1469076,
      27.8958155
     ],
     [
      85.1471939,
      27.8956562
     ],
     [
      85.1473233,
      27.8954587
     ],
     [
      85.1474078,
      27.8951731
     ],
     [
      85.1473461,
      27.8947772
     ],
     [
      85.1472539,
      27.8944773
     ],
     [
      85.1472375,
      27.894424
     ],
     [
      85.1472482,
      27.8942367
     ],
     [
      85.1473689,
      27.8939534
     ],
     [
      85.1474923,
      27.8938112
     ],
     [
      85.1475698,
      27.8937525
     ],
     [
      85.1476237,
      27.893714
     ],
     [
      85.1478222,
      27.8936642
     ],
     [
      85.1479979,
      27.8936358
     ],
     [
      85.1482058,
      27.8936002
     ],
     [
      85.1483546,
      27.8935599
     ],
     [
      85.1484767,
      27.8935137
     ],
     [
      85.1485464,
      27.8934106
     ],
     [
      85.1486336,
      27.8932233
     ],
     [
      85.1487891,
      27.8930099
     ],
     [
      85.1489143,
      27.8928527
     ],
     [
      85.1490326,
      27.892787
     ],
     [
      85.1491526,
      27.8927385
     ],
     [
      85.1493363,
      27.8927432
     ],
     [
      85.1494907,
      27.8927491
     ],
     [
      85.1499693,
      27.8927681
     ],
     [
      85.1502456,
      27.8927432
     ],
     [
      85.1503844,
      27.8926401
     ]
    ]
   },
   "properties": {
    "name": "Pasang Lhamu Highway",
    "name_local": "Pasang Lhamu Highway",
    "highway": "primary",
    "why_it_matters": "A valley road is the route relief arrives on and the route people leave on, and it runs where the river runs because there is nowhere else to put it.",
    "osm_id": "way/1553090326",
    "source": "OpenStreetMap via the Overpass API",
    "source_url": "https://www.openstreetmap.org/copyright",
    "licence": "ODbL 1.0, (c) OpenStreetMap contributors",
    "retrieved": "2026-08-28"
   }
  },
  {
   "type": "Feature",
   "geometry": {
    "type": "LineString",
    "coordinates": [
     [
      85.1455679,
      27.9056923
     ],
     [
      85.1457243,
      27.9054072
     ]
    ]
   },
   "properties": {
    "name": "Pasang Lhamu Highway",
    "name_local": "Pasang Lhamu Highway",
    "highway": "primary",
    "why_it_matters": "A valley road is the route relief arrives on and the route people leave on, and it runs where the river runs because there is nowhere else to put it.",
    "osm_id": "way/1553090327",
    "source": "OpenStreetMap via the Overpass API",
    "source_url": "https://www.openstreetmap.org/copyright",
    "licence": "ODbL 1.0, (c) OpenStreetMap contributors",
    "retrieved": "2026-08-28"
   }
  },
  {
   "type": "Feature",
   "geometry": {
    "type": "LineString",
    "coordinates": [
     [
      85.1537892,
      27.9231683
     ],
     [
      85.1538961,
      27.9233173
     ]
    ]
   },
   "properties": {
    "name": "Pasang Lhamu Highway",
    "name_local": "Pasang Lhamu Highway",
    "highway": "primary",
    "why_it_matters": "A valley road is the route relief arrives on and the route people leave on, and it runs where the river runs because there is nowhere else to put it.",
    "osm_id": "way/1553092937",
    "source": "OpenStreetMap via the Overpass API",
    "source_url": "https://www.openstreetmap.org/copyright",
    "licence": "ODbL 1.0, (c) OpenStreetMap contributors",
    "retrieved": "2026-08-28"
   }
  },
  {
   "type": "Feature",
   "geometry": {
    "type": "LineString",
    "coordinates": [
     [
      85.1857682,
      27.9745016
     ],
     [
      85.1859216,
      27.974072
     ]
    ]
   },
   "properties": {
    "name": "unnamed",
    "name_local": "",
    "highway": "secondary",
    "why_it_matters": "A valley road is the route relief arrives on and the route people leave on, and it runs where the river runs because there is nowhere else to put it.",
    "osm_id": "way/1553178219",
    "source": "OpenStreetMap via the Overpass API",
    "source_url": "https://www.openstreetmap.org/copyright",
    "licence": "ODbL 1.0, (c) OpenStreetMap contributors",
    "retrieved": "2026-08-28"
   }
  },
  {
   "type": "Feature",
   "geometry": {
    "type": "LineString",
    "coordinates": [
     [
      85.1859216,
      27.974072
     ],
     [
      85.1859467,
      27.9739951
     ],
     [
      85.1859803,
      27.9737783
     ],
     [
      85.185915,
      27.9737232
     ]
    ]
   },
   "properties": {
    "name": "unnamed",
    "name_local": "",
    "highway": "secondary",
    "why_it_matters": "A valley road is the route relief arrives on and the route people leave on, and it runs where the river runs because there is nowhere else to put it.",
    "osm_id": "way/1553178220",
    "source": "OpenStreetMap via the Overpass API",
    "source_url": "https://www.openstreetmap.org/copyright",
    "licence": "ODbL 1.0, (c) OpenStreetMap contributors",
    "retrieved": "2026-08-28"
   }
  },
  {
   "type": "Feature",
   "geometry": {
    "type": "LineString",
    "coordinates": [
     [
      85.1855856,
      27.9746585
     ],
     [
      85.185693,
      27.974675
     ],
     [
      85.1857198,
      27.9746371
     ],
     [
      85.1857682,
      27.9745016
     ]
    ]
   },
   "properties": {
    "name": "unnamed",
    "name_local": "",
    "highway": "secondary",
    "why_it_matters": "A valley road is the route relief arrives on and the route people leave on, and it runs where the river runs because there is nowhere else to put it.",
    "osm_id": "way/1553178221",
    "source": "OpenStreetMap via the Overpass API",
    "source_url": "https://www.openstreetmap.org/copyright",
    "licence": "ODbL 1.0, (c) OpenStreetMap contributors",
    "retrieved": "2026-08-28"
   }
  }
 ]
}
