{
 "type": "FeatureCollection",
 "crs": {
  "type": "name",
  "properties": {
   "name": "urn:ogc:def:crs:OGC:1.3:CRS84"
  }
 },
 "description": "Other rivers OpenStreetMap has that reach the flood path, with the distance down the path at which each one meets it.",
 "retrieved": "2026-08-28",
 "features": [
  {
   "type": "Feature",
   "geometry": {
    "type": "LineString",
    "coordinates": [
     [
      85.4478732,
      28.3802021
     ],
     [
      85.4480061,
      28.3799634
     ],
     [
      85.4482995,
      28.3791206
     ],
     [
      85.4485504,
      28.3787785
     ],
     [
      85.44866,
      28.3784799
     ],
     [
      85.4485504,
      28.3781751
     ],
     [
      85.4485717,
      28.3777708
     ],
     [
      85.4488438,
      28.3775997
     ],
     [
      85.44901,
      28.3772483
     ],
     [
      85.4490312,
      28.3768533
     ],
     [
      85.4492362,
      28.3762904
     ],
     [
      85.4495119,
      28.3760198
     ],
     [
      85.4497311,
      28.3755875
     ],
     [
      85.4497841,
      28.3750618
     ],
     [
      85.44977,
      28.3747477
     ],
     [
      85.4498796,
      28.3745269
     ],
     [
      85.4501093,
      28.3743745
     ],
     [
      85.4505335,
      28.3739919
     ],
     [
      85.4506785,
      28.3736964
     ],
     [
      85.4506891,
      28.3729655
     ],
     [
      85.4505972,
      28.3723528
     ],
     [
      85.4507987,
      28.3714633
     ],
     [
      85.4508269,
      28.3710838
     ],
     [
      85.4507527,
      28.3706484
     ],
     [
      85.4508517,
      28.3704742
     ],
     [
      85.4509825,
      28.3700636
     ],
     [
      85.4509931,
      28.3696157
     ],
     [
      85.4513041,
      28.3690807
     ],
     [
      85.4513819,
      28.3686173
     ],
     [
      85.4514243,
      28.3678739
     ],
     [
      85.4513678,
      28.3674478
     ],
     [
      85.4511309,
      28.3670807
     ],
     [
      85.451184,
      28.3668692
     ],
     [
      85.4511486,
      28.3665831
     ],
     [
      85.45129,
      28.3662254
     ],
     [
      85.4513254,
      28.3658801
     ],
     [
      85.4510567,
      28.3655908
     ],
     [
      85.4510496,
      28.3648412
     ],
     [
      85.4512087,
      28.3643715
     ],
     [
      85.4512617,
      28.36388
     ],
     [
      85.4509153,
      28.363485
     ],
     [
      85.4507633,
      28.3631335
     ],
     [
      85.4505936,
      28.362922
     ],
     [
      85.4505053,
      28.362586
     ],
     [
      85.4505795,
      28.3620728
     ],
     [
      85.4504133,
      28.3618737
     ],
     [
      85.4503073,
      28.3615782
     ],
     [
      85.4499609,
      28.3602251
     ],
     [
      85.4495508,
      28.359998
     ],
     [
      85.4493776,
      28.359718
     ],
     [
      85.4495685,
      28.3592577
     ],
     [
      85.4495685,
      28.3589404
     ],
     [
      85.4493529,
      28.3583898
     ],
     [
      85.4493034,
      28.357833
     ],
     [
      85.4490135,
      28.3575126
     ],
     [
      85.4489181,
      28.3566042
     ],
     [
      85.4488014,
      28.3561843
     ],
     [
      85.4485292,
      28.3557705
     ],
     [
      85.4485398,
      28.3553412
     ],
     [
      85.4483348,
      28.3549804
     ],
     [
      85.4483136,
      28.3545853
     ],
     [
      85.4484797,
      28.3543022
     ],
     [
      85.4485469,
      28.3540627
     ],
     [
      85.4484515,
      28.3538916
     ],
     [
      85.4481864,
      28.3537454
     ],
     [
      85.4480768,
      28.3533908
     ],
     [
      85.4481475,
      28.353005
     ],
     [
      85.4480414,
      28.3526722
     ],
     [
      85.4476349,
      28.3521371
     ],
     [
      85.4476844,
      28.3516767
     ],
     [
      85.4475006,
      28.3513065
     ],
     [
      85.4471011,
      28.3510296
     ],
     [
      85.4468183,
      28.3506718
     ],
     [
      85.4463765,
      28.3496328
     ],
     [
      85.4464542,
      28.3493092
     ],
     [
      85.4466133,
      28.349079
     ],
     [
      85.4466239,
      28.3488115
     ],
     [
      85.4464861,
      28.3484755
     ],
     [
      85.4464638,
      28.3481416
     ],
     [
      85.446426,
      28.3475764
     ],
     [
      85.4464012,
      28.3464876
     ],
     [
      85.4465647,
      28.3446516
     ],
     [
      85.4462972,
      28.3440664
     ],
     [
      85.4455749,
      28.3435583
     ],
     [
      85.4454924,
      28.3431711
     ],
     [
      85.4454982,
      28.3429352
     ],
     [
      85.4453886,
      28.3426895
     ],
     [
      85.445378,
      28.3423472
     ],
     [
      85.445279,
      28.3421357
     ],
     [
      85.4454275,
      28.341557
     ],
     [
      85.4453744,
      28.3413765
     ],
     [
      85.4454275,
      28.3407232
     ],
     [
      85.4453709,
      28.3404152
     ],
     [
      85.4448831,
      28.3395938
     ],
     [
      85.4446215,
      28.3394725
     ],
     [
      85.4442786,
      28.3391582
     ],
     [
      85.4437166,
      28.3389591
     ],
     [
      85.4433065,
      28.3386387
     ],
     [
      85.4426754,
      28.3383833
     ],
     [
      85.4424633,
      28.3381997
     ],
     [
      85.4417776,
      28.3379042
     ],
     [
      85.4414524,
      28.3374873
     ],
     [
      85.4412933,
      28.3368183
     ],
     [
      85.4411316,
      28.33648
     ],
     [
      85.4407338,
      28.3361205
     ],
     [
      85.4405638,
      28.3357509
     ],
     [
      85.4402972,
      28.3354033
     ],
     [
      85.4399756,
      28.3353006
     ]
    ]
   },
   "properties": {
    "name": "Lende Khola",
    "name_local": "东林藏布",
    "named": true,
    "km_to_channel": 0.0,
    "km_confluence": 0.0,
    "joins_reach": "Steep gorge",
    "backwater_note": "A surge in the main river backs up into the mouth of a tributary. Anywhere just up this stream from the junction can flood without this stream itself being in flood.",
    "osm_id": "way/1509505362",
    "source": "OpenStreetMap via the Overpass API",
    "source_url": "https://www.openstreetmap.org/copyright",
    "licence": "ODbL 1.0, (c) OpenStreetMap contributors",
    "retrieved": "2026-08-28"
   }
  },
  {
   "type": "Feature",
   "geometry": {
    "type": "LineString",
    "coordinates": [
     [
      85.3916546,
      28.2881902
     ],
     [
      85.39144,
      28.287854
     ],
     [
      85.3912273,
      28.2877128
     ],
     [
      85.3908609,
      28.2876811
     ],
     [
      85.3904585,
      28.2877618
     ],
     [
      85.3902812,
      28.2878581
     ]
    ]
   },
   "properties": {
    "name": "unnamed",
    "name_local": "",
    "named": false,
    "km_to_channel": 0.03,
    "km_confluence": 8.3,
    "joins_reach": "Steep gorge",
    "backwater_note": "A surge in the main river backs up into the mouth of a tributary. Anywhere just up this stream from the junction can flood without this stream itself being in flood.",
    "osm_id": "way/341571518",
    "source": "OpenStreetMap via the Overpass API",
    "source_url": "https://www.openstreetmap.org/copyright",
    "licence": "ODbL 1.0, (c) OpenStreetMap contributors",
    "retrieved": "2026-08-28"
   }
  },
  {
   "type": "Feature",
   "geometry": {
    "type": "LineString",
    "coordinates": [
     [
      85.3577558,
      28.2860931
     ],
     [
      85.3583853,
      28.2858166
     ],
     [
      85.3589638,
      28.2856262
     ],
     [
      85.3598945,
      28.2855613
     ],
     [
      85.3608097,
      28.2856655
     ],
     [
      85.3612503,
      28.2857683
     ],
     [
      85.3615178,
      28.2857065
     ],
     [
      85.3616619,
      28.2855861
     ],
     [
      85.3618095,
      28.2853472
     ],
     [
      85.3619098,
      28.2852539
     ],
     [
      85.3622104,
      28.2852177
     ],
     [
      85.3624655,
      28.2852856
     ],
     [
      85.3628188,
      28.2854284
     ],
     [
      85.3632729,
      28.2854634
     ],
     [
      85.3637107,
      28.2854392
     ],
     [
      85.3641109,
      28.285467
     ],
     [
      85.3645072,
      28.2856039
     ],
     [
      85.3649801,
      28.2857846
     ],
     [
      85.365236,
      28.2858069
     ],
     [
      85.3658816,
      28.2857228
     ],
     [
      85.3664388,
      28.2858115
     ],
     [
      85.3672437,
      28.2859937
     ],
     [
      85.3677633,
      28.2859531
     ],
     [
      85.3684058,
      28.285775
     ],
     [
      85.3686516,
      28.2857353
     ],
     [
      85.3690837,
      28.2856654
     ],
     [
      85.3695808,
      28.2855726
     ],
     [
      85.3701512,
      28.2854788
     ],
     [
      85.3710152,
      28.2851214
     ],
     [
      85.3713189,
      28.2849218
     ],
     [
      85.3717364,
      28.2846474
     ],
     [
      85.3721012,
      28.2845164
     ],
     [
      85.3725267,
      28.2844542
     ],
     [
      85.3728837,
      28.2843484
     ],
     [
      85.3750982,
      28.2830662
     ],
     [
      85.3759038,
      28.2823052
     ],
     [
      85.3765521,
      28.2809444
     ],
     [
      85.3767292,
      28.2799153
     ],
     [
      85.3770098,
      28.2792863
     ],
     [
      85.3771127,
      28.2789457
     ],
     [
      85.3771252,
      28.2786827
     ],
     [
      85.3769971,
      28.2780537
     ]
    ]
   },
   "properties": {
    "name": "Kyirong Tsangpo",
    "name_local": "吉隆藏布",
    "named": true,
    "km_to_channel": 0.06,
    "km_confluence": 10.1,
    "joins_reach": "Steep gorge",
    "backwater_note": "A surge in the main river backs up into the mouth of a tributary. Anywhere just up this stream from the junction can flood without this stream itself being in flood.",
    "osm_id": "way/904894054",
    "source": "OpenStreetMap via the Overpass API",
    "source_url": "https://www.openstreetmap.org/copyright",
    "licence": "ODbL 1.0, (c) OpenStreetMap contributors",
    "retrieved": "2026-08-28"
   }
  },
  {
   "type": "Feature",
   "geometry": {
    "type": "LineString",
    "coordinates": [
     [
      85.2849115,
      28.2166057
     ],
     [
      85.2850328,
      28.2164394
     ],
     [
      85.2852412,
      28.216281
     ],
     [
      85.2853166,
      28.2161511
     ],
     [
      85.285416,
      28.2159276
     ],
     [
      85.2854331,
      28.2157646
     ],
     [
      85.2854434,
      28.2156407
     ],
     [
      85.2855085,
      28.2155139
     ],
     [
      85.2856148,
      28.215378
     ],
     [
      85.2857176,
      28.2152421
     ],
     [
      85.2858478,
      28.2150881
     ],
     [
      85.2858787,
      28.2147287
     ],
     [
      85.2861152,
      28.2143995
     ],
     [
      85.2862077,
      28.2142968
     ],
     [
      85.286403,
      28.2141519
     ],
     [
      85.2865641,
      28.214019
     ],
     [
      85.2866875,
      28.2138529
     ],
     [
      85.2869,
      28.2135932
     ],
     [
      85.2869822,
      28.2134603
     ],
     [
      85.2870816,
      28.2133274
     ],
     [
      85.2871982,
      28.2132096
     ],
     [
      85.2872838,
      28.2131553
     ],
     [
      85.2874689,
      28.2130133
     ],
     [
      85.287887,
      28.2127989
     ],
     [
      85.2880138,
      28.2127083
     ],
     [
      85.2881064,
      28.2126026
     ],
     [
      85.2882812,
      28.2124365
     ],
     [
      85.2884148,
      28.212367
     ],
     [
      85.2885313,
      28.2122613
     ],
     [
      85.2885828,
      28.2121526
     ],
     [
      85.2886033,
      28.212059
     ],
     [
      85.2887061,
      28.2119533
     ],
     [
      85.2888843,
      28.2118868
     ],
     [
      85.2890523,
      28.2118506
     ],
     [
      85.2891996,
      28.2117962
     ],
     [
      85.2893196,
      28.2116573
     ],
     [
      85.2893916,
      28.2114973
     ],
     [
      85.2896178,
      28.2111409
     ],
     [
      85.2897686,
      28.2110986
     ],
     [
      85.2899022,
      28.2110231
     ],
     [
      85.2900256,
      28.2109083
     ],
     [
      85.2901147,
      28.2107604
     ],
     [
      85.2901524,
      28.2106093
     ],
     [
      85.290197,
      28.2104312
     ],
     [
      85.2902861,
      28.2102439
     ],
     [
      85.2903992,
      28.2099902
     ],
     [
      85.290502,
      28.2097577
     ],
     [
      85.2905671,
      28.2094979
     ],
     [
      85.2906425,
      28.2092895
     ],
     [
      85.2906836,
      28.2091053
     ],
     [
      85.2906734,
      28.2089181
     ],
     [
      85.2906425,
      28.2087127
     ],
     [
      85.2907042,
      28.2085103
     ],
     [
      85.2907419,
      28.2083805
     ],
     [
      85.2907111,
      28.2081842
     ],
     [
      85.2906665,
      28.2079939
     ],
     [
      85.2906151,
      28.2077976
     ],
     [
      85.2905465,
      28.2075952
     ],
     [
      85.2904883,
      28.2073808
     ],
     [
      85.2902141,
      28.2070335
     ],
     [
      85.2901216,
      28.2068492
     ],
     [
      85.2900462,
      28.2066559
     ],
     [
      85.2899022,
      28.2063841
     ],
     [
      85.2897172,
      28.2061365
     ],
     [
      85.2896589,
      28.2058737
     ],
     [
      85.2896212,
      28.2056683
     ],
     [
      85.2896418,
      28.2053452
     ],
     [
      85.2896795,
      28.2052636
     ],
     [
      85.2897446,
      28.2051368
     ],
     [
      85.2898028,
      28.2049374
     ],
     [
      85.2897891,
      28.2048438
     ],
     [
      85.2897274,
      28.20472
     ],
     [
      85.2896281,
      28.2046022
     ],
     [
      85.2896178,
      28.2043756
     ],
     [
      85.2895938,
      28.2041038
     ],
     [
      85.2895698,
      28.2038803
     ],
     [
      85.2896109,
      28.2037535
     ],
     [
      85.2896897,
      28.2036296
     ],
     [
      85.2897857,
      28.20353
     ],
     [
      85.2898611,
      28.203391
     ],
     [
      85.2900057,
      28.203149
     ],
     [
      85.2899596,
      28.203067
     ],
     [
      85.2899328,
      28.20292
     ],
     [
      85.2899879,
      28.2027688
     ],
     [
      85.2900347,
      28.2026277
     ],
     [
      85.2900267,
      28.2024188
     ],
     [
      85.2900075,
      28.2020285
     ],
     [
      85.290118,
      28.2016569
     ],
     [
      85.2901045,
      28.2014225
     ],
     [
      85.2901295,
      28.2012236
     ],
     [
      85.2901803,
      28.2011347
     ],
     [
      85.2904338,
      28.2009309
     ],
     [
      85.2903716,
      28.2006644
     ],
     [
      85.290378,
      28.2004589
     ],
     [
      85.2903375,
      28.2003193
     ],
     [
      85.2904157,
      28.2000548
     ],
     [
      85.2905179,
      28.1999733
     ],
     [
      85.2905378,
      28.1996828
     ],
     [
      85.2905778,
      28.1995186
     ],
     [
      85.290704,
      28.1993636
     ],
     [
      85.2907925,
      28.1992985
     ],
     [
      85.2909266,
      28.1992702
     ],
     [
      85.2911338,
      28.1992223
     ],
     [
      85.2912354,
      28.1991836
     ],
     [
      85.2913965,
      28.1990538
     ],
     [
      85.2915164,
      28.1988755
     ],
     [
      85.2915679,
      28.1987336
     ],
     [
      85.2915816,
      28.1985765
     ],
     [
      85.2916322,
      28.1983907
     ],
     [
      85.2916023,
      28.1982764
     ],
     [
      85.2915492,
      28.1981946
     ],
     [
      85.291472,
      28.198126
     ],
     [
      85.291336,
      28.1980685
     ],
     [
      85.2911861,
      28.1980189
     ],
     [
      85.2910933,
      28.1979391
     ],
     [
      85.2910569,
      28.1978379
     ],
     [
      85.291096,
      28.1976865
     ],
     [
      85.291183,
      28.1975775
     ],
     [
      85.2912924,
      28.1973914
     ],
     [
      85.2914608,
      28.1973914
     ],
     [
      85.291844,
      28.1971976
     ],
     [
      85.2919035,
      28.1971453
     ],
     [
      85.2920271,
      28.1969317
     ],
     [
      85.2920738,
      28.196694
     ],
     [
      85.2921591,
      28.1966511
     ],
     [
      85.292182,
      28.1965901
     ],
     [
      85.2920954,
      28.1964801
     ],
     [
      85.2920845,
      28.1964227
     ],
     [
      85.2921674,
      28.1962781
     ],
     [
      85.2922185,
      28.1961842
     ],
     [
      85.2922691,
      28.1960442
     ],
     [
      85.292277,
      28.1959178
     ],
     [
      85.2924542,
      28.1957575
     ],
     [
      85.2926107,
      28.1956098
     ],
     [
      85.2927867,
      28.1953487
     ],
     [
      85.292923,
      28.1952813
     ],
     [
      85.2931542,
      28.1951445
     ],
     [
      85.2933314,
      28.1949834
     ],
     [
      85.2934995,
      28.194856
     ],
     [
      85.2935999,
      28.1946314
     ],
     [
      85.2936799,
      28.1943409
     ],
     [
      85.2941015,
      28.1936468
     ],
     [
      85.2941161,
      28.1935699
     ],
     [
      85.294167,
      28.1934673
     ],
     [
      85.2943027,
      28.1933072
     ],
     [
      85.2943996,
      28.1930807
     ],
     [
      85.2944238,
      28.1930359
     ],
     [
      85.2945184,
      28.1929141
     ],
     [
      85.2946008,
      28.1927945
     ],
     [
      85.2945783,
      28.1927324
     ],
     [
      85.2945994,
      28.1926277
     ],
     [
      85.2946692,
      28.1926335
     ],
     [
      85.2946919,
      28.192619
     ],
     [
      85.294679,
      28.1925528
     ],
     [
      85.2948326,
      28.1925453
     ],
     [
      85.2949336,
      28.192476
     ],
     [
      85.29518,
      28.1922946
     ],
     [
      85.2953817,
      28.1921366
     ],
     [
      85.2954181,
      28.1919999
     ],
     [
      85.2954956,
      28.1918834
     ],
     [
      85.2957977,
      28.1918428
     ],
     [
      85.2959783,
      28.1916888
     ],
     [
      85.2961188,
      28.1915871
     ],
     [
      85.296282,
      28.1914898
     ],
     [
      85.2964888,
      28.1914235
     ],
     [
      85.2966856,
      28.1914471
     ],
     [
      85.2969765,
      28.1916047
     ],
     [
      85.2973496,
      28.191551
     ],
     [
      85.2975909,
      28.1914532
     ],
     [
      85.2977206,
      28.1913047
     ],
     [
      85.297874,
      28.1909829
     ],
     [
      85.2978058,
      28.1906174
     ],
     [
      85.2978859,
      28.190375
     ],
     [
      85.2978936,
      28.1901455
     ],
     [
      85.2980267,
      28.1898977
     ],
     [
      85.298165,
      28.1897543
     ],
     [
      85.2982838,
      28.1896407
     ],
     [
      85.2983187,
      28.1894388
     ],
     [
      85.2984957,
      28.1890017
     ],
     [
      85.2986691,
      28.188867
     ],
     [
      85.2988669,
      28.188749
     ],
     [
      85.2993354,
      28.1883622
     ],
     [
      85.2993758,
      28.1881273
     ],
     [
      85.2991981,
      28.1877429
     ],
     [
      85.2991872,
      28.1874304
     ],
     [
      85.2993035,
      28.187118
     ],
     [
      85.2995182,
      28.1868291
     ],
     [
      85.2997557,
      28.1866812
     ],
     [
      85.2999529,
      28.1865806
     ],
     [
      85.3001073,
      28.1864622
     ],
     [
      85.3003678,
      28.1861272
     ],
     [
      85.3004573,
      28.1859997
     ],
     [
      85.300663,
      28.1855904
     ],
     [
      85.3007985,
      28.1853359
     ],
     [
      85.3009712,
      28.1851485
     ],
     [
      85.3013711,
      28.1849653
     ],
     [
      85.3020314,
      28.1848959
     ],
     [
      85.3028313,
      28.1845819
     ],
     [
      85.3032516,
      28.184455
     ],
     [
      85.3034815,
      28.1843437
     ],
     [
      85.3037255,
      28.1841442
     ],
     [
      85.3038406,
      28.1839624
     ],
     [
      85.304047,
      28.1837899
     ],
     [
      85.3042315,
      28.1836812
     ],
     [
      85.3043995,
      28.1836436
     ],
     [
      85.3046031,
      28.1836868
     ],
     [
      85.3050897,
      28.1836573
     ],
     [
      85.3053681,
      28.1835723
     ],
     [
      85.3055146,
      28.1834961
     ],
     [
      85.3056557,
      28.1832349
     ],
     [
      85.3056963,
      28.1828231
     ],
     [
      85.3058006,
      28.182574
     ],
     [
      85.3065189,
      28.1819578
     ],
     [
      85.3072471,
      28.1811714
     ],
     [
      85.3077972,
      28.1810339
     ],
     [
      85.3083027,
      28.1807712
     ],
     [
      85.3082997,
      28.1801596
     ],
     [
      85.3088541,
      28.1798694
     ],
     [
      85.30914,
      28.1794685
     ],
     [
      85.309316,
      28.1793648
     ],
     [
      85.3096468,
      28.179541
     ],
     [
      85.3099976,
      28.1798503
     ],
     [
      85.3111661,
      28.1802755
     ],
     [
      85.312294,
      28.180559
     ],
     [
      85.313603,
      28.1804255
     ],
     [
      85.3148726,
      28.1807044
     ],
     [
      85.3158176,
      28.1803261
     ],
     [
      85.3164969,
      28.1805113
     ],
     [
      85.317229,
      28.1808251
     ],
     [
      85.3175791,
      28.1811832
     ],
     [
      85.3179436,
      28.181418
     ],
     [
      85.3183356,
      28.1811549
     ],
     [
      85.3188548,
      28.1810078
     ],
     [
      85.3194382,
      28.1806541
     ],
     [
      85.3201107,
      28.1803368
     ],
     [
      85.3209903,
      28.1799536
     ],
     [
      85.3214306,
      28.1799764
     ],
     [
      85.3218824,
      28.1802505
     ],
     [
      85.3222622,
      28.1802046
     ],
     [
      85.3226573,
      28.1799143
     ],
     [
      85.3231918,
      28.1796835
     ],
     [
      85.3236297,
      28.1797483
     ],
     [
      85.3242983,
      28.1799498
     ],
     [
      85.3248773,
      28.1799055
     ],
     [
      85.3254318,
      28.1795828
     ],
     [
      85.3266663,
      28.1794397
     ],
     [
      85.3275185,
      28.1794927
     ],
     [
      85.3282813,
      28.1793801
     ],
     [
      85.3285069,
      28.1793843
     ],
     [
      85.3287314,
      28.1795509
     ],
     [
      85.3290587,
      28.1796953
     ],
     [
      85.3295102,
      28.1798571
     ],
     [
      85.3302279,
      28.1799392
     ],
     [
      85.3304363,
      28.1801415
     ],
     [
      85.3306133,
      28.1802398
     ],
     [
      85.3307863,
      28.1801939
     ],
     [
      85.3313217,
      28.1805423
     ],
     [
      85.3314936,
      28.1806048
     ],
     [
      85.3321211,
      28.1805721
     ],
     [
      85.3323386,
      28.1805288
     ],
     [
      85.3327566,
      28.1806414
     ],
     [
      85.3332638,
      28.1806164
     ],
     [
      85.3336667,
      28.1804386
     ],
     [
      85.3341882,
      28.1805456
     ],
     [
      85.3346173,
      28.1808388
     ],
     [
      85.3359821,
      28.1809139
     ],
     [
      85.3369449,
      28.1818961
     ],
     [
      85.3382756,
      28.1820713
     ],
     [
      85.3387604,
      28.182099
     ],
     [
      85.3392186,
      28.1817787
     ],
     [
      85.3393965,
      28.1817026
     ],
     [
      85.3396163,
      28.181941
     ],
     [
      85.3399828,
      28.1819871
     ],
     [
      85.3403974,
      28.1821048
     ],
     [
      85.3407944,
      28.1821525
     ],
     [
      85.3411556,
      28.1821467
     ],
     [
      85.3413442,
      28.1820243
     ],
     [
      85.3415941,
      28.1820253
     ],
     [
      85.3419268,
      28.1818381
     ],
     [
      85.3427186,
      28.1812149
     ]
    ]
   },
   "properties": {
    "name": "Chilime Khola",
    "name_local": "Chilime Khola",
    "named": true,
    "km_to_channel": 0.01,
    "km_confluence": 22.6,
    "joins_reach": "Middle valley",
    "backwater_note": "A surge in the main river backs up into the mouth of a tributary. Anywhere just up this stream from the junction can flood without this stream itself being in flood.",
    "osm_id": "way/329416172",
    "source": "OpenStreetMap via the Overpass API",
    "source_url": "https://www.openstreetmap.org/copyright",
    "licence": "ODbL 1.0, (c) OpenStreetMap contributors",
    "retrieved": "2026-08-28"
   }
  },
  {
   "type": "Feature",
   "geometry": {
    "type": "LineString",
    "coordinates": [
     [
      85.3427186,
      28.1812149
     ],
     [
      85.3427556,
      28.1811583
     ]
    ]
   },
   "properties": {
    "name": "Chilime Khola",
    "name_local": "Chilime Khola",
    "named": true,
    "km_to_channel": 0.0,
    "km_confluence": 22.6,
    "joins_reach": "Middle valley",
    "backwater_note": "A surge in the main river backs up into the mouth of a tributary. Anywhere just up this stream from the junction can flood without this stream itself being in flood.",
    "osm_id": "way/809865765",
    "source": "OpenStreetMap via the Overpass API",
    "source_url": "https://www.openstreetmap.org/copyright",
    "licence": "ODbL 1.0, (c) OpenStreetMap contributors",
    "retrieved": "2026-08-28"
   }
  },
  {
   "type": "Feature",
   "geometry": {
    "type": "LineString",
    "coordinates": [
     [
      85.3987858,
      28.155585
     ],
     [
      85.3982644,
      28.1555076
     ],
     [
      85.3973769,
      28.1553287
     ],
     [
      85.3971174,
      28.1550612
     ],
     [
      85.3961712,
      28.1546873
     ],
     [
      85.3954555,
      28.1547795
     ],
     [
      85.3944269,
      28.1547003
     ],
     [
      85.3923287,
      28.1546544
     ],
     [
      85.3896236,
      28.1544327
     ],
     [
      85.3870612,
      28.1539247
     ],
     [
      85.3862282,
      28.1537468
     ],
     [
      85.3856349,
      28.1536678
     ],
     [
      85.3850776,
      28.1534773
     ],
     [
      85.3844091,
      28.1534195
     ],
     [
      85.3836938,
      28.1534214
     ],
     [
      85.3827674,
      28.1537759
     ],
     [
      85.3826443,
      28.153823
     ],
     [
      85.3818118,
      28.153798
     ],
     [
      85.3814565,
      28.1537874
     ],
     [
      85.3806492,
      28.1535027
     ],
     [
      85.3796632,
      28.1530198
     ],
     [
      85.3782085,
      28.1525472
     ],
     [
      85.3780199,
      28.1524859
     ],
     [
      85.3768802,
      28.1518198
     ],
     [
      85.3766146,
      28.1516435
     ],
     [
      85.376244,
      28.1515243
     ],
     [
      85.3758496,
      28.1517089
     ],
     [
      85.3754512,
      28.1519017
     ],
     [
      85.3752385,
      28.1520148
     ],
     [
      85.3747332,
      28.1520131
     ],
     [
      85.374295,
      28.1517132
     ],
     [
      85.3740298,
      28.1516776
     ],
     [
      85.3736031,
      28.1518555
     ],
     [
      85.373038,
      28.1518352
     ],
     [
      85.3719894,
      28.1516225
     ],
     [
      85.3711291,
      28.1512487
     ],
     [
      85.3708076,
      28.1511303
     ],
     [
      85.3704971,
      28.1512199
     ],
     [
      85.3691557,
      28.1517996
     ],
     [
      85.3686377,
      28.1518386
     ],
     [
      85.3681448,
      28.1518187
     ],
     [
      85.3672476,
      28.1515255
     ],
     [
      85.366674,
      28.1514166
     ],
     [
      85.3660404,
      28.1510593
     ],
     [
      85.3657356,
      28.1510381
     ],
     [
      85.3654415,
      28.1511434
     ],
     [
      85.3650155,
      28.1518626
     ],
     [
      85.3643482,
      28.1520855
     ],
     [
      85.3635969,
      28.1520612
     ],
     [
      85.3627911,
      28.1519245
     ],
     [
      85.3622468,
      28.1519248
     ],
     [
      85.3615688,
      28.1517352
     ],
     [
      85.3610207,
      28.1517666
     ],
     [
      85.3590767,
      28.152611
     ],
     [
      85.3584266,
      28.1523639
     ],
     [
      85.3576478,
      28.1529692
     ],
     [
      85.357081,
      28.1532485
     ],
     [
      85.3569714,
      28.1533152
     ],
     [
      85.3556815,
      28.1532966
     ],
     [
      85.3552174,
      28.1538382
     ],
     [
      85.3540506,
      28.1545344
     ],
     [
      85.3534703,
      28.1551563
     ],
     [
      85.3526357,
      28.15548
     ],
     [
      85.3522939,
      28.1560083
     ],
     [
      85.3513311,
      28.1567275
     ],
     [
      85.3509931,
      28.1575387
     ],
     [
      85.3506029,
      28.1577307
     ],
     [
      85.3496611,
      28.1579808
     ],
     [
      85.349402,
      28.1581876
     ],
     [
      85.3490352,
      28.1589686
     ],
     [
      85.3484564,
      28.1597092
     ],
     [
      85.3482331,
      28.1597952
     ],
     [
      85.3481903,
      28.1599048
     ],
     [
      85.3482314,
      28.1602019
     ],
     [
      85.3478195,
      28.1608545
     ],
     [
      85.3468513,
      28.161409
     ],
     [
      85.3464789,
      28.1618952
     ],
     [
      85.34562,
      28.1626645
     ],
     [
      85.3452328,
      28.1628289
     ],
     [
      85.3450075,
      28.1629401
     ],
     [
      85.3447865,
      28.162969
     ],
     [
      85.3434583,
      28.1635943
     ],
     [
      85.3420448,
      28.1639834
     ],
     [
      85.3413057,
      28.1644225
     ]
    ]
   },
   "properties": {
    "name": "Langtang Khola",
    "name_local": "Langtang Khola",
    "named": true,
    "km_to_channel": 0.0,
    "km_confluence": 24.6,
    "joins_reach": "Middle valley",
    "backwater_note": "A surge in the main river backs up into the mouth of a tributary. Anywhere just up this stream from the junction can flood without this stream itself being in flood.",
    "osm_id": "way/934964391",
    "source": "OpenStreetMap via the Overpass API",
    "source_url": "https://www.openstreetmap.org/copyright",
    "licence": "ODbL 1.0, (c) OpenStreetMap contributors",
    "retrieved": "2026-08-28"
   }
  },
  {
   "type": "Feature",
   "geometry": {
    "type": "LineString",
    "coordinates": [
     [
      85.1973493,
      28.2149249
     ],
     [
      85.1975283,
      28.2146015
     ],
     [
      85.1976,
      28.2143332
     ],
     [
      85.1977253,
      28.2141044
     ],
     [
      85.1978507,
      28.2140019
     ],
     [
      85.1983635,
      28.2137865
     ],
     [
      85.198713,
      28.2135082
     ],
     [
      85.1990014,
      28.2134638
     ],
     [
      85.1994454,
      28.2131008
     ],
     [
      85.1997368,
      28.2130106
     ],
     [
      85.1997842,
      28.2129959
     ],
     [
      85.2000955,
      28.2128345
     ],
     [
      85.2004434,
      28.212302
     ],
     [
      85.2005504,
      28.2120585
     ],
     [
      85.200576,
      28.2119475
     ],
     [
      85.2006721,
      28.2117434
     ],
     [
      85.2008096,
      28.2116203
     ],
     [
      85.2009197,
      28.211475
     ],
     [
      85.2011657,
      28.2113181
     ],
     [
      85.2013308,
      28.211244
     ],
     [
      85.2014469,
      28.2111722
     ],
     [
      85.2014959,
      28.2108161
     ],
     [
      85.2015071,
      28.2104409
     ],
     [
      85.2015542,
      28.2103141
     ],
     [
      85.2018466,
      28.2100577
     ],
     [
      85.2021246,
      28.2096078
     ],
     [
      85.2021145,
      28.2094631
     ],
     [
      85.2020412,
      28.2092203
     ],
     [
      85.2020589,
      28.20908
     ],
     [
      85.2022534,
      28.2088195
     ],
     [
      85.2025314,
      28.2084587
     ],
     [
      85.2025542,
      28.2082605
     ],
     [
      85.2025365,
      28.2080445
     ],
     [
      85.2026654,
      28.2077439
     ],
     [
      85.2031278,
      28.2066526
     ],
     [
      85.2031784,
      28.2063164
     ],
     [
      85.2035246,
      28.2057173
     ],
     [
      85.2036964,
      28.2053699
     ],
     [
      85.2037672,
      28.2050692
     ],
     [
      85.2039289,
      28.2047574
     ],
     [
      85.2042372,
      28.2041205
     ],
     [
      85.2043181,
      28.2038688
     ],
     [
      85.2042448,
      28.2035125
     ],
     [
      85.2042347,
      28.2031027
     ],
     [
      85.2040199,
      28.2025326
     ],
     [
      85.2038809,
      28.2020894
     ],
     [
      85.2035979,
      28.2015794
     ],
     [
      85.2033957,
      28.2009669
     ],
     [
      85.2032643,
      28.200526
     ],
     [
      85.2031405,
      28.2002498
     ],
     [
      85.2032163,
      28.199938
     ],
     [
      85.2036004,
      28.1994525
     ],
     [
      85.2037192,
      28.1992454
     ],
     [
      85.2037343,
      28.1990739
     ],
     [
      85.2035928,
      28.1987977
     ],
     [
      85.2035296,
      28.1986017
     ],
     [
      85.2035296,
      28.1982899
     ],
     [
      85.2036348,
      28.1975166
     ],
     [
      85.2034813,
      28.1972575
     ],
     [
      85.2033144,
      28.1971883
     ],
     [
      85.2030013,
      28.1969923
     ],
     [
      85.2027101,
      28.1968193
     ],
     [
      85.2027574,
      28.1966442
     ],
     [
      85.2027411,
      28.1964093
     ],
     [
      85.2027557,
      28.1961572
     ],
     [
      85.202618,
      28.1958511
     ],
     [
      85.2025222,
      28.1954787
     ],
     [
      85.2026475,
      28.1952816
     ],
     [
      85.2027364,
      28.1950798
     ],
     [
      85.2025304,
      28.1949078
     ],
     [
      85.2025333,
      28.1946881
     ],
     [
      85.2026234,
      28.1944487
     ],
     [
      85.2025539,
      28.1943159
     ],
     [
      85.2024391,
      28.1941759
     ],
     [
      85.2021078,
      28.194085
     ],
     [
      85.2016202,
      28.193558
     ],
     [
      85.2014261,
      28.1933973
     ],
     [
      85.2014316,
      28.1932162
     ],
     [
      85.2013345,
      28.1928183
     ],
     [
      85.2008707,
      28.1926535
     ],
     [
      85.2007718,
      28.192403
     ],
     [
      85.2006394,
      28.192159
     ],
     [
      85.2005442,
      28.1916144
     ],
     [
      85.2004828,
      28.1910305
     ],
     [
      85.2005819,
      28.1908146
     ],
     [
      85.2005222,
      28.1904948
     ],
     [
      85.2007631,
      28.1901263
     ],
     [
      85.2005407,
      28.1895596
     ],
     [
      85.2002732,
      28.1887625
     ],
     [
      85.2003601,
      28.1881599
     ],
     [
      85.2001571,
      28.187468
     ],
     [
      85.1998818,
      28.1868909
     ],
     [
      85.199609,
      28.1867878
     ],
     [
      85.1988302,
      28.186165
     ],
     [
      85.1985005,
      28.1859597
     ],
     [
      85.1983805,
      28.1854681
     ],
     [
      85.1985937,
      28.185045
     ],
     [
      85.1987198,
      28.1848015
     ],
     [
      85.1986889,
      28.1846337
     ],
     [
      85.1985467,
      28.1842547
     ],
     [
      85.1986159,
      28.1836758
     ],
     [
      85.1986232,
      28.1835982
     ],
     [
      85.1987847,
      28.1834339
     ],
     [
      85.1991517,
      28.183159
     ],
     [
      85.1994549,
      28.182856
     ],
     [
      85.1995651,
      28.1824698
     ],
     [
      85.1993538,
      28.1822769
     ],
     [
      85.1991314,
      28.1818492
     ],
     [
      85.1991719,
      28.1814572
     ],
     [
      85.1998087,
      28.1809226
     ],
     [
      85.2002518,
      28.1803515
     ],
     [
      85.2004036,
      28.1792482
     ],
     [
      85.200253,
      28.1781717
     ],
     [
      85.1999704,
      28.1769753
     ],
     [
      85.1997784,
      28.1756922
     ],
     [
      85.1987522,
      28.1748181
     ],
     [
      85.1981918,
      28.1738448
     ],
     [
      85.1979285,
      28.1731704
     ],
     [
      85.1970806,
      28.1721187
     ],
     [
      85.1967054,
      28.1707823
     ],
     [
      85.1963842,
      28.1693856
     ],
     [
      85.1960484,
      28.1683318
     ],
     [
      85.1962732,
      28.1673382
     ],
     [
      85.1964533,
      28.1671822
     ],
     [
      85.1966385,
      28.1669592
     ],
     [
      85.1967614,
      28.1668112
     ],
     [
      85.1968469,
      28.1659791
     ],
     [
      85.1971502,
      28.165685
     ],
     [
      85.1977279,
      28.1647925
     ],
     [
      85.1980498,
      28.163867
     ],
     [
      85.1980296,
      28.1629581
     ],
     [
      85.1980602,
      28.161604
     ],
     [
      85.1988785,
      28.1606788
     ],
     [
      85.1994448,
      28.1600083
     ],
     [
      85.199647,
      28.1595894
     ],
     [
      85.1996773,
      28.1593755
     ],
     [
      85.1992218,
      28.1587114
     ],
     [
      85.1985351,
      28.1573493
     ],
     [
      85.198342,
      28.1549467
     ],
     [
      85.1980749,
      28.1542427
     ],
     [
      85.1983635,
      28.1534142
     ],
     [
      85.1981749,
      28.1524404
     ],
     [
      85.1979918,
      28.1511695
     ],
     [
      85.1978346,
      28.1497754
     ],
     [
      85.198132,
      28.1489805
     ],
     [
      85.1984446,
      28.1483765
     ],
     [
      85.1987068,
      28.147814
     ],
     [
      85.1988135,
      28.1472223
     ],
     [
      85.1989175,
      28.1470931
     ],
     [
      85.199233,
      28.1467009
     ],
     [
      85.199324,
      28.1464692
     ],
     [
      85.1988287,
      28.1462241
     ],
     [
      85.198394,
      28.145904
     ],
     [
      85.1979796,
      28.1453729
     ],
     [
      85.1978485,
      28.1441813
     ],
     [
      85.1978485,
      28.1419108
     ],
     [
      85.1984789,
      28.140984
     ],
     [
      85.1978835,
      28.140077
     ],
     [
      85.1978474,
      28.1387246
     ],
     [
      85.1987068,
      28.1385807
     ],
     [
      85.1985511,
      28.137229
     ],
     [
      85.1988527,
      28.1367618
     ],
     [
      85.1992187,
      28.1361947
     ],
     [
      85.1992218,
      28.1344936
     ],
     [
      85.1991652,
      28.1333753
     ],
     [
      85.1996089,
      28.1324375
     ],
     [
      85.1993055,
      28.1316701
     ],
     [
      85.1992041,
      28.1308832
     ],
     [
      85.1991101,
      28.1301537
     ],
     [
      85.1994748,
      28.1287636
     ],
     [
      85.1996407,
      28.12827
     ],
     [
      85.1997368,
      28.1279841
     ],
     [
      85.1996952,
      28.1264011
     ],
     [
      85.1994232,
      28.1259422
     ],
     [
      85.199016,
      28.125611
     ],
     [
      85.1993197,
      28.125181
     ],
     [
      85.1995325,
      28.1245032
     ],
     [
      85.1993934,
      28.1219284
     ],
     [
      85.1997368,
      28.1201117
     ],
     [
      85.2014534,
      28.1185977
     ],
     [
      85.2022462,
      28.1172127
     ],
     [
      85.2029005,
      28.1159418
     ],
     [
      85.20317,
      28.1154182
     ],
     [
      85.2027532,
      28.1133662
     ],
     [
      85.2011953,
      28.1124659
     ],
     [
      85.2004234,
      28.1108759
     ],
     [
      85.1986822,
      28.1082673
     ],
     [
      85.1981366,
      28.1077411
     ],
     [
      85.1983608,
      28.1073404
     ],
     [
      85.1984225,
      28.1069349
     ],
     [
      85.1981473,
      28.106112
     ],
     [
      85.1982543,
      28.1056044
     ],
     [
      85.1980558,
      28.1050029
     ],
     [
      85.1979393,
      28.104853
     ],
     [
      85.1979036,
      28.1048222
     ],
     [
      85.1978219,
      28.1047927
     ],
     [
      85.1975443,
      28.1047393
     ],
     [
      85.1974731,
      28.1046887
     ],
     [
      85.1974323,
      28.1046194
     ],
     [
      85.1973822,
      28.1044745
     ],
     [
      85.1973239,
      28.1043613
     ],
     [
      85.197262,
      28.1041491
     ],
     [
      85.1972204,
      28.103914
     ],
     [
      85.1972151,
      28.1037883
     ],
     [
      85.1972237,
      28.1037278
     ],
     [
      85.1972987,
      28.1034656
     ],
     [
      85.1974833,
      28.1029413
     ],
     [
      85.197503,
      28.102814
     ],
     [
      85.1975022,
      28.1026539
     ],
     [
      85.1974871,
      28.1024876
     ],
     [
      85.19744,
      28.1022413
     ],
     [
      85.197386,
      28.1021452
     ],
     [
      85.197283,
      28.1020053
     ],
     [
      85.1968345,
      28.1014448
     ],
     [
      85.1968045,
      28.1013865
     ],
     [
      85.1967865,
      28.1012932
     ],
     [
      85.1968048,
      28.101224
     ],
     [
      85.1968557,
      28.1011242
     ],
     [
      85.1968461,
      28.1010526
     ],
     [
      85.1968121,
      28.1009947
     ],
     [
      85.1967491,
      28.1009214
     ],
     [
      85.1965245,
      28.1007062
     ],
     [
      85.1964323,
      28.100572
     ],
     [
      85.1964007,
      28.1005036
     ],
     [
      85.1963602,
      28.1003713
     ],
     [
      85.1963366,
      28.1001635
     ],
     [
      85.1963494,
      28.1000579
     ],
     [
      85.1964748,
      28.0996194
     ],
     [
      85.1964971,
      28.0994396
     ],
     [
      85.1964792,
      28.0993075
     ],
     [
      85.1963939,
      28.0991091
     ],
     [
      85.1963621,
      28.0990042
     ],
     [
      85.1963603,
      28.0989475
     ],
     [
      85.1963727,
      28.0988937
     ],
     [
      85.1963972,
      28.0988429
     ],
     [
      85.1964734,
      28.0987511
     ],
     [
      85.1965716,
      28.0986729
     ],
     [
      85.1967642,
      28.0985562
     ],
     [
      85.1968354,
      28.0984891
     ],
     [
      85.1969085,
      28.0983677
     ],
     [
      85.1969433,
      28.0982428
     ],
     [
      85.1969396,
      28.0981258
     ],
     [
      85.1968457,
      28.0977899
     ],
     [
      85.1968039,
      28.0975407
     ],
     [
      85.1968152,
      28.0973861
     ],
     [
      85.1968536,
      28.0972563
     ],
     [
      85.1969324,
      28.0971097
     ],
     [
      85.1970633,
      28.0969499
     ],
     [
      85.1971579,
      28.0968827
     ],
     [
      85.1973668,
      28.0967858
     ],
     [
      85.1974819,
      28.0967151
     ],
     [
      85.197628,
      28.0965907
     ],
     [
      85.1977237,
      28.0964776
     ],
     [
      85.1977517,
      28.096421
     ],
     [
      85.1977636,
      28.0963533
     ],
     [
      85.1977693,
      28.0960993
     ],
     [
      85.1977807,
      28.0960129
     ],
     [
      85.1978273,
      28.0958863
     ],
     [
      85.1979075,
      28.0957479
     ],
     [
      85.19791,
      28.0957423
     ],
     [
      85.1979455,
      28.095634
     ],
     [
      85.1979584,
      28.0955492
     ],
     [
      85.1979527,
      28.0954598
     ],
     [
      85.1979153,
      28.0953797
     ],
     [
      85.1978366,
      28.0953226
     ],
     [
      85.1975621,
      28.0952266
     ],
     [
      85.1974285,
      28.0951535
     ],
     [
      85.1973367,
      28.0950636
     ],
     [
      85.1973023,
      28.0949881
     ],
     [
      85.1972952,
      28.0949431
     ],
     [
      85.1973045,
      28.0948343
     ],
     [
      85.1973224,
      28.0947689
     ],
     [
      85.1974937,
      28.0942705
     ],
     [
      85.1975809,
      28.09387
     ],
     [
      85.1976515,
      28.0936694
     ],
     [
      85.1977335,
      28.0935519
     ],
     [
      85.1980372,
      28.0933072
     ],
     [
      85.1981904,
      28.0932398
     ],
     [
      85.1984057,
      28.0932045
     ],
     [
      85.1985762,
      28.0931554
     ],
     [
      85.1988191,
      28.0930483
     ],
     [
      85.1989428,
      28.0929769
     ],
     [
      85.1990122,
      28.0929233
     ],
     [
      85.1991241,
      28.0927742
     ],
     [
      85.1992005,
      28.092709
     ],
     [
      85.1993084,
      28.092657
     ],
     [
      85.1993769,
      28.0926393
     ],
     [
      85.1994404,
      28.09262
     ],
     [
      85.199485,
      28.0925913
     ],
     [
      85.1995139,
      28.0925549
     ],
     [
      85.1995379,
      28.0924648
     ],
     [
      85.1995386,
      28.0923089
     ],
     [
      85.199554,
      28.0922087
     ],
     [
      85.1995658,
      28.0921587
     ],
     [
      85.1995676,
      28.0920445
     ],
     [
      85.1995493,
      28.0919218
     ],
     [
      85.1994768,
      28.0916196
     ],
     [
      85.1994517,
      28.0912953
     ],
     [
      85.1994577,
      28.0910734
     ],
     [
      85.1994981,
      28.0907179
     ],
     [
      85.1995905,
      28.0901909
     ],
     [
      85.1995975,
      28.0900376
     ],
     [
      85.1995832,
      28.0897719
     ],
     [
      85.1995946,
      28.0896735
     ],
     [
      85.1996171,
      28.0895741
     ],
     [
      85.199682,
      28.0893857
     ],
     [
      85.1998061,
      28.0891325
     ],
     [
      85.1998276,
      28.0889985
     ],
     [
      85.1998275,
      28.0888817
     ],
     [
      85.1998105,
      28.0887877
     ],
     [
      85.1997105,
      28.0884422
     ],
     [
      85.1996934,
      28.0883233
     ],
     [
      85.1996961,
      28.0882582
     ],
     [
      85.19973,
      28.0880953
     ],
     [
      85.1998744,
      28.0876195
     ],
     [
      85.199908,
      28.0874572
     ],
     [
      85.1999081,
      28.0873866
     ],
     [
      85.1998937,
      28.0873166
     ],
     [
      85.199831,
      28.0871779
     ],
     [
      85.1995379,
      28.0867568
     ],
     [
      85.1995056,
      28.0866856
     ],
     [
      85.1994934,
      28.0866172
     ],
     [
      85.1994977,
      28.086552
     ],
     [
      85.1995426,
      28.0864337
     ],
     [
      85.1996125,
      28.0863348
     ],
     [
      85.1997042,
      28.0862314
     ],
     [
      85.1997176,
      28.0862077
     ],
     [
      85.1997137,
      28.0861625
     ],
     [
      85.1996787,
      28.0861196
     ],
     [
      85.1995064,
      28.0859994
     ],
     [
      85.1994504,
      28.085943
     ],
     [
      85.1992805,
      28.0856802
     ],
     [
      85.1992605,
      28.0856281
     ],
     [
      85.1992485,
      28.08553
     ],
     [
      85.1993018,
      28.0852754
     ],
     [
      85.1993182,
      28.0852334
     ],
     [
      85.1993549,
      28.0851853
     ],
     [
      85.1995452,
      28.0850222
     ],
     [
      85.1999584,
      28.0847369
     ],
     [
      85.2000221,
      28.0846647
     ],
     [
      85.200072,
      28.0845824
     ],
     [
      85.2001074,
      28.0844919
     ],
     [
      85.200128,
      28.0843951
     ],
     [
      85.2001208,
      28.0842657
     ],
     [
      85.2000835,
      28.084097
     ],
     [
      85.1999194,
      28.0836071
     ],
     [
      85.1998395,
      28.0832551
     ],
     [
      85.1997886,
      28.0831522
     ],
     [
      85.1997469,
      28.083112
     ],
     [
      85.1996675,
      28.0830644
     ],
     [
      85.1996356,
      28.0830461
     ],
     [
      85.1994967,
      28.0829661
     ],
     [
      85.1995424,
      28.0823776
     ],
     [
      85.1993915,
      28.0819234
     ],
     [
      85.199631,
      28.0812701
     ],
     [
      85.1996685,
      28.0811068
     ],
     [
      85.1997042,
      28.0807082
     ],
     [
      85.1998951,
      28.0801341
     ],
     [
      85.2000551,
      28.0798377
     ],
     [
      85.2008345,
      28.0795607
     ],
     [
      85.2017565,
      28.0787411
     ],
     [
      85.2018744,
      28.0786455
     ],
     [
      85.2019958,
      28.0785689
     ],
     [
      85.2023338,
      28.0785087
     ],
     [
      85.2028476,
      28.0782398
     ],
     [
      85.2035877,
      28.0773888
     ],
     [
      85.2041909,
      28.0770187
     ],
     [
      85.2050344,
      28.0759936
     ],
     [
      85.2055655,
      28.0749032
     ],
     [
      85.2058194,
      28.0743708
     ],
     [
      85.2063129,
      28.0739206
     ],
     [
      85.2071484,
      28.073416
     ],
     [
      85.2074455,
      28.0729113
     ],
     [
      85.2074827,
      28.0722008
     ],
     [
      85.2078044,
      28.0716497
     ],
     [
      85.2080876,
      28.0715696
     ],
     [
      85.2083087,
      28.071507
     ]
    ]
   },
   "properties": {
    "name": "Mailung Khola",
    "name_local": "Mailung Khola",
    "named": true,
    "km_to_channel": 0.07,
    "km_confluence": 43.0,
    "joins_reach": "Middle valley",
    "backwater_note": "A surge in the main river backs up into the mouth of a tributary. Anywhere just up this stream from the junction can flood without this stream itself being in flood.",
    "osm_id": "way/24624637",
    "source": "OpenStreetMap via the Overpass API",
    "source_url": "https://www.openstreetmap.org/copyright",
    "licence": "ODbL 1.0, (c) OpenStreetMap contributors",
    "retrieved": "2026-08-28"
   }
  },
  {
   "type": "Feature",
   "geometry": {
    "type": "LineString",
    "coordinates": [
     [
      85.186277,
      28.0200384
     ],
     [
      85.186725,
      28.0195317
     ],
     [
      85.1875028,
      28.0188379
     ],
     [
      85.187712,
      28.018002
     ],
     [
      85.1877063,
      28.0174335
     ],
     [
      85.187712,
      28.0172514
     ],
     [
      85.1873043,
      28.0163279
     ],
     [
      85.1869369,
      28.0159538
     ],
     [
      85.1864085,
      28.01535
     ],
     [
      85.1858827,
      28.0147746
     ],
     [
      85.1853168,
      28.0142821
     ],
     [
      85.184716,
      28.0138322
     ],
     [
      85.1843002,
      28.0135243
     ],
     [
      85.183611,
      28.0128431
     ]
    ]
   },
   "properties": {
    "name": "unnamed",
    "name_local": "",
    "named": false,
    "km_to_channel": 0.02,
    "km_confluence": 50.6,
    "joins_reach": "Middle valley",
    "backwater_note": "A surge in the main river backs up into the mouth of a tributary. Anywhere just up this stream from the junction can flood without this stream itself being in flood.",
    "osm_id": "way/1552936520",
    "source": "OpenStreetMap via the Overpass API",
    "source_url": "https://www.openstreetmap.org/copyright",
    "licence": "ODbL 1.0, (c) OpenStreetMap contributors",
    "retrieved": "2026-08-28"
   }
  },
  {
   "type": "Feature",
   "geometry": {
    "type": "LineString",
    "coordinates": [
     [
      85.183611,
      28.0128431
     ],
     [
      85.183599,
      28.0127117
     ],
     [
      85.183615,
      28.0126177
     ],
     [
      85.183737,
      28.012476
     ],
     [
      85.1839758,
      28.0124168
     ],
     [
      85.1840124,
      28.0123753
     ],
     [
      85.183906,
      28.0119023
     ],
     [
      85.1836431,
      28.0108225
     ],
     [
      85.1836002,
      28.00988
     ],
     [
      85.1835304,
      28.0085634
     ],
     [
      85.1834178,
      28.0076209
     ],
     [
      85.183509,
      28.0067541
     ],
     [
      85.1839167,
      28.0057406
     ],
     [
      85.184083,
      28.0054185
     ],
     [
      85.1843351,
      28.004817
     ]
    ]
   },
   "properties": {
    "name": "unnamed",
    "name_local": "",
    "named": false,
    "km_to_channel": 0.01,
    "km_confluence": 51.1,
    "joins_reach": "Middle valley",
    "backwater_note": "A surge in the main river backs up into the mouth of a tributary. Anywhere just up this stream from the junction can flood without this stream itself being in flood.",
    "osm_id": "way/1552936519",
    "source": "OpenStreetMap via the Overpass API",
    "source_url": "https://www.openstreetmap.org/copyright",
    "licence": "ODbL 1.0, (c) OpenStreetMap contributors",
    "retrieved": "2026-08-28"
   }
  },
  {
   "type": "Feature",
   "geometry": {
    "type": "LineString",
    "coordinates": [
     [
      85.0972108,
      28.0278343
     ],
     [
      85.0972018,
      28.0275739
     ],
     [
      85.0972957,
      28.0258534
     ],
     [
      85.0973065,
      28.0256276
     ],
     [
      85.0969738,
      28.0241928
     ],
     [
      85.0969157,
      28.0235448
     ],
     [
      85.0968442,
      28.0226964
     ],
     [
      85.0972054,
      28.0222584
     ],
     [
      85.0973029,
      28.0217285
     ],
     [
      85.0970073,
      28.0212554
     ],
     [
      85.0961334,
      28.0205654
     ],
     [
      85.0956595,
      28.0199735
     ],
     [
      85.0947699,
      28.0197248
     ],
     [
      85.0944257,
      28.0193933
     ],
     [
      85.0945216,
      28.0187498
     ],
     [
      85.0946357,
      28.0184235
     ],
     [
      85.0947825,
      28.0181147
     ],
     [
      85.0949837,
      28.0178141
     ],
     [
      85.095456,
      28.0175304
     ],
     [
      85.0956715,
      28.0169412
     ],
     [
      85.0957901,
      28.0165545
     ],
     [
      85.0958109,
      28.0161493
     ],
     [
      85.0959527,
      28.0160236
     ],
     [
      85.0961793,
      28.0160261
     ],
     [
      85.0963562,
      28.015965
     ],
     [
      85.0963605,
      28.0156924
     ],
     [
      85.0962829,
      28.0154225
     ],
     [
      85.0961781,
      28.0151904
     ],
     [
      85.0962327,
      28.0149835
     ],
     [
      85.0963882,
      28.0147641
     ],
     [
      85.0966297,
      28.0145847
     ],
     [
      85.0967313,
      28.0145174
     ],
     [
      85.0968486,
      28.0143805
     ],
     [
      85.0968966,
      28.0141696
     ],
     [
      85.0968379,
      28.0138872
     ],
     [
      85.0968562,
      28.0137043
     ],
     [
      85.0971745,
      28.0135705
     ],
     [
      85.0980646,
      28.0135463
     ],
     [
      85.0984387,
      28.0133585
     ],
     [
      85.0986721,
      28.0131691
     ],
     [
      85.0987418,
      28.0129678
     ],
     [
      85.0985966,
      28.0127301
     ],
     [
      85.0984678,
      28.012438
     ],
     [
      85.098374,
      28.0121371
     ],
     [
      85.0983931,
      28.0120053
     ],
     [
      85.0982818,
      28.0118395
     ],
     [
      85.0981102,
      28.0116915
     ],
     [
      85.0979993,
      28.011513
     ],
     [
      85.0980444,
      28.0113375
     ],
     [
      85.0981517,
      28.0112001
     ],
     [
      85.0983019,
      28.011122
     ],
     [
      85.0985192,
      28.0110699
     ],
     [
      85.0987718,
      28.011037
     ],
     [
      85.0990731,
      28.010942
     ],
     [
      85.099403,
      28.0109397
     ],
     [
      85.0997043,
      28.0108728
     ],
     [
      85.1002371,
      28.0106152
     ],
     [
      85.1005496,
      28.0104921
     ],
     [
      85.10083,
      28.0104584
     ],
     [
      85.1013892,
      28.0105395
     ],
     [
      85.1020432,
      28.0106754
     ],
     [
      85.1024272,
      28.0106886
     ],
     [
      85.1027276,
      28.0106318
     ],
     [
      85.1030012,
      28.0106957
     ],
     [
      85.1032601,
      28.0107149
     ],
     [
      85.1036133,
      28.0106636
     ],
     [
      85.104231,
      28.0103336
     ],
     [
      85.1046492,
      28.010086
     ],
     [
      85.1048567,
      28.0097873
     ],
     [
      85.1050251,
      28.0095746
     ],
     [
      85.1051984,
      28.0095682
     ],
     [
      85.1054184,
      28.0094853
     ],
     [
      85.1055803,
      28.0093294
     ],
     [
      85.1062482,
      28.0088859
     ],
     [
      85.1067161,
      28.0088767
     ],
     [
      85.1072479,
      28.0082924
     ],
     [
      85.1082121,
      28.0076264
     ],
     [
      85.1092506,
      28.0070843
     ],
     [
      85.1095367,
      28.0066933
     ],
     [
      85.1099293,
      28.0066894
     ],
     [
      85.1101625,
      28.0065279
     ],
     [
      85.110194,
      28.0057479
     ],
     [
      85.110029,
      28.0051871
     ],
     [
      85.1101546,
      28.0048525
     ],
     [
      85.1103741,
      28.0044939
     ],
     [
      85.1106233,
      28.0040823
     ],
     [
      85.1109547,
      28.0036909
     ],
     [
      85.1111135,
      28.0032705
     ],
     [
      85.1111698,
      28.0029366
     ],
     [
      85.1113174,
      28.0026507
     ],
     [
      85.111552,
      28.0024985
     ],
     [
      85.1118658,
      28.0023825
     ],
     [
      85.1121372,
      28.0023784
     ],
     [
      85.1124613,
      28.0025577
     ],
     [
      85.1125912,
      28.0025063
     ],
     [
      85.1127729,
      28.0025053
     ],
     [
      85.1129708,
      28.0023931
     ],
     [
      85.1131657,
      28.0023052
     ],
     [
      85.1132045,
      28.0022188
     ],
     [
      85.1131853,
      28.0020746
     ],
     [
      85.1131283,
      28.0019183
     ],
     [
      85.113174,
      28.0017332
     ],
     [
      85.1133097,
      28.0015562
     ],
     [
      85.1134612,
      28.0013399
     ],
     [
      85.1135876,
      28.0011532
     ],
     [
      85.1136545,
      28.0009067
     ],
     [
      85.1137372,
      28.0004823
     ],
     [
      85.1139514,
      28.000207
     ],
     [
      85.1140266,
      28.0000388
     ],
     [
      85.1140538,
      27.9998735
     ],
     [
      85.1139664,
      27.9996972
     ],
     [
      85.1138918,
      27.9995747
     ],
     [
      85.1138758,
      27.9992834
     ],
     [
      85.1139003,
      27.9990561
     ],
     [
      85.1139921,
      27.9988977
     ],
     [
      85.1141047,
      27.9986731
     ],
     [
      85.1142744,
      27.9984986
     ],
     [
      85.1144967,
      27.9983736
     ],
     [
      85.1151395,
      27.9981967
     ],
     [
      85.1156706,
      27.9980808
     ],
     [
      85.1158306,
      27.998099
     ],
     [
      85.1159971,
      27.9980799
     ],
     [
      85.1165968,
      27.9979238
     ],
     [
      85.1168332,
      27.9977891
     ],
     [
      85.1172298,
      27.9975854
     ],
     [
      85.1178408,
      27.9973381
     ],
     [
      85.1185548,
      27.9969274
     ],
     [
      85.1187071,
      27.9965741
     ],
     [
      85.1188901,
      27.9958088
     ],
     [
      85.1190075,
      27.9955225
     ],
     [
      85.1192865,
      27.9951768
     ],
     [
      85.1196331,
      27.9950281
     ],
     [
      85.1202682,
      27.9948499
     ],
     [
      85.1207463,
      27.9947422
     ],
     [
      85.1213679,
      27.9944473
     ],
     [
      85.1217557,
      27.9941967
     ],
     [
      85.122188,
      27.9939036
     ],
     [
      85.1224025,
      27.9937467
     ],
     [
      85.1225639,
      27.9934917
     ],
     [
      85.1226392,
      27.993121
     ],
     [
      85.1226687,
      27.9927563
     ],
     [
      85.122824,
      27.9924591
     ],
     [
      85.1231033,
      27.9922684
     ],
     [
      85.1232675,
      27.9921134
     ],
     [
      85.1233138,
      27.9919937
     ],
     [
      85.1232843,
      27.9918279
     ],
     [
      85.1233272,
      27.9915555
     ],
     [
      85.1234721,
      27.9913234
     ],
     [
      85.1236734,
      27.991207
     ],
     [
      85.1237349,
      27.9910297
     ],
     [
      85.1237798,
      27.9907238
     ],
     [
      85.1237564,
      27.9904139
     ],
     [
      85.123751,
      27.9902102
     ],
     [
      85.1238218,
      27.9899896
     ],
     [
      85.1239441,
      27.9899307
     ],
     [
      85.1241104,
      27.9898881
     ],
     [
      85.1243304,
      27.9899402
     ],
     [
      85.1247526,
      27.9900915
     ],
     [
      85.1251029,
      27.9903192
     ],
     [
      85.1253257,
      27.9907602
     ],
     [
      85.1254193,
      27.9912524
     ],
     [
      85.1255106,
      27.9915034
     ],
     [
      85.1255524,
      27.99167
     ],
     [
      85.1257352,
      27.9918638
     ],
     [
      85.1261918,
      27.9920244
     ],
     [
      85.1264225,
      27.9921192
     ],
     [
      85.1266525,
      27.9921228
     ],
     [
      85.1270931,
      27.991996
     ],
     [
      85.127636,
      27.9919428
     ],
     [
      85.1280705,
      27.9915709
     ],
     [
      85.1286105,
      27.9915875
     ],
     [
      85.1289565,
      27.9916958
     ],
     [
      85.1292783,
      27.99171
     ],
     [
      85.1299757,
      27.9915473
     ],
     [
      85.1300903,
      27.9915542
     ],
     [
      85.1302217,
      27.9916063
     ],
     [
      85.1303692,
      27.9916253
     ],
     [
      85.1307635,
      27.9915945
     ],
     [
      85.1311586,
      27.9914415
     ],
     [
      85.1313023,
      27.991257
     ],
     [
      85.1320303,
      27.9905217
     ],
     [
      85.1337872,
      27.9898072
     ],
     [
      85.135249,
      27.9897204
     ],
     [
      85.1356562,
      27.9894627
     ],
     [
      85.1363531,
      27.9890217
     ],
     [
      85.137131,
      27.9889743
     ],
     [
      85.1397685,
      27.9892112
     ],
     [
      85.1406804,
      27.9888638
     ],
     [
      85.1408906,
      27.9888587
     ],
     [
      85.1411587,
      27.9888725
     ],
     [
      85.1419581,
      27.9889013
     ],
     [
      85.1427145,
      27.9894204
     ],
     [
      85.1435121,
      27.9893233
     ],
     [
      85.1439057,
      27.9891904
     ],
     [
      85.1446515,
      27.9895136
     ],
     [
      85.145342,
      27.9895702
     ],
     [
      85.1458461,
      27.9896667
     ],
     [
      85.146264,
      27.9898781
     ],
     [
      85.1468379,
      27.989893
     ],
     [
      85.1473519,
      27.9896491
     ],
     [
      85.1481186,
      27.9894251
     ],
     [
      85.1482035,
      27.9891977
     ],
     [
      85.1485756,
      27.9889054
     ],
     [
      85.1488949,
      27.9886398
     ],
     [
      85.1499162,
      27.9887927
     ],
     [
      85.1503374,
      27.9889903
     ],
     [
      85.1507461,
      27.9890479
     ],
     [
      85.1513235,
      27.9887996
     ],
     [
      85.1518093,
      27.9882993
     ],
     [
      85.152293,
      27.9880508
     ],
     [
      85.1532135,
      27.9875264
     ],
     [
      85.153742,
      27.9872788
     ],
     [
      85.1541338,
      27.9872622
     ],
     [
      85.1543776,
      27.9873361
     ],
     [
      85.155446,
      27.9877466
     ],
     [
      85.1564563,
      27.9882282
     ],
     [
      85.1569335,
      27.988348
     ],
     [
      85.1574107,
      27.9883303
     ],
     [
      85.1585574,
      27.9879914
     ],
     [
      85.1592726,
      27.9868071
     ],
     [
      85.1593557,
      27.9865906
     ],
     [
      85.1597509,
      27.9861247
     ],
     [
      85.1603222,
      27.985629
     ],
     [
      85.1607469,
      27.9857015
     ],
     [
      85.1609687,
      27.9858082
     ],
     [
      85.1610718,
      27.9859568
     ],
     [
      85.161307,
      27.9860726
     ],
     [
      85.1615685,
      27.9861218
     ],
     [
      85.1617853,
      27.9860187
     ],
     [
      85.16192,
      27.9859074
     ],
     [
      85.1620531,
      27.9859077
     ],
     [
      85.1621644,
      27.9858133
     ],
     [
      85.162239,
      27.9847873
     ],
     [
      85.162772,
      27.9842586
     ],
     [
      85.1638122,
      27.9837109
     ],
     [
      85.1647588,
      27.9833682
     ],
     [
      85.1652962,
      27.9831929
     ],
     [
      85.1659814,
      27.9829906
     ],
     [
      85.1666133,
      27.9827315
     ],
     [
      85.1677699,
      27.9828238
     ],
     [
      85.1685236,
      27.9823619
     ],
     [
      85.1693234,
      27.9819378
     ],
     [
      85.1699177,
      27.9818518
     ],
     [
      85.1714934,
      27.9820121
     ],
     [
      85.1720068,
      27.9821591
     ],
     [
      85.1734235,
      27.9821816
     ],
     [
      85.1743926,
      27.9824883
     ],
     [
      85.1750446,
      27.9827623
     ],
     [
      85.17585,
      27.9829492
     ],
     [
      85.176108,
      27.982948
     ],
     [
      85.1766313,
      27.9830396
     ],
     [
      85.1771969,
      27.9829885
     ],
     [
      85.1773623,
      27.9829265
     ],
     [
      85.1777441,
      27.9828299
     ],
     [
      85.1781151,
      27.9827244
     ],
     [
      85.1790342,
      27.9823784
     ],
     [
      85.1792902,
      27.982282
     ],
     [
      85.1801142,
      27.9817757
     ],
     [
      85.1801265,
      27.9817682
     ],
     [
      85.1802747,
      27.9816623
     ]
    ]
   },
   "properties": {
    "name": "Salankhu Khola",
    "name_local": "Salankhu Khola",
    "named": true,
    "km_to_channel": 0.0,
    "km_confluence": 54.7,
    "joins_reach": "Middle valley",
    "backwater_note": "A surge in the main river backs up into the mouth of a tributary. Anywhere just up this stream from the junction can flood without this stream itself being in flood.",
    "osm_id": "way/298744777",
    "source": "OpenStreetMap via the Overpass API",
    "source_url": "https://www.openstreetmap.org/copyright",
    "licence": "ODbL 1.0, (c) OpenStreetMap contributors",
    "retrieved": "2026-08-28"
   }
  },
  {
   "type": "Feature",
   "geometry": {
    "type": "LineString",
    "coordinates": [
     [
      85.2591676,
      27.9952101
     ],
     [
      85.2590609,
      27.9949617
     ],
     [
      85.2589048,
      27.9943765
     ],
     [
      85.2584788,
      27.9938691
     ],
     [
      85.2583393,
      27.9935943
     ],
     [
      85.2583871,
      27.9933144
     ],
     [
      85.2585968,
      27.9930165
     ],
     [
      85.2587792,
      27.9927986
     ],
     [
      85.2588162,
      27.9924428
     ],
     [
      85.2588972,
      27.992287
     ],
     [
      85.2590689,
      27.992268
     ],
     [
      85.2593157,
      27.9923059
     ],
     [
      85.2597282,
      27.9923291
     ],
     [
      85.2599535,
      27.992367
     ],
     [
      85.2603134,
      27.9925238
     ],
     [
      85.2604706,
      27.992554
     ],
     [
      85.2605602,
      27.9925712
     ],
     [
      85.2608547,
      27.992547
     ],
     [
      85.2612361,
      27.9924386
     ],
     [
      85.2617881,
      27.9924144
     ],
     [
      85.2621052,
      27.9922586
     ],
     [
      85.2623519,
      27.9919744
     ],
     [
      85.2625236,
      27.9916617
     ],
     [
      85.2626094,
      27.9913017
     ],
     [
      85.2627703,
      27.9908659
     ],
     [
      85.2629635,
      27.9906954
     ],
     [
      85.263376,
      27.9905386
     ],
     [
      85.2638218,
      27.9904112
     ],
     [
      85.2641377,
      27.9903491
     ],
     [
      85.264326,
      27.9902406
     ],
     [
      85.2644548,
      27.9900796
     ],
     [
      85.2645669,
      27.9896954
     ],
     [
      85.2646313,
      27.9895059
     ],
     [
      85.264878,
      27.9891744
     ],
     [
      85.265077,
      27.9887627
     ],
     [
      85.2652594,
      27.9882227
     ],
     [
      85.2654096,
      27.9880522
     ],
     [
      85.2657959,
      27.9877585
     ],
     [
      85.265908,
      27.9875827
     ],
     [
      85.2659353,
      27.9873985
     ],
     [
      85.2658066,
      27.987029
     ],
     [
      85.2655218,
      27.9865406
     ],
     [
      85.2653715,
      27.9861711
     ],
     [
      85.2654252,
      27.9859721
     ],
     [
      85.2656505,
      27.985631
     ],
     [
      85.26579,
      27.9853468
     ],
     [
      85.26579,
      27.9851479
     ],
     [
      85.2656183,
      27.9849678
     ],
     [
      85.265157,
      27.9845699
     ],
     [
      85.2649161,
      27.9843572
     ],
     [
      85.2647815,
      27.9841152
     ],
     [
      85.2647815,
      27.9839162
     ],
     [
      85.2648839,
      27.9837603
     ],
     [
      85.2650985,
      27.9836182
     ],
     [
      85.2652809,
      27.9835329
     ],
     [
      85.2656076,
      27.9833856
     ],
     [
      85.265753,
      27.9832771
     ],
     [
      85.2658436,
      27.9831393
     ],
     [
      85.265871,
      27.9830024
     ],
     [
      85.2658281,
      27.9828603
     ],
     [
      85.2657422,
      27.9827276
     ],
     [
      85.265592,
      27.9825476
     ],
     [
      85.2654252,
      27.9824287
     ],
     [
      85.265157,
      27.9823908
     ],
     [
      85.2648088,
      27.9822728
     ],
     [
      85.2646264,
      27.982197
     ],
     [
      85.2645347,
      27.9820497
     ],
     [
      85.2643201,
      27.9816613
     ],
     [
      85.2641544,
      27.981458
     ],
     [
      85.2639705,
      27.9813625
     ],
     [
      85.2637896,
      27.9812685
     ],
     [
      85.2636335,
      27.9811686
     ],
     [
      85.2635155,
      27.980998
     ],
     [
      85.2633974,
      27.9806285
     ],
     [
      85.2633604,
      27.9803305
     ],
     [
      85.2632746,
      27.9800747
     ],
     [
      85.2632317,
      27.9797715
     ],
     [
      85.2632639,
      27.9795441
     ],
     [
      85.2633819,
      27.9792978
     ],
     [
      85.2635857,
      27.979023
     ],
     [
      85.2637574,
      27.9786535
     ],
     [
      85.2638164,
      27.9781845
     ],
     [
      85.2637998,
      27.9778429
     ],
     [
      85.2638218,
      27.9775923
     ],
     [
      85.2638165,
      27.9773886
     ],
     [
      85.2638695,
      27.9772792
     ],
     [
      85.2638266,
      27.9771465
     ],
     [
      85.2638534,
      27.9770659
     ],
     [
      85.2638325,
      27.9770049
     ],
     [
      85.2636823,
      27.9768343
     ],
     [
      85.2635214,
      27.9765216
     ],
     [
      85.263339,
      27.9762753
     ],
     [
      85.2630863,
      27.9760616
     ],
     [
      85.2627859,
      27.9759195
     ],
     [
      85.2623734,
      27.9758678
     ],
     [
      85.2618798,
      27.9758868
     ],
     [
      85.2614722,
      27.9759721
     ],
     [
      85.2610907,
      27.9760521
     ],
     [
      85.2610046,
      27.9760377
     ],
     [
      85.2608392,
      27.97601
     ],
     [
      85.2606997,
      27.9758678
     ],
     [
      85.2606401,
      27.9756826
     ],
     [
      85.260683,
      27.9754552
     ],
     [
      85.2605449,
      27.9750778
     ],
     [
      85.2601851,
      27.9746138
     ],
     [
      85.2600124,
      27.9743722
     ],
     [
      85.2597533,
      27.9742261
     ],
     [
      85.259523,
      27.9741625
     ],
     [
      85.2592567,
      27.9740735
     ],
     [
      85.2586522,
      27.9740608
     ],
     [
      85.2583067,
      27.9740036
     ],
     [
      85.2580908,
      27.9739591
     ],
     [
      85.2578893,
      27.9739019
     ],
     [
      85.2577094,
      27.9737875
     ],
     [
      85.2577453,
      27.9736604
     ],
     [
      85.2578893,
      27.9735332
     ],
     [
      85.258098,
      27.9734252
     ],
     [
      85.2582059,
      27.9733235
     ],
     [
      85.2583787,
      27.9731328
     ],
     [
      85.2584722,
      27.9729294
     ],
     [
      85.2585154,
      27.972637
     ],
     [
      85.2584866,
      27.9722874
     ],
     [
      85.2583643,
      27.9718807
     ],
     [
      85.2581124,
      27.9715311
     ],
     [
      85.257854,
      27.9714047
     ],
     [
      85.257621,
      27.9710493
     ],
     [
      85.2575221,
      27.9712187
     ],
     [
      85.2573596,
      27.971191
     ],
     [
      85.2571597,
      27.9712725
     ],
     [
      85.2569328,
      27.9713775
     ],
     [
      85.2568197,
      27.9717015
     ],
     [
      85.2566618,
      27.9719019
     ],
     [
      85.2564947,
      27.9720957
     ],
     [
      85.2564023,
      27.9721875
     ],
     [
      85.2563287,
      27.9723358
     ],
     [
      85.2562461,
      27.9725044
     ],
     [
      85.25607,
      27.9726909
     ],
     [
      85.2559453,
      27.9730537
     ],
     [
      85.2559173,
      27.9734188
     ],
     [
      85.2559101,
      27.9737366
     ],
     [
      85.2558957,
      27.9739146
     ],
     [
      85.255723,
      27.9742833
     ],
     [
      85.2554927,
      27.9744549
     ],
     [
      85.2552192,
      27.9745375
     ],
     [
      85.2550672,
      27.9745047
     ],
     [
      85.2549242,
      27.9744739
     ],
     [
      85.2546507,
      27.9743277
     ],
     [
      85.2544708,
      27.9741498
     ],
     [
      85.2541685,
      27.97394
     ],
     [
      85.254003,
      27.9737112
     ],
     [
      85.2538086,
      27.9729548
     ],
     [
      85.2537439,
      27.9725544
     ],
     [
      85.2536359,
      27.9722747
     ],
     [
      85.2534056,
      27.9720713
     ],
     [
      85.2529666,
      27.9718616
     ],
     [
      85.2527412,
      27.9717883
     ],
     [
      85.2521747,
      27.9718466
     ],
     [
      85.2511871,
      27.971667
     ],
     [
      85.2506743,
      27.9714122
     ],
     [
      85.2503465,
      27.9713127
     ],
     [
      85.2500547,
      27.9713828
     ],
     [
      85.249698,
      27.9714955
     ],
     [
      85.2489291,
      27.9719442
     ],
     [
      85.2481159,
      27.9724718
     ],
     [
      85.2476769,
      27.9727578
     ],
     [
      85.2472417,
      27.9728568
     ],
     [
      85.2472019,
      27.9728659
     ],
     [
      85.2466549,
      27.9728786
     ],
     [
      85.2456114,
      27.9728023
     ],
     [
      85.244539,
      27.9726116
     ],
     [
      85.2439992,
      27.9726625
     ],
     [
      85.2437617,
      27.9727642
     ],
     [
      85.2434451,
      27.9729358
     ],
     [
      85.2431716,
      27.9732154
     ],
     [
      85.2429341,
      27.9732472
     ],
     [
      85.2425095,
      27.9733108
     ],
     [
      85.2414012,
      27.9732472
     ],
     [
      85.2407966,
      27.9731519
     ],
     [
      85.2401057,
      27.9731392
     ],
     [
      85.2394076,
      27.9733743
     ],
     [
      85.2391197,
      27.9735332
     ],
     [
      85.2386951,
      27.9738638
     ],
     [
      85.2384216,
      27.9742515
     ],
     [
      85.2378747,
      27.97469
     ],
     [
      85.2371982,
      27.9746773
     ],
     [
      85.236849,
      27.9746709
     ],
     [
      85.2355377,
      27.9742255
     ],
     [
      85.2353212,
      27.9738676
     ],
     [
      85.234766,
      27.9733441
     ],
     [
      85.2349671,
      27.9730565
     ],
     [
      85.2344561,
      27.9728023
     ],
     [
      85.2337437,
      27.9727832
     ],
     [
      85.2333982,
      27.9727769
     ],
     [
      85.2328296,
      27.9731137
     ],
     [
      85.2325202,
      27.9736477
     ],
     [
      85.2319444,
      27.9739273
     ],
     [
      85.2315342,
      27.9739527
     ],
     [
      85.2310448,
      27.9739464
     ],
     [
      85.2307209,
      27.9738828
     ],
     [
      85.2303107,
      27.973921
     ],
     [
      85.229735,
      27.9738701
     ],
     [
      85.2292744,
      27.9738129
     ],
     [
      85.2289145,
      27.9738383
     ],
     [
      85.2284683,
      27.9740099
     ],
     [
      85.2281141,
      27.9741856
     ],
     [
      85.2270217,
      27.9747854
     ],
     [
      85.2261437,
      27.9749061
     ],
     [
      85.2257191,
      27.9748299
     ],
     [
      85.2244237,
      27.9746583
     ],
     [
      85.2240693,
      27.9745881
     ],
     [
      85.2229771,
      27.9740799
     ],
     [
      85.2222574,
      27.9740608
     ],
     [
      85.221716,
      27.9747881
     ],
     [
      85.2213405,
      27.9755462
     ],
     [
      85.2206216,
      27.9757451
     ],
     [
      85.219141,
      27.9758209
     ],
     [
      85.2179072,
      27.9754704
     ],
     [
      85.2167378,
      27.9750724
     ],
     [
      85.2161584,
      27.9741912
     ],
     [
      85.2155858,
      27.9736095
     ],
     [
      85.2151468,
      27.9735205
     ],
     [
      85.2140529,
      27.9728468
     ],
     [
      85.2135059,
      27.9724781
     ],
     [
      85.2130453,
      27.9724464
     ],
     [
      85.2125995,
      27.9725412
     ],
     [
      85.2122681,
      27.9726116
     ],
     [
      85.2113685,
      27.9729803
     ],
     [
      85.2109007,
      27.9731201
     ],
     [
      85.2105336,
      27.9734252
     ],
     [
      85.2103393,
      27.9736286
     ],
     [
      85.2100442,
      27.973832
     ],
     [
      85.2090721,
      27.9744707
     ],
     [
      85.2085321,
      27.9747785
     ],
     [
      85.2085249,
      27.9747827
     ],
     [
      85.2083902,
      27.9748545
     ],
     [
      85.2082454,
      27.9749187
     ],
     [
      85.2081639,
      27.9749411
     ],
     [
      85.2080551,
      27.974949
     ],
     [
      85.2079768,
      27.9749447
     ],
     [
      85.2078965,
      27.9749278
     ],
     [
      85.2078167,
      27.9748943
     ],
     [
      85.2076619,
      27.9748048
     ],
     [
      85.207547,
      27.9747674
     ],
     [
      85.2073967,
      27.9747516
     ],
     [
      85.2071775,
      27.9747818
     ],
     [
      85.2068421,
      27.974855
     ],
     [
      85.2065409,
      27.974945
     ],
     [
      85.2064167,
      27.975006
     ],
     [
      85.2060301,
      27.9752373
     ],
     [
      85.205919,
      27.9752808
     ],
     [
      85.2058732,
      27.975287
     ],
     [
      85.2056339,
      27.9752543
     ],
     [
      85.2049257,
      27.97512
     ],
     [
      85.204331,
      27.9750264
     ],
     [
      85.2039994,
      27.974994
     ],
     [
      85.2038348,
      27.9750027
     ],
     [
      85.203662,
      27.9750514
     ],
     [
      85.2034336,
      27.9751319
     ],
     [
      85.2029386,
      27.9753308
     ],
     [
      85.2025534,
      27.975559
     ],
     [
      85.202392,
      27.9756372
     ],
     [
      85.2022415,
      27.9756849
     ],
     [
      85.2021026,
      27.9756999
     ],
     [
      85.2018989,
      27.9756849
     ],
     [
      85.2017726,
      27.9756519
     ],
     [
      85.2016591,
      27.975602
     ],
     [
      85.201506,
      27.97549
     ],
     [
      85.2012317,
      27.9752377
     ],
     [
      85.2011323,
      27.975163
     ],
     [
      85.2010882,
      27.9751401
     ],
     [
      85.2009419,
      27.9750976
     ],
     [
      85.2005705,
      27.9750193
     ],
     [
      85.200299,
      27.9749733
     ],
     [
      85.2000703,
      27.9749451
     ],
     [
      85.1999118,
      27.9749428
     ],
     [
      85.199601,
      27.974969
     ],
     [
      85.1993616,
      27.9750046
     ],
     [
      85.1991291,
      27.9750551
     ],
     [
      85.1989317,
      27.9751211
     ],
     [
      85.1984508,
      27.9753501
     ],
     [
      85.1982034,
      27.9754146
     ],
     [
      85.1979876,
      27.9754528
     ],
     [
      85.1975262,
      27.9754689
     ],
     [
      85.1968245,
      27.9754229
     ],
     [
      85.1963269,
      27.9754909
     ],
     [
      85.196026,
      27.9755566
     ],
     [
      85.1950818,
      27.9759422
     ],
     [
      85.194614,
      27.9760184
     ],
     [
      85.1937,
      27.9759612
     ],
     [
      85.1933114,
      27.9758341
     ],
     [
      85.1930451,
      27.9756244
     ],
     [
      85.1923902,
      27.9754909
     ],
     [
      85.1918648,
      27.9754972
     ],
     [
      85.1914402,
      27.9754909
     ],
     [
      85.1910444,
      27.9755417
     ],
     [
      85.1906701,
      27.9757197
     ],
     [
      85.1903247,
      27.9760248
     ],
     [
      85.1896147,
      27.9764734
     ],
     [
      85.1894898,
      27.9765523
     ],
     [
      85.1891228,
      27.976635
     ],
     [
      85.188959,
      27.9766231
     ],
     [
      85.1885974,
      27.9765968
     ],
     [
      85.1880968,
      27.9764568
     ],
     [
      85.1875971,
      27.9761201
     ],
     [
      85.1869977,
      27.9756537
     ],
     [
      85.1861692,
      27.9745458
     ],
     [
      85.1858842,
      27.9743023
     ],
     [
      85.1855077,
      27.9741538
     ],
     [
      85.1850984,
      27.974001
     ],
     [
      85.1846302,
      27.9738941
     ],
     [
      85.1844907,
      27.9737851
     ],
     [
      85.1843904,
      27.9735965
     ],
     [
      85.1841237,
      27.9729892
     ],
     [
      85.1840899,
      27.972912
     ],
     [
      85.1840429,
      27.972805
     ]
    ]
   },
   "properties": {
    "name": "Falaakhu River",
    "name_local": "Falaakhu River",
    "named": true,
    "km_to_channel": 0.14,
    "km_confluence": 55.6,
    "joins_reach": "Middle valley",
    "backwater_note": "A surge in the main river backs up into the mouth of a tributary. Anywhere just up this stream from the junction can flood without this stream itself being in flood.",
    "osm_id": "way/300686595",
    "source": "OpenStreetMap via the Overpass API",
    "source_url": "https://www.openstreetmap.org/copyright",
    "licence": "ODbL 1.0, (c) OpenStreetMap contributors",
    "retrieved": "2026-08-28"
   }
  },
  {
   "type": "Feature",
   "geometry": {
    "type": "LineString",
    "coordinates": [
     [
      85.1523216,
      27.8766508
     ],
     [
      85.1503691,
      27.8753453
     ],
     [
      85.1497291,
      27.8749681
     ],
     [
      85.149507,
      27.8748953
     ],
     [
      85.1492873,
      27.8750004
     ],
     [
      85.1490533,
      27.8752939
     ],
     [
      85.1487923,
      27.8754917
     ],
     [
      85.1483563,
      27.8757448
     ],
     [
      85.1480441,
      27.8758248
     ],
     [
      85.1477499,
      27.875882
     ],
     [
      85.1467955,
      27.8758904
     ],
     [
      85.1459879,
      27.875797
     ],
     [
      85.1453654,
      27.8756313
     ],
     [
      85.1449134,
      27.8754134
     ],
     [
      85.1446031,
      27.8752401
     ],
     [
      85.144278,
      27.8749501
     ],
     [
      85.1435627,
      27.8742424
     ],
     [
      85.1433666,
      27.8738277
     ],
     [
      85.1432633,
      27.8732809
     ],
     [
      85.1432794,
      27.8726505
     ],
     [
      85.1434202,
      27.8720439
     ],
     [
      85.143851,
      27.8711413
     ],
     [
      85.1440101,
      27.8708164
     ],
     [
      85.1441248,
      27.8707146
     ],
     [
      85.1442013,
      27.8705813
     ],
     [
      85.144193,
      27.8704414
     ],
     [
      85.1441248,
      27.8703027
     ],
     [
      85.1437405,
      27.8697677
     ],
     [
      85.1434922,
      27.8695425
     ],
     [
      85.1432572,
      27.8691569
     ],
     [
      85.1432053,
      27.8688757
     ],
     [
      85.1432634,
      27.8687323
     ],
     [
      85.1436271,
      27.8682373
     ],
     [
      85.144017,
      27.8677638
     ],
     [
      85.1442864,
      27.8670719
     ],
     [
      85.144502,
      27.8665369
     ],
     [
      85.1444993,
      27.8660882
     ],
     [
      85.1442302,
      27.8658208
     ],
     [
      85.1437093,
      27.8656236
     ],
     [
      85.1422442,
      27.866093
     ],
     [
      85.1415898,
      27.8665257
     ],
     [
      85.1411284,
      27.8666241
     ],
     [
      85.1405713,
      27.8665632
     ],
     [
      85.1401438,
      27.866334
     ],
     [
      85.1393252,
      27.8661138
     ],
     [
      85.1390997,
      27.8661246
     ],
     [
      85.1389589,
      27.8659521
     ],
     [
      85.1382252,
      27.8645687
     ],
     [
      85.1380822,
      27.8643871
     ],
     [
      85.1378293,
      27.8642038
     ],
     [
      85.1375235,
      27.8641201
     ],
     [
      85.1364411,
      27.8636857
     ],
     [
      85.1352296,
      27.8635782
     ],
     [
      85.135043,
      27.8634625
     ],
     [
      85.1349079,
      27.8632643
     ],
     [
      85.1347769,
      27.8628302
     ],
     [
      85.1348277,
      27.8622894
     ],
     [
      85.1349164,
      27.8620232
     ],
     [
      85.1352919,
      27.8616161
     ],
     [
      85.1354309,
      27.8613677
     ],
     [
      85.1354063,
      27.8609584
     ],
     [
      85.1352525,
      27.8604927
     ],
     [
      85.1351104,
      27.860233
     ],
     [
      85.1347277,
      27.8596801
     ],
     [
      85.1344965,
      27.8595123
     ],
     [
      85.1342909,
      27.8593633
     ],
     [
      85.1336877,
      27.8591527
     ],
     [
      85.1330923,
      27.8589902
     ],
     [
      85.1326902,
      27.8589561
     ],
     [
      85.132202,
      27.8590361
     ],
     [
      85.1310862,
      27.8591879
     ],
     [
      85.1297537,
      27.8593054
     ],
     [
      85.1285112,
      27.8595673
     ],
     [
      85.127753,
      27.859687
     ],
     [
      85.1272978,
      27.8595711
     ],
     [
      85.1263623,
      27.8590541
     ],
     [
      85.1260404,
      27.8587316
     ],
     [
      85.1255898,
      27.8583522
     ],
     [
      85.1251606,
      27.8580866
     ],
     [
      85.1247408,
      27.8580299
     ],
     [
      85.1241225,
      27.8582406
     ],
     [
      85.123723,
      27.8585609
     ],
     [
      85.1234337,
      27.8588958
     ],
     [
      85.123208,
      27.8589213
     ],
     [
      85.1228647,
      27.8589213
     ],
     [
      85.122457,
      27.8588265
     ],
     [
      85.1217489,
      27.858466
     ],
     [
      85.1213841,
      27.8580107
     ],
     [
      85.121191,
      27.8575175
     ],
     [
      85.120912,
      27.8570811
     ],
     [
      85.1206974,
      27.8569294
     ],
     [
      85.1203845,
      27.8568552
     ],
     [
      85.1196145,
      27.8571538
     ],
     [
      85.1191364,
      27.8572092
     ],
     [
      85.1182942,
      27.8573847
     ],
     [
      85.117865,
      27.8574985
     ],
     [
      85.1175217,
      27.8574416
     ],
     [
      85.1169209,
      27.8573847
     ],
     [
      85.1162491,
      27.8574832
     ],
     [
      85.1157206,
      27.8574631
     ],
     [
      85.1152124,
      27.8575578
     ],
     [
      85.1146651,
      27.8575734
     ],
     [
      85.1143217,
      27.8573835
     ],
     [
      85.1139971,
      27.8572163
     ],
     [
      85.1136391,
      27.8571405
     ],
     [
      85.1133239,
      27.8571655
     ],
     [
      85.1130948,
      27.8572756
     ],
     [
      85.1129083,
      27.8575744
     ],
     [
      85.1127366,
      27.8580107
     ],
     [
      85.1122877,
      27.8586544
     ],
     [
      85.112127,
      27.8587534
     ],
     [
      85.1117402,
      27.8587447
     ],
     [
      85.1111271,
      27.8586435
     ],
     [
      85.1108302,
      27.8586959
     ],
     [
      85.110665,
      27.8586765
     ],
     [
      85.110514,
      27.8585515
     ],
     [
      85.1103458,
      27.858367
     ],
     [
      85.1101635,
      27.8582969
     ],
     [
      85.109878,
      27.858307
     ],
     [
      85.1094979,
      27.8584524
     ],
     [
      85.109121,
      27.8586522
     ],
     [
      85.1089021,
      27.8587473
     ],
     [
      85.1083648,
      27.8589101
     ],
     [
      85.1076196,
      27.8590561
     ],
     [
      85.1072188,
      27.8590888
     ],
     [
      85.1069278,
      27.8590962
     ]
    ]
   },
   "properties": {
    "name": "Tadi Khola",
    "name_local": "Tadi Khola",
    "named": true,
    "km_to_channel": 0.05,
    "km_confluence": 73.9,
    "joins_reach": "Open valley",
    "backwater_note": "A surge in the main river backs up into the mouth of a tributary. Anywhere just up this stream from the junction can flood without this stream itself being in flood.",
    "osm_id": "way/168199204",
    "source": "OpenStreetMap via the Overpass API",
    "source_url": "https://www.openstreetmap.org/copyright",
    "licence": "ODbL 1.0, (c) OpenStreetMap contributors",
    "retrieved": "2026-08-28"
   }
  },
  {
   "type": "Feature",
   "geometry": {
    "type": "LineString",
    "coordinates": [
     [
      85.0345777,
      27.8948099
     ],
     [
      85.0349629,
      27.8945907
     ],
     [
      85.0352953,
      27.8945394
     ],
     [
      85.0364403,
      27.8942129
     ],
     [
      85.0370524,
      27.8940637
     ],
     [
      85.0377067,
      27.8938772
     ],
     [
      85.038171,
      27.8939145
     ],
     [
      85.0384929,
      27.8938259
     ],
     [
      85.0388464,
      27.8936253
     ],
     [
      85.0391103,
      27.8934901
     ],
     [
      85.039448,
      27.8934388
     ],
     [
      85.0399281,
      27.8933968
     ],
     [
      85.0402395,
      27.8935088
     ],
     [
      85.0404198,
      27.8934538
     ],
     [
      85.041275,
      27.8934339
     ],
     [
      85.0416801,
      27.8932578
     ],
     [
      85.0423214,
      27.8926952
     ],
     [
      85.0423053,
      27.8924949
     ],
     [
      85.0420177,
      27.8923634
     ],
     [
      85.0416949,
      27.8916763
     ],
     [
      85.0417585,
      27.8912744
     ],
     [
      85.0420131,
      27.8911217
     ],
     [
      85.0422768,
      27.8907561
     ],
     [
      85.0419835,
      27.8903364
     ],
     [
      85.0418949,
      27.8902096
     ],
     [
      85.0418404,
      27.8898077
     ],
     [
      85.0419904,
      27.8894662
     ],
     [
      85.0423632,
      27.8893577
     ],
     [
      85.0430634,
      27.8896711
     ],
     [
      85.0435907,
      27.8896108
     ],
     [
      85.0441318,
      27.8893938
     ],
     [
      85.0443773,
      27.8893738
     ],
     [
      85.0446228,
      27.8896269
     ],
     [
      85.0449174,
      27.8897444
     ],
     [
      85.0451578,
      27.8896815
     ],
     [
      85.0456073,
      27.8891661
     ],
     [
      85.0461949,
      27.8890186
     ],
     [
      85.0463551,
      27.8888573
     ],
     [
      85.0464019,
      27.8885956
     ],
     [
      85.046206,
      27.8882435
     ],
     [
      85.0459211,
      27.8881491
     ],
     [
      85.0452535,
      27.8881865
     ],
     [
      85.0450621,
      27.8881058
     ],
     [
      85.0451466,
      27.8878068
     ],
     [
      85.0452023,
      27.8873072
     ],
     [
      85.0455628,
      27.8869413
     ],
     [
      85.0458566,
      27.886658
     ],
     [
      85.0460324,
      27.8863689
     ],
     [
      85.0463418,
      27.8861013
     ],
     [
      85.0463418,
      27.8859322
     ],
     [
      85.0462082,
      27.8857158
     ],
     [
      85.0459056,
      27.885464
     ],
     [
      85.0457386,
      27.8850745
     ],
     [
      85.0457898,
      27.8847991
     ],
     [
      85.0454916,
      27.8846024
     ],
     [
      85.0447505,
      27.8844784
     ],
     [
      85.0443966,
      27.8841912
     ],
     [
      85.0436488,
      27.8836247
     ],
     [
      85.0431481,
      27.8832962
     ],
     [
      85.0423981,
      27.8824798
     ],
     [
      85.042178,
      27.8822901
     ],
     [
      85.0420509,
      27.8821659
     ],
     [
      85.0420372,
      27.8820263
     ],
     [
      85.0420897,
      27.8817074
     ],
     [
      85.0422317,
      27.8814153
     ],
     [
      85.0421786,
      27.881239
     ],
     [
      85.0420798,
      27.8811047
     ],
     [
      85.0414633,
      27.8809965
     ],
     [
      85.0408068,
      27.8807585
     ],
     [
      85.0407089,
      27.8806247
     ],
     [
      85.0407645,
      27.8802529
     ],
     [
      85.040947,
      27.880123
     ],
     [
      85.0415078,
      27.8804142
     ],
     [
      85.0417013,
      27.8804888
     ],
     [
      85.0417954,
      27.8805194
     ],
     [
      85.0418893,
      27.8805252
     ],
     [
      85.0419881,
      27.8805173
     ],
     [
      85.0422809,
      27.8802734
     ],
     [
      85.0426899,
      27.8795464
     ],
     [
      85.0426861,
      27.8789244
     ],
     [
      85.0426575,
      27.8787009
     ],
     [
      85.0426476,
      27.8786237
     ],
     [
      85.0424657,
      27.8779512
     ],
     [
      85.0425969,
      27.8777162
     ],
     [
      85.042862,
      27.8773058
     ],
     [
      85.0430841,
      27.877078
     ],
     [
      85.0433716,
      27.8768087
     ],
     [
      85.0440644,
      27.8766173
     ],
     [
      85.0444706,
      27.8766997
     ],
     [
      85.0447532,
      27.8769634
     ],
     [
      85.0450537,
      27.8773725
     ],
     [
      85.0452295,
      27.8774394
     ],
     [
      85.0456056,
      27.8772132
     ],
     [
      85.0466272,
      27.876743
     ],
     [
      85.0471769,
      27.8767351
     ],
     [
      85.0473905,
      27.8765719
     ],
     [
      85.0475285,
      27.8763122
     ],
     [
      85.0479113,
      27.8761882
     ],
     [
      85.0483698,
      27.876501
     ],
     [
      85.0489796,
      27.8768768
     ],
     [
      85.049556,
      27.8767942
     ],
     [
      85.0502704,
      27.8768374
     ],
     [
      85.0520064,
      27.8767686
     ],
     [
      85.0526807,
      27.8768768
     ],
     [
      85.0535442,
      27.877288
     ],
     [
      85.0548417,
      27.8776499
     ],
     [
      85.0551644,
      27.8775712
     ],
     [
      85.0556256,
      27.8773414
     ],
     [
      85.0580698,
      27.8770486
     ],
     [
      85.0596916,
      27.877402
     ],
     [
      85.0600971,
      27.8769123
     ],
     [
      85.0605597,
      27.8767962
     ],
     [
      85.0617189,
      27.8760643
     ],
     [
      85.0625184,
      27.8760239
     ],
     [
      85.0629182,
      27.8760188
     ],
     [
      85.0631751,
      27.8765034
     ],
     [
      85.0636663,
      27.8766549
     ],
     [
      85.0640603,
      27.8763621
     ],
     [
      85.0642716,
      27.8759027
     ],
     [
      85.0656935,
      27.8756049
     ],
     [
      85.066276,
      27.8757059
     ],
     [
      85.0661813,
      27.8758884
     ],
     [
      85.0661554,
      27.876088
     ],
     [
      85.0662009,
      27.8762848
     ],
     [
      85.0663134,
      27.8764593
     ],
     [
      85.0664816,
      27.8765943
     ],
     [
      85.0673668,
      27.8764176
     ],
     [
      85.0688059,
      27.8765085
     ],
     [
      85.0699708,
      27.8764479
     ],
     [
      85.0702792,
      27.8762914
     ],
     [
      85.0698623,
      27.875514
     ],
     [
      85.0693312,
      27.8750496
     ],
     [
      85.0693198,
      27.8745751
     ],
     [
      85.0686402,
      27.8741965
     ],
     [
      85.0677665,
      27.8742268
     ],
     [
      85.0672754,
      27.8735756
     ],
     [
      85.0672337,
      27.8734585
     ],
     [
      85.067239,
      27.8733359
     ],
     [
      85.0672907,
      27.8732221
     ],
     [
      85.0673828,
      27.8731303
     ],
     [
      85.0675045,
      27.8730713
     ],
     [
      85.0676416,
      27.8730519
     ],
     [
      85.067778,
      27.8730745
     ],
     [
      85.0678979,
      27.8731364
     ],
     [
      85.0684575,
      27.8731566
     ],
     [
      85.0688173,
      27.8729395
     ],
     [
      85.0692113,
      27.8729244
     ],
     [
      85.0694188,
      27.8727672
     ],
     [
      85.0695625,
      27.8725618
     ],
     [
      85.0696286,
      27.8723274
     ],
     [
      85.0696111,
      27.8720864
     ],
     [
      85.0693653,
      27.8718599
     ],
     [
      85.069212,
      27.8715768
     ],
     [
      85.0691664,
      27.8712656
     ],
     [
      85.0692331,
      27.8709573
     ],
     [
      85.0694055,
      27.870683
     ],
     [
      85.0694797,
      27.8703649
     ],
     [
      85.0692114,
      27.8699566
     ],
     [
      85.069177,
      27.8695118
     ],
     [
      85.0688932,
      27.8692498
     ],
     [
      85.068389,
      27.8696885
     ],
     [
      85.0681992,
      27.8696214
     ],
     [
      85.0680417,
      27.8695061
     ],
     [
      85.0679318,
      27.8693538
     ],
     [
      85.0678798,
      27.869179
     ],
     [
      85.0678909,
      27.8689985
     ],
     [
      85.067964,
      27.8688298
     ],
     [
      85.068092,
      27.8686889
     ],
     [
      85.0683026,
      27.8683226
     ],
     [
      85.0683587,
      27.8679146
     ],
     [
      85.0682537,
      27.8675144
     ],
     [
      85.0680001,
      27.86717
     ],
     [
      85.067527,
      27.866852
     ],
     [
      85.0671873,
      27.8664208
     ],
     [
      85.0670139,
      27.8659183
     ],
     [
      85.0670236,
      27.8653929
     ],
     [
      85.0673375,
      27.8643544
     ],
     [
      85.0679658,
      27.8634341
     ],
     [
      85.0680515,
      27.8629292
     ],
     [
      85.0675604,
      27.8625859
     ],
     [
      85.0675259,
      27.8619112
     ],
     [
      85.0675545,
      27.861835
     ],
     [
      85.0678573,
      27.8609199
     ],
     [
      85.067905,
      27.8607501
     ],
     [
      85.0678913,
      27.8605757
     ],
     [
      85.0678175,
      27.8604134
     ],
     [
      85.0676908,
      27.860279
     ],
     [
      85.0675236,
      27.8601857
     ],
     [
      85.0673319,
      27.8601424
     ],
     [
      85.0664925,
      27.8601575
     ],
     [
      85.065476,
      27.8598041
     ],
     [
      85.0641228,
      27.8592395
     ],
     [
      85.0637712,
      27.8591014
     ],
     [
      85.0631526,
      27.8590285
     ],
     [
      85.0626745,
      27.8592068
     ],
     [
      85.062438,
      27.8593505
     ],
     [
      85.062305,
      27.8594168
     ],
     [
      85.062241,
      27.8594454
     ],
     [
      85.0617394,
      27.859398
     ]
    ]
   },
   "properties": {
    "name": "unnamed",
    "name_local": "",
    "named": false,
    "km_to_channel": 0.0,
    "km_confluence": 79.0,
    "joins_reach": "Open valley",
    "backwater_note": "A surge in the main river backs up into the mouth of a tributary. Anywhere just up this stream from the junction can flood without this stream itself being in flood.",
    "osm_id": "way/225746336",
    "source": "OpenStreetMap via the Overpass API",
    "source_url": "https://www.openstreetmap.org/copyright",
    "licence": "ODbL 1.0, (c) OpenStreetMap contributors",
    "retrieved": "2026-08-28"
   }
  },
  {
   "type": "Feature",
   "geometry": {
    "type": "LineString",
    "coordinates": [
     [
      85.005909,
      27.8417806
     ],
     [
      85.0064857,
      27.8411709
     ],
     [
      85.0070919,
      27.8406284
     ],
     [
      85.0072378,
      27.8403541
     ],
     [
      85.0073539,
      27.8398661
     ],
     [
      85.0076475,
      27.839159
     ],
     [
      85.0084659,
      27.8389657
     ],
     [
      85.0105838,
      27.8382364
     ],
     [
      85.0123643,
      27.837242
     ],
     [
      85.0126892,
      27.8366951
     ],
     [
      85.0122394,
      27.8356344
     ],
     [
      85.0126599,
      27.8343148
     ],
     [
      85.0129453,
      27.8334191
     ],
     [
      85.0139583,
      27.8325467
     ],
     [
      85.0153808,
      27.8325311
     ],
     [
      85.0174129,
      27.8340624
     ],
     [
      85.0190916,
      27.8340077
     ],
     [
      85.0205229,
      27.8343515
     ],
     [
      85.0219542,
      27.8337733
     ],
     [
      85.0220393,
      27.8337311
     ],
     [
      85.0223178,
      27.8335473
     ],
     [
      85.0228949,
      27.8329658
     ]
    ]
   },
   "properties": {
    "name": "Koshi Khola",
    "name_local": "Koshi Khola",
    "named": true,
    "km_to_channel": 0.0,
    "km_confluence": 85.8,
    "joins_reach": "Open valley",
    "backwater_note": "A surge in the main river backs up into the mouth of a tributary. Anywhere just up this stream from the junction can flood without this stream itself being in flood.",
    "osm_id": "way/1235631876",
    "source": "OpenStreetMap via the Overpass API",
    "source_url": "https://www.openstreetmap.org/copyright",
    "licence": "ODbL 1.0, (c) OpenStreetMap contributors",
    "retrieved": "2026-08-28"
   }
  },
  {
   "type": "Feature",
   "geometry": {
    "type": "LineString",
    "coordinates": [
     [
      85.016089,
      27.8100055
     ],
     [
      85.0156258,
      27.8099636
     ],
     [
      85.0153103,
      27.8099886
     ],
     [
      85.0149987,
      27.8101328
     ],
     [
      85.0148277,
      27.8101493
     ],
     [
      85.013874,
      27.8096621
     ],
     [
      85.0137339,
      27.8094756
     ],
     [
      85.0135696,
      27.8092516
     ]
    ]
   },
   "properties": {
    "name": "Kalphu River",
    "name_local": "Kalphu River",
    "named": true,
    "km_to_channel": 0.08,
    "km_confluence": 88.7,
    "joins_reach": "Open valley",
    "backwater_note": "A surge in the main river backs up into the mouth of a tributary. Anywhere just up this stream from the junction can flood without this stream itself being in flood.",
    "osm_id": "way/887693318",
    "source": "OpenStreetMap via the Overpass API",
    "source_url": "https://www.openstreetmap.org/copyright",
    "licence": "ODbL 1.0, (c) OpenStreetMap contributors",
    "retrieved": "2026-08-28"
   }
  },
  {
   "type": "Feature",
   "geometry": {
    "type": "LineString",
    "coordinates": [
     [
      85.0162069,
      27.8100376
     ],
     [
      85.016089,
      27.8100055
     ]
    ]
   },
   "properties": {
    "name": "Kalphu River",
    "name_local": "Kalphu River",
    "named": true,
    "km_to_channel": 0.29,
    "km_confluence": 89.0,
    "joins_reach": "Open valley",
    "backwater_note": "A surge in the main river backs up into the mouth of a tributary. Anywhere just up this stream from the junction can flood without this stream itself being in flood.",
    "osm_id": "way/887693319",
    "source": "OpenStreetMap via the Overpass API",
    "source_url": "https://www.openstreetmap.org/copyright",
    "licence": "ODbL 1.0, (c) OpenStreetMap contributors",
    "retrieved": "2026-08-28"
   }
  },
  {
   "type": "Feature",
   "geometry": {
    "type": "LineString",
    "coordinates": [
     [
      85.0268372,
      27.8160186
     ],
     [
      85.0267962,
      27.8157707
     ],
     [
      85.0267611,
      27.8155299
     ],
     [
      85.0267104,
      27.8153843
     ],
     [
      85.02665,
      27.8152621
     ],
     [
      85.0265669,
      27.8151136
     ],
     [
      85.0264411,
      27.8150294
     ],
     [
      85.0262053,
      27.8149807
     ],
     [
      85.0252504,
      27.8148436
     ],
     [
      85.0251549,
      27.8147938
     ],
     [
      85.0251279,
      27.814721
     ],
     [
      85.0251732,
      27.8145079
     ],
     [
      85.025251,
      27.8143077
     ],
     [
      85.0253283,
      27.814149
     ],
     [
      85.0253491,
      27.8140593
     ],
     [
      85.0252368,
      27.8135294
     ],
     [
      85.0251051,
      27.813383
     ],
     [
      85.0249243,
      27.813313
     ],
     [
      85.0246736,
      27.8133254
     ],
     [
      85.0243836,
      27.8135203
     ],
     [
      85.0242717,
      27.8137718
     ],
     [
      85.024222,
      27.8139531
     ],
     [
      85.0241537,
      27.8140954
     ],
     [
      85.0238691,
      27.8148014
     ],
     [
      85.0238184,
      27.8150303
     ],
     [
      85.0237433,
      27.8151155
     ],
     [
      85.0236218,
      27.8151508
     ],
     [
      85.0232959,
      27.8150842
     ],
     [
      85.0231425,
      27.8149976
     ],
     [
      85.0229778,
      27.814878
     ],
     [
      85.0227158,
      27.8147497
     ],
     [
      85.0225497,
      27.8146612
     ],
     [
      85.0223435,
      27.8144871
     ],
     [
      85.0220128,
      27.8141415
     ],
     [
      85.0214978,
      27.8139327
     ],
     [
      85.0212545,
      27.8139391
     ],
     [
      85.0211569,
      27.813996
     ],
     [
      85.0210244,
      27.8142095
     ],
     [
      85.0209431,
      27.8142648
     ],
     [
      85.0207851,
      27.8142676
     ],
     [
      85.0205507,
      27.8141718
     ],
     [
      85.0204225,
      27.8140247
     ],
     [
      85.0204064,
      27.8137754
     ],
     [
      85.0203991,
      27.813508
     ],
     [
      85.0203723,
      27.8132921
     ],
     [
      85.0203211,
      27.8130437
     ],
     [
      85.0201977,
      27.8127911
     ],
     [
      85.0200502,
      27.8126082
     ],
     [
      85.0197014,
      27.8125023
     ],
     [
      85.0187624,
      27.8123551
     ],
     [
      85.0181383,
      27.8123169
     ],
     [
      85.0179355,
      27.8122874
     ],
     [
      85.0178151,
      27.8121978
     ],
     [
      85.0177523,
      27.8120592
     ],
     [
      85.0177647,
      27.8119271
     ],
     [
      85.0178773,
      27.8118398
     ],
     [
      85.0181235,
      27.8115919
     ],
     [
      85.0182646,
      27.8114562
     ],
     [
      85.0183279,
      27.811306
     ],
     [
      85.0183969,
      27.810655
     ],
     [
      85.018314,
      27.8104773
     ],
     [
      85.0181691,
      27.8104194
     ],
     [
      85.0179608,
      27.8103776
     ],
     [
      85.0172422,
      27.8102161
     ],
     [
      85.0165652,
      27.8100989
     ],
     [
      85.0162069,
      27.8100376
     ]
    ]
   },
   "properties": {
    "name": "Kalphu River",
    "name_local": "Kalphu River",
    "named": true,
    "km_to_channel": 0.3,
    "km_confluence": 89.0,
    "joins_reach": "Open valley",
    "backwater_note": "A surge in the main river backs up into the mouth of a tributary. Anywhere just up this stream from the junction can flood without this stream itself being in flood.",
    "osm_id": "way/887693320",
    "source": "OpenStreetMap via the Overpass API",
    "source_url": "https://www.openstreetmap.org/copyright",
    "licence": "ODbL 1.0, (c) OpenStreetMap contributors",
    "retrieved": "2026-08-28"
   }
  },
  {
   "type": "Feature",
   "geometry": {
    "type": "LineString",
    "coordinates": [
     [
      85.1371277,
      27.7335425
     ],
     [
      85.1367098,
      27.7338738
     ],
     [
      85.136624,
      27.7339818
     ],
     [
      85.1364913,
      27.7341888
     ],
     [
      85.1363724,
      27.7345191
     ],
     [
      85.1362222,
      27.7350831
     ],
     [
      85.1361452,
      27.7352145
     ],
     [
      85.1360528,
      27.7352975
     ],
     [
      85.135885,
      27.7353963
     ],
     [
      85.1355779,
      27.7357548
     ],
     [
      85.1353186,
      27.7360386
     ],
     [
      85.1352097,
      27.736153
     ],
     [
      85.1349184,
      27.7362573
     ],
     [
      85.1346468,
      27.7363275
     ],
     [
      85.134441,
      27.7363125
     ],
     [
      85.1342787,
      27.7362292
     ],
     [
      85.133841,
      27.7359176
     ],
     [
      85.1335964,
      27.7358038
     ],
     [
      85.133372,
      27.7357651
     ],
     [
      85.1331279,
      27.7358001
     ],
     [
      85.132911,
      27.7359061
     ],
     [
      85.1324146,
      27.736203
     ],
     [
      85.1313407,
      27.7367626
     ],
     [
      85.1309989,
      27.7371062
     ],
     [
      85.1307249,
      27.7372231
     ],
     [
      85.130244,
      27.7373062
     ],
     [
      85.1297348,
      27.7375585
     ],
     [
      85.1287894,
      27.7376834
     ],
     [
      85.1272514,
      27.7377208
     ],
     [
      85.1264617,
      27.737662
     ],
     [
      85.1260646,
      27.7375793
     ],
     [
      85.1256584,
      27.7374914
     ],
     [
      85.125192,
      27.7373964
     ],
     [
      85.1249111,
      27.7374137
     ],
     [
      85.1246048,
      27.7375128
     ],
     [
      85.1240637,
      27.7377298
     ],
     [
      85.1234946,
      27.7379793
     ],
     [
      85.1231675,
      27.7383043
     ],
     [
      85.1225692,
      27.738642
     ],
     [
      85.1223198,
      27.7385836
     ],
     [
      85.1221351,
      27.7387051
     ],
     [
      85.1218397,
      27.7389186
     ],
     [
      85.1217282,
      27.7390319
     ],
     [
      85.1215344,
      27.7395364
     ],
     [
      85.1214092,
      27.739674
     ],
     [
      85.1212131,
      27.7397802
     ],
     [
      85.1208764,
      27.7399245
     ],
     [
      85.120711,
      27.7400345
     ],
     [
      85.1204502,
      27.7404274
     ],
     [
      85.1202686,
      27.740571
     ],
     [
      85.1196914,
      27.7408642
     ],
     [
      85.1193908,
      27.7410775
     ],
     [
      85.1188777,
      27.7415253
     ],
     [
      85.1185926,
      27.7417494
     ],
     [
      85.1183232,
      27.7420964
     ],
     [
      85.1180702,
      27.7425333
     ],
     [
      85.1178258,
      27.7428036
     ],
     [
      85.1174534,
      27.7433016
     ],
     [
      85.1171824,
      27.7436882
     ],
     [
      85.1171062,
      27.7438475
     ],
     [
      85.1170347,
      27.7440851
     ],
     [
      85.1169355,
      27.7442169
     ],
     [
      85.116781,
      27.7442949
     ],
     [
      85.1164167,
      27.744612
     ],
     [
      85.1162682,
      27.7446898
     ],
     [
      85.1160039,
      27.7447475
     ],
     [
      85.1155612,
      27.7449517
     ],
     [
      85.1152427,
      27.7450528
     ],
     [
      85.1150874,
      27.7451289
     ],
     [
      85.1149891,
      27.745244
     ],
     [
      85.1148203,
      27.745526
     ],
     [
      85.1144371,
      27.7460925
     ],
     [
      85.1136788,
      27.746137
     ],
     [
      85.1129693,
      27.7461238
     ],
     [
      85.1116443,
      27.7461798
     ],
     [
      85.1108686,
      27.7456889
     ],
     [
      85.1101496,
      27.7452278
     ],
     [
      85.1099609,
      27.7451865
     ],
     [
      85.1097255,
      27.7452275
     ],
     [
      85.1091763,
      27.7454136
     ],
     [
      85.1088757,
      27.7455366
     ],
     [
      85.1085261,
      27.7456265
     ],
     [
      85.1082533,
      27.7456442
     ],
     [
      85.1079899,
      27.7456248
     ],
     [
      85.1075028,
      27.7453958
     ],
     [
      85.1069422,
      27.7452547
     ],
     [
      85.106341,
      27.7453123
     ],
     [
      85.1059912,
      27.7452975
     ],
     [
      85.1054143,
      27.7450921
     ],
     [
      85.1050157,
      27.7450569
     ],
     [
      85.1039512,
      27.7450888
     ],
     [
      85.1037238,
      27.745027
     ],
     [
      85.1034475,
      27.7449266
     ],
     [
      85.1019095,
      27.7449141
     ],
     [
      85.101122,
      27.7452472
     ],
     [
      85.1006647,
      27.7455901
     ],
     [
      85.0993838,
      27.7459506
     ],
     [
      85.0982973,
      27.7463377
     ],
     [
      85.0973665,
      27.7464791
     ],
     [
      85.0971577,
      27.7465395
     ],
     [
      85.0971089,
      27.7465705
     ],
     [
      85.0963285,
      27.7468414
     ],
     [
      85.0960191,
      27.746961
     ],
     [
      85.0955906,
      27.7470397
     ],
     [
      85.0951763,
      27.7470801
     ],
     [
      85.0947531,
      27.747101
     ],
     [
      85.0943059,
      27.747165
     ],
     [
      85.0940654,
      27.7471935
     ],
     [
      85.0938162,
      27.7471945
     ],
     [
      85.0935864,
      27.7471664
     ],
     [
      85.0932634,
      27.7471318
     ],
     [
      85.0931466,
      27.7470671
     ],
     [
      85.0929562,
      27.7470623
     ],
     [
      85.0926092,
      27.7470326
     ],
     [
      85.0922175,
      27.7470345
     ],
     [
      85.0918258,
      27.74714
     ],
     [
      85.0915874,
      27.7471815
     ],
     [
      85.0912244,
      27.7473331
     ],
     [
      85.0910599,
      27.7473331
     ],
     [
      85.0908329,
      27.7473311
     ],
     [
      85.0905247,
      27.7473352
     ],
     [
      85.090439,
      27.7473721
     ],
     [
      85.0903301,
      27.7474254
     ],
     [
      85.0901378,
      27.7474562
     ],
     [
      85.0899849,
      27.7475341
     ],
     [
      85.0898111,
      27.7476612
     ],
     [
      85.08975,
      27.7477491
     ],
     [
      85.0896206,
      27.74781
     ],
     [
      85.0894158,
      27.7478651
     ],
     [
      85.0893142,
      27.7478578
     ],
     [
      85.0890996,
      27.7478781
     ],
     [
      85.0889784,
      27.7478723
     ],
     [
      85.0887966,
      27.7479419
     ],
     [
      85.0886426,
      27.7479927
     ],
     [
      85.0884897,
      27.7479886
     ],
     [
      85.0884241,
      27.747948
     ],
     [
      85.0883701,
      27.74789
     ],
     [
      85.0883053,
      27.7478279
     ],
     [
      85.0882742,
      27.7477987
     ],
     [
      85.0881931,
      27.7476979
     ],
     [
      85.0880932,
      27.747558
     ],
     [
      85.0879482,
      27.7474362
     ],
     [
      85.0878098,
      27.7473731
     ],
     [
      85.0877279,
      27.7473354
     ],
     [
      85.0876566,
      27.7472629
     ],
     [
      85.0876159,
      27.7471869
     ],
     [
      85.0874916,
      27.7468101
     ],
     [
      85.0874494,
      27.7465684
     ],
     [
      85.0875257,
      27.7458639
     ],
     [
      85.0874408,
      27.7456255
     ],
     [
      85.0871709,
      27.7451982
     ],
     [
      85.0869386,
      27.745039
     ],
     [
      85.0865012,
      27.7450764
     ],
     [
      85.0857878,
      27.7453097
     ],
     [
      85.0854974,
      27.7457534
     ],
     [
      85.0852865,
      27.7458107
     ],
     [
      85.0850899,
      27.7457853
     ],
     [
      85.0849684,
      27.7457048
     ],
     [
      85.0848585,
      27.7455664
     ],
     [
      85.0847337,
      27.745504
     ],
     [
      85.0845481,
      27.7454864
     ],
     [
      85.0842729,
      27.7455094
     ],
     [
      85.0840468,
      27.7455963
     ],
     [
      85.0838019,
      27.7457715
     ],
     [
      85.0836764,
      27.7459208
     ],
     [
      85.0836008,
      27.7461071
     ],
     [
      85.0833892,
      27.7464718
     ],
     [
      85.0832859,
      27.7467118
     ],
     [
      85.0831652,
      27.7470842
     ],
     [
      85.0829662,
      27.7473885
     ],
     [
      85.0822484,
      27.7481144
     ],
     [
      85.0820749,
      27.7481567
     ],
     [
      85.0819499,
      27.7481441
     ],
     [
      85.0818421,
      27.7481066
     ],
     [
      85.0817533,
      27.7480356
     ],
     [
      85.081712,
      27.7478903
     ],
     [
      85.0816755,
      27.7475692
     ],
     [
      85.0815752,
      27.7474272
     ],
     [
      85.0814641,
      27.7473363
     ],
     [
      85.0812871,
      27.7472584
     ],
     [
      85.0810739,
      27.7472936
     ],
     [
      85.0808058,
      27.7473946
     ],
     [
      85.0803886,
      27.7474445
     ],
     [
      85.0799181,
      27.7474267
     ],
     [
      85.0796346,
      27.7473631
     ],
     [
      85.0794015,
      27.7474061
     ],
     [
      85.0790746,
      27.747427
     ],
     [
      85.0786166,
      27.7473472
     ],
     [
      85.0777241,
      27.7473888
     ],
     [
      85.0774719,
      27.7474583
     ],
     [
      85.0771401,
      27.7476404
     ],
     [
      85.0768448,
      27.7478226
     ],
     [
      85.0765844,
      27.7480736
     ],
     [
      85.0764106,
      27.7484396
     ],
     [
      85.0763339,
      27.7488356
     ],
     [
      85.0762105,
      27.7492493
     ],
     [
      85.0760423,
      27.7495035
     ],
     [
      85.075615,
      27.7497518
     ],
     [
      85.0749525,
      27.7499163
     ],
     [
      85.0742495,
      27.749997
     ],
     [
      85.0737506,
      27.7500749
     ],
     [
      85.0735135,
      27.7501561
     ],
     [
      85.0731278,
      27.7504184
     ],
     [
      85.0729369,
      27.750487
     ],
     [
      85.0727641,
      27.7504878
     ],
     [
      85.0725493,
      27.7504241
     ],
     [
      85.0722835,
      27.7503837
     ],
     [
      85.0720209,
      27.7504369
     ],
     [
      85.0715113,
      27.7503589
     ],
     [
      85.0713342,
      27.7503766
     ],
     [
      85.0712482,
      27.7504338
     ],
     [
      85.0711835,
      27.7505308
     ],
     [
      85.0711677,
      27.7506839
     ],
     [
      85.0711886,
      27.7508706
     ],
     [
      85.0713925,
      27.751186
     ],
     [
      85.071492,
      27.7514436
     ],
     [
      85.0715416,
      27.7516759
     ],
     [
      85.0715507,
      27.7518522
     ],
     [
      85.0714857,
      27.7521289
     ],
     [
      85.0714101,
      27.7522859
     ],
     [
      85.0713097,
      27.7524045
     ],
     [
      85.0711999,
      27.7524791
     ],
     [
      85.0710919,
      27.7525085
     ],
     [
      85.0709329,
      27.7524741
     ],
     [
      85.0708044,
      27.7524353
     ],
     [
      85.0706519,
      27.7524278
     ],
     [
      85.0704568,
      27.7525025
     ],
     [
      85.0702491,
      27.7525836
     ],
     [
      85.0697567,
      27.7527786
     ],
     [
      85.0694684,
      27.7528269
     ],
     [
      85.0692356,
      27.7527508
     ],
     [
      85.0690932,
      27.7526679
     ],
     [
      85.0689371,
      27.7526308
     ],
     [
      85.0683227,
      27.7527
     ],
     [
      85.0677175,
      27.7528892
     ],
     [
      85.0674853,
      27.7529236
     ],
     [
      85.06716,
      27.75288
     ],
     [
      85.0666558,
      27.7528729
     ],
     [
      85.0664122,
      27.7528984
     ],
     [
      85.0662615,
      27.7529394
     ],
     [
      85.0657036,
      27.7531221
     ],
     [
      85.0652503,
      27.7532171
     ],
     [
      85.0648966,
      27.7533041
     ],
     [
      85.0646907,
      27.7534621
     ],
     [
      85.0639958,
      27.754045
     ],
     [
      85.0632439,
      27.7541941
     ],
     [
      85.0626785,
      27.754185
     ],
     [
      85.0602004,
      27.7534212
     ],
     [
      85.0597718,
      27.7532021
     ],
     [
      85.0595555,
      27.7530694
     ],
     [
      85.0593975,
      27.7528259
     ],
     [
      85.0593762,
      27.7525347
     ],
     [
      85.0594677,
      27.7515578
     ],
     [
      85.0593976,
      27.751238
     ],
     [
      85.0592104,
      27.7511426
     ],
     [
      85.0588033,
      27.7510818
     ],
     [
      85.0581238,
      27.7510365
     ],
     [
      85.0577526,
      27.7509454
     ],
     [
      85.0571298,
      27.7508243
     ],
     [
      85.0565298,
      27.7506681
     ],
     [
      85.0559907,
      27.750309
     ],
     [
      85.0555361,
      27.7500037
     ],
     [
      85.0552239,
      27.7497993
     ],
     [
      85.0548905,
      27.7496844
     ],
     [
      85.0542982,
      27.7498181
     ],
     [
      85.0538187,
      27.7502202
     ],
     [
      85.0536824,
      27.7506596
     ],
     [
      85.0534216,
      27.7515084
     ],
     [
      85.0531643,
      27.7528055
     ],
     [
      85.052885,
      27.7534717
     ],
     [
      85.0526707,
      27.7536032
     ],
     [
      85.0524092,
      27.7537188
     ],
     [
      85.0521474,
      27.7538654
     ],
     [
      85.0519687,
      27.7538946
     ],
     [
      85.0517086,
      27.7538809
     ],
     [
      85.0514725,
      27.7537845
     ],
     [
      85.0512754,
      27.7535595
     ],
     [
      85.0510082,
      27.7531199
     ],
     [
      85.0507687,
      27.7526133
     ],
     [
      85.0503409,
      27.7520062
     ],
     [
      85.0494214,
      27.7510123
     ],
     [
      85.0485653,
      27.7502907
     ],
     [
      85.0484231,
      27.7502211
     ],
     [
      85.0481968,
      27.7502129
     ],
     [
      85.0475691,
      27.7499042
     ],
     [
      85.0472502,
      27.7497545
     ],
     [
      85.047023,
      27.7497552
     ],
     [
      85.0462605,
      27.7499251
     ],
     [
      85.0458782,
      27.7500376
     ],
     [
      85.0453024,
      27.7504618
     ],
     [
      85.0450309,
      27.7507688
     ],
     [
      85.0448968,
      27.7511039
     ],
     [
      85.0449413,
      27.7513994
     ],
     [
      85.0451168,
      27.7518977
     ],
     [
      85.0451632,
      27.7521429
     ],
     [
      85.0451806,
      27.7525034
     ],
     [
      85.0452601,
      27.7529952
     ],
     [
      85.0452726,
      27.7530729
     ],
     [
      85.0454467,
      27.7534671
     ],
     [
      85.0461121,
      27.7544489
     ],
     [
      85.0466679,
      27.7551548
     ],
     [
      85.0468669,
      27.7556753
     ],
     [
      85.046912,
      27.7569639
     ],
     [
      85.0468339,
      27.7576948
     ],
     [
      85.0465732,
      27.757982
     ],
     [
      85.0462449,
      27.7581749
     ],
     [
      85.0457844,
      27.7582407
     ],
     [
      85.0448477,
      27.7581975
     ],
     [
      85.0445913,
      27.7582727
     ],
     [
      85.0441876,
      27.758478
     ],
     [
      85.0440133,
      27.7586976
     ],
     [
      85.0439704,
      27.7589613
     ],
     [
      85.0440228,
      27.7592217
     ],
     [
      85.0442552,
      27.7595494
     ],
     [
      85.0453546,
      27.7610998
     ],
     [
      85.0457685,
      27.7614603
     ],
     [
      85.0463224,
      27.76185
     ],
     [
      85.0468781,
      27.7622258
     ],
     [
      85.0470669,
      27.7624724
     ],
     [
      85.0471705,
      27.7627434
     ],
     [
      85.0472016,
      27.7629993
     ],
     [
      85.0472772,
      27.763376
     ],
     [
      85.0473867,
      27.7636463
     ],
     [
      85.0473751,
      27.7638573
     ],
     [
      85.0472914,
      27.7640706
     ],
     [
      85.0471291,
      27.7643306
     ],
     [
      85.0468676,
      27.764537
     ],
     [
      85.0451612,
      27.7658834
     ],
     [
      85.044333,
      27.7665283
     ],
     [
      85.0438248,
      27.7668368
     ],
     [
      85.0430149,
      27.7675903
     ],
     [
      85.0424227,
      27.7679138
     ],
     [
      85.0414383,
      27.7682492
     ],
     [
      85.0407994,
      27.7684262
     ],
     [
      85.0403877,
      27.7685163
     ],
     [
      85.0397416,
      27.7685057
     ],
     [
      85.0385324,
      27.7683088
     ],
     [
      85.0383138,
      27.7681972
     ],
     [
      85.0381081,
      27.7681562
     ],
     [
      85.0379276,
      27.7681794
     ],
     [
      85.0377814,
      27.7682751
     ],
     [
      85.0377283,
      27.7683999
     ],
     [
      85.0376672,
      27.7685647
     ],
     [
      85.037674,
      27.7689294
     ],
     [
      85.0375544,
      27.7691095
     ],
     [
      85.0375339,
      27.7692298
     ],
     [
      85.0375016,
      27.7694189
     ],
     [
      85.037365,
      27.7695614
     ],
     [
      85.0371647,
      27.7696642
     ],
     [
      85.0369942,
      27.7698396
     ],
     [
      85.0368727,
      27.7698544
     ],
     [
      85.0365279,
      27.7698138
     ],
     [
      85.0363702,
      27.7698194
     ],
     [
      85.0359955,
      27.769847
     ],
     [
      85.0359145,
      27.7698914
     ],
     [
      85.0358174,
      27.7699934
     ],
     [
      85.0357215,
      27.7700911
     ],
     [
      85.035635,
      27.7701496
     ],
     [
      85.0355594,
      27.7701593
     ],
     [
      85.0353789,
      27.7701322
     ],
     [
      85.0352289,
      27.7701505
     ],
     [
      85.0350876,
      27.7702032
     ],
     [
      85.0349709,
      27.7703029
     ],
     [
      85.0349155,
      27.7704268
     ],
     [
      85.0348751,
      27.770636
     ],
     [
      85.0347444,
      27.7708018
     ],
     [
      85.0345263,
      27.7709879
     ],
     [
      85.0344335,
      27.7711272
     ],
     [
      85.0343738,
      27.771446
     ],
     [
      85.0340628,
      27.7720873
     ],
     [
      85.0337974,
      27.7725424
     ],
     [
      85.0337901,
      27.7728357
     ],
     [
      85.033853,
      27.7729299
     ],
     [
      85.0339704,
      27.7730049
     ],
     [
      85.0341035,
      27.7730481
     ],
     [
      85.0342271,
      27.7730782
     ],
     [
      85.034345,
      27.7732241
     ],
     [
      85.0345743,
      27.7739098
     ],
     [
      85.0346572,
      27.7742986
     ],
     [
      85.0345327,
      27.7747442
     ],
     [
      85.0344508,
      27.7748964
     ],
     [
      85.0341671,
      27.7749292
     ],
     [
      85.0335181,
      27.7748278
     ],
     [
      85.0321756,
      27.7744341
     ],
     [
      85.030698,
      27.7740904
     ],
     [
      85.029419,
      27.773871
     ],
     [
      85.0288118,
      27.7738155
     ],
     [
      85.0282257,
      27.7738234
     ],
     [
      85.0276355,
      27.7738964
     ],
     [
      85.0271682,
      27.7740046
     ],
     [
      85.0267161,
      27.7742181
     ],
     [
      85.0263904,
      27.7744841
     ],
     [
      85.0262457,
      27.7747582
     ],
     [
      85.0254309,
      27.7766064
     ],
     [
      85.0250295,
      27.7774344
     ],
     [
      85.0248824,
      27.7777378
     ],
     [
      85.02483,
      27.7780078
     ],
     [
      85.0248153,
      27.7784024
     ],
     [
      85.024733,
      27.7787527
     ],
     [
      85.0246164,
      27.7790512
     ],
     [
      85.0245807,
      27.7794565
     ],
     [
      85.024493,
      27.779722
     ],
     [
      85.0242894,
      27.780075
     ],
     [
      85.0239709,
      27.7804904
     ],
     [
      85.0236771,
      27.7807248
     ],
     [
      85.0232129,
      27.78095
     ],
     [
      85.022845,
      27.7810608
     ],
     [
      85.0222678,
      27.7810923
     ],
     [
      85.0210211,
      27.7810247
     ],
     [
      85.0203148,
      27.7810809
     ],
     [
      85.019563,
      27.7811899
     ],
     [
      85.0186269,
      27.7814894
     ],
     [
      85.0180492,
      27.7816517
     ],
     [
      85.0176093,
      27.7816721
     ],
     [
      85.0170858,
      27.7816446
     ],
     [
      85.0166179,
      27.7814928
     ],
     [
      85.0160987,
      27.7814984
     ],
     [
      85.0157473,
      27.7815672
     ],
     [
      85.0153911,
      27.7816996
     ],
     [
      85.0151315,
      27.7819032
     ],
     [
      85.0149282,
      27.7821211
     ],
     [
      85.0147941,
      27.7824343
     ],
     [
      85.0142453,
      27.7847532
     ],
     [
      85.0140755,
      27.7851017
     ],
     [
      85.0140283,
      27.7853118
     ],
     [
      85.013946,
      27.7855116
     ],
     [
      85.0138766,
      27.7857624
     ],
     [
      85.0134904,
      27.785932
     ],
     [
      85.0133001,
      27.7862737
     ],
     [
      85.0125202,
      27.7877858
     ],
     [
      85.0121864,
      27.7882428
     ],
     [
      85.0120391,
      27.7888385
     ],
     [
      85.0121532,
      27.7892167
     ],
     [
      85.0122476,
      27.7895712
     ],
     [
      85.0125083,
      27.7901433
     ],
     [
      85.0127437,
      27.7905837
     ],
     [
      85.0128341,
      27.7907517
     ],
     [
      85.0127057,
      27.7908684
     ],
     [
      85.0126445,
      27.7909496
     ],
     [
      85.012365,
      27.7910169
     ],
     [
      85.0117492,
      27.791138
     ],
     [
      85.0112235,
      27.7912545
     ],
     [
      85.0108292,
      27.7914766
     ],
     [
      85.010599,
      27.7918598
     ],
     [
      85.0100406,
      27.7926749
     ],
     [
      85.0093126,
      27.79346
     ],
     [
      85.0087942,
      27.794187
     ],
     [
      85.0086335,
      27.7945289
     ],
     [
      85.0083441,
      27.7954137
     ],
     [
      85.0079206,
      27.7963263
     ],
     [
      85.007495,
      27.7971876
     ],
     [
      85.0073313,
      27.797519
     ],
     [
      85.0068525,
      27.797892
     ],
     [
      85.0061436,
      27.798274
     ],
     [
      85.0051256,
      27.7985409
     ],
     [
      85.0048866,
      27.7986597
     ],
     [
      85.0044203,
      27.7985762
     ],
     [
      85.0039596,
      27.7985306
     ],
     [
      85.0036665,
      27.7985409
     ],
     [
      85.0029097,
      27.7984463
     ],
     [
      85.0025784,
      27.7985777
     ],
     [
      85.0026063,
      27.798699
     ],
     [
      85.0025511,
      27.7987834
     ],
     [
      85.0023644,
      27.7987813
     ],
     [
      85.0022667,
      27.7988869
     ],
     [
      85.0020095,
      27.7990157
     ],
     [
      85.0017193,
      27.7990701
     ],
     [
      85.0015149,
      27.7993004
     ],
     [
      85.0013618,
      27.7993474
     ],
     [
      85.0013299,
      27.7994309
     ],
     [
      85.0010276,
      27.7997451
     ],
     [
      85.000853,
      27.7998865
     ],
     [
      85.0008704,
      27.7999766
     ],
     [
      85.0009865,
      27.8000481
     ],
     [
      85.0010278,
      27.8001624
     ],
     [
      85.0010128,
      27.8003665
     ],
     [
      85.0009146,
      27.8007893
     ],
     [
      85.0009739,
      27.8011193
     ],
     [
      85.0011774,
      27.8013501
     ],
     [
      85.0013553,
      27.8017379
     ],
     [
      85.0014513,
      27.8018992
     ],
     [
      85.0015479,
      27.8021246
     ]
    ]
   },
   "properties": {
    "name": "Mahesh-Khola",
    "name_local": "Mahesh-Khola",
    "named": true,
    "km_to_channel": 0.05,
    "km_confluence": 90.4,
    "joins_reach": "Open valley",
    "backwater_note": "A surge in the main river backs up into the mouth of a tributary. Anywhere just up this stream from the junction can flood without this stream itself being in flood.",
    "osm_id": "way/44686751",
    "source": "OpenStreetMap via the Overpass API",
    "source_url": "https://www.openstreetmap.org/copyright",
    "licence": "ODbL 1.0, (c) OpenStreetMap contributors",
    "retrieved": "2026-08-28"
   }
  },
  {
   "type": "Feature",
   "geometry": {
    "type": "LineString",
    "coordinates": [
     [
      84.9470597,
      27.8016493
     ],
     [
      84.9474758,
      27.8009396
     ],
     [
      84.947456,
      27.8008212
     ],
     [
      84.9473549,
      27.8002184
     ],
     [
      84.9476715,
      27.7994151
     ],
     [
      84.9478896,
      27.7991457
     ],
     [
      84.9483707,
      27.7986871
     ],
     [
      84.9489518,
      27.7984861
     ],
     [
      84.9495432,
      27.798504
     ],
     [
      84.9499013,
      27.7985692
     ],
     [
      84.9500971,
      27.7987542
     ],
     [
      84.9502509,
      27.7990133
     ],
     [
      84.9504411,
      27.7993748
     ],
     [
      84.950291,
      27.7997544
     ],
     [
      84.9500803,
      27.8000697
     ],
     [
      84.9499905,
      27.8002265
     ],
     [
      84.9498591,
      27.8003903
     ],
     [
      84.9497813,
      27.8006821
     ],
     [
      84.9496555,
      27.8010851
     ],
     [
      84.9495211,
      27.8014129
     ],
     [
      84.9495694,
      27.8017094
     ],
     [
      84.9497415,
      27.8019436
     ],
     [
      84.9509674,
      27.8034664
     ],
     [
      84.9510151,
      27.8037427
     ],
     [
      84.9509856,
      27.8040132
     ],
     [
      84.9509362,
      27.8042546
     ],
     [
      84.9503003,
      27.8048127
     ],
     [
      84.9499654,
      27.8053169
     ],
     [
      84.9497646,
      27.8058869
     ],
     [
      84.9496472,
      27.8070049
     ],
     [
      84.9496418,
      27.8074937
     ],
     [
      84.9497468,
      27.8088772
     ],
     [
      84.9498223,
      27.8093559
     ],
     [
      84.9498115,
      27.8097888
     ],
     [
      84.9498359,
      27.8101969
     ],
     [
      84.949938,
      27.8104408
     ],
     [
      84.9502247,
      27.810746
     ],
     [
      84.9504814,
      27.8111943
     ],
     [
      84.9509193,
      27.8124282
     ],
     [
      84.9509963,
      27.8129644
     ],
     [
      84.9510768,
      27.8132491
     ],
     [
      84.951118,
      27.8134587
     ],
     [
      84.9512458,
      27.8137022
     ],
     [
      84.9516253,
      27.8143276
     ],
     [
      84.9520625,
      27.8153118
     ],
     [
      84.9521765,
      27.8156143
     ]
    ]
   },
   "properties": {
    "name": "unnamed",
    "name_local": "",
    "named": false,
    "km_to_channel": 0.0,
    "km_confluence": 97.1,
    "joins_reach": "Open valley",
    "backwater_note": "A surge in the main river backs up into the mouth of a tributary. Anywhere just up this stream from the junction can flood without this stream itself being in flood.",
    "osm_id": "way/341656963",
    "source": "OpenStreetMap via the Overpass API",
    "source_url": "https://www.openstreetmap.org/copyright",
    "licence": "ODbL 1.0, (c) OpenStreetMap contributors",
    "retrieved": "2026-08-28"
   }
  },
  {
   "type": "Feature",
   "geometry": {
    "type": "LineString",
    "coordinates": [
     [
      84.9027793,
      27.7511027
     ],
     [
      84.9029938,
      27.7521317
     ],
     [
      84.9032229,
      27.7522879
     ],
     [
      84.9044299,
      27.7515545
     ],
     [
      84.9057694,
      27.751205
     ],
     [
      84.9077122,
      27.7514291
     ],
     [
      84.9088332,
      27.7523449
     ],
     [
      84.9097818,
      27.7534285
     ],
     [
      84.9105579,
      27.7533522
     ],
     [
      84.911127,
      27.7530622
     ],
     [
      84.9107993,
      27.752528
     ],
     [
      84.9103509,
      27.7520396
     ],
     [
      84.9108338,
      27.751658
     ],
     [
      84.9116272,
      27.751948
     ],
     [
      84.9123515,
      27.7530927
     ],
     [
      84.9138865,
      27.7545121
     ],
     [
      84.9144901,
      27.755611
     ],
     [
      84.9151799,
      27.7550463
     ],
     [
      84.9148695,
      27.7542527
     ],
     [
      84.9156628,
      27.7541153
     ],
     [
      84.9153338,
      27.7534311
     ],
     [
      84.9155939,
      27.7529859
     ],
     [
      84.9161547,
      27.7527256
     ],
     [
      84.9168701,
      27.7528027
     ],
     [
      84.9169908,
      27.7535659
     ],
     [
      84.9166915,
      27.7543532
     ],
     [
      84.9169046,
      27.7553515
     ],
     [
      84.9180946,
      27.7553058
     ],
     [
      84.9190655,
      27.757128
     ],
     [
      84.9188513,
      27.7583656
     ],
     [
      84.9178181,
      27.7602387
     ],
     [
      84.9174569,
      27.7613428
     ],
     [
      84.917158,
      27.7617147
     ],
     [
      84.9168871,
      27.7620122
     ],
     [
      84.916691,
      27.7621444
     ],
     [
      84.9162969,
      27.7623063
     ],
     [
      84.916092,
      27.7623905
     ],
     [
      84.9158504,
      27.7625742
     ],
     [
      84.9155608,
      27.7627312
     ],
     [
      84.9151499,
      27.7626899
     ],
     [
      84.9149257,
      27.7627312
     ],
     [
      84.9145895,
      27.7630618
     ],
     [
      84.9141505,
      27.7632437
     ],
     [
      84.9134425,
      27.7636265
     ],
     [
      84.9131418,
      27.7637891
     ],
     [
      84.9127215,
      27.764252
     ],
     [
      84.9127279,
      27.764676
     ],
     [
      84.9128367,
      27.7648338
     ],
     [
      84.9131138,
      27.7652355
     ],
     [
      84.913478,
      27.7655908
     ],
     [
      84.9135341,
      27.7658884
     ],
     [
      84.9136088,
      27.7663512
     ],
     [
      84.9134313,
      27.76669
     ],
     [
      84.9133473,
      27.7670867
     ],
     [
      84.9132819,
      27.7677892
     ],
     [
      84.9133846,
      27.7681859
     ],
     [
      84.9136181,
      27.7688057
     ],
     [
      84.9140509,
      27.7693808
     ],
     [
      84.91438,
      27.7696011
     ],
     [
      84.9149818,
      27.770004
     ],
     [
      84.9155141,
      27.7700949
     ],
     [
      84.9157192,
      27.7700916
     ],
     [
      84.9160278,
      27.7700867
     ],
     [
      84.916308,
      27.7701776
     ],
     [
      84.9163267,
      27.7704173
     ],
     [
      84.9161679,
      27.7706073
     ],
     [
      84.9158877,
      27.7708387
     ],
     [
      84.9157579,
      27.7710625
     ],
     [
      84.9155328,
      27.7714503
     ],
     [
      84.915346,
      27.7720701
     ],
     [
      84.9155235,
      27.7724502
     ],
     [
      84.9159718,
      27.7726568
     ],
     [
      84.9171393,
      27.7732518
     ],
     [
      84.9178611,
      27.7737791
     ],
     [
      84.9181574,
      27.7739956
     ],
     [
      84.918587,
      27.774508
     ],
     [
      84.9186866,
      27.77483
     ],
     [
      84.9187084,
      27.7751773
     ],
     [
      84.9186959,
      27.7754415
     ],
     [
      84.9186371,
      27.7756571
     ],
     [
      84.9185465,
      27.7759126
     ],
     [
      84.9185745,
      27.7762596
     ],
     [
      84.9187127,
      27.7767831
     ],
     [
      84.9187613,
      27.7770695
     ],
     [
      84.9190602,
      27.7774661
     ],
     [
      84.9191816,
      27.7776975
     ],
     [
      84.9192105,
      27.777908
     ],
     [
      84.9192167,
      27.7779536
     ],
     [
      84.9190882,
      27.7781355
     ],
     [
      84.9188603,
      27.7784268
     ],
     [
      84.9187479,
      27.778504
     ],
     [
      84.9185465,
      27.7787883
     ],
     [
      84.9185371,
      27.779061
     ],
     [
      84.9185838,
      27.7793255
     ],
     [
      84.9190321,
      27.7798956
     ],
     [
      84.9193404,
      27.780598
     ],
     [
      84.9196019,
      27.7811021
     ],
     [
      84.9198074,
      27.7815235
     ],
     [
      84.9199381,
      27.7817219
     ],
     [
      84.9200986,
      27.7818328
     ],
     [
      84.9202557,
      27.7818871
     ],
     [
      84.9204425,
      27.7817962
     ],
     [
      84.9205452,
      27.7816062
     ],
     [
      84.9206908,
      27.7811417
     ],
     [
      84.9208721,
      27.780722
     ],
     [
      84.9210402,
      27.7804824
     ],
     [
      84.9213204,
      27.7801931
     ],
     [
      84.9214699,
      27.7800527
     ],
     [
      84.92161,
      27.7799948
     ],
     [
      84.9217501,
      27.7801022
     ],
     [
      84.9218715,
      27.7803749
     ],
     [
      84.9220116,
      27.7810773
     ],
     [
      84.9219649,
      27.7812343
     ],
     [
      84.9218435,
      27.7813665
     ],
     [
      84.9217034,
      27.7816227
     ],
     [
      84.9215726,
      27.7822259
     ],
     [
      84.9213578,
      27.7825317
     ],
     [
      84.9211336,
      27.7828126
     ],
     [
      84.9199288,
      27.7839695
     ],
     [
      84.919742,
      27.7842339
     ],
     [
      84.9196766,
      27.7845562
     ],
     [
      84.9197084,
      27.7846658
     ],
     [
      84.9197942,
      27.7847773
     ],
     [
      84.9199471,
      27.7848983
     ],
     [
      84.9201348,
      27.7849742
     ],
     [
      84.9203736,
      27.785017
     ],
     [
      84.9204996,
      27.785017
     ],
     [
      84.9205586,
      27.7850098
     ],
     [
      84.9206203,
      27.7850075
     ],
     [
      84.9207973,
      27.7849647
     ],
     [
      84.9209663,
      27.7849671
     ],
     [
      84.9210227,
      27.7849742
     ],
     [
      84.921079,
      27.7849908
     ],
     [
      84.9212721,
      27.7851071
     ],
     [
      84.922353,
      27.7856909
     ],
     [
      84.9224147,
      27.7857146
     ],
     [
      84.922463,
      27.7857407
     ],
     [
      84.9225166,
      27.7857597
     ],
     [
      84.922581,
      27.7857597
     ],
     [
      84.923045,
      27.7856434
     ],
     [
      84.923104,
      27.785641
     ],
     [
      84.9231604,
      27.7856529
     ],
     [
      84.9232087,
      27.7856814
     ],
     [
      84.9232945,
      27.7857478
     ],
     [
      84.9233749,
      27.785838
     ],
     [
      84.9235278,
      27.7860634
     ],
     [
      84.9235734,
      27.7861726
     ],
     [
      84.9235949,
      27.7863007
     ],
     [
      84.9235842,
      27.7863695
     ],
     [
      84.9234903,
      27.7866044
     ],
     [
      84.9232033,
      27.7871478
     ],
     [
      84.9231765,
      27.7872736
     ],
     [
      84.9231765,
      27.7873234
     ],
     [
      84.9231899,
      27.7873709
     ],
     [
      84.9232221,
      27.7874112
     ],
     [
      84.9232703,
      27.7874373
     ],
     [
      84.9235037,
      27.7874895
     ],
     [
      84.9235627,
      27.7874919
     ],
     [
      84.9236163,
      27.7874848
     ],
     [
      84.9236727,
      27.7874729
     ],
     [
      84.9238712,
      27.7874706
     ],
     [
      84.9239302,
      27.7874777
     ],
     [
      84.9239838,
      27.7874943
     ],
     [
      84.9243218,
      27.7875251
     ],
     [
      84.9246946,
      27.7875228
     ],
     [
      84.9253142,
      27.7874611
     ],
     [
      84.9260277,
      27.787359
     ],
     [
      84.9261376,
      27.7873329
     ],
     [
      84.9261886,
      27.7873163
     ],
     [
      84.9262449,
      27.7872878
     ],
     [
      84.9263146,
      27.7872119
     ],
     [
      84.9263415,
      27.7871668
     ],
     [
      84.9264219,
      27.7870933
     ],
     [
      84.9264756,
      27.7870672
     ],
     [
      84.9265292,
      27.7870482
     ],
     [
      84.9266607,
      27.7870173
     ],
     [
      84.9267116,
      27.786996
     ],
     [
      84.9267518,
      27.7869604
     ],
     [
      84.9267894,
      27.7869177
     ],
     [
      84.9269074,
      27.7865546
     ],
     [
      84.9268967,
      27.7864194
     ],
     [
      84.9268484,
      27.7862888
     ],
     [
      84.9267626,
      27.7860943
     ],
     [
      84.9266821,
      27.7859543
     ],
     [
      84.9266097,
      27.7857905
     ],
     [
      84.9265426,
      27.7855912
     ],
     [
      84.9265078,
      27.7853943
     ],
     [
      84.9265373,
      27.7851142
     ],
     [
      84.9266875,
      27.7846586
     ],
     [
      84.9268672,
      27.7842006
     ],
     [
      84.9269611,
      27.7839989
     ],
     [
      84.927071,
      27.7838542
     ],
     [
      84.927189,
      27.7837735
     ],
     [
      84.9274036,
      27.7836608
     ],
     [
      84.9275632,
      27.7835516
     ],
     [
      84.9275927,
      27.7835066
     ],
     [
      84.9276008,
      27.7834816
     ],
     [
      84.9276249,
      27.7834342
     ],
     [
      84.9276477,
      27.7834176
     ],
     [
      84.9276759,
      27.7834104
     ],
     [
      84.9278234,
      27.7833879
     ],
     [
      84.9279307,
      27.7833511
     ],
     [
      84.927983,
      27.7833108
     ],
     [
      84.9280541,
      27.7831921
     ],
     [
      84.9280527,
      27.7831672
     ],
     [
      84.928046,
      27.7831411
     ],
     [
      84.9280044,
      27.7831091
     ],
     [
      84.927983,
      27.7830723
     ],
     [
      84.9279535,
      27.7829987
     ],
     [
      84.9279495,
      27.7828967
     ],
     [
      84.9279588,
      27.7827792
     ],
     [
      84.9281305,
      27.7821053
     ],
     [
      84.9281841,
      27.7817802
     ],
     [
      84.9281949,
      27.7815025
     ],
     [
      84.9281868,
      27.7813507
     ],
     [
      84.9282083,
      27.7812486
     ],
     [
      84.92827,
      27.7811466
     ],
     [
      84.928396,
      27.7808927
     ],
     [
      84.9284282,
      27.7808523
     ],
     [
      84.9284738,
      27.7808262
     ],
     [
      84.9285328,
      27.7808215
     ],
     [
      84.9285892,
      27.7808262
     ],
     [
      84.9286401,
      27.7808428
     ],
     [
      84.9286857,
      27.7808713
     ],
     [
      84.9287474,
      27.7809496
     ],
     [
      84.9288949,
      27.7812154
     ],
     [
      84.9289969,
      27.7815524
     ],
     [
      84.9291229,
      27.7818348
     ],
     [
      84.9292651,
      27.782046
     ],
     [
      84.9294689,
      27.7822548
     ],
     [
      84.9297371,
      27.7825704
     ],
     [
      84.9299169,
      27.7827294
     ],
     [
      84.9300536,
      27.7827887
     ],
     [
      84.9302146,
      27.7828172
     ],
     [
      84.9303675,
      27.7828101
     ],
     [
      84.9305391,
      27.7827508
     ],
     [
      84.9307027,
      27.7826606
     ],
     [
      84.9307805,
      27.7825324
     ],
     [
      84.93081,
      27.7823829
     ],
     [
      84.9308154,
      27.7822334
     ],
     [
      84.9308208,
      27.7820531
     ],
     [
      84.9307913,
      27.7818324
     ],
     [
      84.9306974,
      27.7813981
     ],
     [
      84.9305901,
      27.7809852
     ],
     [
      84.9305069,
      27.7804893
     ],
     [
      84.9304238,
      27.7801001
     ],
     [
      84.9303648,
      27.7799506
     ],
     [
      84.9303728,
      27.7799031
     ],
     [
      84.9303916,
      27.779858
     ],
     [
      84.9304372,
      27.7798272
     ],
     [
      84.9304908,
      27.7798106
     ],
     [
      84.9306035,
      27.7798129
     ],
     [
      84.9308851,
      27.7797987
     ],
     [
      84.9311426,
      27.7797702
     ],
     [
      84.9313894,
      27.7797322
     ],
     [
      84.9316281,
      27.7797322
     ],
     [
      84.9317837,
      27.7797655
     ],
     [
      84.9319258,
      27.7798129
     ],
     [
      84.9320599,
      27.7798889
     ],
     [
      84.9322477,
      27.7799696
     ],
     [
      84.932532,
      27.7800289
     ],
     [
      84.9326983,
      27.7801001
     ],
     [
      84.9327868,
      27.780214
     ],
     [
      84.9329048,
      27.7804157
     ],
     [
      84.9330282,
      27.7808096
     ],
     [
      84.9330363,
      27.7808998
     ],
     [
      84.9330175,
      27.7809876
     ],
     [
      84.9329424,
      27.7810991
     ],
     [
      84.9327144,
      27.7813697
     ],
     [
      84.9325535,
      27.7816022
     ],
     [
      84.9324784,
      27.7817588
     ],
     [
      84.9324328,
      27.7819178
     ],
     [
      84.9324086,
      27.7820958
     ],
     [
      84.9324167,
      27.782205
     ],
     [
      84.9324489,
      27.7823165
     ],
     [
      84.9325806,
      27.7826446
     ],
     [
      84.9326553,
      27.782876
     ],
     [
      84.9328223,
      27.7834739
     ],
     [
      84.9328734,
      27.7838315
     ],
     [
      84.9330407,
      27.7840218
     ],
     [
      84.9332424,
      27.7840252
     ],
     [
      84.9334932,
      27.783897
     ],
     [
      84.9336448,
      27.7836989
     ],
     [
      84.9336542,
      27.7833348
     ],
     [
      84.9337626,
      27.7830705
     ],
     [
      84.9338345,
      27.7828487
     ],
     [
      84.9339776,
      27.7827383
     ],
     [
      84.9341145,
      27.7827057
     ],
     [
      84.9342701,
      27.7827318
     ],
     [
      84.9343345,
      27.7828077
     ],
     [
      84.9343838,
      27.7829118
     ],
     [
      84.9343871,
      27.7831461
     ],
     [
      84.9344284,
      27.7832989
     ],
     [
      84.9344766,
      27.7834603
     ],
     [
      84.9346107,
      27.7837142
     ],
     [
      84.934651,
      27.783745
     ],
     [
      84.9347583,
      27.7837806
     ],
     [
      84.9348575,
      27.7838352
     ],
     [
      84.9351231,
      27.7840464
     ],
     [
      84.9352043,
      27.7841447
     ],
     [
      84.9354939,
      27.7844257
     ],
     [
      84.935606,
      27.7847562
     ],
     [
      84.9355219,
      27.7850371
     ],
     [
      84.9352604,
      27.7854503
     ],
     [
      84.9352096,
      27.7858008
     ],
     [
      84.9354413,
      27.7863706
     ],
     [
      84.9357144,
      27.7865889
     ],
     [
      84.9359954,
      27.7866106
     ],
     [
      84.9363876,
      27.7865473
     ],
     [
      84.9386919,
      27.7861751
     ],
     [
      84.9394993,
      27.786013
     ],
     [
      84.9398729,
      27.7860704
     ],
     [
      84.940059,
      27.7862754
     ],
     [
      84.9400995,
      27.7864812
     ],
     [
      84.9400006,
      27.7867049
     ],
     [
      84.9398632,
      27.7868672
     ],
     [
      84.9396167,
      27.7871211
     ],
     [
      84.9395588,
      27.7874422
     ],
     [
      84.939625,
      27.7877153
     ],
     [
      84.9399212,
      27.7879213
     ],
     [
      84.9403822,
      27.7880691
     ],
     [
      84.9410583,
      27.7889722
     ],
     [
      84.942986,
      27.7908671
     ],
     [
      84.943085,
      27.7914222
     ],
     [
      84.942916,
      27.7919281
     ],
     [
      84.9425668,
      27.792397
     ],
     [
      84.9417307,
      27.7928189
     ],
     [
      84.9406216,
      27.7929708
     ],
     [
      84.9397722,
      27.7933202
     ],
     [
      84.9392161,
      27.793481
     ],
     [
      84.9391222,
      27.7935308
     ],
     [
      84.9390096,
      27.7935616
     ],
     [
      84.9389479,
      27.7935806
     ],
     [
      84.9388889,
      27.7935901
     ],
     [
      84.9387172,
      27.7936423
     ],
     [
      84.9386716,
      27.7936731
     ],
     [
      84.9386314,
      27.7937135
     ],
     [
      84.9385965,
      27.7937538
     ],
     [
      84.9385026,
      27.7938843
     ],
     [
      84.9384678,
      27.7939247
     ],
     [
      84.9384356,
      27.7940931
     ],
     [
      84.9384383,
      27.7942474
     ],
     [
      84.9384731,
      27.794347
     ],
     [
      84.9384973,
      27.7943921
     ],
     [
      84.9385241,
      27.7944348
     ],
     [
      84.9386582,
      27.7946033
     ],
     [
      84.9386931,
      27.7946412
     ],
     [
      84.9389372,
      27.7948548
     ],
     [
      84.9390203,
      27.7949544
     ],
     [
      84.9390793,
      27.7950422
     ],
     [
      84.9391303,
      27.7950707
     ],
     [
      84.9391812,
      27.7950921
     ],
     [
      84.9392402,
      27.7951063
     ],
     [
      84.9392912,
      27.7951134
     ],
     [
      84.9395138,
      27.7951134
     ],
     [
      84.9395675,
      27.7951253
     ],
     [
      84.9396855,
      27.7951656
     ],
     [
      84.940238,
      27.7954575
     ],
     [
      84.9408549,
      27.7957612
     ],
     [
      84.9412251,
      27.7959059
     ],
     [
      84.9412734,
      27.7959273
     ],
     [
      84.941327,
      27.7959439
     ],
     [
      84.9415308,
      27.7959652
     ],
     [
      84.9417535,
      27.7959652
     ],
     [
      84.9420056,
      27.7959842
     ],
     [
      84.9421773,
      27.7960174
     ],
     [
      84.9423838,
      27.7960032
     ],
     [
      84.9426225,
      27.795932
     ],
     [
      84.9426601,
      27.795894
     ],
     [
      84.9427378,
      27.7958276
     ],
     [
      84.9427834,
      27.7957991
     ],
     [
      84.9428451,
      27.7957801
     ],
     [
      84.9431107,
      27.7956425
     ],
     [
      84.9434057,
      27.7954788
     ],
     [
      84.943505,
      27.7954337
     ],
     [
      84.9437249,
      27.7953792
     ],
     [
      84.9437785,
      27.795372
     ],
     [
      84.9438349,
      27.795372
     ],
     [
      84.9440494,
      27.7952985
     ],
     [
      84.9441058,
      27.7953198
     ],
     [
      84.9441836,
      27.7954076
     ],
     [
      84.9441836,
      27.7955097
     ],
     [
      84.9441728,
      27.7955571
     ],
     [
      84.9441755,
      27.7956046
     ],
     [
      84.9442144,
      27.7957962
     ],
     [
      84.9442318,
      27.7958822
     ],
     [
      84.9442533,
      27.7959296
     ],
     [
      84.9442828,
      27.7959723
     ],
     [
      84.9443767,
      27.7960933
     ],
     [
      84.9444196,
      27.7961859
     ],
     [
      84.9445617,
      27.7967482
     ],
     [
      84.9445752,
      27.7969618
     ],
     [
      84.9445537,
      27.7972038
     ],
     [
      84.9445135,
      27.7975098
     ],
     [
      84.9445859,
      27.7979108
     ],
     [
      84.9447039,
      27.798383
     ],
     [
      84.9448192,
      27.7987057
     ],
     [
      84.944948,
      27.7989975
     ],
     [
      84.9450284,
      27.7991517
     ],
     [
      84.945058,
      27.7992538
     ],
     [
      84.9450606,
      27.7993012
     ],
     [
      84.9450499,
      27.7993487
     ],
     [
      84.9450124,
      27.7994032
     ],
     [
      84.9449855,
      27.7994365
     ],
     [
      84.9449346,
      27.799472
     ],
     [
      84.9447039,
      27.7997046
     ],
     [
      84.9444196,
      27.8000676
     ],
     [
      84.9443954,
      27.8001103
     ],
     [
      84.9443659,
      27.8001506
     ],
     [
      84.9443472,
      27.8002004
     ],
     [
      84.944323,
      27.8002977
     ],
     [
      84.9443203,
      27.8003475
     ],
     [
      84.9444276,
      27.800637
     ],
     [
      84.9446556,
      27.8008956
     ],
     [
      84.9448407,
      27.8013203
     ],
     [
      84.9450043,
      27.8016074
     ],
     [
      84.9450392,
      27.8018352
     ],
     [
      84.9449963,
      27.8023334
     ],
     [
      84.9449346,
      27.8027984
     ],
     [
      84.9449748,
      27.8031448
     ],
     [
      84.9450526,
      27.8033726
     ],
     [
      84.945235,
      27.8035363
     ],
     [
      84.9454469,
      27.803636
     ],
     [
      84.9457124,
      27.8036881
     ],
     [
      84.9459833,
      27.8036953
     ],
     [
      84.9462006,
      27.8036502
     ],
     [
      84.9464688,
      27.803579
     ],
     [
      84.946627,
      27.8034936
     ],
     [
      84.9467397,
      27.8034034
     ],
     [
      84.9468792,
      27.8032231
     ],
     [
      84.9470186,
      27.8029764
     ],
     [
      84.9470294,
      27.8029289
     ],
     [
      84.9470294,
      27.8028791
     ],
     [
      84.9470133,
      27.8026846
     ],
     [
      84.9470133,
      27.8025825
     ],
     [
      84.9470347,
      27.8024924
     ],
     [
      84.9471984,
      27.8022504
     ],
     [
      84.947244,
      27.8021365
     ],
     [
      84.947244,
      27.802089
     ],
     [
      84.9472386,
      27.8020392
     ],
     [
      84.9472144,
      27.8019941
     ],
     [
      84.9470444,
      27.8017859
     ]
    ]
   },
   "properties": {
    "name": "unnamed",
    "name_local": "",
    "named": false,
    "km_to_channel": 0.57,
    "km_confluence": 99.2,
    "joins_reach": "Open valley",
    "backwater_note": "A surge in the main river backs up into the mouth of a tributary. Anywhere just up this stream from the junction can flood without this stream itself being in flood.",
    "osm_id": "way/44686752",
    "source": "OpenStreetMap via the Overpass API",
    "source_url": "https://www.openstreetmap.org/copyright",
    "licence": "ODbL 1.0, (c) OpenStreetMap contributors",
    "retrieved": "2026-08-28"
   }
  },
  {
   "type": "Feature",
   "geometry": {
    "type": "LineString",
    "coordinates": [
     [
      84.9470444,
      27.8017859
     ],
     [
      84.9470597,
      27.8016493
     ]
    ]
   },
   "properties": {
    "name": "unnamed",
    "name_local": "",
    "named": false,
    "km_to_channel": 0.81,
    "km_confluence": 99.2,
    "joins_reach": "Open valley",
    "backwater_note": "A surge in the main river backs up into the mouth of a tributary. Anywhere just up this stream from the junction can flood without this stream itself being in flood.",
    "osm_id": "way/341656962",
    "source": "OpenStreetMap via the Overpass API",
    "source_url": "https://www.openstreetmap.org/copyright",
    "licence": "ODbL 1.0, (c) OpenStreetMap contributors",
    "retrieved": "2026-08-28"
   }
  },
  {
   "type": "Feature",
   "geometry": {
    "type": "LineString",
    "coordinates": [
     [
      84.8364114,
      27.7988793
     ],
     [
      84.836187,
      27.7989603
     ],
     [
      84.8355292,
      27.7982933
     ],
     [
      84.8354721,
      27.7979745
     ],
     [
      84.8355647,
      27.7979773
     ]
    ]
   },
   "properties": {
    "name": "unnamed",
    "name_local": "",
    "named": false,
    "km_to_channel": 0.58,
    "km_confluence": 112.1,
    "joins_reach": "Open valley",
    "backwater_note": "A surge in the main river backs up into the mouth of a tributary. Anywhere just up this stream from the junction can flood without this stream itself being in flood.",
    "osm_id": "way/1089813627",
    "source": "OpenStreetMap via the Overpass API",
    "source_url": "https://www.openstreetmap.org/copyright",
    "licence": "ODbL 1.0, (c) OpenStreetMap contributors",
    "retrieved": "2026-08-28"
   }
  },
  {
   "type": "Feature",
   "geometry": {
    "type": "LineString",
    "coordinates": [
     [
      84.8200155,
      27.7216325
     ],
     [
      84.8199811,
      27.7218447
     ],
     [
      84.8198176,
      27.7220313
     ],
     [
      84.8195971,
      27.7222142
     ],
     [
      84.8189121,
      27.7225965
     ],
     [
      84.8186642,
      27.7226662
     ],
     [
      84.8184281,
      27.7228063
     ],
     [
      84.8183579,
      27.7230272
     ],
     [
      84.8181283,
      27.7231943
     ],
     [
      84.8179695,
      27.7233073
     ],
     [
      84.8178219,
      27.723559
     ],
     [
      84.8175356,
      27.7238206
     ],
     [
      84.8171889,
      27.7240979
     ],
     [
      84.8170146,
      27.7243781
     ],
     [
      84.8166697,
      27.7245956
     ],
     [
      84.8165796,
      27.7249722
     ],
     [
      84.8163494,
      27.7252234
     ],
     [
      84.8163172,
      27.7254347
     ],
     [
      84.8164057,
      27.7256412
     ],
     [
      84.8164127,
      27.7258008
     ],
     [
      84.8162743,
      27.725862
     ],
     [
      84.8159793,
      27.7260543
     ],
     [
      84.8156225,
      27.7264176
     ],
     [
      84.8155179,
      27.7267263
     ],
     [
      84.8153905,
      27.7268034
     ],
     [
      84.8152215,
      27.7267892
     ],
     [
      84.8149909,
      27.7268996
     ],
     [
      84.8148393,
      27.7270778
     ],
     [
      84.8142654,
      27.7272725
     ],
     [
      84.8138871,
      27.7274077
     ],
     [
      84.8135304,
      27.7276143
     ],
     [
      84.8132944,
      27.7277616
     ],
     [
      84.8130181,
      27.7278779
     ],
     [
      84.8125541,
      27.7279753
     ],
     [
      84.8120391,
      27.728094
     ],
     [
      84.8116475,
      27.7282006
     ],
     [
      84.8113202,
      27.7283504
     ],
     [
      84.8106228,
      27.7287872
     ],
     [
      84.8104716,
      27.7289633
     ],
     [
      84.8096895,
      27.7287065
     ],
     [
      84.809204,
      27.7286519
     ],
     [
      84.8088419,
      27.7284808
     ],
     [
      84.8084825,
      27.7285639
     ],
     [
      84.808284,
      27.7286448
     ],
     [
      84.808174,
      27.7290625
     ],
     [
      84.8076939,
      27.7293238
     ],
     [
      84.8074204,
      27.7294995
     ],
     [
      84.8071628,
      27.7296182
     ],
     [
      84.8067551,
      27.7297606
     ],
     [
      84.8063716,
      27.7299767
     ],
     [
      84.8060577,
      27.7303209
     ],
     [
      84.8057493,
      27.7305748
     ],
     [
      84.8056715,
      27.7307315
     ],
     [
      84.8054838,
      27.7307982
     ],
     [
      84.8048662,
      27.7309835
     ],
     [
      84.8046147,
      27.7312612
     ],
     [
      84.804368,
      27.7315152
     ],
     [
      84.8043036,
      27.7318143
     ],
     [
      84.8043948,
      27.7322464
     ],
     [
      84.8044159,
      27.7326626
     ],
     [
      84.8044431,
      27.7327996
     ],
     [
      84.8044765,
      27.7328149
     ],
     [
      84.8051404,
      27.7336162
     ],
     [
      84.8053068,
      27.7337122
     ],
     [
      84.805634,
      27.7339011
     ],
     [
      84.8057305,
      27.7342905
     ],
     [
      84.805634,
      27.7346228
     ],
     [
      84.8054623,
      27.7349171
     ],
     [
      84.8054301,
      27.7351925
     ],
     [
      84.8053657,
      27.7356198
     ],
     [
      84.8053336,
      27.7358857
     ],
     [
      84.8053872,
      27.7361896
     ],
     [
      84.8053336,
      27.7363985
     ],
     [
      84.8054409,
      27.736541
     ],
     [
      84.8056608,
      27.7368234
     ],
     [
      84.8063394,
      27.7370989
     ],
     [
      84.8071896,
      27.7372888
     ],
     [
      84.8077637,
      27.737379
     ],
     [
      84.8082035,
      27.7374833
     ],
     [
      84.8084456,
      27.737545
     ],
     [
      84.8085683,
      27.737602
     ],
     [
      84.8086675,
      27.7377018
     ],
     [
      84.8086997,
      27.7378064
     ],
     [
      84.8087185,
      27.7379058
     ],
     [
      84.8086702,
      27.738445
     ],
     [
      84.8086031,
      27.7387156
     ],
     [
      84.8084261,
      27.7391547
     ],
     [
      84.8080909,
      27.7395322
     ],
     [
      84.8082196,
      27.7400165
     ],
     [
      84.8084557,
      27.7405198
     ],
     [
      84.8086166,
      27.7408426
     ],
     [
      84.8086166,
      27.7414788
     ],
     [
      84.8085576,
      27.7419038
     ],
     [
      84.8086764,
      27.7427662
     ],
     [
      84.8086514,
      27.7430741
     ],
     [
      84.808689,
      27.743378
     ],
     [
      84.8088338,
      27.7435845
     ],
     [
      84.8090511,
      27.7437506
     ],
     [
      84.8093328,
      27.7438337
     ],
     [
      84.8097324,
      27.7438931
     ],
     [
      84.8103252,
      27.7439833
     ],
     [
      84.8104781,
      27.7440567
     ],
     [
      84.8105478,
      27.7441471
     ],
     [
      84.8107033,
      27.7444296
     ],
     [
      84.8108643,
      27.7445955
     ],
     [
      84.8109742,
      27.7448331
     ],
     [
      84.8110789,
      27.7451203
     ],
     [
      84.8111567,
      27.745227
     ],
     [
      84.8114141,
      27.7454432
     ],
     [
      84.8116126,
      27.7457255
     ],
     [
      84.8117976,
      27.7460177
     ],
     [
      84.8119425,
      27.7462074
     ],
     [
      84.8120311,
      27.7462311
     ],
     [
      84.8121785,
      27.7462289
     ],
     [
      84.8123583,
      27.7462026
     ],
     [
      84.8124468,
      27.7461078
     ],
     [
      84.8126023,
      27.7459701
     ],
     [
      84.8128169,
      27.7459201
     ],
     [
      84.8131442,
      27.7458966
     ],
     [
      84.8136243,
      27.7458396
     ],
     [
      84.8140051,
      27.7458491
     ],
     [
      84.8142277,
      27.7459013
     ],
     [
      84.8144772,
      27.7460177
     ],
     [
      84.8150137,
      27.7463144
     ],
     [
      84.8151049,
      27.7463973
     ],
     [
      84.8151022,
      27.7465587
     ],
     [
      84.8150139,
      27.7468517
     ],
     [
      84.8147093,
      27.7471767
     ],
     [
      84.8146286,
      27.7473192
     ],
     [
      84.8145591,
      27.7475184
     ],
     [
      84.8145314,
      27.747723
     ],
     [
      84.8145935,
      27.7479874
     ],
     [
      84.8144287,
      27.7486122
     ],
     [
      84.8146379,
      27.7488034
     ],
     [
      84.8150521,
      27.7490434
     ],
     [
      84.8152789,
      27.7492093
     ],
     [
      84.81556,
      27.7496107
     ],
     [
      84.8155345,
      27.7500267
     ],
     [
      84.8154318,
      27.7502391
     ],
     [
      84.8152148,
      27.7505053
     ],
     [
      84.8150373,
      27.750933
     ],
     [
      84.8149978,
      27.7512995
     ],
     [
      84.8148302,
      27.7513781
     ],
     [
      84.8147217,
      27.7516486
     ],
     [
      84.8148105,
      27.7519497
     ],
     [
      84.8151087,
      27.7522328
     ],
     [
      84.8154318,
      27.7524254
     ],
     [
      84.8157444,
      27.7524737
     ],
     [
      84.8168618,
      27.7527393
     ],
     [
      84.818133,
      27.7526768
     ],
     [
      84.8187383,
      27.7526589
     ],
     [
      84.8190504,
      27.7527186
     ],
     [
      84.8191631,
      27.7527566
     ],
     [
      84.8193235,
      27.7528196
     ],
     [
      84.8198884,
      27.753025
     ],
     [
      84.8204811,
      27.7530563
     ],
     [
      84.820958,
      27.7534392
     ],
     [
      84.8211092,
      27.7535607
     ],
     [
      84.8212404,
      27.7539803
     ],
     [
      84.8211734,
      27.7549588
     ],
     [
      84.821543,
      27.7554803
     ],
     [
      84.822108,
      27.7557838
     ],
     [
      84.8225418,
      27.7561945
     ],
     [
      84.8228691,
      27.7566434
     ],
     [
      84.8227894,
      27.7569436
     ],
     [
      84.8227033,
      27.7572302
     ],
     [
      84.8222089,
      27.7575873
     ],
     [
      84.8219264,
      27.7580069
     ],
     [
      84.8214905,
      27.7583539
     ],
     [
      84.8214766,
      27.7585688
     ],
     [
      84.8215834,
      27.7589801
     ],
     [
      84.8220677,
      27.7595782
     ],
     [
      84.8218962,
      27.7602657
     ],
     [
      84.8220488,
      27.7605971
     ],
     [
      84.8222694,
      27.7608817
     ],
     [
      84.8224876,
      27.7615093
     ],
     [
      84.8225324,
      27.7629724
     ],
     [
      84.8225448,
      27.763367
     ],
     [
      84.8224021,
      27.7638585
     ],
     [
      84.8225852,
      27.7646484
     ],
     [
      84.8231135,
      27.7658289
     ],
     [
      84.8229516,
      27.7670748
     ],
     [
      84.8227574,
      27.7675259
     ],
     [
      84.8222233,
      27.7682062
     ],
     [
      84.8220564,
      27.7682499
     ],
     [
      84.8221721,
      27.76865
     ],
     [
      84.8223709,
      27.7689051
     ],
     [
      84.8230876,
      27.7693709
     ],
     [
      84.8233473,
      27.7695608
     ],
     [
      84.823373,
      27.7699253
     ],
     [
      84.8235225,
      27.7705151
     ],
     [
      84.8237604,
      27.7711034
     ],
     [
      84.8240555,
      27.7714064
     ],
     [
      84.8244095,
      27.7715876
     ],
     [
      84.8247313,
      27.7718486
     ],
     [
      84.8254507,
      27.7726397
     ],
     [
      84.8258306,
      27.7735747
     ],
     [
      84.8261807,
      27.7743198
     ],
     [
      84.826486,
      27.775344
     ],
     [
      84.8270971,
      27.7759875
     ],
     [
      84.8278011,
      27.7764567
     ],
     [
      84.8282675,
      27.7770056
     ],
     [
      84.8291122,
      27.7774723
     ],
     [
      84.8297115,
      27.778114
     ],
     [
      84.8301816,
      27.7783274
     ],
     [
      84.830482,
      27.7784603
     ],
     [
      84.8306369,
      27.7788138
     ],
     [
      84.8309058,
      27.779158
     ],
     [
      84.8307778,
      27.7794791
     ],
     [
      84.8307824,
      27.7797845
     ],
     [
      84.830674,
      27.7800228
     ],
     [
      84.8304069,
      27.7805628
     ],
     [
      84.8300626,
      27.7811146
     ],
     [
      84.8300421,
      27.781868
     ],
     [
      84.8297443,
      27.7826535
     ],
     [
      84.829393,
      27.7832563
     ],
     [
      84.8292951,
      27.7837343
     ],
     [
      84.829275,
      27.7841167
     ],
     [
      84.8289937,
      27.7850998
     ],
     [
      84.8285645,
      27.7860268
     ],
     [
      84.8284864,
      27.7865285
     ],
     [
      84.8282887,
      27.7870973
     ],
     [
      84.8282862,
      27.7877437
     ],
     [
      84.8284819,
      27.7890511
     ],
     [
      84.8284327,
      27.7900248
     ],
     [
      84.8287789,
      27.790614
     ],
     [
      84.8290058,
      27.7914594
     ],
     [
      84.8297662,
      27.7923035
     ],
     [
      84.8302194,
      27.7927044
     ],
     [
      84.8307482,
      27.7928714
     ],
     [
      84.8314176,
      27.7930384
     ],
     [
      84.8321214,
      27.7934333
     ],
     [
      84.8325105,
      27.7937015
     ],
     [
      84.8326078,
      27.7939192
     ],
     [
      84.832601,
      27.7941839
     ],
     [
      84.832531,
      27.7947989
     ],
     [
      84.8327713,
      27.7955481
     ],
     [
      84.8333206,
      27.796277
     ],
     [
      84.8336996,
      27.7970318
     ],
     [
      84.8340475,
      27.7973468
     ],
     [
      84.8344683,
      27.7974327
     ],
     [
      84.8348486,
      27.7972204
     ],
     [
      84.8350096,
      27.7971112
     ],
     [
      84.8355478,
      27.7973883
     ],
     [
      84.8354879,
      27.7979338
     ],
     [
      84.8355647,
      27.7979773
     ],
     [
      84.8358926,
      27.7981629
     ],
     [
      84.8361924,
      27.7986565
     ],
     [
      84.8364114,
      27.7988793
     ],
     [
      84.836694,
      27.798803
     ],
     [
      84.837188,
      27.7991627
     ],
     [
      84.8373826,
      27.7993246
     ],
     [
      84.8375188,
      27.7996429
     ],
     [
      84.837508,
      27.7997473
     ],
     [
      84.8373203,
      27.7999988
     ],
     [
      84.8370467,
      27.8001577
     ],
     [
      84.8364781,
      27.8003452
     ],
     [
      84.8358079,
      27.8010603
     ],
     [
      84.8355884,
      27.8020427
     ],
     [
      84.835283,
      27.802493
     ],
     [
      84.8347221,
      27.8028908
     ],
     [
      84.8329419,
      27.8033277
     ],
     [
      84.8320484,
      27.8037902
     ],
     [
      84.8318446,
      27.804203
     ],
     [
      84.8317788,
      27.8046612
     ],
     [
      84.832875,
      27.8055623
     ],
     [
      84.8330861,
      27.806226
     ],
     [
      84.8335668,
      27.8068068
     ],
     [
      84.8349031,
      27.8069649
     ],
     [
      84.835431,
      27.8071334
     ],
     [
      84.8357827,
      27.8075016
     ],
     [
      84.8361841,
      27.8080115
     ],
     [
      84.8364168,
      27.8085771
     ]
    ]
   },
   "properties": {
    "name": "unnamed",
    "name_local": "",
    "named": false,
    "km_to_channel": 0.11,
    "km_confluence": 112.8,
    "joins_reach": "Open valley",
    "backwater_note": "A surge in the main river backs up into the mouth of a tributary. Anywhere just up this stream from the junction can flood without this stream itself being in flood.",
    "osm_id": "way/44686753",
    "source": "OpenStreetMap via the Overpass API",
    "source_url": "https://www.openstreetmap.org/copyright",
    "licence": "ODbL 1.0, (c) OpenStreetMap contributors",
    "retrieved": "2026-08-28"
   }
  },
  {
   "type": "Feature",
   "geometry": {
    "type": "LineString",
    "coordinates": [
     [
      84.8826637,
      27.9109636
     ],
     [
      84.8831102,
      27.9106611
     ],
     [
      84.8837435,
      27.9104675
     ],
     [
      84.8844299,
      27.9102407
     ],
     [
      84.8846244,
      27.9100385
     ],
     [
      84.8847584,
      27.9098879
     ],
     [
      84.8848159,
      27.9094673
     ],
     [
      84.8848106,
      27.9091686
     ],
     [
      84.8847351,
      27.9090626
     ],
     [
      84.8843196,
      27.9088803
     ],
     [
      84.8837252,
      27.9086095
     ],
     [
      84.8835129,
      27.9084015
     ],
     [
      84.883454,
      27.9082975
     ],
     [
      84.8834261,
      27.9081567
     ],
     [
      84.8834955,
      27.9078958
     ],
     [
      84.8835226,
      27.9076626
     ],
     [
      84.883935,
      27.9075838
     ],
     [
      84.8842283,
      27.9075028
     ],
     [
      84.8848732,
      27.9072885
     ],
     [
      84.8857918,
      27.9071603
     ],
     [
      84.8861888,
      27.9070039
     ],
     [
      84.886388,
      27.9069194
     ],
     [
      84.8867418,
      27.9067185
     ],
     [
      84.8869826,
      27.9064652
     ],
     [
      84.8871847,
      27.9060653
     ],
     [
      84.8870307,
      27.9053534
     ],
     [
      84.8867855,
      27.9048726
     ],
     [
      84.8865916,
      27.9044014
     ],
     [
      84.8864439,
      27.9039843
     ],
     [
      84.886111,
      27.9033607
     ],
     [
      84.8860359,
      27.903273
     ],
     [
      84.8859442,
      27.9031882
     ],
     [
      84.8854512,
      27.9027325
     ],
     [
      84.8850703,
      27.9024267
     ],
     [
      84.8848128,
      27.9022964
     ],
     [
      84.8844561,
      27.9021328
     ],
     [
      84.8842174,
      27.9021352
     ],
     [
      84.8840135,
      27.9021494
     ],
     [
      84.8838392,
      27.9022727
     ],
     [
      84.8835897,
      27.9025666
     ],
     [
      84.8832819,
      27.9029419
     ],
     [
      84.8831633,
      27.9030644
     ],
     [
      84.8829621,
      27.9031781
     ],
     [
      84.8826966,
      27.9032398
     ],
     [
      84.8825383,
      27.9032398
     ],
     [
      84.8824176,
      27.9031829
     ],
     [
      84.8823076,
      27.9029838
     ],
     [
      84.8821923,
      27.9027799
     ],
     [
      84.8820528,
      27.9025547
     ],
     [
      84.8817712,
      27.9021849
     ],
     [
      84.8813903,
      27.9018104
     ],
     [
      84.8811328,
      27.9016777
     ],
     [
      84.8807634,
      27.9015733
     ],
     [
      84.880076,
      27.9014113
     ],
     [
      84.8792726,
      27.9013621
     ],
     [
      84.8790783,
      27.9013612
     ],
     [
      84.8787607,
      27.9013708
     ],
     [
      84.8783879,
      27.9013732
     ],
     [
      84.8779402,
      27.9012493
     ],
     [
      84.8775682,
      27.9011135
     ],
     [
      84.8773751,
      27.9008812
     ],
     [
      84.8772758,
      27.9006987
     ],
     [
      84.8772168,
      27.9004285
     ],
     [
      84.8772946,
      27.9001748
     ],
     [
      84.8774126,
      27.8999568
     ],
     [
      84.8775333,
      27.8997671
     ],
     [
      84.8776808,
      27.8995064
     ],
     [
      84.8778954,
      27.8992148
     ],
     [
      84.878118,
      27.8989375
     ],
     [
      84.8782495,
      27.8985985
     ],
     [
      84.8782629,
      27.8983354
     ],
     [
      84.8782012,
      27.8977617
     ],
     [
      84.8778525,
      27.8969225
     ],
     [
      84.877705,
      27.896465
     ],
     [
      84.8776218,
      27.8960668
     ],
     [
      84.8773643,
      27.8955595
     ],
     [
      84.8771793,
      27.8951304
     ],
     [
      84.8771685,
      27.8949076
     ],
     [
      84.8771015,
      27.8943268
     ],
     [
      84.8771846,
      27.8939167
     ],
     [
      84.8772517,
      27.8935967
     ],
     [
      84.8772544,
      27.8933738
     ],
     [
      84.8772517,
      27.8932126
     ],
     [
      84.8771819,
      27.8929258
     ],
     [
      84.8770317,
      27.8926508
     ],
     [
      84.8768011,
      27.8923782
     ],
     [
      84.8765248,
      27.8921933
     ],
     [
      84.8761386,
      27.8919491
     ],
     [
      84.8758838,
      27.8917002
     ],
     [
      84.8757148,
      27.8915698
     ],
     [
      84.8756129,
      27.8913707
     ],
     [
      84.8753688,
      27.8910957
     ],
     [
      84.8750987,
      27.8908961
     ],
     [
      84.8748054,
      27.8906611
     ],
     [
      84.8726919,
      27.8896804
     ],
     [
      84.8723406,
      27.8894291
     ],
     [
      84.8722628,
      27.889339
     ],
     [
      84.8722199,
      27.8892466
     ],
     [
      84.8722118,
      27.8891849
     ],
     [
      84.8722172,
      27.8891091
     ],
     [
      84.8723137,
      27.888936
     ],
     [
      84.8724371,
      27.8888649
     ],
     [
      84.8726973,
      27.8888246
     ],
     [
      84.8733571,
      27.8887734
     ],
     [
      84.8740813,
      27.8888383
     ],
     [
      84.8748237,
      27.8888464
     ],
     [
      84.875062,
      27.8888707
     ],
     [
      84.8753737,
      27.8888626
     ],
     [
      84.8756579,
      27.8887653
     ],
     [
      84.8759328,
      27.8885223
     ],
     [
      84.8761895,
      27.8881577
     ],
     [
      84.876327,
      27.8877121
     ],
     [
      84.876437,
      27.8872503
     ],
     [
      84.8764983,
      27.8870482
     ],
     [
      84.8765745,
      27.8867966
     ],
     [
      84.8770694,
      27.8856268
     ],
     [
      84.8773424,
      27.8851451
     ],
     [
      84.8775482,
      27.8847546
     ],
     [
      84.8776679,
      27.8843902
     ],
     [
      84.8777274,
      27.8841214
     ],
     [
      84.8775278,
      27.8836693
     ],
     [
      84.8772161,
      27.8832966
     ],
     [
      84.8766,
      27.8828972
     ],
     [
      84.8762432,
      27.8825136
     ],
     [
      84.8761037,
      27.8821651
     ],
     [
      84.8759454,
      27.8816909
     ],
     [
      84.8757872,
      27.8812002
     ],
     [
      84.8756665,
      27.8807971
     ],
     [
      84.8754707,
      27.8802969
     ],
     [
      84.8751596,
      27.8797231
     ],
     [
      84.8741625,
      27.8788811
     ],
     [
      84.8735863,
      27.8786953
     ],
     [
      84.8732749,
      27.878589
     ],
     [
      84.8729996,
      27.8785244
     ],
     [
      84.872523,
      27.878338
     ],
     [
      84.8721289,
      27.8782165
     ],
     [
      84.8717072,
      27.8780706
     ],
     [
      84.8714608,
      27.8779023
     ],
     [
      84.8712596,
      27.8777197
     ],
     [
      84.8711389,
      27.8775798
     ],
     [
      84.8710209,
      27.8774138
     ],
     [
      84.8709673,
      27.8772337
     ],
     [
      84.8709464,
      27.8767986
     ],
     [
      84.8711389,
      27.8764258
     ],
     [
      84.871533,
      27.8760126
     ],
     [
      84.8722938,
      27.8755589
     ],
     [
      84.8722796,
      27.8752962
     ],
     [
      84.8721748,
      27.8752282
     ],
     [
      84.8718561,
      27.8750988
     ],
     [
      84.8714139,
      27.8749998
     ],
     [
      84.8709887,
      27.8748153
     ],
     [
      84.8708278,
      27.8747252
     ],
     [
      84.8705971,
      27.8745402
     ],
     [
      84.8703584,
      27.8742557
     ],
     [
      84.8702162,
      27.8739522
     ],
     [
      84.8701492,
      27.8737602
     ],
     [
      84.8700795,
      27.8735823
     ],
     [
      84.8700607,
      27.8733618
     ],
     [
      84.8700848,
      27.873201
     ],
     [
      84.8701143,
      27.8726932
     ],
     [
      84.8701438,
      27.8725675
     ],
     [
      84.8701975,
      27.8723233
     ],
     [
      84.8702136,
      27.8721313
     ],
     [
      84.8701841,
      27.8719274
     ],
     [
      84.870066,
      27.8716096
     ],
     [
      84.8697388,
      27.8706873
     ],
     [
      84.8696208,
      27.8704976
     ],
     [
      84.8694384,
      27.8701988
     ],
     [
      84.8693311,
      27.8700874
     ],
     [
      84.8691434,
      27.8699522
     ],
     [
      84.8687786,
      27.8698669
     ],
     [
      84.8685082,
      27.8697734
     ],
     [
      84.8681395,
      27.8696914
     ],
     [
      84.8676191,
      27.8693279
     ],
     [
      84.8674724,
      27.8691658
     ],
     [
      84.8671773,
      27.8688212
     ],
     [
      84.867121,
      27.8687027
     ],
     [
      84.8670459,
      27.868392
     ],
     [
      84.867011,
      27.8681644
     ],
     [
      84.8670566,
      27.8678514
     ],
     [
      84.8671076,
      27.8676262
     ],
     [
      84.867213,
      27.8673859
     ],
     [
      84.8673953,
      27.8669224
     ],
     [
      84.8673915,
      27.8666522
     ],
     [
      84.8673589,
      27.8664795
     ],
     [
      84.8670677,
      27.8661913
     ],
     [
      84.8668791,
      27.8659913
     ],
     [
      84.8667428,
      27.865779
     ],
     [
      84.8665524,
      27.8654755
     ],
     [
      84.8664021,
      27.8651483
     ],
     [
      84.8663324,
      27.8649586
     ],
     [
      84.8661795,
      27.8646314
     ],
     [
      84.8659998,
      27.8644061
     ],
     [
      84.8655929,
      27.8640981
     ],
     [
      84.8650984,
      27.8639311
     ],
     [
      84.8646767,
      27.8638935
     ],
     [
      84.8644704,
      27.8638305
     ],
     [
      84.8642263,
      27.8637136
     ],
     [
      84.8638484,
      27.8632807
     ],
     [
      84.8634916,
      27.8626902
     ],
     [
      84.8634393,
      27.8621078
     ],
     [
      84.8634543,
      27.8616761
     ],
     [
      84.8639067,
      27.8610219
     ],
     [
      84.8637692,
      27.8607544
     ],
     [
      84.8635493,
      27.8605113
     ],
     [
      84.8628893,
      27.8603249
     ],
     [
      84.8614831,
      27.8599561
     ],
     [
      84.8610674,
      27.8598245
     ],
     [
      84.8606718,
      27.8596104
     ],
     [
      84.8605336,
      27.8592876
     ],
     [
      84.8604448,
      27.8591457
     ],
     [
      84.860379,
      27.8590136
     ],
     [
      84.860288,
      27.8587379
     ],
     [
      84.8602419,
      27.8583755
     ],
     [
      84.8604193,
      27.8578499
     ],
     [
      84.8607837,
      27.8566942
     ],
     [
      84.8609408,
      27.8559949
     ],
     [
      84.8608917,
      27.8555778
     ],
     [
      84.8607808,
      27.8551335
     ],
     [
      84.8605794,
      27.8548385
     ],
     [
      84.8601852,
      27.8548385
     ],
     [
      84.8589845,
      27.8545225
     ],
     [
      84.8584712,
      27.854093
     ],
     [
      84.8582145,
      27.8536472
     ],
     [
      84.8580862,
      27.8530556
     ],
     [
      84.8579579,
      27.8524235
     ],
     [
      84.8578112,
      27.8520101
     ],
     [
      84.8569037,
      27.8514347
     ],
     [
      84.8558038,
      27.8507296
     ],
     [
      84.8550859,
      27.8501346
     ],
     [
      84.8540751,
      27.8496913
     ],
     [
      84.8529709,
      27.849579
     ],
     [
      84.8524123,
      27.849668
     ],
     [
      84.8517522,
      27.8498482
     ],
     [
      84.8513216,
      27.8498104
     ],
     [
      84.8507332,
      27.8495694
     ],
     [
      84.8498712,
      27.8492786
     ],
     [
      84.8492723,
      27.8490178
     ],
     [
      84.8489216,
      27.8487813
     ],
     [
      84.8484213,
      27.8483447
     ],
     [
      84.8481405,
      27.8479878
     ],
     [
      84.8480336,
      27.8475071
     ],
     [
      84.8481041,
      27.8467811
     ],
     [
      84.8480949,
      27.8460916
     ],
     [
      84.8479197,
      27.8455489
     ],
     [
      84.8475988,
      27.844813
     ],
     [
      84.8473243,
      27.8442027
     ],
     [
      84.846995,
      27.8437028
     ],
     [
      84.8467813,
      27.8435056
     ],
     [
      84.8466284,
      27.8433462
     ],
     [
      84.8462948,
      27.8431434
     ],
     [
      84.8458563,
      27.8430369
     ],
     [
      84.8454481,
      27.8429377
     ],
     [
      84.8448833,
      27.8425479
     ],
     [
      84.8444426,
      27.8422194
     ],
     [
      84.8440544,
      27.8419303
     ],
     [
      84.8437765,
      27.8415609
     ],
     [
      84.8435622,
      27.841099
     ],
     [
      84.8436679,
      27.8407469
     ],
     [
      84.8441168,
      27.8402906
     ],
     [
      84.8447401,
      27.839788
     ],
     [
      84.8448685,
      27.8395206
     ],
     [
      84.8449418,
      27.8392855
     ],
     [
      84.8450426,
      27.8390099
     ],
     [
      84.8451985,
      27.8387343
     ],
     [
      84.8458951,
      27.8379724
     ],
     [
      84.8460509,
      27.8378022
     ],
     [
      84.8462434,
      27.837405
     ],
     [
      84.8462526,
      27.8358974
     ],
     [
      84.8462434,
      27.835638
     ],
     [
      84.8464176,
      27.8352652
     ],
     [
      84.8470225,
      27.8349409
     ],
     [
      84.8471784,
      27.8348518
     ],
     [
      84.8472002,
      27.8346826
     ],
     [
      84.847215,
      27.8345681
     ],
     [
      84.8468759,
      27.8341628
     ],
     [
      84.8459776,
      27.8335387
     ],
     [
      84.8451801,
      27.8324038
     ],
     [
      84.8449051,
      27.8319418
     ],
     [
      84.8447585,
      27.8304665
     ],
     [
      84.8448501,
      27.8291615
     ],
     [
      84.8446668,
      27.8286264
     ],
     [
      84.8446485,
      27.8280185
     ],
     [
      84.844786,
      27.8273457
     ],
     [
      84.844951,
      27.8271592
     ],
     [
      84.8451985,
      27.8269566
     ],
     [
      84.8456293,
      27.8264783
     ],
     [
      84.8456476,
      27.8255866
     ],
     [
      84.8454093,
      27.8249462
     ],
     [
      84.8449785,
      27.824095
     ],
     [
      84.8447401,
      27.8232195
     ],
     [
      84.8446668,
      27.8227574
     ],
     [
      84.8446851,
      27.8222873
     ],
     [
      84.8445202,
      27.8218414
     ],
     [
      84.8444468,
      27.821582
     ],
     [
      84.8443643,
      27.8213874
     ],
     [
      84.8442727,
      27.8212172
     ],
     [
      84.8440802,
      27.8210064
     ],
     [
      84.8438785,
      27.8209172
     ],
     [
      84.8435881,
      27.8208792
     ],
     [
      84.8431523,
      27.8208475
     ],
     [
      84.8422682,
      27.8207864
     ],
     [
      84.8419069,
      27.8207851
     ],
     [
      84.841031,
      27.8206924
     ],
     [
      84.8409133,
      27.8206176
     ],
     [
      84.8408369,
      27.8205406
     ],
     [
      84.8408518,
      27.820422
     ],
     [
      84.840985,
      27.8201441
     ],
     [
      84.8411751,
      27.8196954
     ],
     [
      84.8412569,
      27.8193935
     ],
     [
      84.8413559,
      27.8190907
     ],
     [
      84.8416339,
      27.8181842
     ],
     [
      84.8416307,
      27.8180569
     ],
     [
      84.8415626,
      27.8178515
     ],
     [
      84.8413842,
      27.817491
     ],
     [
      84.8412452,
      27.8171591
     ],
     [
      84.8411996,
      27.8166945
     ],
     [
      84.8412716,
      27.8156168
     ],
     [
      84.84133,
      27.8153646
     ],
     [
      84.8412846,
      27.8151353
     ],
     [
      84.8412392,
      27.8149174
     ],
     [
      84.8410059,
      27.8147225
     ],
     [
      84.8407725,
      27.8146423
     ],
     [
      84.8404161,
      27.8145678
     ],
     [
      84.8400466,
      27.8145678
     ],
     [
      84.8394698,
      27.8145334
     ],
     [
      84.8385429,
      27.8146709
     ],
     [
      84.8380049,
      27.8148945
     ],
     [
      84.8371364,
      27.8151181
     ],
     [
      84.8362393,
      27.8148004
     ],
     [
      84.8352349,
      27.8140581
     ]
    ]
   },
   "properties": {
    "name": "Thopal Khola",
    "name_local": "Thopal Khola",
    "named": true,
    "km_to_channel": 0.0,
    "km_confluence": 113.3,
    "joins_reach": "Open valley",
    "backwater_note": "A surge in the main river backs up into the mouth of a tributary. Anywhere just up this stream from the junction can flood without this stream itself being in flood.",
    "osm_id": "way/538656220",
    "source": "OpenStreetMap via the Overpass API",
    "source_url": "https://www.openstreetmap.org/copyright",
    "licence": "ODbL 1.0, (c) OpenStreetMap contributors",
    "retrieved": "2026-08-28"
   }
  },
  {
   "type": "Feature",
   "geometry": {
    "type": "LineString",
    "coordinates": [
     [
      84.8100787,
      28.0336121
     ],
     [
      84.8116629,
      28.0329563
     ],
     [
      84.8120802,
      28.0326638
     ],
     [
      84.8122723,
      28.0317541
     ],
     [
      84.8131847,
      28.0299772
     ],
     [
      84.8133635,
      28.0288003
     ],
     [
      84.8130616,
      28.0271027
     ],
     [
      84.8128071,
      28.0266011
     ],
     [
      84.8124925,
      28.0262831
     ],
     [
      84.8121881,
      28.0259754
     ],
     [
      84.8121014,
      28.0256207
     ],
     [
      84.8121944,
      28.0247883
     ],
     [
      84.8124855,
      28.0241817
     ],
     [
      84.8130219,
      28.0231289
     ],
     [
      84.8131765,
      28.0218009
     ],
     [
      84.8126788,
      28.0207903
     ],
     [
      84.8116187,
      28.0200138
     ],
     [
      84.8102203,
      28.0190381
     ],
     [
      84.8097444,
      28.0180666
     ],
     [
      84.8096564,
      28.0167882
     ],
     [
      84.8098867,
      28.0150995
     ],
     [
      84.8099948,
      28.0137616
     ],
     [
      84.8106712,
      28.0122888
     ],
     [
      84.8127915,
      28.0105955
     ],
     [
      84.8133554,
      28.0095202
     ],
     [
      84.8133554,
      28.008425
     ],
     [
      84.8120972,
      28.0048869
     ],
     [
      84.8116412,
      28.0032674
     ],
     [
      84.8111225,
      28.0026103
     ],
     [
      84.8105586,
      28.0023116
     ],
     [
      84.8080671,
      28.0020646
     ],
     [
      84.8045106,
      28.0006283
     ],
     [
      84.80188,
      28.000362
     ],
     [
      84.800651,
      28.000572
     ],
     [
      84.7994708,
      28.0011493
     ],
     [
      84.7988488,
      28.0019942
     ],
     [
      84.7979557,
      28.0023181
     ],
     [
      84.7971264,
      28.0022758
     ],
     [
      84.7967596,
      28.0021491
     ],
     [
      84.796329,
      28.0013887
     ],
     [
      84.7966001,
      28.0008818
     ],
     [
      84.7973497,
      28.0004875
     ],
     [
      84.7976367,
      27.999375
     ],
     [
      84.7975251,
      27.9987132
     ],
     [
      84.7968354,
      27.9981458
     ],
     [
      84.7940324,
      27.9979387
     ],
     [
      84.7921504,
      27.998333
     ],
     [
      84.7905556,
      27.9981358
     ],
     [
      84.7892797,
      27.9974317
     ],
     [
      84.7884823,
      27.9963333
     ],
     [
      84.7881314,
      27.9950236
     ],
     [
      84.7883985,
      27.9920422
     ],
     [
      84.7883068,
      27.9908552
     ],
     [
      84.7882749,
      27.9895173
     ],
     [
      84.7875892,
      27.9888413
     ],
     [
      84.7862654,
      27.9885033
     ],
     [
      84.7855188,
      27.9875388
     ],
     [
      84.7849206,
      27.9863094
     ],
     [
      84.7844578,
      27.9852124
     ],
     [
      84.7843238,
      27.984239
     ],
     [
      84.7845309,
      27.9837443
     ],
     [
      84.7834956,
      27.9828301
     ],
     [
      84.7823264,
      27.9824644
     ],
     [
      84.781072,
      27.9822063
     ],
     [
      84.7797248,
      27.9820227
     ],
     [
      84.7788064,
      27.9816353
     ],
     [
      84.7779961,
      27.9809421
     ],
     [
      84.777515,
      27.9801594
     ],
     [
      84.7775276,
      27.9791308
     ],
     [
      84.7773418,
      27.9779425
     ],
     [
      84.7770391,
      27.977693
     ],
     [
      84.7764778,
      27.9774442
     ],
     [
      84.7744757,
      27.9771931
     ],
     [
      84.774046,
      27.9772405
     ],
     [
      84.7730254,
      27.9777149
     ],
     [
      84.7723402,
      27.9777177
     ],
     [
      84.7718085,
      27.9776365
     ],
     [
      84.7715101,
      27.9774837
     ],
     [
      84.7712693,
      27.9770849
     ],
     [
      84.771312,
      27.9765805
     ],
     [
      84.7715432,
      27.975981
     ],
     [
      84.7719136,
      27.9756199
     ],
     [
      84.7722376,
      27.975422
     ],
     [
      84.7733119,
      27.9750267
     ],
     [
      84.7747258,
      27.9739053
     ],
     [
      84.7751919,
      27.9733505
     ],
     [
      84.7753259,
      27.9726433
     ],
     [
      84.7751024,
      27.9717534
     ],
     [
      84.7743497,
      27.9709599
     ],
     [
      84.7729538,
      27.9703618
     ],
     [
      84.7721301,
      27.9695869
     ],
     [
      84.769948,
      27.9677788
     ],
     [
      84.7685613,
      27.9675867
     ],
     [
      84.7668763,
      27.9675903
     ],
     [
      84.7647474,
      27.9681178
     ],
     [
      84.7629593,
      27.9678804
     ],
     [
      84.7612751,
      27.9672727
     ],
     [
      84.7600979,
      27.966946
     ],
     [
      84.7593753,
      27.9662168
     ],
     [
      84.7590692,
      27.9657116
     ],
     [
      84.7588557,
      27.9647782
     ],
     [
      84.7585715,
      27.964212
     ],
     [
      84.7573129,
      27.9631919
     ],
     [
      84.7562238,
      27.9627445
     ],
     [
      84.7534789,
      27.9617042
     ],
     [
      84.750502,
      27.961294
     ],
     [
      84.7484522,
      27.9607895
     ],
     [
      84.7463934,
      27.9607077
     ],
     [
      84.7458468,
      27.9604955
     ],
     [
      84.7454649,
      27.9601308
     ],
     [
      84.745355,
      27.9597258
     ],
     [
      84.7453464,
      27.9588952
     ],
     [
      84.7461047,
      27.9577206
     ],
     [
      84.7465111,
      27.9560908
     ],
     [
      84.746373,
      27.9550696
     ],
     [
      84.7460783,
      27.9541744
     ],
     [
      84.7448169,
      27.9522899
     ],
     [
      84.7436294,
      27.9510638
     ],
     [
      84.742411,
      27.9501102
     ],
     [
      84.7416553,
      27.9493473
     ],
     [
      84.7410832,
      27.9484946
     ],
     [
      84.7408277,
      27.9479894
     ],
     [
      84.7407917,
      27.9475898
     ],
     [
      84.7409253,
      27.9462891
     ],
     [
      84.7406918,
      27.9447969
     ],
     [
      84.7397043,
      27.9419426
     ],
     [
      84.7396322,
      27.9412728
     ],
     [
      84.7395525,
      27.9407782
     ],
     [
      84.7393759,
      27.9376464
     ],
     [
      84.7391695,
      27.9367217
     ],
     [
      84.7389726,
      27.9363527
     ],
     [
      84.7385069,
      27.9359582
     ],
     [
      84.7368025,
      27.9350589
     ],
     [
      84.7347619,
      27.9339009
     ],
     [
      84.7342386,
      27.9333664
     ],
     [
      84.7337824,
      27.9326835
     ],
     [
      84.7335712,
      27.9321066
     ],
     [
      84.7335664,
      27.9317375
     ],
     [
      84.7336528,
      27.9314576
     ],
     [
      84.7340081,
      27.9311691
     ],
     [
      84.7357126,
      27.930851
     ],
     [
      84.7360054,
      27.9306049
     ],
     [
      84.7361543,
      27.9300704
     ],
     [
      84.7362167,
      27.9290226
     ],
     [
      84.7360631,
      27.9284839
     ],
     [
      84.7356838,
      27.9281572
     ],
     [
      84.7338113,
      27.9275124
     ],
     [
      84.7327454,
      27.9271985
     ],
     [
      84.7320667,
      27.9267397
     ],
     [
      84.7318482,
      27.9263758
     ],
     [
      84.7317179,
      27.9259004
     ],
     [
      84.7321246,
      27.9251554
     ],
     [
      84.733317,
      27.9246802
     ],
     [
      84.7336526,
      27.9237956
     ],
     [
      84.7336633,
      27.9226012
     ],
     [
      84.7334273,
      27.9208948
     ],
     [
      84.7337491,
      27.9197003
     ],
     [
      84.7340173,
      27.9181456
     ],
     [
      84.7348542,
      27.9160789
     ],
     [
      84.7352229,
      27.9151154
     ],
     [
      84.734119,
      27.9099664
     ],
     [
      84.7331712,
      27.9074538
     ],
     [
      84.7338001,
      27.9041357
     ],
     [
      84.7368594,
      27.8992225
     ],
     [
      84.7372638,
      27.8969605
     ],
     [
      84.7359087,
      27.8936785
     ],
     [
      84.735927,
      27.8918098
     ],
     [
      84.7375347,
      27.8905052
     ],
     [
      84.7405452,
      27.8899418
     ],
     [
      84.7419539,
      27.8898505
     ],
     [
      84.7424083,
      27.8895181
     ],
     [
      84.7427526,
      27.8890489
     ],
     [
      84.7434254,
      27.8881952
     ],
     [
      84.7449653,
      27.8878563
     ],
     [
      84.7493853,
      27.886062
     ],
     [
      84.7493648,
      27.8854883
     ],
     [
      84.7490062,
      27.8844897
     ],
     [
      84.745638,
      27.881097
     ],
     [
      84.7456537,
      27.8807932
     ],
     [
      84.7456963,
      27.8799658
     ],
     [
      84.7498072,
      27.8769456
     ],
     [
      84.751485,
      27.8762023
     ],
     [
      84.7525891,
      27.874814
     ],
     [
      84.7533227,
      27.8734243
     ],
     [
      84.7536371,
      27.8723799
     ],
     [
      84.7549139,
      27.8701395
     ],
     [
      84.7551616,
      27.8693561
     ],
     [
      84.755174,
      27.8688578
     ],
     [
      84.7546085,
      27.8675434
     ],
     [
      84.7544846,
      27.8666085
     ],
     [
      84.7546103,
      27.8656188
     ],
     [
      84.7549604,
      27.864649
     ],
     [
      84.7554184,
      27.8629949
     ],
     [
      84.7558134,
      27.8620758
     ],
     [
      84.7573049,
      27.8602405
     ],
     [
      84.7580118,
      27.8596966
     ],
     [
      84.7587835,
      27.8593484
     ],
     [
      84.7597917,
      27.8591959
     ],
     [
      84.7607063,
      27.8593139
     ],
     [
      84.7616986,
      27.8596294
     ],
     [
      84.76245,
      27.8599625
     ],
     [
      84.7636124,
      27.8600973
     ],
     [
      84.7645593,
      27.859928
     ],
     [
      84.7651654,
      27.8594823
     ],
     [
      84.7655465,
      27.8588253
     ],
     [
      84.7657085,
      27.8583283
     ],
     [
      84.7656467,
      27.8572531
     ],
     [
      84.7656141,
      27.8566865
     ],
     [
      84.7655656,
      27.8556243
     ],
     [
      84.7652607,
      27.8546387
     ],
     [
      84.765232,
      27.8540488
     ],
     [
      84.7654798,
      27.853653
     ],
     [
      84.7659181,
      27.8532066
     ],
     [
      84.7673187,
      27.8524905
     ],
     [
      84.7680427,
      27.8519912
     ],
     [
      84.7682239,
      27.8516397
     ],
     [
      84.7682048,
      27.8511848
     ],
     [
      84.7678713,
      27.8495168
     ],
     [
      84.7678904,
      27.8482531
     ],
     [
      84.7681173,
      27.8471196
     ],
     [
      84.7681335,
      27.8464332
     ],
     [
      84.7678237,
      27.8455067
     ],
     [
      84.7672997,
      27.8444452
     ],
     [
      84.7672993,
      27.8440848
     ],
     [
      84.7677951,
      27.8434847
     ],
     [
      84.7684522,
      27.8431474
     ],
     [
      84.7695681,
      27.8430509
     ],
     [
      84.7703064,
      27.8425984
     ],
     [
      84.7705895,
      27.8421772
     ],
     [
      84.7707342,
      27.8413743
     ],
     [
      84.7705245,
      27.8396903
     ],
     [
      84.7706755,
      27.8389929
     ],
     [
      84.7712707,
      27.8384682
     ],
     [
      84.7728485,
      27.8380581
     ],
     [
      84.7737579,
      27.8375601
     ],
     [
      84.7752648,
      27.8365743
     ],
     [
      84.7758269,
      27.836003
     ],
     [
      84.7760588,
      27.8350833
     ],
     [
      84.7758772,
      27.8345044
     ],
     [
      84.7749809,
      27.8328522
     ],
     [
      84.773721,
      27.830906
     ],
     [
      84.7733835,
      27.8300623
     ],
     [
      84.7732428,
      27.8290883
     ],
     [
      84.7733771,
      27.8280792
     ],
     [
      84.77357,
      27.826944
     ],
     [
      84.7738637,
      27.8248887
     ],
     [
      84.7741853,
      27.8237691
     ],
     [
      84.7747432,
      27.8227747
     ],
     [
      84.7765964,
      27.8196732
     ],
     [
      84.7772562,
      27.8188714
     ],
     [
      84.7779536,
      27.8183448
     ],
     [
      84.7784042,
      27.8181455
     ],
     [
      84.7788817,
      27.8179937
     ],
     [
      84.7792679,
      27.8178371
     ],
     [
      84.7800457,
      27.8173057
     ],
     [
      84.7815371,
      27.8161955
     ],
     [
      84.7824329,
      27.8151707
     ],
     [
      84.7827804,
      27.8143223
     ],
     [
      84.7829479,
      27.8139134
     ]
    ]
   },
   "properties": {
    "name": "Budhi Gandaki",
    "name_local": "Budhi Gandaki",
    "named": true,
    "km_to_channel": 0.0,
    "km_confluence": 120.6,
    "joins_reach": "Open valley",
    "backwater_note": "A surge in the main river backs up into the mouth of a tributary. Anywhere just up this stream from the junction can flood without this stream itself being in flood.",
    "osm_id": "way/200570381",
    "source": "OpenStreetMap via the Overpass API",
    "source_url": "https://www.openstreetmap.org/copyright",
    "licence": "ODbL 1.0, (c) OpenStreetMap contributors",
    "retrieved": "2026-08-28"
   }
  },
  {
   "type": "Feature",
   "geometry": {
    "type": "LineString",
    "coordinates": [
     [
      84.7587302,
      27.7905031
     ],
     [
      84.7584718,
      27.7906723
     ],
     [
      84.7581404,
      27.7909329
     ],
     [
      84.7579195,
      27.791169
     ],
     [
      84.7575882,
      27.7914866
     ],
     [
      84.757036,
      27.7923822
     ],
     [
      84.756585,
      27.7928707
     ],
     [
      84.7563273,
      27.7931231
     ],
     [
      84.7560787,
      27.7934407
     ],
     [
      84.7559499,
      27.7937012
     ],
     [
      84.7558026,
      27.7940432
     ],
     [
      84.7555817,
      27.7942956
     ],
     [
      84.7554069,
      27.7944259
     ],
     [
      84.7552412,
      27.7946783
     ],
     [
      84.7550663,
      27.7949633
     ],
     [
      84.7550041,
      27.7951695
     ],
     [
      84.754958,
      27.7953296
     ],
     [
      84.754882,
      27.7955047
     ],
     [
      84.7547356,
      27.7958018
     ],
     [
      84.7544779,
      27.7963922
     ],
     [
      84.7544736,
      27.796874
     ],
     [
      84.754353,
      27.7972477
     ],
     [
      84.7540496,
      27.7979155
     ],
     [
      84.7537225,
      27.7981362
     ],
     [
      84.753686,
      27.7983422
     ],
     [
      84.7534758,
      27.7987378
     ],
     [
      84.7532034,
      27.7991529
     ],
     [
      84.752738,
      27.7995696
     ],
     [
      84.7524435,
      27.7999929
     ],
     [
      84.7521489,
      27.8004489
     ],
     [
      84.7519496,
      27.8005777
     ],
     [
      84.7518115,
      27.8007336
     ],
     [
      84.7515599,
      27.801035
     ],
     [
      84.7512285,
      27.8013118
     ],
     [
      84.7508972,
      27.8016211
     ],
     [
      84.7505659,
      27.801898
     ],
     [
      84.7501977,
      27.8021259
     ],
     [
      84.7499952,
      27.8023864
     ],
     [
      84.7497891,
      27.8027047
     ],
     [
      84.7499051,
      27.8032052
     ],
     [
      84.7502871,
      27.8038295
     ],
     [
      84.7500452,
      27.8045379
     ],
     [
      84.7501399,
      27.8047286
     ],
     [
      84.7503035,
      27.8050698
     ]
    ]
   },
   "properties": {
    "name": "unnamed",
    "name_local": "",
    "named": false,
    "km_to_channel": 0.11,
    "km_confluence": 125.6,
    "joins_reach": "Open valley",
    "backwater_note": "A surge in the main river backs up into the mouth of a tributary. Anywhere just up this stream from the junction can flood without this stream itself being in flood.",
    "osm_id": "way/1126421509",
    "source": "OpenStreetMap via the Overpass API",
    "source_url": "https://www.openstreetmap.org/copyright",
    "licence": "ODbL 1.0, (c) OpenStreetMap contributors",
    "retrieved": "2026-08-28"
   }
  },
  {
   "type": "Feature",
   "geometry": {
    "type": "LineString",
    "coordinates": [
     [
      84.6664059,
      27.7417232
     ],
     [
      84.6671677,
      27.7423499
     ],
     [
      84.6675968,
      27.7430526
     ],
     [
      84.6680689,
      27.7435084
     ],
     [
      84.6681547,
      27.7437742
     ],
     [
      84.6684658,
      27.7440781
     ],
     [
      84.668777,
      27.744268
     ],
     [
      84.6690237,
      27.7445814
     ],
     [
      84.6693027,
      27.7450181
     ],
     [
      84.6695495,
      27.7454454
     ],
     [
      84.6698713,
      27.7457113
     ],
     [
      84.6702576,
      27.7460911
     ],
     [
      84.6703434,
      27.7463665
     ],
     [
      84.6704078,
      27.7467178
     ],
     [
      84.6706116,
      27.7469932
     ],
     [
      84.670912,
      27.7474299
     ],
     [
      84.671191,
      27.7477528
     ],
     [
      84.6715343,
      27.7483984
     ],
     [
      84.6719634,
      27.7489112
     ],
     [
      84.6722638,
      27.7491675
     ],
     [
      84.6726179,
      27.7496043
     ],
     [
      84.6728861,
      27.7499461
     ],
     [
      84.6729076,
      27.7502404
     ],
     [
      84.6727145,
      27.7506392
     ],
     [
      84.6724248,
      27.7508861
     ],
     [
      84.6718776,
      27.7509336
     ],
     [
      84.6711373,
      27.7513608
     ],
     [
      84.6704936,
      27.7517881
     ],
     [
      84.6702897,
      27.75194
     ],
     [
      84.6701181,
      27.7523958
     ],
     [
      84.6700537,
      27.7526711
     ],
     [
      84.6699142,
      27.7529654
     ],
     [
      84.6695816,
      27.7532123
     ],
     [
      84.6694958,
      27.7534117
     ],
     [
      84.6696246,
      27.7539624
     ],
     [
      84.6697962,
      27.7545795
     ],
     [
      84.6698069,
      27.7550258
     ],
     [
      84.6698177,
      27.7553676
     ],
     [
      84.6699679,
      27.7556049
     ],
     [
      84.6705258,
      27.7558138
     ],
     [
      84.6711051,
      27.7558708
     ],
     [
      84.6712553,
      27.7560322
     ],
     [
      84.6723711,
      27.7565543
     ],
     [
      84.672693,
      27.7569626
     ],
     [
      84.6728539,
      27.7572569
     ],
     [
      84.6731329,
      27.7575702
     ],
     [
      84.6735942,
      27.7580734
     ],
     [
      84.6740019,
      27.7583772
     ],
     [
      84.674474,
      27.7582348
     ],
     [
      84.6750748,
      27.7582823
     ],
     [
      84.6759438,
      27.7590798
     ],
     [
      84.6764696,
      27.7591653
     ],
     [
      84.6767378,
      27.7592982
     ],
     [
      84.6772528,
      27.7596495
     ],
     [
      84.6772893,
      27.7598553
     ],
     [
      84.6774244,
      27.7601336
     ],
     [
      84.6776175,
      27.760352
     ],
     [
      84.6783042,
      27.7604944
     ],
     [
      84.6795273,
      27.7607033
     ],
     [
      84.6804821,
      27.7610356
     ],
     [
      84.6809113,
      27.7613774
     ],
     [
      84.681555,
      27.7618426
     ],
     [
      84.6817911,
      27.7620894
     ],
     [
      84.6825635,
      27.7622698
     ],
     [
      84.6829069,
      27.7626305
     ],
     [
      84.6831858,
      27.7631907
     ],
     [
      84.6832609,
      27.763466
     ],
     [
      84.683218,
      27.7638078
     ],
     [
      84.6832073,
      27.7641021
     ],
     [
      84.6834,
      27.7644696
     ],
     [
      84.6838188,
      27.7646337
     ],
     [
      84.6841943,
      27.7646717
     ],
     [
      84.6850312,
      27.7647666
     ],
     [
      84.685868,
      27.7650135
     ],
     [
      84.6863401,
      27.7652983
     ],
     [
      84.6867692,
      27.7654312
     ],
     [
      84.6872842,
      27.7653552
     ],
     [
      84.6877318,
      27.7653095
     ],
     [
      84.6876621,
      27.7660541
     ],
     [
      84.6876814,
      27.7669675
     ],
     [
      84.6875495,
      27.7673543
     ],
     [
      84.687432,
      27.7675681
     ],
     [
      84.6871122,
      27.7678348
     ],
     [
      84.6870166,
      27.7680257
     ],
     [
      84.6869086,
      27.7681493
     ],
     [
      84.6868074,
      27.7682599
     ],
     [
      84.6866466,
      27.7683902
     ],
     [
      84.6868083,
      27.7685368
     ],
     [
      84.6875698,
      27.7688155
     ],
     [
      84.6884125,
      27.7689849
     ],
     [
      84.688968,
      27.7689357
     ],
     [
      84.6891964,
      27.7692863
     ],
     [
      84.6893434,
      27.7694317
     ],
     [
      84.6894584,
      27.7697538
     ],
     [
      84.6894261,
      27.7701346
     ],
     [
      84.6894243,
      27.7706597
     ],
     [
      84.6894126,
      27.7710104
     ],
     [
      84.689529,
      27.7711837
     ],
     [
      84.6906724,
      27.771273
     ],
     [
      84.6914512,
      27.7717147
     ],
     [
      84.6917152,
      27.7723992
     ],
     [
      84.6921331,
      27.7727655
     ],
     [
      84.6925253,
      27.7731824
     ],
     [
      84.6926272,
      27.7734577
     ],
     [
      84.6925735,
      27.7737187
     ],
     [
      84.692359,
      27.773937
     ],
     [
      84.691844,
      27.7743974
     ],
     [
      84.6915704,
      27.7749813
     ],
     [
      84.691903,
      27.7754037
     ],
     [
      84.6926701,
      27.7758783
     ],
     [
      84.6932334,
      27.7763719
     ],
     [
      84.6933623,
      27.7767899
     ],
     [
      84.6933031,
      27.777269
     ],
     [
      84.693464,
      27.7776392
     ],
     [
      84.6934962,
      27.7780853
     ],
     [
      84.6929598,
      27.7783226
     ],
     [
      84.6922946,
      27.7787973
     ],
     [
      84.6923053,
      27.779438
     ],
     [
      84.6925298,
      27.7796887
     ],
     [
      84.6924059,
      27.7799519
     ],
     [
      84.6923268,
      27.7801784
     ],
     [
      84.6922302,
      27.780335
     ],
     [
      84.6921068,
      27.7806198
     ],
     [
      84.6920425,
      27.78099
     ],
     [
      84.6920961,
      27.7814978
     ],
     [
      84.6922463,
      27.7819819
     ],
     [
      84.6923751,
      27.7823094
     ],
     [
      84.692713,
      27.7826748
     ],
     [
      84.6929973,
      27.7828789
     ],
     [
      84.69317,
      27.7830666
     ],
     [
      84.6934125,
      27.7834153
     ],
     [
      84.6938449,
      27.7838233
     ],
     [
      84.6937215,
      27.7841603
     ],
     [
      84.6935713,
      27.7844878
     ],
     [
      84.6928954,
      27.7844641
     ],
     [
      84.6921873,
      27.7843312
     ],
     [
      84.691667,
      27.7841461
     ],
     [
      84.6913129,
      27.7840464
     ],
     [
      84.6906638,
      27.7838708
     ],
     [
      84.6904278,
      27.7839278
     ],
     [
      84.6903098,
      27.7840891
     ],
     [
      84.6902239,
      27.7844593
     ],
     [
      84.6904523,
      27.7849425
     ],
     [
      84.6908998,
      27.7854132
     ],
     [
      84.6912324,
      27.7857882
     ],
     [
      84.6918118,
      27.7859827
     ],
     [
      84.6922591,
      27.7862404
     ],
     [
      84.6926942,
      27.7865665
     ],
     [
      84.6928552,
      27.7870126
     ],
     [
      84.6924904,
      27.7873923
     ],
     [
      84.6915865,
      27.7873851
     ],
     [
      84.6907335,
      27.7873828
     ],
     [
      84.6901756,
      27.7876082
     ],
     [
      84.689784,
      27.7877909
     ],
     [
      84.6894675,
      27.7881729
     ],
     [
      84.6893039,
      27.7886119
     ],
     [
      84.6892878,
      27.788937
     ],
     [
      84.6895319,
      27.7892479
     ],
     [
      84.6902668,
      27.7896489
     ],
     [
      84.6907872,
      27.7900973
     ],
     [
      84.6910018,
      27.7906099
     ],
     [
      84.6907974,
      27.7912749
     ],
     [
      84.6908118,
      27.7916618
     ],
     [
      84.6910768,
      27.7918204
     ],
     [
      84.6912008,
      27.7919974
     ],
     [
      84.6912646,
      27.7920885
     ],
     [
      84.6914119,
      27.7923852
     ],
     [
      84.6918781,
      27.7928112
     ],
     [
      84.692281,
      27.793059
     ],
     [
      84.6926352,
      27.7932218
     ],
     [
      84.6933804,
      27.7932574
     ],
     [
      84.6940171,
      27.7933708
     ],
     [
      84.694476,
      27.7937917
     ],
     [
      84.6943174,
      27.7941277
     ],
     [
      84.6940939,
      27.7946381
     ],
     [
      84.693862,
      27.7948875
     ],
     [
      84.6932438,
      27.7953038
     ],
     [
      84.6929464,
      27.7954124
     ],
     [
      84.6925271,
      27.7955693
     ],
     [
      84.6919955,
      27.7958067
     ],
     [
      84.6918172,
      27.7958656
     ],
     [
      84.691814,
      27.7959269
     ],
     [
      84.6921122,
      27.7961906
     ],
     [
      84.692198,
      27.7965133
     ],
     [
      84.6920603,
      27.7966899
     ],
     [
      84.691847,
      27.7968837
     ],
     [
      84.6916186,
      27.7969988
     ],
     [
      84.6912326,
      27.7972723
     ],
     [
      84.6909481,
      27.7975194
     ],
     [
      84.6909429,
      27.7976441
     ],
     [
      84.6908779,
      27.798114
     ],
     [
      84.6907445,
      27.7985894
     ],
     [
      84.6906515,
      27.7989455
     ],
     [
      84.6907818,
      27.7993914
     ],
     [
      84.6910538,
      27.7996365
     ],
     [
      84.6914448,
      27.7998312
     ],
     [
      84.6919824,
      27.7998655
     ],
     [
      84.6922482,
      27.7996656
     ],
     [
      84.6927664,
      27.7990019
     ],
     [
      84.693129,
      27.7985002
     ],
     [
      84.6932913,
      27.7983806
     ],
     [
      84.6934877,
      27.7982439
     ],
     [
      84.6938717,
      27.7980034
     ],
     [
      84.6941791,
      27.7981544
     ],
     [
      84.6943068,
      27.7983796
     ],
     [
      84.6943748,
      27.7986951
     ],
     [
      84.6945118,
      27.7988823
     ],
     [
      84.6948284,
      27.7993619
     ],
     [
      84.6952769,
      27.7997421
     ],
     [
      84.6956008,
      27.8000238
     ],
     [
      84.6960422,
      27.8002749
     ],
     [
      84.6964588,
      27.800716
     ],
     [
      84.6960424,
      27.8012486
     ]
    ]
   },
   "properties": {
    "name": "unnamed",
    "name_local": "",
    "named": false,
    "km_to_channel": 0.86,
    "km_confluence": 133.0,
    "joins_reach": "Open valley",
    "backwater_note": "A surge in the main river backs up into the mouth of a tributary. Anywhere just up this stream from the junction can flood without this stream itself being in flood.",
    "osm_id": "way/342430758",
    "source": "OpenStreetMap via the Overpass API",
    "source_url": "https://www.openstreetmap.org/copyright",
    "licence": "ODbL 1.0, (c) OpenStreetMap contributors",
    "retrieved": "2026-08-28"
   }
  },
  {
   "type": "Feature",
   "geometry": {
    "type": "LineString",
    "coordinates": [
     [
      84.6939624,
      27.803241
     ],
     [
      84.6940659,
      27.8035216
     ],
     [
      84.6943258,
      27.8038657
     ],
     [
      84.6948539,
      27.8042744
     ],
     [
      84.6950937,
      27.8043091
     ],
     [
      84.6953543,
      27.8044754
     ],
     [
      84.6954957,
      27.80464
     ],
     [
      84.6957243,
      27.8049609
     ],
     [
      84.695759,
      27.8053862
     ],
     [
      84.6957186,
      27.8057213
     ],
     [
      84.6952093,
      27.8060106
     ],
     [
      84.6949538,
      27.8060458
     ],
     [
      84.6946881,
      27.8061115
     ],
     [
      84.6945309,
      27.8062423
     ],
     [
      84.6946926,
      27.8065193
     ],
     [
      84.6953181,
      27.8067222
     ],
     [
      84.6965881,
      27.8069922
     ],
     [
      84.6968429,
      27.8071377
     ],
     [
      84.697039,
      27.8072613
     ],
     [
      84.6973833,
      27.8075008
     ],
     [
      84.6973394,
      27.8078646
     ],
     [
      84.6970617,
      27.8083352
     ],
     [
      84.6969786,
      27.8085967
     ]
    ]
   },
   "properties": {
    "name": "unnamed",
    "name_local": "",
    "named": false,
    "km_to_channel": 0.17,
    "km_confluence": 133.0,
    "joins_reach": "Open valley",
    "backwater_note": "A surge in the main river backs up into the mouth of a tributary. Anywhere just up this stream from the junction can flood without this stream itself being in flood.",
    "osm_id": "way/343552156",
    "source": "OpenStreetMap via the Overpass API",
    "source_url": "https://www.openstreetmap.org/copyright",
    "licence": "ODbL 1.0, (c) OpenStreetMap contributors",
    "retrieved": "2026-08-28"
   }
  },
  {
   "type": "Feature",
   "geometry": {
    "type": "LineString",
    "coordinates": [
     [
      84.6940964,
      27.8027095
     ],
     [
      84.6939624,
      27.803241
     ]
    ]
   },
   "properties": {
    "name": "unnamed",
    "name_local": "",
    "named": false,
    "km_to_channel": 0.65,
    "km_confluence": 133.0,
    "joins_reach": "Open valley",
    "backwater_note": "A surge in the main river backs up into the mouth of a tributary. Anywhere just up this stream from the junction can flood without this stream itself being in flood.",
    "osm_id": "way/1090016868",
    "source": "OpenStreetMap via the Overpass API",
    "source_url": "https://www.openstreetmap.org/copyright",
    "licence": "ODbL 1.0, (c) OpenStreetMap contributors",
    "retrieved": "2026-08-28"
   }
  },
  {
   "type": "Feature",
   "geometry": {
    "type": "LineString",
    "coordinates": [
     [
      84.6960424,
      27.8012486
     ],
     [
      84.6955442,
      27.8013916
     ],
     [
      84.6954142,
      27.8014773
     ],
     [
      84.6948798,
      27.8017259
     ],
     [
      84.6946425,
      27.802033
     ],
     [
      84.6943593,
      27.8023332
     ],
     [
      84.6940964,
      27.8027095
     ]
    ]
   },
   "properties": {
    "name": "unnamed",
    "name_local": "",
    "named": false,
    "km_to_channel": 0.71,
    "km_confluence": 133.0,
    "joins_reach": "Open valley",
    "backwater_note": "A surge in the main river backs up into the mouth of a tributary. Anywhere just up this stream from the junction can flood without this stream itself being in flood.",
    "osm_id": "way/1090016869",
    "source": "OpenStreetMap via the Overpass API",
    "source_url": "https://www.openstreetmap.org/copyright",
    "licence": "ODbL 1.0, (c) OpenStreetMap contributors",
    "retrieved": "2026-08-28"
   }
  },
  {
   "type": "Feature",
   "geometry": {
    "type": "LineString",
    "coordinates": [
     [
      84.5453018,
      27.9051451
     ],
     [
      84.5452545,
      27.9044617
     ],
     [
      84.5451531,
      27.9041177
     ],
     [
      84.5444305,
      27.9034618
     ],
     [
      84.5437543,
      27.903218
     ],
     [
      84.5427887,
      27.9030513
     ],
     [
      84.542232,
      27.9028276
     ],
     [
      84.5417051,
      27.9025772
     ],
     [
      84.541178,
      27.9021482
     ],
     [
      84.5410183,
      27.9017791
     ],
     [
      84.5408135,
      27.9012292
     ],
     [
      84.5407634,
      27.9008577
     ],
     [
      84.5408717,
      27.9002604
     ],
     [
      84.5409039,
      27.8999271
     ],
     [
      84.5408015,
      27.8989034
     ],
     [
      84.5407603,
      27.8984921
     ],
     [
      84.5406867,
      27.8980395
     ],
     [
      84.540442,
      27.8974979
     ],
     [
      84.5402492,
      27.8968012
     ],
     [
      84.5402321,
      27.8963701
     ],
     [
      84.5408515,
      27.8944444
     ],
     [
      84.5409262,
      27.8940333
     ],
     [
      84.5407929,
      27.892714
     ],
     [
      84.5405933,
      27.8917703
     ],
     [
      84.5405821,
      27.8913221
     ],
     [
      84.5406178,
      27.8908137
     ],
     [
      84.5406517,
      27.8905329
     ],
     [
      84.5406117,
      27.8902256
     ],
     [
      84.540558,
      27.8899826
     ],
     [
      84.5406224,
      27.8895678
     ],
     [
      84.5407297,
      27.8892845
     ],
     [
      84.5407741,
      27.8891318
     ],
     [
      84.5407649,
      27.8885289
     ],
     [
      84.5406947,
      27.8882288
     ],
     [
      84.5405728,
      27.8879996
     ],
     [
      84.540519,
      27.8878896
     ],
     [
      84.5405781,
      27.8876914
     ],
     [
      84.5405513,
      27.8875278
     ],
     [
      84.5403609,
      27.8873287
     ],
     [
      84.5403345,
      27.8869482
     ],
     [
      84.540298,
      27.8868799
     ],
     [
      84.5402639,
      27.8865819
     ],
     [
      84.5404058,
      27.8863228
     ],
     [
      84.540503,
      27.8859181
     ],
     [
      84.5405518,
      27.8854885
     ],
     [
      84.5407203,
      27.8852187
     ],
     [
      84.5409214,
      27.8850243
     ],
     [
      84.5411172,
      27.8849176
     ],
     [
      84.5413849,
      27.8845869
     ],
     [
      84.5419165,
      27.8842443
     ],
     [
      84.5424718,
      27.8838318
     ],
     [
      84.5428231,
      27.8835236
     ],
     [
      84.5431504,
      27.8830826
     ],
     [
      84.5435328,
      27.8828263
     ],
     [
      84.5439218,
      27.88247
     ],
     [
      84.544211,
      27.8822364
     ],
     [
      84.544624,
      27.8820226
     ],
     [
      84.5448582,
      27.8818417
     ],
     [
      84.5450019,
      27.8815797
     ],
     [
      84.5451225,
      27.8813576
     ],
     [
      84.5451808,
      27.8810437
     ],
     [
      84.5450847,
      27.8807151
     ],
     [
      84.5448366,
      27.8803668
     ],
     [
      84.544568,
      27.8801015
     ],
     [
      84.543727,
      27.8796876
     ],
     [
      84.5429245,
      27.8791553
     ],
     [
      84.5414311,
      27.8784784
     ],
     [
      84.541056,
      27.8781834
     ],
     [
      84.5408953,
      27.8780011
     ],
     [
      84.5406209,
      27.8774425
     ],
     [
      84.5405654,
      27.8770089
     ],
     [
      84.5408985,
      27.875906
     ],
     [
      84.5413343,
      27.8751727
     ],
     [
      84.5422518,
      27.8737459
     ],
     [
      84.5432144,
      27.8723252
     ],
     [
      84.5436371,
      27.8719618
     ],
     [
      84.5438637,
      27.8714494
     ],
     [
      84.5443715,
      27.870335
     ],
     [
      84.5444887,
      27.8700144
     ],
     [
      84.5448685,
      27.8697393
     ],
     [
      84.5456148,
      27.8695061
     ],
     [
      84.5464896,
      27.8694552
     ],
     [
      84.5467809,
      27.869666
     ],
     [
      84.5471506,
      27.8697633
     ],
     [
      84.5474359,
      27.8699731
     ],
     [
      84.5480791,
      27.8704817
     ],
     [
      84.5486515,
      27.8706455
     ],
     [
      84.5497544,
      27.8708471
     ],
     [
      84.5507953,
      27.8709307
     ],
     [
      84.5513431,
      27.8707783
     ],
     [
      84.5522062,
      27.8704189
     ],
     [
      84.5525414,
      27.8700241
     ],
     [
      84.5526128,
      27.8695795
     ],
     [
      84.5525726,
      27.8691437
     ],
     [
      84.5524468,
      27.8688034
     ],
     [
      84.5524432,
      27.8686102
     ],
     [
      84.5523883,
      27.868493
     ],
     [
      84.5521982,
      27.86831
     ],
     [
      84.5519645,
      27.8679178
     ],
     [
      84.5511773,
      27.86734
     ],
     [
      84.5507322,
      27.8667869
     ],
     [
      84.5501044,
      27.8662708
     ],
     [
      84.5491375,
      27.866101
     ],
     [
      84.5482828,
      27.865025
     ],
     [
      84.5475545,
      27.8640072
     ],
     [
      84.5474498,
      27.8634849
     ],
     [
      84.5475172,
      27.8632133
     ],
     [
      84.5476768,
      27.8628361
     ],
     [
      84.5479201,
      27.862616
     ],
     [
      84.5523906,
      27.8606808
     ],
     [
      84.5541716,
      27.8599694
     ],
     [
      84.5550191,
      27.8596327
     ],
     [
      84.5557299,
      27.8594406
     ],
     [
      84.5561403,
      27.8593624
     ],
     [
      84.5567009,
      27.8593197
     ],
     [
      84.5572507,
      27.8592723
     ],
     [
      84.5577925,
      27.8591727
     ],
     [
      84.5585865,
      27.8589166
     ],
     [
      84.5588788,
      27.8587316
     ],
     [
      84.5590559,
      27.8584921
     ],
     [
      84.5591417,
      27.8582597
     ],
     [
      84.5591951,
      27.8578386
     ]
    ]
   },
   "properties": {
    "name": "Marsyangdi",
    "name_local": "Marsyangdi",
    "named": true,
    "km_to_channel": 0.03,
    "km_confluence": 155.0,
    "joins_reach": "Open valley",
    "backwater_note": "A surge in the main river backs up into the mouth of a tributary. Anywhere just up this stream from the junction can flood without this stream itself being in flood.",
    "osm_id": "way/343218667",
    "source": "OpenStreetMap via the Overpass API",
    "source_url": "https://www.openstreetmap.org/copyright",
    "licence": "ODbL 1.0, (c) OpenStreetMap contributors",
    "retrieved": "2026-08-28"
   }
  },
  {
   "type": "Feature",
   "geometry": {
    "type": "LineString",
    "coordinates": [
     [
      84.5555717,
      27.7961386
     ],
     [
      84.5550674,
      27.7958206
     ],
     [
      84.5543915,
      27.7956545
     ],
     [
      84.5537338,
      27.7954742
     ],
     [
      84.5532543,
      27.7952986
     ],
     [
      84.5529163,
      27.7952939
     ],
     [
      84.5527253,
      27.7954125
     ],
     [
      84.5522908,
      27.7955928
     ],
     [
      84.551822,
      27.7958064
     ],
     [
      84.5516503,
      27.795982
     ],
     [
      84.5516879,
      27.7962619
     ],
     [
      84.551749,
      27.7964565
     ],
     [
      84.5519507,
      27.7967555
     ],
     [
      84.5524174,
      27.7973486
     ],
     [
      84.5526824,
      27.7979228
     ],
     [
      84.5529667,
      27.7986014
     ],
     [
      84.5532328,
      27.7992278
     ],
     [
      84.5532382,
      27.7997023
     ],
     [
      84.5531963,
      27.7999249
     ],
     [
      84.5531183,
      27.8001953
     ],
     [
      84.5528938,
      27.8003968
     ],
     [
      84.5526889,
      27.8005665
     ],
     [
      84.5525689,
      27.8008963
     ],
     [
      84.5524385,
      27.8010355
     ],
     [
      84.552123,
      27.8010556
     ],
     [
      84.5518027,
      27.8009551
     ],
     [
      84.551616,
      27.800775
     ],
     [
      84.5511737,
      27.8005948
     ],
     [
      84.5504578,
      27.8002768
     ],
     [
      84.5497959,
      27.8001304
     ],
     [
      84.5492423,
      27.8000994
     ],
     [
      84.5488891,
      27.8000994
     ],
     [
      84.5484595,
      27.8001332
     ],
     [
      84.5480883,
      27.8000155
     ],
     [
      84.5477954,
      27.7995742
     ],
     [
      84.5473051,
      27.7990427
     ],
     [
      84.5468245,
      27.7986394
     ],
     [
      84.5464812,
      27.7983167
     ],
     [
      84.5461593,
      27.7980604
     ],
     [
      84.5458213,
      27.7979608
     ],
     [
      84.5455156,
      27.7980177
     ],
     [
      84.544918,
      27.7984021
     ],
     [
      84.5445049,
      27.798777
     ],
     [
      84.544242,
      27.7991614
     ],
     [
      84.5439792,
      27.799503
     ],
     [
      84.5435983,
      27.7996738
     ],
     [
      84.5432282,
      27.7998162
     ],
     [
      84.5428473,
      27.7999538
     ],
     [
      84.5426542,
      27.7999253
     ],
     [
      84.5422036,
      27.7995742
     ],
     [
      84.5417658,
      27.7992563
     ],
     [
      84.5413882,
      27.7989953
     ],
     [
      84.5409483,
      27.7989383
     ],
     [
      84.540664,
      27.7989858
     ],
     [
      84.5405299,
      27.7992041
     ],
     [
      84.5405481,
      27.7994793
     ],
     [
      84.5408195,
      27.7997545
     ],
     [
      84.5410899,
      27.800063
     ],
     [
      84.5413453,
      27.8003714
     ],
     [
      84.5412421,
      27.8006241
     ],
     [
      84.5409178,
      27.8008052
     ],
     [
      84.5404923,
      27.8009069
     ],
     [
      84.5398667,
      27.8008214
     ],
     [
      84.539432,
      27.800618
     ],
     [
      84.5390064,
      27.800267
     ],
     [
      84.5386631,
      27.7998589
     ],
     [
      84.5384914,
      27.7994366
     ],
     [
      84.5382017,
      27.799038
     ],
     [
      84.5378852,
      27.7988577
     ],
     [
      84.5375741,
      27.7987343
     ],
     [
      84.5371771,
      27.7986489
     ],
     [
      84.5369143,
      27.798739
     ],
     [
      84.5367372,
      27.7989336
     ],
     [
      84.536587,
      27.799261
     ],
     [
      84.5364368,
      27.799484
     ],
     [
      84.5362383,
      27.7996549
     ],
     [
      84.5359916,
      27.799726
     ],
     [
      84.5354412,
      27.7998684
     ],
     [
      84.5348398,
      27.8000119
     ],
     [
      84.5344928,
      27.8004604
     ],
     [
      84.5344669,
      27.8008325
     ],
     [
      84.5343947,
      27.8012739
     ],
     [
      84.5344276,
      27.8018282
     ],
     [
      84.5345647,
      27.8020665
     ],
     [
      84.5347704,
      27.8027402
     ],
     [
      84.5348305,
      27.8029331
     ],
     [
      84.5347813,
      27.8032948
     ],
     [
      84.5347357,
      27.8036154
     ],
     [
      84.5349348,
      27.8039303
     ],
     [
      84.5350253,
      27.8043367
     ],
     [
      84.5349655,
      27.8047029
     ],
     [
      84.5349333,
      27.8048575
     ],
     [
      84.5348206,
      27.8049308
     ],
     [
      84.5346113,
      27.805002
     ],
     [
      84.5341352,
      27.8051749
     ],
     [
      84.5338132,
      27.8051891
     ],
     [
      84.5333049,
      27.8051525
     ],
     [
      84.5327783,
      27.80512
     ],
     [
      84.5323436,
      27.8051769
     ],
     [
      84.5318652,
      27.8051525
     ],
     [
      84.5313799,
      27.8051952
     ],
     [
      84.5308647,
      27.8053234
     ],
     [
      84.5307175,
      27.8054434
     ],
     [
      84.5307014,
      27.8056062
     ],
     [
      84.5307934,
      27.8057893
     ],
     [
      84.5306462,
      27.8061575
     ],
     [
      84.5305404,
      27.8064016
     ],
     [
      84.5303794,
      27.8065298
     ],
     [
      84.5301264,
      27.8066661
     ],
     [
      84.5299999,
      27.8067007
     ],
     [
      84.5298343,
      27.8066763
     ],
     [
      84.5297603,
      27.8064784
     ],
     [
      84.5294738,
      27.8058568
     ],
     [
      84.5293129,
      27.8055104
     ],
     [
      84.5291165,
      27.8053396
     ],
     [
      84.5287787,
      27.8053661
     ],
     [
      84.5284015,
      27.8055533
     ],
     [
      84.5279714,
      27.8056164
     ],
     [
      84.5275988,
      27.8056794
     ],
     [
      84.5273389,
      27.8056326
     ],
     [
      84.5271595,
      27.8054129
     ],
     [
      84.5270917,
      27.8053288
     ],
     [
      84.5267648,
      27.8047933
     ],
     [
      84.5267762,
      27.8046918
     ],
     [
      84.5267926,
      27.8045462
     ],
     [
      84.5268534,
      27.8041962
     ],
     [
      84.5267593,
      27.8038988
     ],
     [
      84.5267593,
      27.8036832
     ],
     [
      84.5269663,
      27.803555
     ],
     [
      84.5270512,
      27.80347
     ],
     [
      84.5270054,
      27.8033434
     ],
     [
      84.5269042,
      27.803247
     ],
     [
      84.5265293,
      27.8031136
     ],
     [
      84.5262074,
      27.8028938
     ],
     [
      84.5259659,
      27.8027433
     ],
     [
      84.5257187,
      27.8027298
     ],
     [
      84.5255059,
      27.8027311
     ],
     [
      84.5250781,
      27.8027657
     ],
     [
      84.5245008,
      27.8027026
     ],
     [
      84.5242396,
      27.8027339
     ],
     [
      84.5240937,
      27.8027514
     ],
     [
      84.5237096,
      27.8025968
     ],
     [
      84.5234198,
      27.8023771
     ],
     [
      84.5230427,
      27.8021777
     ],
     [
      84.5226932,
      27.8018234
     ],
     [
      84.5224325,
      27.8013489
     ],
     [
      84.5221943,
      27.8006134
     ],
     [
      84.5219529,
      27.8000725
     ],
     [
      84.5216975,
      27.7997735
     ],
     [
      84.5214079,
      27.799318
     ],
     [
      84.520968,
      27.79872
     ],
     [
      84.5205388,
      27.7981838
     ],
     [
      84.5201965,
      27.7978151
     ],
     [
      84.5199293,
      27.7975839
     ],
     [
      84.5197382,
      27.7974779
     ],
     [
      84.5194757,
      27.7973975
     ],
     [
      84.519191,
      27.7973985
     ],
     [
      84.5189395,
      27.7974265
     ],
     [
      84.5186945,
      27.7973735
     ],
     [
      84.5185079,
      27.7972352
     ],
     [
      84.518333,
      27.7970291
     ],
     [
      84.5180884,
      27.7968982
     ],
     [
      84.5178496,
      27.7968639
     ],
     [
      84.5176219,
      27.7968834
     ],
     [
      84.5173985,
      27.7969453
     ],
     [
      84.5170565,
      27.7972041
     ],
     [
      84.5167483,
      27.7974026
     ],
     [
      84.516525,
      27.7976342
     ],
     [
      84.5163173,
      27.7979223
     ],
     [
      84.516113,
      27.7983025
     ],
     [
      84.5160748,
      27.7985164
     ],
     [
      84.51592,
      27.7988161
     ],
     [
      84.5158686,
      27.7989861
     ],
     [
      84.5158769,
      27.7991778
     ],
     [
      84.515916,
      27.7993515
     ],
     [
      84.5159753,
      27.7994552
     ],
     [
      84.5161618,
      27.7995883
     ],
     [
      84.5166463,
      27.7998844
     ],
     [
      84.5167607,
      27.8000341
     ],
     [
      84.5168588,
      27.8002053
     ],
     [
      84.5168142,
      27.8005586
     ],
     [
      84.5167172,
      27.8007557
     ],
     [
      84.5166582,
      27.8010167
     ],
     [
      84.5165831,
      27.801235
     ],
     [
      84.5164757,
      27.801496
     ],
     [
      84.5162773,
      27.8017902
     ],
     [
      84.5160198,
      27.8021413
     ],
     [
      84.5156336,
      27.8025447
     ],
     [
      84.5154319,
      27.802744
     ],
     [
      84.5152057,
      27.8030064
     ],
     [
      84.5149255,
      27.8035269
     ],
     [
      84.5147034,
      27.8039701
     ],
     [
      84.5145017,
      27.8044238
     ],
     [
      84.5142388,
      27.8048128
     ],
     [
      84.5139062,
      27.8053016
     ],
     [
      84.5135728,
      27.8054622
     ],
     [
      84.5132786,
      27.8055436
     ],
     [
      84.5129696,
      27.8055815
     ],
     [
      84.5126692,
      27.8055056
     ],
     [
      84.5123183,
      27.8053158
     ],
     [
      84.5120877,
      27.8051497
     ],
     [
      84.5118516,
      27.8051165
     ],
     [
      84.5116499,
      27.8051592
     ],
     [
      84.5112937,
      27.8053917
     ],
     [
      84.5110309,
      27.8056527
     ],
     [
      84.5108024,
      27.8057998
     ],
     [
      84.5105159,
      27.8057713
     ],
     [
      84.510194,
      27.8056859
     ],
     [
      84.5096898,
      27.8056195
     ],
     [
      84.509384,
      27.8055626
     ],
     [
      84.5090697,
      27.8055815
     ],
     [
      84.5086652,
      27.8056812
     ],
     [
      84.5083455,
      27.8057998
     ],
     [
      84.5081877,
      27.8059611
     ],
     [
      84.5080269,
      27.8061533
     ],
     [
      84.5079061,
      27.8063337
     ],
     [
      84.507632,
      27.8065163
     ],
     [
      84.5071095,
      27.8067203
     ],
     [
      84.5067844,
      27.806801
     ],
     [
      84.5064089,
      27.807043
     ],
     [
      84.5060876,
      27.8071901
     ],
     [
      84.5057791,
      27.8072731
     ],
     [
      84.50557,
      27.8072897
     ],
     [
      84.5053392,
      27.8072755
     ],
     [
      84.5049128,
      27.8072517
     ],
     [
      84.5045801,
      27.8072803
     ],
     [
      84.504336,
      27.8073253
     ],
     [
      84.5037406,
      27.8075886
     ],
     [
      84.5034026,
      27.807693
     ],
     [
      84.5032042,
      27.8077002
     ],
     [
      84.5029838,
      27.8076693
     ],
     [
      84.5026409,
      27.8076479
     ],
     [
      84.5022922,
      27.8077168
     ],
     [
      84.5020047,
      27.8077927
     ],
     [
      84.5017445,
      27.8077951
     ],
     [
      84.5014795,
      27.8077049
     ],
     [
      84.5010664,
      27.8075051
     ],
     [
      84.5009887,
      27.80747
     ],
     [
      84.5008063,
      27.8072755
     ],
     [
      84.5006454,
      27.8068722
     ],
     [
      84.500412,
      27.8065993
     ],
     [
      84.500272,
      27.8064973
     ],
     [
      84.5001004,
      27.8064427
     ],
     [
      84.4999168,
      27.8064607
     ],
     [
      84.4997785,
      27.8065566
     ],
     [
      84.4997066,
      27.8067892
     ],
     [
      84.4998005,
      27.8071901
     ],
     [
      84.4998998,
      27.8076855
     ],
     [
      84.4999291,
      27.8079157
     ],
     [
      84.4998716,
      27.8082749
     ],
     [
      84.4997412,
      27.8086085
     ],
     [
      84.499584,
      27.8089478
     ],
     [
      84.4993608,
      27.8091734
     ],
     [
      84.4991271,
      27.8092767
     ],
     [
      84.498878,
      27.8092855
     ],
     [
      84.4987517,
      27.8092731
     ],
     [
      84.4983494,
      27.8090548
     ],
     [
      84.4980758,
      27.808865
     ],
     [
      84.4977486,
      27.8087132
     ],
     [
      84.4974289,
      27.8086658
     ],
     [
      84.4970995,
      27.8087749
     ],
     [
      84.4969493,
      27.8088983
     ],
     [
      84.4968152,
      27.8091497
     ],
     [
      84.4968173,
      27.8094107
     ],
     [
      84.4967186,
      27.8096717
     ],
     [
      84.4964719,
      27.8098377
     ],
     [
      84.4961661,
      27.8098994
     ],
     [
      84.4957638,
      27.8098757
     ],
     [
      84.4953049,
      27.8098859
     ],
     [
      84.4949509,
      27.8100596
     ],
     [
      84.4948526,
      27.8102333
     ],
     [
      84.4948566,
      27.8103653
     ],
     [
      84.4949398,
      27.8104973
     ],
     [
      84.494979,
      27.8105399
     ],
     [
      84.4950793,
      27.8106491
     ],
     [
      84.4953444,
      27.8108505
     ],
     [
      84.4954113,
      27.8110132
     ],
     [
      84.4953691,
      27.8111858
     ],
     [
      84.4950774,
      27.811724
     ],
     [
      84.4950915,
      27.8120306
     ],
     [
      84.4951415,
      27.812174
     ],
     [
      84.495278,
      27.8123123
     ],
     [
      84.4957444,
      27.8125992
     ],
     [
      84.4962165,
      27.8128412
     ],
     [
      84.4965545,
      27.8129693
     ],
     [
      84.4967946,
      27.8131663
     ],
     [
      84.4968965,
      27.8133477
     ],
     [
      84.496932,
      27.8135585
     ],
     [
      84.4968871,
      27.8137107
     ],
     [
      84.4967919,
      27.8138481
     ],
     [
      84.4965812,
      27.8139563
     ],
     [
      84.4963753,
      27.8141365
     ],
     [
      84.4963118,
      27.8143105
     ],
     [
      84.4964275,
      27.814616
     ],
     [
      84.4964911,
      27.8149008
     ],
     [
      84.4965202,
      27.8151126
     ],
     [
      84.4965173,
      27.8152518
     ],
     [
      84.4964688,
      27.8154223
     ],
     [
      84.496377,
      27.8155877
     ],
     [
      84.4962384,
      27.8157366
     ],
     [
      84.496122,
      27.8158241
     ],
     [
      84.4959816,
      27.8158874
     ],
     [
      84.4958056,
      27.8159506
     ],
     [
      84.4955441,
      27.8159914
     ],
     [
      84.4953162,
      27.8159787
     ],
     [
      84.4950471,
      27.8159347
     ],
     [
      84.4947606,
      27.8158303
     ],
     [
      84.494487,
      27.8158825
     ],
     [
      84.4943368,
      27.8160438
     ],
     [
      84.4942564,
      27.8162858
     ],
     [
      84.4942106,
      27.8165084
     ],
     [
      84.4942655,
      27.8167058
     ],
     [
      84.4943777,
      27.8169475
     ],
     [
      84.494476,
      27.8173522
     ],
     [
      84.4944605,
      27.8175253
     ],
     [
      84.4944026,
      27.8176872
     ],
     [
      84.494426,
      27.817816
     ],
     [
      84.4946311,
      27.8178875
     ],
     [
      84.4950739,
      27.8183212
     ],
     [
      84.4954687,
      27.8186675
     ],
     [
      84.4960803,
      27.8190708
     ],
     [
      84.4963935,
      27.8193175
     ],
     [
      84.4963023,
      27.8199011
     ],
     [
      84.4962542,
      27.8207588
     ],
     [
      84.4962096,
      27.8209845
     ]
    ]
   },
   "properties": {
    "name": "unnamed",
    "name_local": "",
    "named": false,
    "km_to_channel": 0.0,
    "km_confluence": 165.2,
    "joins_reach": "Open valley",
    "backwater_note": "A surge in the main river backs up into the mouth of a tributary. Anywhere just up this stream from the junction can flood without this stream itself being in flood.",
    "osm_id": "way/217876148",
    "source": "OpenStreetMap via the Overpass API",
    "source_url": "https://www.openstreetmap.org/copyright",
    "licence": "ODbL 1.0, (c) OpenStreetMap contributors",
    "retrieved": "2026-08-28"
   }
  },
  {
   "type": "Feature",
   "geometry": {
    "type": "LineString",
    "coordinates": [
     [
      84.2738706,
      27.9428056
     ],
     [
      84.273839,
      27.9406321
     ],
     [
      84.2742903,
      27.938893
     ],
     [
      84.2748533,
      27.9377105
     ],
     [
      84.2752156,
      27.9371722
     ],
     [
      84.2764314,
      27.9360266
     ],
     [
      84.277499,
      27.9349549
     ],
     [
      84.27887,
      27.9340554
     ],
     [
      84.279117,
      27.9338333
     ],
     [
      84.2793394,
      27.9333847
     ],
     [
      84.2801239,
      27.9327133
     ],
     [
      84.280455,
      27.9325414
     ],
     [
      84.2812205,
      27.9321081
     ],
     [
      84.2814101,
      27.9319499
     ],
     [
      84.2819327,
      27.9312705
     ],
     [
      84.2823362,
      27.9306635
     ],
     [
      84.2823869,
      27.9304077
     ],
     [
      84.2824836,
      27.9299472
     ],
     [
      84.2825851,
      27.9297718
     ],
     [
      84.2826267,
      27.9296347
     ],
     [
      84.282635,
      27.9291329
     ],
     [
      84.2827967,
      27.9284852
     ],
     [
      84.2837781,
      27.9272608
     ],
     [
      84.2841417,
      27.9268668
     ],
     [
      84.2848565,
      27.9263271
     ],
     [
      84.2850702,
      27.925999
     ],
     [
      84.2855832,
      27.9255688
     ],
     [
      84.2859936,
      27.9253578
     ],
     [
      84.2870811,
      27.9248858
     ],
     [
      84.2886441,
      27.9243674
     ],
     [
      84.2894478,
      27.9239827
     ],
     [
      84.2908102,
      27.9231543
     ],
     [
      84.2923366,
      27.9221123
     ],
     [
      84.2930954,
      27.9214936
     ],
     [
      84.2944998,
      27.920333
     ],
     [
      84.2949255,
      27.9197054
     ],
     [
      84.2954796,
      27.9192437
     ],
     [
      84.2955998,
      27.9190157
     ],
     [
      84.2957136,
      27.9189292
     ],
     [
      84.2962573,
      27.9187516
     ],
     [
      84.2969089,
      27.918619
     ],
     [
      84.2977325,
      27.9183673
     ],
     [
      84.2989826,
      27.9180746
     ],
     [
      84.3001823,
      27.917813
     ],
     [
      84.301828,
      27.9172654
     ],
     [
      84.3023218,
      27.9169916
     ],
     [
      84.302845,
      27.916844
     ],
     [
      84.3032779,
      27.9168404
     ],
     [
      84.3041781,
      27.9168811
     ],
     [
      84.3053416,
      27.9169934
     ],
     [
      84.3058348,
      27.9169651
     ],
     [
      84.3071405,
      27.9167894
     ],
     [
      84.3081879,
      27.9165677
     ],
     [
      84.3095475,
      27.9162455
     ],
     [
      84.3099048,
      27.9161952
     ],
     [
      84.3103074,
      27.9161111
     ],
     [
      84.310896,
      27.9158585
     ],
     [
      84.3111178,
      27.9157445
     ],
     [
      84.3119579,
      27.9153109
     ],
     [
      84.3124646,
      27.9148648
     ],
     [
      84.3126183,
      27.9146788
     ],
     [
      84.3127359,
      27.9144424
     ],
     [
      84.3127985,
      27.9142211
     ],
     [
      84.3128102,
      27.9140986
     ],
     [
      84.3126015,
      27.9136913
     ],
     [
      84.312575,
      27.9135103
     ],
     [
      84.312575,
      27.9133561
     ],
     [
      84.3126129,
      27.9131979
     ],
     [
      84.3128506,
      27.912533
     ],
     [
      84.3132972,
      27.9117678
     ],
     [
      84.3141248,
      27.9099458
     ],
     [
      84.3142012,
      27.9097116
     ],
     [
      84.3143767,
      27.9094855
     ],
     [
      84.3146482,
      27.909281
     ],
     [
      84.3151063,
      27.9090162
     ],
     [
      84.3157319,
      27.9088871
     ],
     [
      84.3165708,
      27.9084568
     ],
     [
      84.3168926,
      27.9084094
     ],
     [
      84.3171719,
      27.9082519
     ],
     [
      84.3175173,
      27.9077582
     ],
     [
      84.3178475,
      27.9072527
     ],
     [
      84.3179539,
      27.9068729
     ],
     [
      84.3179883,
      27.9065725
     ],
     [
      84.3180946,
      27.9063675
     ],
     [
      84.3180616,
      27.906062
     ],
     [
      84.3175497,
      27.9055216
     ],
     [
      84.3173767,
      27.9053671
     ],
     [
      84.3171751,
      27.9051666
     ],
     [
      84.3171271,
      27.9049569
     ],
     [
      84.3171984,
      27.9047165
     ],
     [
      84.317344,
      27.9044656
     ],
     [
      84.3175712,
      27.9040812
     ],
     [
      84.3177966,
      27.903635
     ],
     [
      84.3185931,
      27.902806
     ],
     [
      84.3199562,
      27.9017009
     ],
     [
      84.3232819,
      27.8994447
     ],
     [
      84.3236072,
      27.899004
     ],
     [
      84.3238737,
      27.8975409
     ],
     [
      84.3239026,
      27.8972757
     ],
     [
      84.3239134,
      27.8970381
     ],
     [
      84.3237602,
      27.8965262
     ],
     [
      84.3232409,
      27.8937664
     ],
     [
      84.3231804,
      27.8927013
     ],
     [
      84.3232119,
      27.8923426
     ],
     [
      84.3233307,
      27.8919266
     ],
     [
      84.323523,
      27.8916931
     ],
     [
      84.3240811,
      27.8910187
     ],
     [
      84.32425,
      27.8905779
     ],
     [
      84.3242263,
      27.890371
     ],
     [
      84.3240931,
      27.8898178
     ],
     [
      84.3240598,
      27.8892882
     ],
     [
      84.324233,
      27.8883878
     ],
     [
      84.324331,
      27.8874794
     ],
     [
      84.3244051,
      27.8871759
     ],
     [
      84.3245047,
      27.886947
     ],
     [
      84.3246953,
      27.8867064
     ],
     [
      84.325688,
      27.8860356
     ],
     [
      84.3260216,
      27.8860031
     ],
     [
      84.3264035,
      27.8862339
     ],
     [
      84.3269561,
      27.886587
     ],
     [
      84.3274222,
      27.8866282
     ],
     [
      84.3277684,
      27.8865929
     ],
     [
      84.3281412,
      27.886487
     ],
     [
      84.3283277,
      27.8862634
     ],
     [
      84.3289469,
      27.8852688
     ],
     [
      84.3297525,
      27.8838211
     ],
     [
      84.3300122,
      27.8834386
     ],
     [
      84.3305848,
      27.882803
     ],
     [
      84.3311854,
      27.8820722
     ],
     [
      84.3320203,
      27.881461
     ],
     [
      84.3337493,
      27.8806012
     ],
     [
      84.3345679,
      27.8803841
     ],
     [
      84.3356048,
      27.8803118
     ],
     [
      84.3361506,
      27.8801972
     ],
     [
      84.3373171,
      27.8796002
     ],
     [
      84.3397661,
      27.8789912
     ],
     [
      84.340114,
      27.8789731
     ],
     [
      84.3407348,
      27.8790033
     ],
     [
      84.3417376,
      27.8789731
     ],
     [
      84.3423785,
      27.8789863
     ],
     [
      84.342679,
      27.8789731
     ],
     [
      84.3430542,
      27.8788585
     ],
     [
      84.3438933,
      27.8785269
     ],
     [
      84.3444595,
      27.8783761
     ],
     [
      84.3452781,
      27.8781892
     ],
     [
      84.3458307,
      27.877749
     ],
     [
      84.3461172,
      27.8775319
     ],
     [
      84.346474,
      27.8773936
     ],
     [
      84.3472292,
      27.8773752
     ],
     [
      84.3477749,
      27.8772365
     ],
     [
      84.3483275,
      27.8771942
     ],
     [
      84.3488596,
      27.8770676
     ],
     [
      84.3491256,
      27.8769229
     ],
     [
      84.3492612,
      27.876711
     ],
     [
      84.3493371,
      27.8763078
     ],
     [
      84.3493235,
      27.8756686
     ],
     [
      84.349187,
      27.8752163
     ],
     [
      84.3491666,
      27.8749028
     ],
     [
      84.3493985,
      27.8744143
     ],
     [
      84.3495145,
      27.874161
     ],
     [
      84.3503704,
      27.8734403
     ],
     [
      84.3529301,
      27.8714779
     ],
     [
      84.3549924,
      27.870374
     ],
     [
      84.3566978,
      27.8692161
     ],
     [
      84.3578507,
      27.8686975
     ],
     [
      84.3590854,
      27.8682572
     ],
     [
      84.3606613,
      27.8679255
     ],
     [
      84.3619438,
      27.8677868
     ],
     [
      84.364033,
      27.8678175
     ],
     [
      84.365585,
      27.8680234
     ],
     [
      84.3668499,
      27.8682644
     ],
     [
      84.3677179,
      27.8686181
     ],
     [
      84.3694542,
      27.8695155
     ],
     [
      84.3702579,
      27.8698644
     ],
     [
      84.3710041,
      27.8700612
     ],
     [
      84.3718148,
      27.8701412
     ],
     [
      84.3735828,
      27.8698435
     ],
     [
      84.3743381,
      27.8699848
     ],
     [
      84.3748011,
      27.869999
     ],
     [
      84.375095,
      27.8699351
     ],
     [
      84.3761094,
      27.8697146
     ],
     [
      84.3766432,
      27.869448
     ],
     [
      84.3773986,
      27.8695056
     ],
     [
      84.3780664,
      27.8696206
     ],
     [
      84.3793883,
      27.8694702
     ],
     [
      84.3808078,
      27.8695916
     ],
     [
      84.3814278,
      27.8695724
     ],
     [
      84.3825085,
      27.8689467
     ],
     [
      84.3834921,
      27.8675752
     ],
     [
      84.3842818,
      27.8669436
     ],
     [
      84.3860306,
      27.8644026
     ],
     [
      84.3869738,
      27.8635998
     ],
     [
      84.3888726,
      27.8623358
     ],
     [
      84.3903298,
      27.8619502
     ],
     [
      84.3929463,
      27.8606988
     ],
     [
      84.393828,
      27.8596465
     ],
     [
      84.3939313,
      27.8588889
     ],
     [
      84.3943057,
      27.8582666
     ],
     [
      84.3948464,
      27.8574689
     ],
     [
      84.3956767,
      27.8569162
     ],
     [
      84.3968143,
      27.8566602
     ],
     [
      84.3978382,
      27.8562052
     ],
     [
      84.3984923,
      27.8553804
     ],
     [
      84.3985732,
      27.8548142
     ],
     [
      84.3986345,
      27.854385
     ],
     [
      84.3992033,
      27.8524225
     ],
     [
      84.3995931,
      27.8518321
     ],
     [
      84.4002272,
      27.8513702
     ],
     [
      84.4014295,
      27.8513219
     ],
     [
      84.4024345,
      27.851097
     ],
     [
      84.4046355,
      27.8511143
     ],
     [
      84.4064273,
      27.8504317
     ],
     [
      84.4090205,
      27.8490411
     ],
     [
      84.4097768,
      27.8490108
     ],
     [
      84.4100354,
      27.8490005
     ],
     [
      84.4104819,
      27.8485946
     ],
     [
      84.4115171,
      27.8486148
     ],
     [
      84.411852,
      27.8493081
     ],
     [
      84.4116141,
      27.8500746
     ],
     [
      84.4121162,
      27.8505238
     ],
     [
      84.4131427,
      27.850777
     ],
     [
      84.4137555,
      27.8505898
     ],
     [
      84.4143627,
      27.8493874
     ],
     [
      84.4148912,
      27.849176
     ],
     [
      84.4156048,
      27.848066
     ],
     [
      84.416015,
      27.8473199
     ],
     [
      84.4165173,
      27.846245
     ],
     [
      84.4170584,
      27.8453438
     ],
     [
      84.4178248,
      27.8450003
     ],
     [
      84.4186177,
      27.8448417
     ],
     [
      84.4190862,
      27.8444903
     ],
     [
      84.4191462,
      27.8444453
     ],
     [
      84.4195162,
      27.844366
     ],
     [
      84.4214191,
      27.843256
     ],
     [
      84.4227436,
      27.8429398
     ],
     [
      84.4231436,
      27.8430486
     ],
     [
      84.423493,
      27.843178
     ],
     [
      84.4236051,
      27.8434567
     ],
     [
      84.4236069,
      27.84454
     ],
     [
      84.4239563,
      27.844921
     ],
     [
      84.4266996,
      27.8456477
     ],
     [
      84.427287,
      27.8457377
     ],
     [
      84.4279427,
      27.8455483
     ],
     [
      84.4287743,
      27.8451755
     ],
     [
      84.4291989,
      27.8451601
     ],
     [
      84.4297503,
      27.8453085
     ],
     [
      84.4311288,
      27.8454675
     ],
     [
      84.4322796,
      27.8453827
     ],
     [
      84.433334,
      27.8450608
     ],
     [
      84.4338439,
      27.8447096
     ],
     [
      84.4340509,
      27.8443439
     ],
     [
      84.4340509,
      27.8435696
     ],
     [
      84.4340297,
      27.8426375
     ],
     [
      84.4343654,
      27.8415828
     ],
     [
      84.4350127,
      27.8403109
     ],
     [
      84.4358729,
      27.8380129
     ],
     [
      84.4361744,
      27.8352252
     ],
     [
      84.4364155,
      27.8346082
     ],
     [
      84.4371477,
      27.8342197
     ],
     [
      84.4379918,
      27.8341817
     ],
     [
      84.4388962,
      27.8344483
     ],
     [
      84.4399298,
      27.8349433
     ],
     [
      84.4413809,
      27.8353893
     ],
     [
      84.4417159,
      27.835427
     ],
     [
      84.4453094,
      27.835357
     ],
     [
      84.4475003,
      27.835454
     ],
     [
      84.4500675,
      27.8354865
     ],
     [
      84.4531855,
      27.834504
     ],
     [
      84.4559332,
      27.8335671
     ],
     [
      84.4593958,
      27.8329273
     ],
     [
      84.4632671,
      27.8330911
     ],
     [
      84.4649787,
      27.8325881
     ],
     [
      84.4661753,
      27.8318698
     ],
     [
      84.4669236,
      27.8315593
     ],
     [
      84.4673976,
      27.8311809
     ],
     [
      84.4676051,
      27.8307799
     ],
     [
      84.4676538,
      27.8303267
     ],
     [
      84.4675488,
      27.8301137
     ],
     [
      84.4673592,
      27.8299754
     ],
     [
      84.4672157,
      27.829946
     ],
     [
      84.4666101,
      27.8298685
     ],
     [
      84.466283,
      27.8294021
     ],
     [
      84.4662138,
      27.8289625
     ],
     [
      84.4661544,
      27.8285688
     ],
     [
      84.4660037,
      27.8275689
     ],
     [
      84.4651811,
      27.8261957
     ],
     [
      84.4645227,
      27.8258445
     ],
     [
      84.4635464,
      27.8255702
     ],
     [
      84.4613567,
      27.8253666
     ],
     [
      84.4567332,
      27.8215638
     ],
     [
      84.4562463,
      27.8213877
     ],
     [
      84.4556337,
      27.8213753
     ],
     [
      84.4548623,
      27.8214156
     ],
     [
      84.4541043,
      27.8214602
     ],
     [
      84.4533914,
      27.8212804
     ],
     [
      84.453078,
      27.8212311
     ],
     [
      84.452378,
      27.821066
     ]
    ]
   },
   "properties": {
    "name": "Seti Khola",
    "name_local": "Seti Khola",
    "named": true,
    "km_to_channel": 0.19,
    "km_confluence": 169.9,
    "joins_reach": "Open valley",
    "backwater_note": "A surge in the main river backs up into the mouth of a tributary. Anywhere just up this stream from the junction can flood without this stream itself being in flood.",
    "osm_id": "way/26951232",
    "source": "OpenStreetMap via the Overpass API",
    "source_url": "https://www.openstreetmap.org/copyright",
    "licence": "ODbL 1.0, (c) OpenStreetMap contributors",
    "retrieved": "2026-08-28"
   }
  },
  {
   "type": "Feature",
   "geometry": {
    "type": "LineString",
    "coordinates": [
     [
      84.2955262,
      27.829859
     ],
     [
      84.2961645,
      27.8287228
     ],
     [
      84.2964488,
      27.828303
     ],
     [
      84.2967144,
      27.8279685
     ],
     [
      84.2969263,
      27.8277313
     ],
     [
      84.2973527,
      27.8273138
     ],
     [
      84.2978784,
      27.8267825
     ],
     [
      84.298203,
      27.826403
     ],
     [
      84.2983639,
      27.8261539
     ],
     [
      84.2986,
      27.8256937
     ],
     [
      84.2992356,
      27.8246358
     ],
     [
      84.2997828,
      27.823407
     ],
     [
      84.3002334,
      27.8225708
     ],
     [
      84.3005177,
      27.8221616
     ],
     [
      84.3006706,
      27.8219814
     ],
     [
      84.3008369,
      27.8217951
     ],
     [
      84.3009992,
      27.8216552
     ],
     [
      84.3012916,
      27.821431
     ],
     [
      84.3015531,
      27.8212768
     ],
     [
      84.3023255,
      27.8208593
     ],
     [
      84.3027896,
      27.8206209
     ],
     [
      84.3034011,
      27.820475
     ],
     [
      84.3041897,
      27.8203042
     ],
     [
      84.3047266,
      27.8201303
     ],
     [
      84.3050024,
      27.8200006
     ],
     [
      84.3054369,
      27.8196756
     ],
     [
      84.3056273,
      27.8195119
     ],
     [
      84.3057534,
      27.8193221
     ],
     [
      84.305858,
      27.8190778
     ],
     [
      84.3058956,
      27.8188263
     ],
     [
      84.3059412,
      27.8185796
     ],
     [
      84.3059653,
      27.8181645
     ],
     [
      84.3059385,
      27.8179391
     ],
     [
      84.3058768,
      27.8176556
     ],
     [
      84.3056837,
      27.8172643
     ],
     [
      84.3055134,
      27.817014
     ],
     [
      84.3052947,
      27.8168218
     ],
     [
      84.304765,
      27.816479
     ],
     [
      84.3039925,
      27.8161646
     ],
     [
      84.3032039,
      27.8159108
     ],
     [
      84.3024248,
      27.8156499
     ],
     [
      84.3012661,
      27.815517
     ],
     [
      84.3010354,
      27.8154269
     ],
     [
      84.3008955,
      27.8153292
     ],
     [
      84.3005687,
      27.8150189
     ],
     [
      84.300433,
      27.8148031
     ],
     [
      84.3003863,
      27.8144543
     ],
     [
      84.3004507,
      27.8140605
     ],
     [
      84.300558,
      27.8136192
     ],
     [
      84.3007725,
      27.8132918
     ],
     [
      84.3010968,
      27.8129785
     ],
     [
      84.301427,
      27.8126276
     ],
     [
      84.3019044,
      27.8118542
     ],
     [
      84.302178,
      27.8111377
     ],
     [
      84.3023497,
      27.8105351
     ],
     [
      84.3024194,
      27.8101081
     ],
     [
      84.3023819,
      27.8097665
     ],
     [
      84.301942,
      27.8090168
     ],
     [
      84.3012285,
      27.8082908
     ],
     [
      84.3004453,
      27.8078163
     ],
     [
      84.2999625,
      27.8077024
     ],
     [
      84.2995065,
      27.8077072
     ],
     [
      84.2990881,
      27.807674
     ],
     [
      84.2987341,
      27.8075174
     ],
     [
      84.298321,
      27.8072469
     ],
     [
      84.2977792,
      27.8066918
     ],
     [
      84.2975807,
      27.80626
     ],
     [
      84.2976236,
      27.8059231
     ],
     [
      84.2978007,
      27.8055435
     ],
     [
      84.2982349,
      27.8048753
     ],
     [
      84.2985409,
      27.8043809
     ],
     [
      84.298659,
      27.8039349
     ],
     [
      84.2986375,
      27.8035126
     ],
     [
      84.2985428,
      27.8032363
     ],
     [
      84.2982269,
      27.8026892
     ],
     [
      84.2981601,
      27.8024781
     ],
     [
      84.2981652,
      27.8022185
     ],
     [
      84.2982727,
      27.8018945
     ],
     [
      84.2985034,
      27.8014152
     ],
     [
      84.2992356,
      27.800274
     ],
     [
      84.2994609,
      27.799911
     ],
     [
      84.2995977,
      27.7995385
     ],
     [
      84.2998767,
      27.7980888
     ],
     [
      84.2999732,
      27.7971872
     ],
     [
      84.3000188,
      27.796677
     ],
     [
      84.299984,
      27.7963923
     ],
     [
      84.2998445,
      27.7957635
     ],
     [
      84.2995012,
      27.7945202
     ],
     [
      84.2994609,
      27.7941833
     ],
     [
      84.2994851,
      27.7939365
     ],
     [
      84.2995656,
      27.7936352
     ],
     [
      84.3001181,
      27.7922898
     ],
     [
      84.3002924,
      27.7919102
     ],
     [
      84.3004426,
      27.7917251
     ],
     [
      84.3006331,
      27.7915732
     ],
     [
      84.3008503,
      27.7914522
     ],
     [
      84.3012822,
      27.7913336
     ],
     [
      84.3016148,
      27.7911983
     ],
     [
      84.3019554,
      27.7910109
     ],
     [
      84.3027118,
      27.7905766
     ],
     [
      84.3029773,
      27.7904983
     ],
     [
      84.3032482,
      27.7904509
     ],
     [
      84.304533,
      27.7904438
     ],
     [
      84.3049514,
      27.7903726
     ],
     [
      84.3054664,
      27.7901685
     ],
     [
      84.3064266,
      27.7896512
     ],
     [
      84.3076551,
      27.7888729
     ],
     [
      84.3088728,
      27.7880994
     ],
     [
      84.3095702,
      27.7876248
     ],
     [
      84.3100315,
      27.7873448
     ],
     [
      84.3108845,
      27.7870648
     ],
     [
      84.3122524,
      27.7867231
     ],
     [
      84.312821,
      27.7863814
     ],
     [
      84.3132555,
      27.7860349
     ],
     [
      84.3136901,
      27.7854797
     ],
     [
      84.3143928,
      27.7842362
     ],
     [
      84.3156159,
      27.7822287
     ],
     [
      84.3159466,
      27.7816169
     ],
     [
      84.3161738,
      27.7810781
     ],
     [
      84.316526,
      27.7800179
     ],
     [
      84.3167433,
      27.779345
     ],
     [
      84.3168684,
      27.7787974
     ],
     [
      84.3170989,
      27.7778595
     ],
     [
      84.3173491,
      27.7771255
     ],
     [
      84.3175363,
      27.7766187
     ],
     [
      84.3180138,
      27.7758783
     ],
     [
      84.3183928,
      27.7751847
     ],
     [
      84.318459,
      27.7748151
     ],
     [
      84.3184487,
      27.7744457
     ],
     [
      84.3183697,
      27.7741369
     ],
     [
      84.3181787,
      27.7734261
     ],
     [
      84.3179812,
      27.7725785
     ],
     [
      84.3178429,
      27.7721357
     ],
     [
      84.3176585,
      27.7717803
     ],
     [
      84.3173162,
      27.7712793
     ],
     [
      84.3170363,
      27.7709414
     ],
     [
      84.3167828,
      27.7705744
     ],
     [
      84.3165194,
      27.770117
     ],
     [
      84.3161211,
      27.7692023
     ],
     [
      84.3158676,
      27.7685207
     ],
     [
      84.3156481,
      27.7675862
     ],
     [
      84.3155976,
      27.7672215
     ],
     [
      84.3154824,
      27.7664175
     ],
     [
      84.3154034,
      27.7657533
     ],
     [
      84.3153145,
      27.7650716
     ],
     [
      84.315298,
      27.7644861
     ],
     [
      84.3153441,
      27.7638422
     ],
     [
      84.3155318,
      27.763213
     ],
     [
      84.3157524,
      27.7627323
     ],
     [
      84.3159367,
      27.7624818
     ],
     [
      84.3165293,
      27.7620098
     ],
     [
      84.3170984,
      27.7616293
     ],
     [
      84.3179303,
      27.7612509
     ],
     [
      84.318599,
      27.7608932
     ],
     [
      84.319659,
      27.7604872
     ],
     [
      84.3204935,
      27.7601524
     ],
     [
      84.3211544,
      27.7598428
     ],
     [
      84.3215346,
      27.7595869
     ],
     [
      84.3217957,
      27.7593219
     ],
     [
      84.3221283,
      27.7587902
     ],
     [
      84.3224233,
      27.7581114
     ],
     [
      84.3228096,
      27.7570528
     ],
     [
      84.3230778,
      27.7562125
     ],
     [
      84.3232548,
      27.7553723
     ],
     [
      84.3233836,
      27.7544846
     ],
     [
      84.3238081,
      27.7522224
     ],
     [
      84.323802,
      27.7516979
     ],
     [
      84.3242741,
      27.7502642
     ],
     [
      84.3247727,
      27.7491166
     ],
     [
      84.3250412,
      27.748745
     ],
     [
      84.3254489,
      27.7484649
     ],
     [
      84.3261945,
      27.7481658
     ],
     [
      84.326909,
      27.748008
     ],
     [
      84.327262,
      27.7479664
     ],
     [
      84.3281364,
      27.7480139
     ],
     [
      84.3288606,
      27.7481231
     ],
     [
      84.3308186,
      27.7488542
     ],
     [
      84.331972,
      27.7491628
     ],
     [
      84.3326157,
      27.7492245
     ],
     [
      84.3332058,
      27.749196
     ],
     [
      84.3336993,
      27.7490536
     ],
     [
      84.3340427,
      27.7489206
     ],
     [
      84.3345737,
      27.7485076
     ],
     [
      84.3356734,
      27.7475439
     ],
     [
      84.3364084,
      27.7468697
     ],
     [
      84.3379505,
      27.745341
     ],
     [
      84.3385747,
      27.7446772
     ],
     [
      84.3389269,
      27.7443921
     ],
     [
      84.339219,
      27.7442748
     ],
     [
      84.3396043,
      27.7441816
     ],
     [
      84.3401794,
      27.7441309
     ],
     [
      84.3404774,
      27.7441736
     ],
     [
      84.3408297,
      27.7443148
     ],
     [
      84.3411217,
      27.7445253
     ],
     [
      84.3413114,
      27.7447891
     ],
     [
      84.3414258,
      27.7449889
     ],
     [
      84.3415492,
      27.7453859
     ],
     [
      84.3416787,
      27.7461986
     ],
     [
      84.3417419,
      27.7465503
     ],
     [
      84.3418563,
      27.7475149
     ],
     [
      84.3419888,
      27.7483089
     ],
     [
      84.3422056,
      27.7490549
     ],
     [
      84.3425427,
      27.7498436
     ],
     [
      84.3428378,
      27.7504031
     ],
     [
      84.3430365,
      27.7506749
     ],
     [
      84.3433124,
      27.7508529
     ],
     [
      84.3436879,
      27.7509953
     ],
     [
      84.3442619,
      27.7511472
     ],
     [
      84.3450183,
      27.7511614
     ],
     [
      84.3457264,
      27.7510333
     ],
     [
      84.3464205,
      27.750856
     ],
     [
      84.346842,
      27.7506429
     ],
     [
      84.3472394,
      27.7503871
     ],
     [
      84.3479138,
      27.7499581
     ],
     [
      84.3486785,
      27.7495452
     ],
     [
      84.3495185,
      27.7492094
     ],
     [
      84.3502169,
      27.7490283
     ],
     [
      84.350506,
      27.748975
     ],
     [
      84.3508974,
      27.7489563
     ],
     [
      84.3515988,
      27.7489483
     ],
     [
      84.3521618,
      27.7490389
     ],
     [
      84.3525258,
      27.7491509
     ],
     [
      84.3526974,
      27.7493099
     ],
     [
      84.3529898,
      27.7497562
     ],
     [
      84.3532634,
      27.7503829
     ],
     [
      84.3535584,
      27.7508149
     ],
     [
      84.3539929,
      27.7511852
     ],
     [
      84.3548888,
      27.7517596
     ],
     [
      84.3555463,
      27.7520436
     ],
     [
      84.3558812,
      27.7521774
     ],
     [
      84.3563533,
      27.7523056
     ],
     [
      84.3576139,
      27.7525524
     ],
     [
      84.3589228,
      27.7527613
     ],
     [
      84.3601218,
      27.7529987
     ],
     [
      84.360559,
      27.7531672
     ],
     [
      84.3608513,
      27.7534093
     ],
     [
      84.3610954,
      27.7537321
     ],
     [
      84.3612832,
      27.7541072
     ],
     [
      84.36142,
      27.7545439
     ],
     [
      84.3615407,
      27.7550993
     ],
     [
      84.3616506,
      27.7558304
     ],
     [
      84.3617794,
      27.7567822
     ],
     [
      84.3617606,
      27.7570552
     ],
     [
      84.3616721,
      27.7573803
     ],
     [
      84.3613234,
      27.7586478
     ],
     [
      84.3612832,
      27.7590038
     ],
     [
      84.3612966,
      27.7592198
     ],
     [
      84.3613797,
      27.7595569
     ],
     [
      84.361487,
      27.7598868
     ],
     [
      84.3616828,
      27.7602001
     ],
     [
      84.361787,
      27.7603196
     ],
     [
      84.3619859,
      27.7604541
     ],
     [
      84.3626457,
      27.7608457
     ],
     [
      84.3634987,
      27.7613821
     ],
     [
      84.3637991,
      27.7617049
     ],
     [
      84.3639117,
      27.7620277
     ],
     [
      84.3642068,
      27.76339
     ],
     [
      84.3642881,
      27.7640578
     ],
     [
      84.3642712,
      27.7646859
     ],
     [
      84.3641692,
      27.7656685
     ],
     [
      84.3642121,
      27.7661764
     ],
     [
      84.364298,
      27.7665894
     ],
     [
      84.3644321,
      27.7669454
     ],
     [
      84.3646681,
      27.767439
     ],
     [
      84.3652207,
      27.7682792
     ],
     [
      84.3656874,
      27.7690481
     ],
     [
      84.3661916,
      27.7701541
     ],
     [
      84.3664223,
      27.7710061
     ],
     [
      84.3664974,
      27.7714309
     ],
     [
      84.3665671,
      27.7718629
     ],
     [
      84.3667173,
      27.7721571
     ],
     [
      84.3671465,
      27.7729261
     ],
     [
      84.3677258,
      27.7739418
     ],
     [
      84.3683642,
      27.7752138
     ],
     [
      84.3686593,
      27.7755983
     ],
     [
      84.3689704,
      27.7758308
     ],
     [
      84.3695581,
      27.7760116
     ],
     [
      84.3701023,
      27.7760871
     ],
     [
      84.370392,
      27.7761916
     ],
     [
      84.3707621,
      27.7764218
     ],
     [
      84.371556,
      27.7770981
     ],
     [
      84.3725592,
      27.777867
     ],
     [
      84.3729508,
      27.7780189
     ],
     [
      84.3734819,
      27.7781423
     ],
     [
      84.3744045,
      27.7782419
     ],
     [
      84.3752629,
      27.7783938
     ],
     [
      84.3756705,
      27.7784935
     ],
     [
      84.3763465,
      27.778764
     ],
     [
      84.3773711,
      27.77912
     ],
     [
      84.3778485,
      27.7792149
     ],
     [
      84.3785405,
      27.7792197
     ],
     [
      84.3795222,
      27.7790773
     ],
     [
      84.3804556,
      27.7788352
     ],
     [
      84.3811744,
      27.7786501
     ],
     [
      84.3819255,
      27.7783748
     ],
     [
      84.3830091,
      27.7776582
     ],
     [
      84.3836805,
      27.7772307
     ],
     [
      84.3838847,
      27.777142
     ],
     [
      84.3848222,
      27.776913
     ],
     [
      84.3856001,
      27.7768513
     ],
     [
      84.3858737,
      27.776875
     ],
     [
      84.3861043,
      27.7769605
     ],
     [
      84.3866354,
      27.777174
     ],
     [
      84.3868983,
      27.7771978
     ],
     [
      84.387188,
      27.7771503
     ],
     [
      84.3874937,
      27.7769605
     ],
     [
      84.3879148,
      27.7765974
     ],
     [
      84.3882984,
      27.7762628
     ],
     [
      84.388749,
      27.775997
     ],
     [
      84.389205,
      27.7758546
     ],
     [
      84.3901947,
      27.7756149
     ],
     [
      84.391977,
      27.775177
     ],
     [
      84.392606,
      27.7749813
     ],
     [
      84.3931881,
      27.7746799
     ],
     [
      84.3941985,
      27.7741301
     ],
     [
      84.3952239,
      27.7733817
     ],
     [
      84.3958998,
      27.7727765
     ],
     [
      84.3965462,
      27.7723399
     ],
     [
      84.3970746,
      27.7720385
     ],
     [
      84.3978276,
      27.7716158
     ],
     [
      84.3982065,
      27.771374
     ],
     [
      84.3984961,
      27.7711509
     ],
     [
      84.3989199,
      27.770745
     ],
     [
      84.3994054,
      27.7700259
     ],
     [
      84.4002342,
      27.7687871
     ],
     [
      84.4007975,
      27.7680276
     ],
     [
      84.4014895,
      27.7670735
     ],
     [
      84.4022459,
      27.7659438
     ],
     [
      84.403131,
      27.7644581
     ],
     [
      84.4043648,
      27.7627824
     ],
     [
      84.404676,
      27.7624644
     ],
     [
      84.405089,
      27.7622033
     ],
     [
      84.4065642,
      27.7616194
     ],
     [
      84.4076747,
      27.761197
     ],
     [
      84.4086134,
      27.7608599
     ],
     [
      84.4092303,
      27.7606083
     ],
     [
      84.4098633,
      27.7603188
     ],
     [
      84.4104212,
      27.7599817
     ],
     [
      84.4110757,
      27.7596732
     ],
     [
      84.4122317,
      27.7593979
     ],
     [
      84.4128191,
      27.7593172
     ],
     [
      84.413377,
      27.7592839
     ],
     [
      84.4148254,
      27.7592483
     ],
     [
      84.4158554,
      27.7592103
     ],
     [
      84.4167057,
      27.7592032
     ],
     [
      84.4173534,
      27.7591474
     ],
     [
      84.4176351,
      27.7590917
     ],
     [
      84.4177826,
      27.7590122
     ],
     [
      84.4185188,
      27.7582253
     ],
     [
      84.4189587,
      27.7575299
     ],
     [
      84.4191787,
      27.7570362
     ],
     [
      84.4194871,
      27.7562505
     ],
     [
      84.4196078,
      27.7558446
     ],
     [
      84.4198707,
      27.7549094
     ],
     [
      84.4199914,
      27.7541214
     ],
     [
      84.4199592,
      27.7537606
     ],
     [
      84.4198626,
      27.7534497
     ],
     [
      84.4197097,
      27.7531933
     ],
     [
      84.4193852,
      27.7529346
     ],
     [
      84.4183874,
      27.7524598
     ],
     [
      84.4178939,
      27.7522415
     ],
     [
      84.4175506,
      27.7520421
     ],
     [
      84.4172126,
      27.7518308
     ],
     [
      84.4170839,
      27.7516765
     ],
     [
      84.4170248,
      27.7514866
     ],
     [
      84.4170061,
      27.7511828
     ],
     [
      84.4171375,
      27.750727
     ],
     [
      84.4173628,
      27.7501645
     ],
     [
      84.4176042,
      27.7495188
     ],
     [
      84.4178617,
      27.7491556
     ],
     [
      84.4181997,
      27.7488328
     ],
     [
      84.4188032,
      27.748472
     ],
     [
      84.4194764,
      27.7482536
     ],
     [
      84.4200718,
      27.7481753
     ],
     [
      84.4207504,
      27.7482204
     ],
     [
      84.4214666,
      27.7483486
     ],
     [
      84.4221479,
      27.7484578
     ],
     [
      84.4225717,
      27.7484625
     ],
     [
      84.423041,
      27.748332
     ],
     [
      84.4234139,
      27.7480827
     ],
     [
      84.4237867,
      27.7476673
     ],
     [
      84.424012,
      27.7473302
     ],
     [
      84.4241676,
      27.7469789
     ],
     [
      84.4244117,
      27.7460958
     ],
     [
      84.4244304,
      27.7458181
     ],
     [
      84.4243634,
      27.7456282
     ],
     [
      84.4241166,
      27.7454098
     ],
     [
      84.4235963,
      27.7451463
     ],
     [
      84.4228908,
      27.7448472
     ],
     [
      84.4218984,
      27.7444484
     ],
     [
      84.4215739,
      27.744249
     ],
     [
      84.4212761,
      27.7439072
     ],
     [
      84.4211769,
      27.7436033
     ],
     [
      84.4211689,
      27.7432971
     ],
     [
      84.4212735,
      27.7428223
     ],
     [
      84.4214103,
      27.742395
     ],
     [
      84.4217585,
      27.7417916
     ],
     [
      84.4219815,
      27.7412651
     ]
    ]
   },
   "properties": {
    "name": "Kali Gandaki",
    "name_local": "Kali Gandaki",
    "named": true,
    "km_to_channel": 0.0,
    "km_confluence": 188.6,
    "joins_reach": "Open valley",
    "backwater_note": "A surge in the main river backs up into the mouth of a tributary. Anywhere just up this stream from the junction can flood without this stream itself being in flood.",
    "osm_id": "way/44688763",
    "source": "OpenStreetMap via the Overpass API",
    "source_url": "https://www.openstreetmap.org/copyright",
    "licence": "ODbL 1.0, (c) OpenStreetMap contributors",
    "retrieved": "2026-08-28"
   }
  },
  {
   "type": "Feature",
   "geometry": {
    "type": "LineString",
    "coordinates": [
     [
      84.3724054,
      27.7408647
     ],
     [
      84.3726197,
      27.7415272
     ],
     [
      84.3729294,
      27.741997
     ],
     [
      84.3736158,
      27.7420421
     ],
     [
      84.3738131,
      27.7419236
     ],
     [
      84.3740633,
      27.7415659
     ],
     [
      84.3744751,
      27.7405957
     ],
     [
      84.3746157,
      27.7401792
     ],
     [
      84.3756231,
      27.740201
     ],
     [
      84.3765597,
      27.7404572
     ],
     [
      84.3774027,
      27.7402712
     ],
     [
      84.3789345,
      27.739832
     ],
     [
      84.3803187,
      27.7398028
     ],
     [
      84.3821343,
      27.7398953
     ],
     [
      84.3823735,
      27.7398463
     ],
     [
      84.3825898,
      27.7396409
     ],
     [
      84.3826861,
      27.7391043
     ],
     [
      84.3827108,
      27.7386264
     ],
     [
      84.3830344,
      27.7385062
     ],
     [
      84.383966,
      27.7384314
     ],
     [
      84.3844857,
      27.7383377
     ],
     [
      84.3862661,
      27.7384655
     ],
     [
      84.3884218,
      27.7385251
     ],
     [
      84.3888646,
      27.73824
     ],
     [
      84.3890007,
      27.7378505
     ],
     [
      84.3890592,
      27.7376992
     ],
     [
      84.3889414,
      27.7375568
     ],
     [
      84.3886141,
      27.7373517
     ],
     [
      84.3881417,
      27.7369941
     ],
     [
      84.3880282,
      27.736693
     ],
     [
      84.3881483,
      27.7365066
     ],
     [
      84.388833,
      27.7364736
     ],
     [
      84.3896342,
      27.7364736
     ],
     [
      84.3901558,
      27.7363746
     ],
     [
      84.390603,
      27.7361974
     ],
     [
      84.3908964,
      27.7355831
     ],
     [
      84.3911619,
      27.7350018
     ],
     [
      84.3918264,
      27.7343905
     ],
     [
      84.3923188,
      27.7339343
     ],
     [
      84.3926821,
      27.7336979
     ],
     [
      84.3932003,
      27.7333361
     ],
     [
      84.3933959,
      27.7331856
     ],
     [
      84.3935915,
      27.7327589
     ],
     [
      84.3935368,
      27.732553
     ],
     [
      84.3935461,
      27.7320376
     ],
     [
      84.3937418,
      27.7316748
     ],
     [
      84.3938675,
      27.7312502
     ],
     [
      84.3939653,
      27.7307059
     ],
     [
      84.3942728,
      27.7302236
     ],
     [
      84.3946966,
      27.7297536
     ],
     [
      84.3948469,
      27.7289325
     ],
     [
      84.3952533,
      27.7283302
     ],
     [
      84.3952801,
      27.72744
     ],
     [
      84.3955291,
      27.7267906
     ],
     [
      84.3962585,
      27.7258487
     ],
     [
      84.3963295,
      27.7247915
     ],
     [
      84.3962091,
      27.7238217
     ],
     [
      84.3960209,
      27.7227809
     ],
     [
      84.3960795,
      27.721587
     ],
     [
      84.3962153,
      27.720538
     ],
     [
      84.3963387,
      27.7199943
     ],
     [
      84.3965795,
      27.7193277
     ],
     [
      84.3969467,
      27.7185163
     ],
     [
      84.3969802,
      27.7181361
     ],
     [
      84.3969961,
      27.7179563
     ],
     [
      84.3968942,
      27.7173361
     ],
     [
      84.3966134,
      27.7165411
     ],
     [
      84.3961443,
      27.7155876
     ],
     [
      84.3956906,
      27.7147925
     ],
     [
      84.3956042,
      27.7142953
     ],
     [
      84.39549,
      27.7138308
     ],
     [
      84.3949315,
      27.7130549
     ],
     [
      84.3944346,
      27.7126396
     ],
     [
      84.3941136,
      27.7123937
     ],
     [
      84.3935396,
      27.7119375
     ],
     [
      84.3928816,
      27.7116754
     ],
     [
      84.392444,
      27.7117044
     ],
     [
      84.3918796,
      27.7117188
     ],
     [
      84.3913439,
      27.7118311
     ],
     [
      84.3912294,
      27.7120483
     ],
     [
      84.3910412,
      27.7125914
     ],
     [
      84.3906036,
      27.7130295
     ],
     [
      84.3901211,
      27.7133879
     ],
     [
      84.3895219,
      27.7137215
     ],
     [
      84.389457,
      27.7137296
     ],
     [
      84.3882867,
      27.713876
     ],
     [
      84.3877299,
      27.7139334
     ],
     [
      84.387516,
      27.7139369
     ],
     [
      84.387303,
      27.7138537
     ],
     [
      84.3870661,
      27.7137029
     ],
     [
      84.3864772,
      27.7130186
     ],
     [
      84.3860697,
      27.7124507
     ],
     [
      84.3859205,
      27.7123422
     ],
     [
      84.38573,
      27.7122872
     ],
     [
      84.3854108,
      27.7121838
     ],
     [
      84.3851362,
      27.7121928
     ],
     [
      84.384889,
      27.7121309
     ],
     [
      84.3847146,
      27.712128
     ],
     [
      84.3846555,
      27.7121896
     ],
     [
      84.3838966,
      27.7122692
     ],
     [
      84.3832832,
      27.712519
     ],
     [
      84.3827761,
      27.7130041
     ],
     [
      84.3818314,
      27.7130802
     ],
     [
      84.3809153,
      27.7127
     ],
     [
      84.3806004,
      27.7121642
     ],
     [
      84.3802487,
      27.7115451
     ],
     [
      84.3802321,
      27.7115234
     ],
     [
      84.3799583,
      27.7111649
     ],
     [
      84.3794103,
      27.7105168
     ],
     [
      84.3789605,
      27.7102489
     ],
     [
      84.378527,
      27.7102489
     ],
     [
      84.3782652,
      27.7105494
     ],
     [
      84.377983,
      27.7109875
     ],
     [
      84.3775782,
      27.7113242
     ],
     [
      84.3771447,
      27.7114907
     ],
     [
      84.3767153,
      27.7112554
     ],
     [
      84.376536,
      27.711163
     ],
     [
      84.3761182,
      27.7109477
     ],
     [
      84.3757164,
      27.7107962
     ],
     [
      84.3754142,
      27.7104897
     ],
     [
      84.3751244,
      27.7100787
     ],
     [
      84.3749731,
      27.7097798
     ],
     [
      84.3749386,
      27.7093017
     ],
     [
      84.3755293,
      27.7087572
     ],
     [
      84.3756397,
      27.7085798
     ],
     [
      84.3755935,
      27.7083186
     ],
     [
      84.3753638,
      27.7082187
     ],
     [
      84.3756642,
      27.7078955
     ],
     [
      84.3755203,
      27.707707
     ],
     [
      84.3751931,
      27.7075622
     ],
     [
      84.3748363,
      27.7074078
     ],
     [
      84.374544,
      27.7072226
     ],
     [
      84.3742865,
      27.707016
     ],
     [
      84.3740075,
      27.7067643
     ],
     [
      84.373801,
      27.7065031
     ],
     [
      84.3736481,
      27.7062253
     ],
     [
      84.3734722,
      27.7058655
     ],
     [
      84.3733756,
      27.7055307
     ],
     [
      84.3733649,
      27.7052528
     ],
     [
      84.3733906,
      27.704988
     ],
     [
      84.3734829,
      27.7047541
     ],
     [
      84.3737136,
      27.7044882
     ],
     [
      84.3738718,
      27.7042269
     ],
     [
      84.3741082,
      27.7037294
     ],
     [
      84.3742077,
      27.7034041
     ],
     [
      84.3742705,
      27.7032292
     ],
     [
      84.3742815,
      27.7031532
     ],
     [
      84.3742542,
      27.703037
     ],
     [
      84.3742292,
      27.702944
     ],
     [
      84.3741577,
      27.7028316
     ],
     [
      84.3740509,
      27.7027443
     ],
     [
      84.3738774,
      27.7026737
     ],
     [
      84.3736131,
      27.7025968
     ],
     [
      84.3733634,
      27.702533
     ],
     [
      84.3731024,
      27.7024742
     ],
     [
      84.372425,
      27.7024526
     ],
     [
      84.3718781,
      27.7025195
     ],
     [
      84.3715675,
      27.7026343
     ],
     [
      84.3712513,
      27.7027974
     ],
     [
      84.3709632,
      27.7030645
     ],
     [
      84.3706762,
      27.7034183
     ],
     [
      84.3704643,
      27.7039432
     ],
     [
      84.3701773,
      27.7045867
     ],
     [
      84.3699359,
      27.7050735
     ],
     [
      84.3697653,
      27.7054143
     ],
     [
      84.3696892,
      27.7055508
     ],
     [
      84.3696355,
      27.7056078
     ],
     [
      84.3695604,
      27.7056482
     ],
     [
      84.3694317,
      27.7056435
     ],
     [
      84.3692761,
      27.7055627
     ],
     [
      84.3690454,
      27.7053466
     ],
     [
      84.3688548,
      27.7052353
     ],
     [
      84.3686592,
      27.705121
     ],
     [
      84.3684607,
      27.704988
     ],
     [
      84.3683937,
      27.7048859
     ],
     [
      84.3683481,
      27.7048052
     ],
     [
      84.3682113,
      27.7047316
     ],
     [
      84.3681336,
      27.7046821
     ],
     [
      84.3681285,
      27.7046789
     ],
     [
      84.3678867,
      27.7045178
     ],
     [
      84.3676051,
      27.7043635
     ],
     [
      84.3672269,
      27.7042875
     ],
     [
      84.3668514,
      27.7042709
     ],
     [
      84.3665724,
      27.704316
     ],
     [
      84.3661782,
      27.7044941
     ],
     [
      84.3659781,
      27.704595
     ],
     [
      84.3656203,
      27.7045867
     ],
     [
      84.3654685,
      27.7045475
     ],
     [
      84.3652742,
      27.7045036
     ],
     [
      84.3650447,
      27.7044312
     ],
     [
      84.3648317,
      27.7043516
     ],
     [
      84.3645753,
      27.704196
     ],
     [
      84.3641585,
      27.7039431
     ],
     [
      84.3638345,
      27.703753
     ],
     [
      84.363681,
      27.7036629
     ],
     [
      84.363536,
      27.7035789
     ],
     [
      84.3635254,
      27.7035728
     ],
     [
      84.3634783,
      27.7036192
     ],
     [
      84.3615092,
      27.7033322
     ],
     [
      84.3610052,
      27.703326
     ],
     [
      84.3599133,
      27.7034066
     ],
     [
      84.3577365,
      27.703388
     ],
     [
      84.3564976,
      27.7033074
     ],
     [
      84.3557347,
      27.7032578
     ],
     [
      84.3549368,
      27.703233
     ],
     [
      84.3543418,
      27.7031277
     ],
     [
      84.3537819,
      27.7029046
     ],
     [
      84.352865,
      27.7027373
     ],
     [
      84.3518991,
      27.7026939
     ],
     [
      84.3510242,
      27.702886
     ],
     [
      84.3499323,
      27.703326
     ],
     [
      84.3492673,
      27.7034995
     ],
     [
      84.3486374,
      27.7034933
     ],
     [
      84.3478745,
      27.7033198
     ],
     [
      84.3469941,
      27.7028174
     ]
    ]
   },
   "properties": {
    "name": "unnamed",
    "name_local": "",
    "named": false,
    "km_to_channel": 0.26,
    "km_confluence": 202.9,
    "joins_reach": "Open valley",
    "backwater_note": "A surge in the main river backs up into the mouth of a tributary. Anywhere just up this stream from the junction can flood without this stream itself being in flood.",
    "osm_id": "way/345592483",
    "source": "OpenStreetMap via the Overpass API",
    "source_url": "https://www.openstreetmap.org/copyright",
    "licence": "ODbL 1.0, (c) OpenStreetMap contributors",
    "retrieved": "2026-08-28"
   }
  }
 ]
}
